10:47:36| CFD | Dev:'IMclean' ID:'USB' HID:'' Cntrl:'' Starting ...
10:47:36| CFD | Search:'SELECT * FROM Win32_PNPEntity WHERE ( Name Like '%IMclean%' OR Description Like  '%IMclean%')  AND (  DeviceID Like '%USB%') | 
10:47:36| CFD | Search_Result_Count:1
10:47:36| ... GetPropertyValueAsString: USB\VID_18E1&PID_02A1\IEXFM0000207393E
10:47:36| ... GetObjectArrayAsString | USB\VID_18E1&PID_02A1&REV_0110|USB\VID_18E1&PID_02A1
10:47:36| ... GetPropertyValueAsString: USB\VID_18E1&PID_02A1&REV_0110|USB\VID_18E1&PID_02A1
10:47:36| ... GetPropertyValueAsString: Drew Technologies, Inc.
10:47:36| ... GetPropertyValueAsString: USB\VID_18E1&PID_02A1\IEXFM0000207393E
10:47:36| ... GetPropertyValueAsString: VehiclePassThru
10:47:36| ... GetPropertyValueAsString: IMClean DAD GEN 4
10:47:36| ... GetPropertyValueAsString: IMClean DAD GEN 4
10:47:36| ... GetPropertyValueAsString: Win32_PnPEntity
10:47:36| ... GetPropertyValueAsString: IMClean DAD GEN 4
10:47:36| Dev_001 Nam:'IMClean DAD GEN 4  PNPID:'USB\VID_18E1&PID_02A1\IEXFM0000207393E  HWID:'USB\VID_18E1&PID_02A1&REV_0110|USB\VID_18E1&PID_02A1  ID:'USB\VID_18E1&PID_02A1\IEXFM0000207393E  Cap:'IMClean DAD GEN 4  Cls:'Win32_PnPEntity  Des:'IMClean DAD GEN 4  Drv:'  Man:'Drew Technologies, Inc.  PN:'
10:47:36| ... CheckForDevice |1
10:47:36| Pass:FindUSBDevices.
10:47:36| getOpusKeyFile: Pass:Opus IMClean OBD Licencia valida.
10:47:36| facNS: IEXFM0000207393E -> 13417
10:47:36| facFH: 22122025 -> 2546
10:49:48| Success
10:49:48| InitIMCleanDevice | FirmwareVersion:4.0.0.0
10:49:48| InitIMCleanDevice | DeviceType:4171
10:49:48| InitIMCleanDevice | DeviceVoltage:12.4
10:49:48| InitIMCleanDevice | DeviceVoltageDLC:12.9
10:50:01|  
10:50:01| ... Connect_OBD ===================================================================================================================
10:50:01|  
10:50:01| ... GetCallingProcedure | lVehiculoLink
10:50:01| ... GetCallingProcedure | VehiculoLink
10:50:01| ... GetCallingProcedure | VehTest
10:50:01| ... IncrementActiveCount | 1
10:50:01| ... GetCallingProcedure | OpusIMCleanOBDdrv.Module1:Connect_OBD
10:50:01| ... GetCallingProcedure | OpusIMCleanOBDdrv.Module1:lVehiculoLink
10:50:01| ... GetCallingProcedure | OpusIMCleanOBDdrv.IMCleanOBD:VehiculoLink
10:50:01| ... MyDADStatus | LCR:ConditionsNotCorrect,Unknown
10:50:01| ... Connect | ---------------- Connect --------------- SC:'' (LCR:ConditionsNotCorrect,Unknown) (lVehiculoLink,VehiculoLink,VehTest)
10:50:01| GetDAD | Starting ... Cnt:00001,00 Opn:F (Connect)
10:50:01| GetDAD | Success ... Cnt:00001,01 Opn:F (Connect, )
10:50:01| ... Connect | 1 | GetDAD =Connect
10:50:01| ... SetupMyLastCommResult: InvalidData
10:50:01| ... MyDad.Initialize 
10:50:01| ... DoDad | Action: System.Action | tag: Initialize
10:50:01| ... GetCallingProcedure | lVehiculoLink
10:50:01| ... GetCallingProcedure | VehiculoLink
10:50:01| ... GetCallingProcedure | VehTest
10:50:01| DoDad-01 | Initialize (Open:False | lVehiculoLink,VehiculoLink,VehTest)
10:50:01| DoDad-MyDoDADSemaphore-01 | Initialize ... Attempting Open
10:50:01| OpenDAD_If_Needed | Attempting to open DAD ... DoDad-Initialize (lVehiculoLink,VehiculoLink,VehTest)
10:50:01| ... SetupMyLastCommResult: Success
10:50:01| ... IsCommResultSuccess | True
10:50:01| OpenDAD_If_Needed | DAD_Open:True ... (Success | 0.00) DoDad-Initialize (lVehiculoLink,VehiculoLink,VehTest)
10:50:01| ... OpenDAD_If_Needed | True
10:50:01| DoDad-MyDeviceLogClear-01  ClearLogs ...
10:50:01| DoDad-01  ClearCommandLog ...
10:50:01| DoDad-01  Invoke ... (Initialize)
10:50:13| ... SetupVehicleIsLinked
10:50:13| ... GetCallingProcedure | SetupMyLastCommResult
10:50:13| ... GetCallingProcedure | _Lambda$__0
10:50:13| ... GetCallingProcedure | DoDad
10:50:13| SVLI | VehicleIsLinked:'?'->'True'  (SetupMyLastCommResult,_Lambda$__0,DoDad)
10:50:13| ... SetupMyLastCommResult: Success
10:50:13| DoDad-01  Invoke ... (Initialize)  (12016)
10:50:13| DoDad-01  CommandLog.Length ...
10:50:13| DoDad-01  CommandLog ... (0)
10:50:13| DoDad-01-CommandLog-Len:520 Siz:520 | iStart: 0
10:50:13| DoDad-01  SerialData.Length ... (716)
10:50:13| DoDad-01 | Initialize-SLL:00716,00716-CF:T-DLLInfo:'DAD_DLL_VERSION_16.12.25.0 .. 3.0.7.0'
                    -  DAD_DLL_VERSION_16.12.25.0
                    -  531,TX MSG,JVPW1850,68 6A F1 01 00 
                    -  531,RX QRY,JVPW1850,Delay: 100
                    -  640,RX QRY,JVPW1850,Delay: 100
                    -  750,RX QRY,JVPW1850,Delay: 100
                    -  859,TX MSG,JPWM1850,61 6A F1 01 00 
                    -  890,TX MSG,I914**,33 
                    -  5203,TX MSG,KWPF**,C1 33 F1 81 
                    -  11659,TX MSG,ICAN11bt500,00 00 07 DF 01 00 
                    -  11675,RX QRY,ICAN11bt500,Delay: 100
                    -  11784,RX MSG,ICAN11bt500,00 00 07 DF 
                    -  11784,RX MSG,ICAN11bt500,00 00 07 E8 41 00 BE 3F A8 13 
                    -  11784,RX MSG,ICAN11bt500,00 00 07 E9 41 00 98 18 80 03 
                    -  11784,RX MSG,ICAN11bt500,00 00 07 E8 41 9D 00 07 00 07 
                    -  11784,RX QRY,ICAN11bt500,Delay: 100
                    -  11893,RX MSG,ICAN11bt500,00 00 07 E8 41 0F 56 
                    -  11893,RX QRY,ICAN11bt500,Delay: 100
                    -  12003,RX MSG,ICAN11bt500,00 00 07 E8 41 06 7C
                    (12.066 s,F) Initialize | 
10:50:13| ... MyLastResult | Success,Unknown,?->True
10:50:13| Connect | Init-Rty:2 (Success,Unknown,?->True | 12.14) | lVehiculoLink,VehiculoLink,VehTest
10:50:13| ... MyDad.Initialize > Success
10:50:13| DrewProtocol2MyProtocol | In:'ICAN11bt500'  Out:'CAN11' (CAN:True)
10:50:13| ... GetCallingProcedure | Connect_OBD
10:50:13| ... GetCallingProcedure | lVehiculoLink
10:50:13| ... GetCallingProcedure | VehiculoLink
10:50:13| GetSupportedPIDs | Starting ... (Mode:1) (Connect_OBD,lVehiculoLink,VehiculoLink)
10:50:13| ... SetupMyLastCommResult: InvalidData
10:50:13| ... DoDad | Action: System.Action | tag: GetModePID(01, 00) - PID support mask
10:50:13| ... GetCallingProcedure | Connect_OBD
10:50:13| ... GetCallingProcedure | lVehiculoLink
10:50:13| ... GetCallingProcedure | VehiculoLink
10:50:13| DoDad-01 | GetModePID(01, 00) - PID support mask (Open:True,012.11 | Connect_OBD,lVehiculoLink,VehiculoLink)
10:50:13| DoDad-01  ClearCommandLog ...
10:50:13| DoDad-01  Invoke ... (GetModePID(01, 00) - PID support mask)
10:50:14| DoDad-01  Invoke ... (GetModePID(01, 00) - PID support mask)  (656)
10:50:14| DoDad-01  CommandLog.Length ...
10:50:14| DoDad-01  CommandLog ... (0)
10:50:14| DoDad-01-CommandLog-Len:684 Siz:684 | iStart: 0
10:50:14| DoDad-01  SerialData.Length ... (1583)
10:50:14| DoDad-01 | GetModePID(01, 00) - PID support mask-SLL:01583,01583-CF:F-DLLInfo:'DAD_DLL_VERSION_16.12.25.0 .. 3.0.7.0'
                    -  DAD_DLL_VERSION_16.12.25.0
                    -  531,TX MSG,JVPW1850,68 6A F1 01 00 
                    -  531,RX QRY,JVPW1850,Delay: 100
                    -  640,RX QRY,JVPW1850,Delay: 100
                    -  750,RX QRY,JVPW1850,Delay: 100
                    -  859,TX MSG,JPWM1850,61 6A F1 01 00 
                    -  890,TX MSG,I914**,33 
                    -  5203,TX MSG,KWPF**,C1 33 F1 81 
                    -  11659,TX MSG,ICAN11bt500,00 00 07 DF 01 00 
                    -  11675,RX QRY,ICAN11bt500,Delay: 100
                    -  11784,RX MSG,ICAN11bt500,00 00 07 DF 
                    -  11784,RX MSG,ICAN11bt500,00 00 07 E8 41 00 BE 3F A8 13 
                    -  11784,RX MSG,ICAN11bt500,00 00 07 E9 41 00 98 18 80 03 
                    -  11784,RX MSG,ICAN11bt500,00 00 07 E8 41 9D 00 07 00 07 
                    -  11784,RX QRY,ICAN11bt500,Delay: 100
                    -  11893,RX MSG,ICAN11bt500,00 00 07 E8 41 0F 56 
                    -  11893,RX QRY,ICAN11bt500,Delay: 100
                    -  12003,RX MSG,ICAN11bt500,00 00 07 E8 41 06 7C 
                    -  12112,TX MSG,ICAN11bt500,00 00 07 DF 01 00 
                    -  12112,RX QRY,ICAN11bt500,Delay: 100
                    -  12221,RX MSG,ICAN11bt500,00 00 07 DF 
                    -  12221,RX MSG,ICAN11bt500,00 00 07 E8 41 00 BE 3F A8 13 
                    -  12221,RX MSG,ICAN11bt500,00 00 07 E9 41 00 98 18 80 03 
                    -  12221,RX MSG,ICAN11bt500,00 00 07 E8 41 1F 00 DF 
                    -  12221,RX MSG,ICAN11bt500,00 00 07 E9 41 1F 00 DE 
                    -  12221,RX QRY,ICAN11bt500,Delay: 100
                    -  12331,RX MSG,ICAN11bt500,00 00 07 E8 41 43 00 26 
                    -  12331,RX QRY,ICAN11bt500,Delay: 100
                    -  12440,RX MSG,ICAN11bt500,00 00 07 E8 41 0D 00 
                    -  12440,RX MSG,ICAN11bt500,00 00 07 E9 41 0D 00 
                    -  12440,RX QRY,ICAN11bt500,Delay: 100
                    -  12550,RX MSG,ICAN11bt500,00 00 07 E8 41 0C 0A 28 
                    -  12550,RX MSG,ICAN11bt500,00 00 07 E9 41 0C 0A 3A 
                    -  12550,RX QRY,ICAN11bt500,Delay: 100
                    -  12659,RX MSG,ICAN11bt500,00 00 07 E8 41 0B 20 
                    -  12659,RX QRY,ICAN11bt500,Delay: 100
                    -  12768,RX MSG,ICAN11bt500,00 00 07 E8 41 0F 56
                    (0.656 s,F) GetModePID(01, 00) - PID support mask | NoEOL
10:50:14| ... SetupVehicleIsLinked
10:50:14| ... GetCallingProcedure | SetupMyLastCommResult
10:50:14| ... GetCallingProcedure | GetSupportedPIDs
10:50:14| ... GetCallingProcedure | Connect_OBD
10:50:14| ... SetupMyLastCommResult: Success
10:50:14| ... MyLastResult | Success,Unknown,True->True
10:50:14|  (Result:Success,Unknown,True->True)
10:50:14| GetSupportedPIDs | PID00 RspCnt:2
10:50:14| ... GetEcuIdFromAddress
10:50:14| ... ByteArrayToHexString | 07E8
10:50:14| ... ByteArrayToHexString | BE3FA813
10:50:14| ... DT_DataToString | Adr:07E8,Mod:01,PID:00,Dat:BE3FA813
10:50:14| GetSupportedPIDS | Data-Adr:07E8,Mod:01,PID:00,Dat:BE3FA813
10:50:14| SSBAFOB | MdPID:01,00 ECU:E8 ...  InCnt:4 (BE,3F,A8,13,BC:018) SrtIdx:001
10:50:14| ... SetSupportedBitArrayFromObdBytes | BitAryLen:256  BitSetCnt:019  BAI:4-4,01,03,04,05,06,07,0B,0C,0D,0E,0F,10,11,13,15,1C,1F,20
10:50:14| 2 | GetSupportedPIDs | 1-E8-DBG3 -------------- 0,1,2,3,4,5,6,7, 8,9,A,B,C,D,E,F, G,H,I,J,K,L,M,N, O,P,Q,R,S,T,U,V
10:50:14| 2 | GetSupportedPIDs | 1-E8-DBG3 000-00_00-020: T,T,F,T,T,T,T,T, F,F,F,T,T,T,T,T, T,T,F,T,F,T,F,F, F,F,F,F,T,F,F,T
10:50:14| 2 | GetSupportedPIDs | 1-E8-DBG3 032-20_20-040: T,F,F,F,F,F,F,F, F,F,F,F,F,F,F,F, F,F,F,F,F,F,F,F, F,F,F,F,F,F,F,F
10:50:14| 2 | GetSupportedPIDs | 1-E8-DBG3 064-40_40-060: F,F,F,F,F,F,F,F, F,F,F,F,F,F,F,F, F,F,F,F,F,F,F,F, F,F,F,F,F,F,F,F
10:50:14| 2 | GetSupportedPIDs | 1-E8-DBG3 096-60_60-080: F,F,F,F,F,F,F,F, F,F,F,F,F,F,F,F, F,F,F,F,F,F,F,F, F,F,F,F,F,F,F,F
10:50:14| 2 | GetSupportedPIDs | 1-E8-DBG3 128-80_80-0A0: F,F,F,F,F,F,F,F, F,F,F,F,F,F,F,F, F,F,F,F,F,F,F,F, F,F,F,F,F,F,F,F
10:50:14| 2 | GetSupportedPIDs | 1-E8-DBG3 160-A0_A0-0C0: F,F,F,F,F,F,F,F, F,F,F,F,F,F,F,F, F,F,F,F,F,F,F,F, F,F,F,F,F,F,F,F
10:50:14| 2 | GetSupportedPIDs | 1-E8-DBG3 192-C0_C0-0E0: F,F,F,F,F,F,F,F, F,F,F,F,F,F,F,F, F,F,F,F,F,F,F,F, F,F,F,F,F,F,F,F
10:50:14| 2 | GetSupportedPIDs | 1-E8-DBG3 224-E0_E0-100: F,F,F,F,F,F,F,F, F,F,F,F,F,F,F,F, F,F,F,F,F,F,F,F, F,F,F,F,F,F,F,F  (T:019 F:237)
10:50:14| ... LogBitArray | 8
10:50:14| ... GetEcuIdFromAddress
10:50:14| ... ByteArrayToHexString | 07E9
10:50:14| ... ByteArrayToHexString | 98188003
10:50:14| ... DT_DataToString | Adr:07E9,Mod:01,PID:00,Dat:98188003
10:50:14| GetSupportedPIDS | Data-Adr:07E9,Mod:01,PID:00,Dat:98188003
10:50:14| SSBAFOB | MdPID:01,00 ECU:E9 ...  InCnt:4 (98,18,80,03,BC:008) SrtIdx:001
10:50:14| ... SetSupportedBitArrayFromObdBytes | BitAryLen:256  BitSetCnt:009  BAI:4-4,01,04,05,0C,0D,11,1F,20
10:50:14| 2 | GetSupportedPIDs | 1-E9-DBG3 -------------- 0,1,2,3,4,5,6,7, 8,9,A,B,C,D,E,F, G,H,I,J,K,L,M,N, O,P,Q,R,S,T,U,V
10:50:14| 2 | GetSupportedPIDs | 1-E9-DBG3 000-00_00-020: T,T,F,F,T,T,F,F, F,F,F,F,T,T,F,F, F,T,F,F,F,F,F,F, F,F,F,F,F,F,F,T
10:50:14| 2 | GetSupportedPIDs | 1-E9-DBG3 032-20_20-040: T,F,F,F,F,F,F,F, F,F,F,F,F,F,F,F, F,F,F,F,F,F,F,F, F,F,F,F,F,F,F,F
10:50:14| 2 | GetSupportedPIDs | 1-E9-DBG3 064-40_40-060: F,F,F,F,F,F,F,F, F,F,F,F,F,F,F,F, F,F,F,F,F,F,F,F, F,F,F,F,F,F,F,F
10:50:14| 2 | GetSupportedPIDs | 1-E9-DBG3 096-60_60-080: F,F,F,F,F,F,F,F, F,F,F,F,F,F,F,F, F,F,F,F,F,F,F,F, F,F,F,F,F,F,F,F
10:50:14| 2 | GetSupportedPIDs | 1-E9-DBG3 128-80_80-0A0: F,F,F,F,F,F,F,F, F,F,F,F,F,F,F,F, F,F,F,F,F,F,F,F, F,F,F,F,F,F,F,F
10:50:14| 2 | GetSupportedPIDs | 1-E9-DBG3 160-A0_A0-0C0: F,F,F,F,F,F,F,F, F,F,F,F,F,F,F,F, F,F,F,F,F,F,F,F, F,F,F,F,F,F,F,F
10:50:14| 2 | GetSupportedPIDs | 1-E9-DBG3 192-C0_C0-0E0: F,F,F,F,F,F,F,F, F,F,F,F,F,F,F,F, F,F,F,F,F,F,F,F, F,F,F,F,F,F,F,F
10:50:14| 2 | GetSupportedPIDs | 1-E9-DBG3 224-E0_E0-100: F,F,F,F,F,F,F,F, F,F,F,F,F,F,F,F, F,F,F,F,F,F,F,F, F,F,F,F,F,F,F,F  (T:009 F:247)
10:50:14| ... LogBitArray | 8
10:50:14| ... SetupMyLastCommResult: InvalidData
10:50:14| ... DoDad | Action: System.Action | tag: GetModePID(01, 20) - PID support mask
10:50:14| ... GetCallingProcedure | Connect_OBD
10:50:14| ... GetCallingProcedure | lVehiculoLink
10:50:14| ... GetCallingProcedure | VehiculoLink
10:50:14| DoDad-01 | GetModePID(01, 20) - PID support mask (Open:True,012.99 | Connect_OBD,lVehiculoLink,VehiculoLink)
10:50:14| DoDad-01  ClearCommandLog ...
10:50:14| DoDad-01  Invoke ... (GetModePID(01, 20) - PID support mask)
10:50:15| DoDad-01  Invoke ... (GetModePID(01, 20) - PID support mask)  (656)
10:50:15| DoDad-01  CommandLog.Length ...
10:50:15| DoDad-01  CommandLog ... (0)
10:50:15| DoDad-01-CommandLog-Len:684 Siz:684 | iStart: 0
10:50:15| DoDad-01  SerialData.Length ... (2450)
10:50:15| DoDad-01 | GetModePID(01, 20) - PID support mask-SLL:02450,02450-CF:F-DLLInfo:'DAD_DLL_VERSION_16.12.25.0 .. 3.0.7.0'
                    -  DAD_DLL_VERSION_16.12.25.0
                    -  531,TX MSG,JVPW1850,68 6A F1 01 00 
                    -  531,RX QRY,JVPW1850,Delay: 100
                    -  640,RX QRY,JVPW1850,Delay: 100
                    -  750,RX QRY,JVPW1850,Delay: 100
                    -  859,TX MSG,JPWM1850,61 6A F1 01 00 
                    -  890,TX MSG,I914**,33 
                    -  5203,TX MSG,KWPF**,C1 33 F1 81 
                    -  11659,TX MSG,ICAN11bt500,00 00 07 DF 01 00 
                    -  11675,RX QRY,ICAN11bt500,Delay: 100
                    -  11784,RX MSG,ICAN11bt500,00 00 07 DF 
                    -  11784,RX MSG,ICAN11bt500,00 00 07 E8 41 00 BE 3F A8 13 
                    -  11784,RX MSG,ICAN11bt500,00 00 07 E9 41 00 98 18 80 03 
                    -  11784,RX MSG,ICAN11bt500,00 00 07 E8 41 9D 00 07 00 07 
                    -  11784,RX QRY,ICAN11bt500,Delay: 100
                    -  11893,RX MSG,ICAN11bt500,00 00 07 E8 41 0F 56 
                    -  11893,RX QRY,ICAN11bt500,Delay: 100
                    -  12003,RX MSG,ICAN11bt500,00 00 07 E8 41 06 7C 
                    -  12112,TX MSG,ICAN11bt500,00 00 07 DF 01 00 
                    -  12112,RX QRY,ICAN11bt500,Delay: 100
                    -  12221,RX MSG,ICAN11bt500,00 00 07 DF 
                    -  12221,RX MSG,ICAN11bt500,00 00 07 E8 41 00 BE 3F A8 13 
                    -  12221,RX MSG,ICAN11bt500,00 00 07 E9 41 00 98 18 80 03 
                    -  12221,RX MSG,ICAN11bt500,00 00 07 E8 41 1F 00 DF 
                    -  12221,RX MSG,ICAN11bt500,00 00 07 E9 41 1F 00 DE 
                    -  12221,RX QRY,ICAN11bt500,Delay: 100
                    -  12331,RX MSG,ICAN11bt500,00 00 07 E8 41 43 00 26 
                    -  12331,RX QRY,ICAN11bt500,Delay: 100
                    -  12440,RX MSG,ICAN11bt500,00 00 07 E8 41 0D 00 
                    -  12440,RX MSG,ICAN11bt500,00 00 07 E9 41 0D 00 
                    -  12440,RX QRY,ICAN11bt500,Delay: 100
                    -  12550,RX MSG,ICAN11bt500,00 00 07 E8 41 0C 0A 28 
                    -  12550,RX MSG,ICAN11bt500,00 00 07 E9 41 0C 0A 3A 
                    -  12550,RX QRY,ICAN11bt500,Delay: 100
                    -  12659,RX MSG,ICAN11bt500,00 00 07 E8 41 0B 20 
                    -  12659,RX QRY,ICAN11bt500,Delay: 100
                    -  12768,RX MSG,ICAN11bt500,00 00 07 E8 41 0F 56 
                    -  12987,TX MSG,ICAN11bt500,00 00 07 DF 01 20 
                    -  12987,RX QRY,ICAN11bt500,Delay: 100
                    -  13096,RX MSG,ICAN11bt500,00 00 07 DF 
                    -  13096,RX MSG,ICAN11bt500,00 00 07 E8 41 20 90 1D A0 11 
                    -  13096,RX MSG,ICAN11bt500,00 00 07 E9 41 20 80 00 00 01 
                    -  13096,RX MSG,ICAN11bt500,00 00 07 E8 41 07 88 
                    -  13096,RX QRY,ICAN11bt500,Delay: 100
                    -  13206,RX MSG,ICAN11bt500,00 00 07 E8 41 44 7F 7A 
                    -  13206,RX QRY,ICAN11bt500,Delay: 100
                    -  13315,RX MSG,ICAN11bt500,00 00 07 E8 41 1F 00 E0 
                    -  13315,RX MSG,ICAN11bt500,00 00 07 E9 41 1F 00 DF 
                    -  13315,RX QRY,ICAN11bt500,Delay: 100
                    -  13424,RX MSG,ICAN11bt500,00 00 07 E8 41 10 00 CE 
                    -  13424,RX QRY,ICAN11bt500,Delay: 100
                    -  13534,RX MSG,ICAN11bt500,00 00 07 E8 41 43 00 26 
                    -  13534,RX MSG,ICAN11bt500,00 00 07 E8 41 0D 00 
                    -  13534,RX MSG,ICAN11bt500,00 00 07 E9 41 0D 00 
                    -  13534,RX QRY,ICAN11bt500,Delay: 100
                    -  13643,RX MSG,ICAN11bt500,00 00 07 E8 41 0F 56
                    (0.672 s,F) GetModePID(01, 20) - PID support mask | NoEOL
10:50:15| ... SetupVehicleIsLinked
10:50:15| ... GetCallingProcedure | SetupMyLastCommResult
10:50:15| ... GetCallingProcedure | GetSupportedPIDs
10:50:15| ... GetCallingProcedure | Connect_OBD
10:50:15| ... SetupMyLastCommResult: Success
10:50:15| ... MyLastResult | Success,Unknown,True->True
10:50:15|  (Result:Success,Unknown,True->True)
10:50:15| GetSupportedPIDs | PID20 RspCnt:2
10:50:15| ... GetEcuIdFromAddress
10:50:15| ... ByteArrayToHexString | 07E8
10:50:15| ... ByteArrayToHexString | 901DA011
10:50:15| ... DT_DataToString | Adr:07E8,Mod:01,PID:20,Dat:901DA011
10:50:15| GetSupportedPIDS | Data-Adr:07E8,Mod:01,PID:20,Dat:901DA011
10:50:15| SSBAFOB | MdPID:01,20 ECU:E8 ...  InCnt:4 (90,1D,A0,11,BC:010) SrtIdx:033
10:50:15| ... SetSupportedBitArrayFromObdBytes | BitAryLen:256  BitSetCnt:029  BAI:4-4,21,24,2C,2D,2E,30,31,33,3C,40
10:50:15| 2 | GetSupportedPIDs | 1-E8-DBG3 -------------- 0,1,2,3,4,5,6,7, 8,9,A,B,C,D,E,F, G,H,I,J,K,L,M,N, O,P,Q,R,S,T,U,V
10:50:15| 2 | GetSupportedPIDs | 1-E8-DBG3 000-00_00-020: T,T,F,T,T,T,T,T, F,F,F,T,T,T,T,T, T,T,F,T,F,T,F,F, F,F,F,F,T,F,F,T
10:50:15| 2 | GetSupportedPIDs | 1-E8-DBG3 032-20_20-040: T,T,F,F,T,F,F,F, F,F,F,F,T,T,T,F, T,T,F,T,F,F,F,F, F,F,F,F,T,F,F,F
10:50:15| 2 | GetSupportedPIDs | 1-E8-DBG3 064-40_40-060: T,F,F,F,F,F,F,F, F,F,F,F,F,F,F,F, F,F,F,F,F,F,F,F, F,F,F,F,F,F,F,F
10:50:15| 2 | GetSupportedPIDs | 1-E8-DBG3 096-60_60-080: F,F,F,F,F,F,F,F, F,F,F,F,F,F,F,F, F,F,F,F,F,F,F,F, F,F,F,F,F,F,F,F
10:50:15| 2 | GetSupportedPIDs | 1-E8-DBG3 128-80_80-0A0: F,F,F,F,F,F,F,F, F,F,F,F,F,F,F,F, F,F,F,F,F,F,F,F, F,F,F,F,F,F,F,F
10:50:15| 2 | GetSupportedPIDs | 1-E8-DBG3 160-A0_A0-0C0: F,F,F,F,F,F,F,F, F,F,F,F,F,F,F,F, F,F,F,F,F,F,F,F, F,F,F,F,F,F,F,F
10:50:15| 2 | GetSupportedPIDs | 1-E8-DBG3 192-C0_C0-0E0: F,F,F,F,F,F,F,F, F,F,F,F,F,F,F,F, F,F,F,F,F,F,F,F, F,F,F,F,F,F,F,F
10:50:15| 2 | GetSupportedPIDs | 1-E8-DBG3 224-E0_E0-100: F,F,F,F,F,F,F,F, F,F,F,F,F,F,F,F, F,F,F,F,F,F,F,F, F,F,F,F,F,F,F,F  (T:029 F:227)
10:50:15| ... LogBitArray | 8
10:50:15| ... GetEcuIdFromAddress
10:50:15| ... ByteArrayToHexString | 07E9
10:50:15| ... ByteArrayToHexString | 80000001
10:50:15| ... DT_DataToString | Adr:07E9,Mod:01,PID:20,Dat:80000001
10:50:15| GetSupportedPIDS | Data-Adr:07E9,Mod:01,PID:20,Dat:80000001
10:50:15| SSBAFOB | MdPID:01,20 ECU:E9 ...  InCnt:4 (80,00,00,01,BC:002) SrtIdx:033
10:50:15| ... SetSupportedBitArrayFromObdBytes | BitAryLen:256  BitSetCnt:011  BAI:4-4,21,40
10:50:15| 2 | GetSupportedPIDs | 1-E9-DBG3 -------------- 0,1,2,3,4,5,6,7, 8,9,A,B,C,D,E,F, G,H,I,J,K,L,M,N, O,P,Q,R,S,T,U,V
10:50:15| 2 | GetSupportedPIDs | 1-E9-DBG3 000-00_00-020: T,T,F,F,T,T,F,F, F,F,F,F,T,T,F,F, F,T,F,F,F,F,F,F, F,F,F,F,F,F,F,T
10:50:15| 2 | GetSupportedPIDs | 1-E9-DBG3 032-20_20-040: T,T,F,F,F,F,F,F, F,F,F,F,F,F,F,F, F,F,F,F,F,F,F,F, F,F,F,F,F,F,F,F
10:50:15| 2 | GetSupportedPIDs | 1-E9-DBG3 064-40_40-060: T,F,F,F,F,F,F,F, F,F,F,F,F,F,F,F, F,F,F,F,F,F,F,F, F,F,F,F,F,F,F,F
10:50:15| 2 | GetSupportedPIDs | 1-E9-DBG3 096-60_60-080: F,F,F,F,F,F,F,F, F,F,F,F,F,F,F,F, F,F,F,F,F,F,F,F, F,F,F,F,F,F,F,F
10:50:15| 2 | GetSupportedPIDs | 1-E9-DBG3 128-80_80-0A0: F,F,F,F,F,F,F,F, F,F,F,F,F,F,F,F, F,F,F,F,F,F,F,F, F,F,F,F,F,F,F,F
10:50:15| 2 | GetSupportedPIDs | 1-E9-DBG3 160-A0_A0-0C0: F,F,F,F,F,F,F,F, F,F,F,F,F,F,F,F, F,F,F,F,F,F,F,F, F,F,F,F,F,F,F,F
10:50:15| 2 | GetSupportedPIDs | 1-E9-DBG3 192-C0_C0-0E0: F,F,F,F,F,F,F,F, F,F,F,F,F,F,F,F, F,F,F,F,F,F,F,F, F,F,F,F,F,F,F,F
10:50:15| 2 | GetSupportedPIDs | 1-E9-DBG3 224-E0_E0-100: F,F,F,F,F,F,F,F, F,F,F,F,F,F,F,F, F,F,F,F,F,F,F,F, F,F,F,F,F,F,F,F  (T:011 F:245)
10:50:15| ... LogBitArray | 8
10:50:15| ... SetupMyLastCommResult: InvalidData
10:50:15| ... DoDad | Action: System.Action | tag: GetModePID(01, 40) - PID support mask
10:50:15| ... GetCallingProcedure | Connect_OBD
10:50:15| ... GetCallingProcedure | lVehiculoLink
10:50:15| ... GetCallingProcedure | VehiculoLink
10:50:15| DoDad-01 | GetModePID(01, 40) - PID support mask (Open:True,013.85 | Connect_OBD,lVehiculoLink,VehiculoLink)
10:50:15| DoDad-01  ClearCommandLog ...
10:50:15| DoDad-01  Invoke ... (GetModePID(01, 40) - PID support mask)
10:50:16| DoDad-01  Invoke ... (GetModePID(01, 40) - PID support mask)  (656)
10:50:16| DoDad-01  CommandLog.Length ...
10:50:16| DoDad-01  CommandLog ... (0)
10:50:16| DoDad-01-CommandLog-Len:597 Siz:597 | iStart: 0
10:50:16| DoDad-01  SerialData.Length ... (3230)
10:50:16| DoDad-01 | GetModePID(01, 40) - PID support mask-SLL:03230,03230-CF:F-DLLInfo:'DAD_DLL_VERSION_16.12.25.0 .. 3.0.7.0'
                    -  DAD_DLL_VERSION_16.12.25.0
                    -  531,TX MSG,JVPW1850,68 6A F1 01 00 
                    -  531,RX QRY,JVPW1850,Delay: 100
                    -  640,RX QRY,JVPW1850,Delay: 100
                    -  750,RX QRY,JVPW1850,Delay: 100
                    -  859,TX MSG,JPWM1850,61 6A F1 01 00 
                    -  890,TX MSG,I914**,33 
                    -  5203,TX MSG,KWPF**,C1 33 F1 81 
                    -  11659,TX MSG,ICAN11bt500,00 00 07 DF 01 00 
                    -  11675,RX QRY,ICAN11bt500,Delay: 100
                    -  11784,RX MSG,ICAN11bt500,00 00 07 DF 
                    -  11784,RX MSG,ICAN11bt500,00 00 07 E8 41 00 BE 3F A8 13 
                    -  11784,RX MSG,ICAN11bt500,00 00 07 E9 41 00 98 18 80 03 
                    -  11784,RX MSG,ICAN11bt500,00 00 07 E8 41 9D 00 07 00 07 
                    -  11784,RX QRY,ICAN11bt500,Delay: 100
                    -  11893,RX MSG,ICAN11bt500,00 00 07 E8 41 0F 56 
                    -  11893,RX QRY,ICAN11bt500,Delay: 100
                    -  12003,RX MSG,ICAN11bt500,00 00 07 E8 41 06 7C 
                    -  12112,TX MSG,ICAN11bt500,00 00 07 DF 01 00 
                    -  12112,RX QRY,ICAN11bt500,Delay: 100
                    -  12221,RX MSG,ICAN11bt500,00 00 07 DF 
                    -  12221,RX MSG,ICAN11bt500,00 00 07 E8 41 00 BE 3F A8 13 
                    -  12221,RX MSG,ICAN11bt500,00 00 07 E9 41 00 98 18 80 03 
                    -  12221,RX MSG,ICAN11bt500,00 00 07 E8 41 1F 00 DF 
                    -  12221,RX MSG,ICAN11bt500,00 00 07 E9 41 1F 00 DE 
                    -  12221,RX QRY,ICAN11bt500,Delay: 100
                    -  12331,RX MSG,ICAN11bt500,00 00 07 E8 41 43 00 26 
                    -  12331,RX QRY,ICAN11bt500,Delay: 100
                    -  12440,RX MSG,ICAN11bt500,00 00 07 E8 41 0D 00 
                    -  12440,RX MSG,ICAN11bt500,00 00 07 E9 41 0D 00 
                    -  12440,RX QRY,ICAN11bt500,Delay: 100
                    -  12550,RX MSG,ICAN11bt500,00 00 07 E8 41 0C 0A 28 
                    -  12550,RX MSG,ICAN11bt500,00 00 07 E9 41 0C 0A 3A 
                    -  12550,RX QRY,ICAN11bt500,Delay: 100
                    -  12659,RX MSG,ICAN11bt500,00 00 07 E8 41 0B 20 
                    -  12659,RX QRY,ICAN11bt500,Delay: 100
                    -  12768,RX MSG,ICAN11bt500,00 00 07 E8 41 0F 56 
                    -  12987,TX MSG,ICAN11bt500,00 00 07 DF 01 20 
                    -  12987,RX QRY,ICAN11bt500,Delay: 100
                    -  13096,RX MSG,ICAN11bt500,00 00 07 DF 
                    -  13096,RX MSG,ICAN11bt500,00 00 07 E8 41 20 90 1D A0 11 
                    -  13096,RX MSG,ICAN11bt500,00 00 07 E9 41 20 80 00 00 01 
                    -  13096,RX MSG,ICAN11bt500,00 00 07 E8 41 07 88 
                    -  13096,RX QRY,ICAN11bt500,Delay: 100
                    -  13206,RX MSG,ICAN11bt500,00 00 07 E8 41 44 7F 7A 
                    -  13206,RX QRY,ICAN11bt500,Delay: 100
                    -  13315,RX MSG,ICAN11bt500,00 00 07 E8 41 1F 00 E0 
                    -  13315,RX MSG,ICAN11bt500,00 00 07 E9 41 1F 00 DF 
                    -  13315,RX QRY,ICAN11bt500,Delay: 100
                    -  13424,RX MSG,ICAN11bt500,00 00 07 E8 41 10 00 CE 
                    -  13424,RX QRY,ICAN11bt500,Delay: 100
                    -  13534,RX MSG,ICAN11bt500,00 00 07 E8 41 43 00 26 
                    -  13534,RX MSG,ICAN11bt500,00 00 07 E8 41 0D 00 
                    -  13534,RX MSG,ICAN11bt500,00 00 07 E9 41 0D 00 
                    -  13534,RX QRY,ICAN11bt500,Delay: 100
                    -  13643,RX MSG,ICAN11bt500,00 00 07 E8 41 0F 56 
                    -  13846,TX MSG,ICAN11bt500,00 00 07 DF 01 40 
                    -  13846,RX QRY,ICAN11bt500,Delay: 100
                    -  13956,RX MSG,ICAN11bt500,00 00 07 DF 
                    -  13956,RX MSG,ICAN11bt500,00 00 07 E8 41 40 FE D8 80 01 
                    -  13956,RX MSG,ICAN11bt500,00 00 07 E9 41 40 CA 00 00 00 
                    -  13956,RX MSG,ICAN11bt500,00 00 07 E8 41 9D 00 07 00 07 
                    -  13956,RX QRY,ICAN11bt500,Delay: 100
                    -  14065,RX MSG,ICAN11bt500,00 00 07 E8 41 06 7C 
                    -  14065,RX QRY,ICAN11bt500,Delay: 100
                    -  14174,RX MSG,ICAN11bt500,00 00 07 E8 41 44 7F 7A 
                    -  14174,RX QRY,ICAN11bt500,Delay: 100
                    -  14284,RX MSG,ICAN11bt500,00 00 07 E8 41 1F 00 E1 
                    -  14284,RX MSG,ICAN11bt500,00 00 07 E9 41 1F 00 E0 
                    -  14284,RX QRY,ICAN11bt500,Delay: 100
                    -  14393,RX MSG,ICAN11bt500,00 00 07 E8 41 43 00 26 
                    -  14393,RX QRY,ICAN11bt500,Delay: 100
                    -  14502,RX MSG,ICAN11bt500,00 00 07 E8 41 10 00 CE
                    (0.672 s,F) GetModePID(01, 40) - PID support mask | NoEOL
10:50:16| ... SetupVehicleIsLinked
10:50:16| ... GetCallingProcedure | SetupMyLastCommResult
10:50:16| ... GetCallingProcedure | GetSupportedPIDs
10:50:16| ... GetCallingProcedure | Connect_OBD
10:50:16| ... SetupMyLastCommResult: Success
10:50:16| ... MyLastResult | Success,Unknown,True->True
10:50:16|  (Result:Success,Unknown,True->True)
10:50:16| GetSupportedPIDs | PID40 RspCnt:2
10:50:16| ... GetEcuIdFromAddress
10:50:16| ... ByteArrayToHexString | 07E8
10:50:16| ... ByteArrayToHexString | FED88001
10:50:16| ... DT_DataToString | Adr:07E8,Mod:01,PID:40,Dat:FED88001
10:50:16| GetSupportedPIDS | Data-Adr:07E8,Mod:01,PID:40,Dat:FED88001
10:50:16| SSBAFOB | MdPID:01,40 ECU:E8 ...  InCnt:4 (FE,D8,80,01,BC:013) SrtIdx:065
10:50:16| ... SetSupportedBitArrayFromObdBytes | BitAryLen:256  BitSetCnt:042  BAI:4-4,41,42,43,44,45,46,47,49,4A,4C,4D,51,60
10:50:16| 2 | GetSupportedPIDs | 1-E8-DBG3 -------------- 0,1,2,3,4,5,6,7, 8,9,A,B,C,D,E,F, G,H,I,J,K,L,M,N, O,P,Q,R,S,T,U,V
10:50:16| 2 | GetSupportedPIDs | 1-E8-DBG3 000-00_00-020: T,T,F,T,T,T,T,T, F,F,F,T,T,T,T,T, T,T,F,T,F,T,F,F, F,F,F,F,T,F,F,T
10:50:16| 2 | GetSupportedPIDs | 1-E8-DBG3 032-20_20-040: T,T,F,F,T,F,F,F, F,F,F,F,T,T,T,F, T,T,F,T,F,F,F,F, F,F,F,F,T,F,F,F
10:50:16| 2 | GetSupportedPIDs | 1-E8-DBG3 064-40_40-060: T,T,T,T,T,T,T,T, F,T,T,F,T,T,F,F, F,T,F,F,F,F,F,F, F,F,F,F,F,F,F,F
10:50:16| 2 | GetSupportedPIDs | 1-E8-DBG3 096-60_60-080: T,F,F,F,F,F,F,F, F,F,F,F,F,F,F,F, F,F,F,F,F,F,F,F, F,F,F,F,F,F,F,F
10:50:16| 2 | GetSupportedPIDs | 1-E8-DBG3 128-80_80-0A0: F,F,F,F,F,F,F,F, F,F,F,F,F,F,F,F, F,F,F,F,F,F,F,F, F,F,F,F,F,F,F,F
10:50:16| 2 | GetSupportedPIDs | 1-E8-DBG3 160-A0_A0-0C0: F,F,F,F,F,F,F,F, F,F,F,F,F,F,F,F, F,F,F,F,F,F,F,F, F,F,F,F,F,F,F,F
10:50:16| 2 | GetSupportedPIDs | 1-E8-DBG3 192-C0_C0-0E0: F,F,F,F,F,F,F,F, F,F,F,F,F,F,F,F, F,F,F,F,F,F,F,F, F,F,F,F,F,F,F,F
10:50:16| 2 | GetSupportedPIDs | 1-E8-DBG3 224-E0_E0-100: F,F,F,F,F,F,F,F, F,F,F,F,F,F,F,F, F,F,F,F,F,F,F,F, F,F,F,F,F,F,F,F  (T:042 F:214)
10:50:16| ... LogBitArray | 8
10:50:16| ... GetEcuIdFromAddress
10:50:16| ... ByteArrayToHexString | 07E9
10:50:16| ... ByteArrayToHexString | CA000000
10:50:16| ... DT_DataToString | Adr:07E9,Mod:01,PID:40,Dat:CA000000
10:50:16| GetSupportedPIDS | Data-Adr:07E9,Mod:01,PID:40,Dat:CA000000
10:50:16| SSBAFOB | MdPID:01,40 ECU:E9 ...  InCnt:4 (CA,00,00,00,BC:004) SrtIdx:065
10:50:16| ... SetSupportedBitArrayFromObdBytes | BitAryLen:256  BitSetCnt:015  BAI:4-4,41,42,45,47
10:50:16| 2 | GetSupportedPIDs | 1-E9-DBG3 -------------- 0,1,2,3,4,5,6,7, 8,9,A,B,C,D,E,F, G,H,I,J,K,L,M,N, O,P,Q,R,S,T,U,V
10:50:16| 2 | GetSupportedPIDs | 1-E9-DBG3 000-00_00-020: T,T,F,F,T,T,F,F, F,F,F,F,T,T,F,F, F,T,F,F,F,F,F,F, F,F,F,F,F,F,F,T
10:50:16| 2 | GetSupportedPIDs | 1-E9-DBG3 032-20_20-040: T,T,F,F,F,F,F,F, F,F,F,F,F,F,F,F, F,F,F,F,F,F,F,F, F,F,F,F,F,F,F,F
10:50:16| 2 | GetSupportedPIDs | 1-E9-DBG3 064-40_40-060: T,T,T,F,F,T,F,T, F,F,F,F,F,F,F,F, F,F,F,F,F,F,F,F, F,F,F,F,F,F,F,F
10:50:16| 2 | GetSupportedPIDs | 1-E9-DBG3 096-60_60-080: F,F,F,F,F,F,F,F, F,F,F,F,F,F,F,F, F,F,F,F,F,F,F,F, F,F,F,F,F,F,F,F
10:50:16| 2 | GetSupportedPIDs | 1-E9-DBG3 128-80_80-0A0: F,F,F,F,F,F,F,F, F,F,F,F,F,F,F,F, F,F,F,F,F,F,F,F, F,F,F,F,F,F,F,F
10:50:16| 2 | GetSupportedPIDs | 1-E9-DBG3 160-A0_A0-0C0: F,F,F,F,F,F,F,F, F,F,F,F,F,F,F,F, F,F,F,F,F,F,F,F, F,F,F,F,F,F,F,F
10:50:16| 2 | GetSupportedPIDs | 1-E9-DBG3 192-C0_C0-0E0: F,F,F,F,F,F,F,F, F,F,F,F,F,F,F,F, F,F,F,F,F,F,F,F, F,F,F,F,F,F,F,F
10:50:16| 2 | GetSupportedPIDs | 1-E9-DBG3 224-E0_E0-100: F,F,F,F,F,F,F,F, F,F,F,F,F,F,F,F, F,F,F,F,F,F,F,F, F,F,F,F,F,F,F,F  (T:015 F:241)
10:50:16| ... LogBitArray | 8
10:50:16| ... SetupMyLastCommResult: InvalidData
10:50:16| ... DoDad | Action: System.Action | tag: GetModePID(01, 60) - PID support mask
10:50:16| ... GetCallingProcedure | Connect_OBD
10:50:16| ... GetCallingProcedure | lVehiculoLink
10:50:16| ... GetCallingProcedure | VehiculoLink
10:50:16| DoDad-01 | GetModePID(01, 60) - PID support mask (Open:True,014.72 | Connect_OBD,lVehiculoLink,VehiculoLink)
10:50:16| DoDad-01  ClearCommandLog ...
10:50:16| DoDad-01  Invoke ... (GetModePID(01, 60) - PID support mask)
10:50:17| DoDad-01  Invoke ... (GetModePID(01, 60) - PID support mask)  (656)
10:50:17| DoDad-01  CommandLog.Length ...
10:50:17| DoDad-01  CommandLog ... (0)
10:50:17| DoDad-01-CommandLog-Len:594 Siz:594 | iStart: 0
10:50:17| DoDad-01  SerialData.Length ... (4007)
10:50:17| DoDad-01 | GetModePID(01, 60) - PID support mask-SLL:04007,04007-CF:F-DLLInfo:'DAD_DLL_VERSION_16.12.25.0 .. 3.0.7.0'
                    -  DAD_DLL_VERSION_16.12.25.0
                    -  531,TX MSG,JVPW1850,68 6A F1 01 00 
                    -  531,RX QRY,JVPW1850,Delay: 100
                    -  640,RX QRY,JVPW1850,Delay: 100
                    -  750,RX QRY,JVPW1850,Delay: 100
                    -  859,TX MSG,JPWM1850,61 6A F1 01 00 
                    -  890,TX MSG,I914**,33 
                    -  5203,TX MSG,KWPF**,C1 33 F1 81 
                    -  11659,TX MSG,ICAN11bt500,00 00 07 DF 01 00 
                    -  11675,RX QRY,ICAN11bt500,Delay: 100
                    -  11784,RX MSG,ICAN11bt500,00 00 07 DF 
                    -  11784,RX MSG,ICAN11bt500,00 00 07 E8 41 00 BE 3F A8 13 
                    -  11784,RX MSG,ICAN11bt500,00 00 07 E9 41 00 98 18 80 03 
                    -  11784,RX MSG,ICAN11bt500,00 00 07 E8 41 9D 00 07 00 07 
                    -  11784,RX QRY,ICAN11bt500,Delay: 100
                    -  11893,RX MSG,ICAN11bt500,00 00 07 E8 41 0F 56 
                    -  11893,RX QRY,ICAN11bt500,Delay: 100
                    -  12003,RX MSG,ICAN11bt500,00 00 07 E8 41 06 7C 
                    -  12112,TX MSG,ICAN11bt500,00 00 07 DF 01 00 
                    -  12112,RX QRY,ICAN11bt500,Delay: 100
                    -  12221,RX MSG,ICAN11bt500,00 00 07 DF 
                    -  12221,RX MSG,ICAN11bt500,00 00 07 E8 41 00 BE 3F A8 13 
                    -  12221,RX MSG,ICAN11bt500,00 00 07 E9 41 00 98 18 80 03 
                    -  12221,RX MSG,ICAN11bt500,00 00 07 E8 41 1F 00 DF 
                    -  12221,RX MSG,ICAN11bt500,00 00 07 E9 41 1F 00 DE 
                    -  12221,RX QRY,ICAN11bt500,Delay: 100
                    -  12331,RX MSG,ICAN11bt500,00 00 07 E8 41 43 00 26 
                    -  12331,RX QRY,ICAN11bt500,Delay: 100
                    -  12440,RX MSG,ICAN11bt500,00 00 07 E8 41 0D 00 
                    -  12440,RX MSG,ICAN11bt500,00 00 07 E9 41 0D 00 
                    -  12440,RX QRY,ICAN11bt500,Delay: 100
                    -  12550,RX MSG,ICAN11bt500,00 00 07 E8 41 0C 0A 28 
                    -  12550,RX MSG,ICAN11bt500,00 00 07 E9 41 0C 0A 3A 
                    -  12550,RX QRY,ICAN11bt500,Delay: 100
                    -  12659,RX MSG,ICAN11bt500,00 00 07 E8 41 0B 20 
                    -  12659,RX QRY,ICAN11bt500,Delay: 100
                    -  12768,RX MSG,ICAN11bt500,00 00 07 E8 41 0F 56 
                    -  12987,TX MSG,ICAN11bt500,00 00 07 DF 01 20 
                    -  12987,RX QRY,ICAN11bt500,Delay: 100
                    -  13096,RX MSG,ICAN11bt500,00 00 07 DF 
                    -  13096,RX MSG,ICAN11bt500,00 00 07 E8 41 20 90 1D A0 11 
                    -  13096,RX MSG,ICAN11bt500,00 00 07 E9 41 20 80 00 00 01 
                    -  13096,RX MSG,ICAN11bt500,00 00 07 E8 41 07 88 
                    -  13096,RX QRY,ICAN11bt500,Delay: 100
                    -  13206,RX MSG,ICAN11bt500,00 00 07 E8 41 44 7F 7A 
                    -  13206,RX QRY,ICAN11bt500,Delay: 100
                    -  13315,RX MSG,ICAN11bt500,00 00 07 E8 41 1F 00 E0 
                    -  13315,RX MSG,ICAN11bt500,00 00 07 E9 41 1F 00 DF 
                    -  13315,RX QRY,ICAN11bt500,Delay: 100
                    -  13424,RX MSG,ICAN11bt500,00 00 07 E8 41 10 00 CE 
                    -  13424,RX QRY,ICAN11bt500,Delay: 100
                    -  13534,RX MSG,ICAN11bt500,00 00 07 E8 41 43 00 26 
                    -  13534,RX MSG,ICAN11bt500,00 00 07 E8 41 0D 00 
                    -  13534,RX MSG,ICAN11bt500,00 00 07 E9 41 0D 00 
                    -  13534,RX QRY,ICAN11bt500,Delay: 100
                    -  13643,RX MSG,ICAN11bt500,00 00 07 E8 41 0F 56 
                    -  13846,TX MSG,ICAN11bt500,00 00 07 DF 01 40 
                    -  13846,RX QRY,ICAN11bt500,Delay: 100
                    -  13956,RX MSG,ICAN11bt500,00 00 07 DF 
                    -  13956,RX MSG,ICAN11bt500,00 00 07 E8 41 40 FE D8 80 01 
                    -  13956,RX MSG,ICAN11bt500,00 00 07 E9 41 40 CA 00 00 00 
                    -  13956,RX MSG,ICAN11bt500,00 00 07 E8 41 9D 00 07 00 07 
                    -  13956,RX QRY,ICAN11bt500,Delay: 100
                    -  14065,RX MSG,ICAN11bt500,00 00 07 E8 41 06 7C 
                    -  14065,RX QRY,ICAN11bt500,Delay: 100
                    -  14174,RX MSG,ICAN11bt500,00 00 07 E8 41 44 7F 7A 
                    -  14174,RX QRY,ICAN11bt500,Delay: 100
                    -  14284,RX MSG,ICAN11bt500,00 00 07 E8 41 1F 00 E1 
                    -  14284,RX MSG,ICAN11bt500,00 00 07 E9 41 1F 00 E0 
                    -  14284,RX QRY,ICAN11bt500,Delay: 100
                    -  14393,RX MSG,ICAN11bt500,00 00 07 E8 41 43 00 26 
                    -  14393,RX QRY,ICAN11bt500,Delay: 100
                    -  14502,RX MSG,ICAN11bt500,00 00 07 E8 41 10 00 CE 
                    -  14705,TX MSG,ICAN11bt500,00 00 07 DF 01 60 
                    -  14705,RX QRY,ICAN11bt500,Delay: 100
                    -  14815,RX MSG,ICAN11bt500,00 00 07 DF 
                    -  14815,RX MSG,ICAN11bt500,00 00 07 E8 41 60 00 08 00 01 
                    -  14815,RX MSG,ICAN11bt500,00 00 07 E8 41 0C 0A 28 
                    -  14815,RX MSG,ICAN11bt500,00 00 07 E9 41 0C 0A 4D 
                    -  14815,RX QRY,ICAN11bt500,Delay: 100
                    -  14924,RX MSG,ICAN11bt500,00 00 07 E8 41 A6 00 00 40 CA 
                    -  14924,RX QRY,ICAN11bt500,Delay: 100
                    -  15034,RX MSG,ICAN11bt500,00 00 07 E8 41 0F 56 
                    -  15034,RX QRY,ICAN11bt500,Delay: 100
                    -  15143,RX MSG,ICAN11bt500,00 00 07 E8 41 9D 00 07 00 07 
                    -  15143,RX MSG,ICAN11bt500,00 00 07 E8 41 06 7D 
                    -  15143,RX QRY,ICAN11bt500,Delay: 100
                    -  15252,RX MSG,ICAN11bt500,00 00 07 E8 41 10 00 C5 
                    -  15252,RX QRY,ICAN11bt500,Delay: 100
                    -  15362,RX MSG,ICAN11bt500,00 00 07 E8 41 43 00 26
                    (0.656 s,F) GetModePID(01, 60) - PID support mask | NoEOL
10:50:17| ... SetupVehicleIsLinked
10:50:17| ... GetCallingProcedure | SetupMyLastCommResult
10:50:17| ... GetCallingProcedure | GetSupportedPIDs
10:50:17| ... GetCallingProcedure | Connect_OBD
10:50:17| ... SetupMyLastCommResult: Success
10:50:17| ... MyLastResult | Success,Unknown,True->True
10:50:17|  (Result:Success,Unknown,True->True)
10:50:17| GetSupportedPIDs | PID60 RspCnt:1
10:50:17| ... GetEcuIdFromAddress
10:50:17| ... ByteArrayToHexString | 07E8
10:50:17| ... ByteArrayToHexString | 00080001
10:50:17| ... DT_DataToString | Adr:07E8,Mod:01,PID:60,Dat:00080001
10:50:17| GetSupportedPIDS | Data-Adr:07E8,Mod:01,PID:60,Dat:00080001
10:50:17| SSBAFOB | MdPID:01,60 ECU:E8 ...  InCnt:4 (00,08,00,01,BC:002) SrtIdx:097
10:50:17| ... SetSupportedBitArrayFromObdBytes | BitAryLen:256  BitSetCnt:044  BAI:4-4,6D,80
10:50:17| 2 | GetSupportedPIDs | 1-E8-DBG3 -------------- 0,1,2,3,4,5,6,7, 8,9,A,B,C,D,E,F, G,H,I,J,K,L,M,N, O,P,Q,R,S,T,U,V
10:50:17| 2 | GetSupportedPIDs | 1-E8-DBG3 000-00_00-020: T,T,F,T,T,T,T,T, F,F,F,T,T,T,T,T, T,T,F,T,F,T,F,F, F,F,F,F,T,F,F,T
10:50:17| 2 | GetSupportedPIDs | 1-E8-DBG3 032-20_20-040: T,T,F,F,T,F,F,F, F,F,F,F,T,T,T,F, T,T,F,T,F,F,F,F, F,F,F,F,T,F,F,F
10:50:17| 2 | GetSupportedPIDs | 1-E8-DBG3 064-40_40-060: T,T,T,T,T,T,T,T, F,T,T,F,T,T,F,F, F,T,F,F,F,F,F,F, F,F,F,F,F,F,F,F
10:50:17| 2 | GetSupportedPIDs | 1-E8-DBG3 096-60_60-080: T,F,F,F,F,F,F,F, F,F,F,F,F,T,F,F, F,F,F,F,F,F,F,F, F,F,F,F,F,F,F,F
10:50:17| 2 | GetSupportedPIDs | 1-E8-DBG3 128-80_80-0A0: T,F,F,F,F,F,F,F, F,F,F,F,F,F,F,F, F,F,F,F,F,F,F,F, F,F,F,F,F,F,F,F
10:50:17| 2 | GetSupportedPIDs | 1-E8-DBG3 160-A0_A0-0C0: F,F,F,F,F,F,F,F, F,F,F,F,F,F,F,F, F,F,F,F,F,F,F,F, F,F,F,F,F,F,F,F
10:50:17| 2 | GetSupportedPIDs | 1-E8-DBG3 192-C0_C0-0E0: F,F,F,F,F,F,F,F, F,F,F,F,F,F,F,F, F,F,F,F,F,F,F,F, F,F,F,F,F,F,F,F
10:50:17| 2 | GetSupportedPIDs | 1-E8-DBG3 224-E0_E0-100: F,F,F,F,F,F,F,F, F,F,F,F,F,F,F,F, F,F,F,F,F,F,F,F, F,F,F,F,F,F,F,F  (T:044 F:212)
10:50:17| ... LogBitArray | 8
10:50:17| ... SetupMyLastCommResult: InvalidData
10:50:17| ... DoDad | Action: System.Action | tag: GetModePID(01, 80) - PID support mask
10:50:17| ... GetCallingProcedure | Connect_OBD
10:50:17| ... GetCallingProcedure | lVehiculoLink
10:50:17| ... GetCallingProcedure | VehiculoLink
10:50:17| DoDad-01 | GetModePID(01, 80) - PID support mask (Open:True,015.50 | Connect_OBD,lVehiculoLink,VehiculoLink)
10:50:17| DoDad-01  ClearCommandLog ...
10:50:17| DoDad-01  Invoke ... (GetModePID(01, 80) - PID support mask)
10:50:17| DoDad-01  Invoke ... (GetModePID(01, 80) - PID support mask)  (657)
10:50:17| DoDad-01  CommandLog.Length ...
10:50:17| DoDad-01  CommandLog ... (0)
10:50:17| DoDad-01-CommandLog-Len:681 Siz:681 | iStart: 0
10:50:17| DoDad-01  SerialData.Length ... (4871)
10:50:17| DoDad-01 | GetModePID(01, 80) - PID support mask-SLL:04871,04871-CF:F-DLLInfo:'DAD_DLL_VERSION_16.12.25.0 .. 3.0.7.0'
                    -  DAD_DLL_VERSION_16.12.25.0
                    -  531,TX MSG,JVPW1850,68 6A F1 01 00 
                    -  531,RX QRY,JVPW1850,Delay: 100
                    -  640,RX QRY,JVPW1850,Delay: 100
                    -  750,RX QRY,JVPW1850,Delay: 100
                    -  859,TX MSG,JPWM1850,61 6A F1 01 00 
                    -  890,TX MSG,I914**,33 
                    -  5203,TX MSG,KWPF**,C1 33 F1 81 
                    -  11659,TX MSG,ICAN11bt500,00 00 07 DF 01 00 
                    -  11675,RX QRY,ICAN11bt500,Delay: 100
                    -  11784,RX MSG,ICAN11bt500,00 00 07 DF 
                    -  11784,RX MSG,ICAN11bt500,00 00 07 E8 41 00 BE 3F A8 13 
                    -  11784,RX MSG,ICAN11bt500,00 00 07 E9 41 00 98 18 80 03 
                    -  11784,RX MSG,ICAN11bt500,00 00 07 E8 41 9D 00 07 00 07 
                    -  11784,RX QRY,ICAN11bt500,Delay: 100
                    -  11893,RX MSG,ICAN11bt500,00 00 07 E8 41 0F 56 
                    -  11893,RX QRY,ICAN11bt500,Delay: 100
                    -  12003,RX MSG,ICAN11bt500,00 00 07 E8 41 06 7C 
                    -  12112,TX MSG,ICAN11bt500,00 00 07 DF 01 00 
                    -  12112,RX QRY,ICAN11bt500,Delay: 100
                    -  12221,RX MSG,ICAN11bt500,00 00 07 DF 
                    -  12221,RX MSG,ICAN11bt500,00 00 07 E8 41 00 BE 3F A8 13 
                    -  12221,RX MSG,ICAN11bt500,00 00 07 E9 41 00 98 18 80 03 
                    -  12221,RX MSG,ICAN11bt500,00 00 07 E8 41 1F 00 DF 
                    -  12221,RX MSG,ICAN11bt500,00 00 07 E9 41 1F 00 DE 
                    -  12221,RX QRY,ICAN11bt500,Delay: 100
                    -  12331,RX MSG,ICAN11bt500,00 00 07 E8 41 43 00 26 
                    -  12331,RX QRY,ICAN11bt500,Delay: 100
                    -  12440,RX MSG,ICAN11bt500,00 00 07 E8 41 0D 00 
                    -  12440,RX MSG,ICAN11bt500,00 00 07 E9 41 0D 00 
                    -  12440,RX QRY,ICAN11bt500,Delay: 100
                    -  12550,RX MSG,ICAN11bt500,00 00 07 E8 41 0C 0A 28 
                    -  12550,RX MSG,ICAN11bt500,00 00 07 E9 41 0C 0A 3A 
                    -  12550,RX QRY,ICAN11bt500,Delay: 100
                    -  12659,RX MSG,ICAN11bt500,00 00 07 E8 41 0B 20 
                    -  12659,RX QRY,ICAN11bt500,Delay: 100
                    -  12768,RX MSG,ICAN11bt500,00 00 07 E8 41 0F 56 
                    -  12987,TX MSG,ICAN11bt500,00 00 07 DF 01 20 
                    -  12987,RX QRY,ICAN11bt500,Delay: 100
                    -  13096,RX MSG,ICAN11bt500,00 00 07 DF 
                    -  13096,RX MSG,ICAN11bt500,00 00 07 E8 41 20 90 1D A0 11 
                    -  13096,RX MSG,ICAN11bt500,00 00 07 E9 41 20 80 00 00 01 
                    -  13096,RX MSG,ICAN11bt500,00 00 07 E8 41 07 88 
                    -  13096,RX QRY,ICAN11bt500,Delay: 100
                    -  13206,RX MSG,ICAN11bt500,00 00 07 E8 41 44 7F 7A 
                    -  13206,RX QRY,ICAN11bt500,Delay: 100
                    -  13315,RX MSG,ICAN11bt500,00 00 07 E8 41 1F 00 E0 
                    -  13315,RX MSG,ICAN11bt500,00 00 07 E9 41 1F 00 DF 
                    -  13315,RX QRY,ICAN11bt500,Delay: 100
                    -  13424,RX MSG,ICAN11bt500,00 00 07 E8 41 10 00 CE 
                    -  13424,RX QRY,ICAN11bt500,Delay: 100
                    -  13534,RX MSG,ICAN11bt500,00 00 07 E8 41 43 00 26 
                    -  13534,RX MSG,ICAN11bt500,00 00 07 E8 41 0D 00 
                    -  13534,RX MSG,ICAN11bt500,00 00 07 E9 41 0D 00 
                    -  13534,RX QRY,ICAN11bt500,Delay: 100
                    -  13643,RX MSG,ICAN11bt500,00 00 07 E8 41 0F 56 
                    -  13846,TX MSG,ICAN11bt500,00 00 07 DF 01 40 
                    -  13846,RX QRY,ICAN11bt500,Delay: 100
                    -  13956,RX MSG,ICAN11bt500,00 00 07 DF 
                    -  13956,RX MSG,ICAN11bt500,00 00 07 E8 41 40 FE D8 80 01 
                    -  13956,RX MSG,ICAN11bt500,00 00 07 E9 41 40 CA 00 00 00 
                    -  13956,RX MSG,ICAN11bt500,00 00 07 E8 41 9D 00 07 00 07 
                    -  13956,RX QRY,ICAN11bt500,Delay: 100
                    -  14065,RX MSG,ICAN11bt500,00 00 07 E8 41 06 7C 
                    -  14065,RX QRY,ICAN11bt500,Delay: 100
                    -  14174,RX MSG,ICAN11bt500,00 00 07 E8 41 44 7F 7A 
                    -  14174,RX QRY,ICAN11bt500,Delay: 100
                    -  14284,RX MSG,ICAN11bt500,00 00 07 E8 41 1F 00 E1 
                    -  14284,RX MSG,ICAN11bt500,00 00 07 E9 41 1F 00 E0 
                    -  14284,RX QRY,ICAN11bt500,Delay: 100
                    -  14393,RX MSG,ICAN11bt500,00 00 07 E8 41 43 00 26 
                    -  14393,RX QRY,ICAN11bt500,Delay: 100
                    -  14502,RX MSG,ICAN11bt500,00 00 07 E8 41 10 00 CE 
                    -  14705,TX MSG,ICAN11bt500,00 00 07 DF 01 60 
                    -  14705,RX QRY,ICAN11bt500,Delay: 100
                    -  14815,RX MSG,ICAN11bt500,00 00 07 DF 
                    -  14815,RX MSG,ICAN11bt500,00 00 07 E8 41 60 00 08 00 01 
                    -  14815,RX MSG,ICAN11bt500,00 00 07 E8 41 0C 0A 28 
                    -  14815,RX MSG,ICAN11bt500,00 00 07 E9 41 0C 0A 4D 
                    -  14815,RX QRY,ICAN11bt500,Delay: 100
                    -  14924,RX MSG,ICAN11bt500,00 00 07 E8 41 A6 00 00 40 CA 
                    -  14924,RX QRY,ICAN11bt500,Delay: 100
                    -  15034,RX MSG,ICAN11bt500,00 00 07 E8 41 0F 56 
                    -  15034,RX QRY,ICAN11bt500,Delay: 100
                    -  15143,RX MSG,ICAN11bt500,00 00 07 E8 41 9D 00 07 00 07 
                    -  15143,RX MSG,ICAN11bt500,00 00 07 E8 41 06 7D 
                    -  15143,RX QRY,ICAN11bt500,Delay: 100
                    -  15252,RX MSG,ICAN11bt500,00 00 07 E8 41 10 00 C5 
                    -  15252,RX QRY,ICAN11bt500,Delay: 100
                    -  15362,RX MSG,ICAN11bt500,00 00 07 E8 41 43 00 26 
                    -  15502,TX MSG,ICAN11bt500,00 00 07 DF 01 80 
                    -  15502,RX QRY,ICAN11bt500,Delay: 100
                    -  15612,RX MSG,ICAN11bt500,00 00 07 DF 
                    -  15612,RX MSG,ICAN11bt500,00 00 07 E8 41 80 00 00 00 0D 
                    -  15612,RX MSG,ICAN11bt500,00 00 07 E8 41 1F 00 E2 
                    -  15612,RX MSG,ICAN11bt500,00 00 07 E9 41 1F 00 E2 
                    -  15612,RX QRY,ICAN11bt500,Delay: 100
                    -  15721,RX MSG,ICAN11bt500,00 00 07 E8 41 0D 00 
                    -  15721,RX MSG,ICAN11bt500,00 00 07 E9 41 0D 00 
                    -  15721,RX QRY,ICAN11bt500,Delay: 100
                    -  15830,RX MSG,ICAN11bt500,00 00 07 E8 41 0B 20 
                    -  15830,RX QRY,ICAN11bt500,Delay: 100
                    -  15940,RX MSG,ICAN11bt500,00 00 07 E8 41 0C 0A 28 
                    -  15940,RX MSG,ICAN11bt500,00 00 07 E9 41 0C 0A 66 
                    -  15940,RX QRY,ICAN11bt500,Delay: 100
                    -  16049,RX MSG,ICAN11bt500,00 00 07 E8 41 9D 00 07 00 07 
                    -  16049,RX MSG,ICAN11bt500,00 00 07 E8 41 0F 56 
                    -  16049,RX QRY,ICAN11bt500,Delay: 100
                    -  16158,RX MSG,ICAN11bt500,00 00 07 E8 41 06 7B
                    (0.656 s,F) GetModePID(01, 80) - PID support mask | NoEOL
10:50:17| ... SetupVehicleIsLinked
10:50:17| ... GetCallingProcedure | SetupMyLastCommResult
10:50:17| ... GetCallingProcedure | GetSupportedPIDs
10:50:17| ... GetCallingProcedure | Connect_OBD
10:50:17| ... SetupMyLastCommResult: Success
10:50:17| ... MyLastResult | Success,Unknown,True->True
10:50:17|  (Result:Success,Unknown,True->True)
10:50:17| GetSupportedPIDs | PID80 RspCnt:1
10:50:17| ... GetEcuIdFromAddress
10:50:17| ... ByteArrayToHexString | 07E8
10:50:17| ... ByteArrayToHexString | 0000000D
10:50:17| ... DT_DataToString | Adr:07E8,Mod:01,PID:80,Dat:0000000D
10:50:17| GetSupportedPIDS | Data-Adr:07E8,Mod:01,PID:80,Dat:0000000D
10:50:17| SSBAFOB | MdPID:01,80 ECU:E8 ...  InCnt:4 (00,00,00,0D,BC:003) SrtIdx:129
10:50:17| ... SetSupportedBitArrayFromObdBytes | BitAryLen:256  BitSetCnt:047  BAI:4-4,9D,9E,A0
10:50:17| 2 | GetSupportedPIDs | 1-E8-DBG3 -------------- 0,1,2,3,4,5,6,7, 8,9,A,B,C,D,E,F, G,H,I,J,K,L,M,N, O,P,Q,R,S,T,U,V
10:50:17| 2 | GetSupportedPIDs | 1-E8-DBG3 000-00_00-020: T,T,F,T,T,T,T,T, F,F,F,T,T,T,T,T, T,T,F,T,F,T,F,F, F,F,F,F,T,F,F,T
10:50:17| 2 | GetSupportedPIDs | 1-E8-DBG3 032-20_20-040: T,T,F,F,T,F,F,F, F,F,F,F,T,T,T,F, T,T,F,T,F,F,F,F, F,F,F,F,T,F,F,F
10:50:17| 2 | GetSupportedPIDs | 1-E8-DBG3 064-40_40-060: T,T,T,T,T,T,T,T, F,T,T,F,T,T,F,F, F,T,F,F,F,F,F,F, F,F,F,F,F,F,F,F
10:50:17| 2 | GetSupportedPIDs | 1-E8-DBG3 096-60_60-080: T,F,F,F,F,F,F,F, F,F,F,F,F,T,F,F, F,F,F,F,F,F,F,F, F,F,F,F,F,F,F,F
10:50:17| 2 | GetSupportedPIDs | 1-E8-DBG3 128-80_80-0A0: T,F,F,F,F,F,F,F, F,F,F,F,F,F,F,F, F,F,F,F,F,F,F,F, F,F,F,F,F,T,T,F
10:50:17| 2 | GetSupportedPIDs | 1-E8-DBG3 160-A0_A0-0C0: T,F,F,F,F,F,F,F, F,F,F,F,F,F,F,F, F,F,F,F,F,F,F,F, F,F,F,F,F,F,F,F
10:50:17| 2 | GetSupportedPIDs | 1-E8-DBG3 192-C0_C0-0E0: F,F,F,F,F,F,F,F, F,F,F,F,F,F,F,F, F,F,F,F,F,F,F,F, F,F,F,F,F,F,F,F
10:50:17| 2 | GetSupportedPIDs | 1-E8-DBG3 224-E0_E0-100: F,F,F,F,F,F,F,F, F,F,F,F,F,F,F,F, F,F,F,F,F,F,F,F, F,F,F,F,F,F,F,F  (T:047 F:209)
10:50:17| ... LogBitArray | 8
10:50:17| ... SetupMyLastCommResult: InvalidData
10:50:17| ... DoDad | Action: System.Action | tag: GetModePID(01, A0) - PID support mask
10:50:17| ... GetCallingProcedure | Connect_OBD
10:50:17| ... GetCallingProcedure | lVehiculoLink
10:50:17| ... GetCallingProcedure | VehiculoLink
10:50:17| DoDad-01 | GetModePID(01, A0) - PID support mask (Open:True,016.30 | Connect_OBD,lVehiculoLink,VehiculoLink)
10:50:17| DoDad-01  ClearCommandLog ...
10:50:17| DoDad-01  Invoke ... (GetModePID(01, A0) - PID support mask)
10:50:18| DoDad-01  Invoke ... (GetModePID(01, A0) - PID support mask)  (657)
10:50:18| DoDad-01  CommandLog.Length ...
10:50:18| DoDad-01  CommandLog ... (0)
10:50:18| DoDad-01-CommandLog-Len:630 Siz:630 | iStart: 0
10:50:18| DoDad-01  SerialData.Length ... (5684)
10:50:18| DoDad-01 | GetModePID(01, A0) - PID support mask-SLL:05684,05684-CF:F-DLLInfo:'DAD_DLL_VERSION_16.12.25.0 .. 3.0.7.0'
                    -  DAD_DLL_VERSION_16.12.25.0
                    -  531,TX MSG,JVPW1850,68 6A F1 01 00 
                    -  531,RX QRY,JVPW1850,Delay: 100
                    -  640,RX QRY,JVPW1850,Delay: 100
                    -  750,RX QRY,JVPW1850,Delay: 100
                    -  859,TX MSG,JPWM1850,61 6A F1 01 00 
                    -  890,TX MSG,I914**,33 
                    -  5203,TX MSG,KWPF**,C1 33 F1 81 
                    -  11659,TX MSG,ICAN11bt500,00 00 07 DF 01 00 
                    -  11675,RX QRY,ICAN11bt500,Delay: 100
                    -  11784,RX MSG,ICAN11bt500,00 00 07 DF 
                    -  11784,RX MSG,ICAN11bt500,00 00 07 E8 41 00 BE 3F A8 13 
                    -  11784,RX MSG,ICAN11bt500,00 00 07 E9 41 00 98 18 80 03 
                    -  11784,RX MSG,ICAN11bt500,00 00 07 E8 41 9D 00 07 00 07 
                    -  11784,RX QRY,ICAN11bt500,Delay: 100
                    -  11893,RX MSG,ICAN11bt500,00 00 07 E8 41 0F 56 
                    -  11893,RX QRY,ICAN11bt500,Delay: 100
                    -  12003,RX MSG,ICAN11bt500,00 00 07 E8 41 06 7C 
                    -  12112,TX MSG,ICAN11bt500,00 00 07 DF 01 00 
                    -  12112,RX QRY,ICAN11bt500,Delay: 100
                    -  12221,RX MSG,ICAN11bt500,00 00 07 DF 
                    -  12221,RX MSG,ICAN11bt500,00 00 07 E8 41 00 BE 3F A8 13 
                    -  12221,RX MSG,ICAN11bt500,00 00 07 E9 41 00 98 18 80 03 
                    -  12221,RX MSG,ICAN11bt500,00 00 07 E8 41 1F 00 DF 
                    -  12221,RX MSG,ICAN11bt500,00 00 07 E9 41 1F 00 DE 
                    -  12221,RX QRY,ICAN11bt500,Delay: 100
                    -  12331,RX MSG,ICAN11bt500,00 00 07 E8 41 43 00 26 
                    -  12331,RX QRY,ICAN11bt500,Delay: 100
                    -  12440,RX MSG,ICAN11bt500,00 00 07 E8 41 0D 00 
                    -  12440,RX MSG,ICAN11bt500,00 00 07 E9 41 0D 00 
                    -  12440,RX QRY,ICAN11bt500,Delay: 100
                    -  12550,RX MSG,ICAN11bt500,00 00 07 E8 41 0C 0A 28 
                    -  12550,RX MSG,ICAN11bt500,00 00 07 E9 41 0C 0A 3A 
                    -  12550,RX QRY,ICAN11bt500,Delay: 100
                    -  12659,RX MSG,ICAN11bt500,00 00 07 E8 41 0B 20 
                    -  12659,RX QRY,ICAN11bt500,Delay: 100
                    -  12768,RX MSG,ICAN11bt500,00 00 07 E8 41 0F 56 
                    -  12987,TX MSG,ICAN11bt500,00 00 07 DF 01 20 
                    -  12987,RX QRY,ICAN11bt500,Delay: 100
                    -  13096,RX MSG,ICAN11bt500,00 00 07 DF 
                    -  13096,RX MSG,ICAN11bt500,00 00 07 E8 41 20 90 1D A0 11 
                    -  13096,RX MSG,ICAN11bt500,00 00 07 E9 41 20 80 00 00 01 
                    -  13096,RX MSG,ICAN11bt500,00 00 07 E8 41 07 88 
                    -  13096,RX QRY,ICAN11bt500,Delay: 100
                    -  13206,RX MSG,ICAN11bt500,00 00 07 E8 41 44 7F 7A 
                    -  13206,RX QRY,ICAN11bt500,Delay: 100
                    -  13315,RX MSG,ICAN11bt500,00 00 07 E8 41 1F 00 E0 
                    -  13315,RX MSG,ICAN11bt500,00 00 07 E9 41 1F 00 DF 
                    -  13315,RX QRY,ICAN11bt500,Delay: 100
                    -  13424,RX MSG,ICAN11bt500,00 00 07 E8 41 10 00 CE 
                    -  13424,RX QRY,ICAN11bt500,Delay: 100
                    -  13534,RX MSG,ICAN11bt500,00 00 07 E8 41 43 00 26 
                    -  13534,RX MSG,ICAN11bt500,00 00 07 E8 41 0D 00 
                    -  13534,RX MSG,ICAN11bt500,00 00 07 E9 41 0D 00 
                    -  13534,RX QRY,ICAN11bt500,Delay: 100
                    -  13643,RX MSG,ICAN11bt500,00 00 07 E8 41 0F 56 
                    -  13846,TX MSG,ICAN11bt500,00 00 07 DF 01 40 
                    -  13846,RX QRY,ICAN11bt500,Delay: 100
                    -  13956,RX MSG,ICAN11bt500,00 00 07 DF 
                    -  13956,RX MSG,ICAN11bt500,00 00 07 E8 41 40 FE D8 80 01 
                    -  13956,RX MSG,ICAN11bt500,00 00 07 E9 41 40 CA 00 00 00 
                    -  13956,RX MSG,ICAN11bt500,00 00 07 E8 41 9D 00 07 00 07 
                    -  13956,RX QRY,ICAN11bt500,Delay: 100
                    -  14065,RX MSG,ICAN11bt500,00 00 07 E8 41 06 7C 
                    -  14065,RX QRY,ICAN11bt500,Delay: 100
                    -  14174,RX MSG,ICAN11bt500,00 00 07 E8 41 44 7F 7A 
                    -  14174,RX QRY,ICAN11bt500,Delay: 100
                    -  14284,RX MSG,ICAN11bt500,00 00 07 E8 41 1F 00 E1 
                    -  14284,RX MSG,ICAN11bt500,00 00 07 E9 41 1F 00 E0 
                    -  14284,RX QRY,ICAN11bt500,Delay: 100
                    -  14393,RX MSG,ICAN11bt500,00 00 07 E8 41 43 00 26 
                    -  14393,RX QRY,ICAN11bt500,Delay: 100
                    -  14502,RX MSG,ICAN11bt500,00 00 07 E8 41 10 00 CE 
                    -  14705,TX MSG,ICAN11bt500,00 00 07 DF 01 60 
                    -  14705,RX QRY,ICAN11bt500,Delay: 100
                    -  14815,RX MSG,ICAN11bt500,00 00 07 DF 
                    -  14815,RX MSG,ICAN11bt500,00 00 07 E8 41 60 00 08 00 01 
                    -  14815,RX MSG,ICAN11bt500,00 00 07 E8 41 0C 0A 28 
                    -  14815,RX MSG,ICAN11bt500,00 00 07 E9 41 0C 0A 4D 
                    -  14815,RX QRY,ICAN11bt500,Delay: 100
                    -  14924,RX MSG,ICAN11bt500,00 00 07 E8 41 A6 00 00 40 CA 
                    -  14924,RX QRY,ICAN11bt500,Delay: 100
                    -  15034,RX MSG,ICAN11bt500,00 00 07 E8 41 0F 56 
                    -  15034,RX QRY,ICAN11bt500,Delay: 100
                    -  15143,RX MSG,ICAN11bt500,00 00 07 E8 41 9D 00 07 00 07 
                    -  15143,RX MSG,ICAN11bt500,00 00 07 E8 41 06 7D 
                    -  15143,RX QRY,ICAN11bt500,Delay: 100
                    -  15252,RX MSG,ICAN11bt500,00 00 07 E8 41 10 00 C5 
                    -  15252,RX QRY,ICAN11bt500,Delay: 100
                    -  15362,RX MSG,ICAN11bt500,00 00 07 E8 41 43 00 26 
                    -  15502,TX MSG,ICAN11bt500,00 00 07 DF 01 80 
                    -  15502,RX QRY,ICAN11bt500,Delay: 100
                    -  15612,RX MSG,ICAN11bt500,00 00 07 DF 
                    -  15612,RX MSG,ICAN11bt500,00 00 07 E8 41 80 00 00 00 0D 
                    -  15612,RX MSG,ICAN11bt500,00 00 07 E8 41 1F 00 E2 
                    -  15612,RX MSG,ICAN11bt500,00 00 07 E9 41 1F 00 E2 
                    -  15612,RX QRY,ICAN11bt500,Delay: 100
                    -  15721,RX MSG,ICAN11bt500,00 00 07 E8 41 0D 00 
                    -  15721,RX MSG,ICAN11bt500,00 00 07 E9 41 0D 00 
                    -  15721,RX QRY,ICAN11bt500,Delay: 100
                    -  15830,RX MSG,ICAN11bt500,00 00 07 E8 41 0B 20 
                    -  15830,RX QRY,ICAN11bt500,Delay: 100
                    -  15940,RX MSG,ICAN11bt500,00 00 07 E8 41 0C 0A 28 
                    -  15940,RX MSG,ICAN11bt500,00 00 07 E9 41 0C 0A 66 
                    -  15940,RX QRY,ICAN11bt500,Delay: 100
                    -  16049,RX MSG,ICAN11bt500,00 00 07 E8 41 9D 00 07 00 07 
                    -  16049,RX MSG,ICAN11bt500,00 00 07 E8 41 0F 56 
                    -  16049,RX QRY,ICAN11bt500,Delay: 100
                    -  16158,RX MSG,ICAN11bt500,00 00 07 E8 41 06 7B 
                    -  16299,TX MSG,ICAN11bt500,00 00 07 DF 01 A0 
                    -  16299,RX QRY,ICAN11bt500,Delay: 100
                    -  16408,RX MSG,ICAN11bt500,00 00 07 DF 
                    -  16408,RX MSG,ICAN11bt500,00 00 07 E8 41 A0 04 00 00 00 
                    -  16408,RX MSG,ICAN11bt500,00 00 07 E8 41 43 00 26 
                    -  16408,RX QRY,ICAN11bt500,Delay: 100
                    -  16518,RX MSG,ICAN11bt500,00 00 07 E8 41 1F 00 E3 
                    -  16518,RX MSG,ICAN11bt500,00 00 07 E9 41 1F 00 E3 
                    -  16518,RX QRY,ICAN11bt500,Delay: 100
                    -  16627,RX MSG,ICAN11bt500,00 00 07 E8 41 10 00 C8 
                    -  16627,RX QRY,ICAN11bt500,Delay: 100
                    -  16737,RX MSG,ICAN11bt500,00 00 07 E8 41 0D 00 
                    -  16737,RX MSG,ICAN11bt500,00 00 07 E9 41 0D 00 
                    -  16737,RX QRY,ICAN11bt500,Delay: 100
                    -  16846,RX MSG,ICAN11bt500,00 00 07 E8 41 0C 0A 28 
                    -  16846,RX MSG,ICAN11bt500,00 00 07 E9 41 0C 0A 53 
                    -  16846,RX QRY,ICAN11bt500,Delay: 100
                    -  16955,RX MSG,ICAN11bt500,00 00 07 E8 41 0B 20
                    (0.656 s,F) GetModePID(01, A0) - PID support mask | NoEOL
10:50:18| ... SetupVehicleIsLinked
10:50:18| ... GetCallingProcedure | SetupMyLastCommResult
10:50:18| ... GetCallingProcedure | GetSupportedPIDs
10:50:18| ... GetCallingProcedure | Connect_OBD
10:50:18| ... SetupMyLastCommResult: Success
10:50:18| ... MyLastResult | Success,Unknown,True->True
10:50:18|  (Result:Success,Unknown,True->True)
10:50:18| GetSupportedPIDs | PIDA0 RspCnt:1
10:50:18| ... GetEcuIdFromAddress
10:50:18| ... ByteArrayToHexString | 07E8
10:50:18| ... ByteArrayToHexString | 04000000
10:50:18| ... DT_DataToString | Adr:07E8,Mod:01,PID:A0,Dat:04000000
10:50:18| GetSupportedPIDS | Data-Adr:07E8,Mod:01,PID:A0,Dat:04000000
10:50:18| SSBAFOB | MdPID:01,A0 ECU:E8 ...  InCnt:4 (04,00,00,00,BC:001) SrtIdx:161
10:50:18| ... SetSupportedBitArrayFromObdBytes | BitAryLen:256  BitSetCnt:048  BAI:4-4,A6
10:50:18| 2 | GetSupportedPIDs | 1-E8-DBG3 -------------- 0,1,2,3,4,5,6,7, 8,9,A,B,C,D,E,F, G,H,I,J,K,L,M,N, O,P,Q,R,S,T,U,V
10:50:18| 2 | GetSupportedPIDs | 1-E8-DBG3 000-00_00-020: T,T,F,T,T,T,T,T, F,F,F,T,T,T,T,T, T,T,F,T,F,T,F,F, F,F,F,F,T,F,F,T
10:50:18| 2 | GetSupportedPIDs | 1-E8-DBG3 032-20_20-040: T,T,F,F,T,F,F,F, F,F,F,F,T,T,T,F, T,T,F,T,F,F,F,F, F,F,F,F,T,F,F,F
10:50:18| 2 | GetSupportedPIDs | 1-E8-DBG3 064-40_40-060: T,T,T,T,T,T,T,T, F,T,T,F,T,T,F,F, F,T,F,F,F,F,F,F, F,F,F,F,F,F,F,F
10:50:18| 2 | GetSupportedPIDs | 1-E8-DBG3 096-60_60-080: T,F,F,F,F,F,F,F, F,F,F,F,F,T,F,F, F,F,F,F,F,F,F,F, F,F,F,F,F,F,F,F
10:50:18| 2 | GetSupportedPIDs | 1-E8-DBG3 128-80_80-0A0: T,F,F,F,F,F,F,F, F,F,F,F,F,F,F,F, F,F,F,F,F,F,F,F, F,F,F,F,F,T,T,F
10:50:18| 2 | GetSupportedPIDs | 1-E8-DBG3 160-A0_A0-0C0: T,F,F,F,F,F,T,F, F,F,F,F,F,F,F,F, F,F,F,F,F,F,F,F, F,F,F,F,F,F,F,F
10:50:18| 2 | GetSupportedPIDs | 1-E8-DBG3 192-C0_C0-0E0: F,F,F,F,F,F,F,F, F,F,F,F,F,F,F,F, F,F,F,F,F,F,F,F, F,F,F,F,F,F,F,F
10:50:18| 2 | GetSupportedPIDs | 1-E8-DBG3 224-E0_E0-100: F,F,F,F,F,F,F,F, F,F,F,F,F,F,F,F, F,F,F,F,F,F,F,F, F,F,F,F,F,F,F,F  (T:048 F:208)
10:50:18| ... LogBitArray | 8
10:50:18| GetSupportedPIDs | Mode:1 ECUCnt:2 PIDSupDicCnt:2
10:50:18| 4 | GetSupportedPIDS | Mode1-ECUE8:-------------- 0,1,2,3,4,5,6,7, 8,9,A,B,C,D,E,F, G,H,I,J,K,L,M,N, O,P,Q,R,S,T,U,V
10:50:18| 4 | GetSupportedPIDS | Mode1-ECUE8:000-00_00-020: T,T,F,T,T,T,T,T, F,F,F,T,T,T,T,T, T,T,F,T,F,T,F,F, F,F,F,F,T,F,F,T
10:50:18| 4 | GetSupportedPIDS | Mode1-ECUE8:032-20_20-040: T,T,F,F,T,F,F,F, F,F,F,F,T,T,T,F, T,T,F,T,F,F,F,F, F,F,F,F,T,F,F,F
10:50:18| 4 | GetSupportedPIDS | Mode1-ECUE8:064-40_40-060: T,T,T,T,T,T,T,T, F,T,T,F,T,T,F,F, F,T,F,F,F,F,F,F, F,F,F,F,F,F,F,F
10:50:18| 4 | GetSupportedPIDS | Mode1-ECUE8:096-60_60-080: T,F,F,F,F,F,F,F, F,F,F,F,F,T,F,F, F,F,F,F,F,F,F,F, F,F,F,F,F,F,F,F
10:50:18| 4 | GetSupportedPIDS | Mode1-ECUE8:128-80_80-0A0: T,F,F,F,F,F,F,F, F,F,F,F,F,F,F,F, F,F,F,F,F,F,F,F, F,F,F,F,F,T,T,F
10:50:18| 4 | GetSupportedPIDS | Mode1-ECUE8:160-A0_A0-0C0: T,F,F,F,F,F,T,F, F,F,F,F,F,F,F,F, F,F,F,F,F,F,F,F, F,F,F,F,F,F,F,F
10:50:18| 4 | GetSupportedPIDS | Mode1-ECUE8:192-C0_C0-0E0: F,F,F,F,F,F,F,F, F,F,F,F,F,F,F,F, F,F,F,F,F,F,F,F, F,F,F,F,F,F,F,F
10:50:18| 4 | GetSupportedPIDS | Mode1-ECUE8:224-E0_E0-100: F,F,F,F,F,F,F,F, F,F,F,F,F,F,F,F, F,F,F,F,F,F,F,F, F,F,F,F,F,F,F,F  (T:048 F:208)
10:50:18| ... LogBitArray | 8
10:50:18| 4 | GetSupportedPIDS | Mode1-ECUE9:-------------- 0,1,2,3,4,5,6,7, 8,9,A,B,C,D,E,F, G,H,I,J,K,L,M,N, O,P,Q,R,S,T,U,V
10:50:18| 4 | GetSupportedPIDS | Mode1-ECUE9:000-00_00-020: T,T,F,F,T,T,F,F, F,F,F,F,T,T,F,F, F,T,F,F,F,F,F,F, F,F,F,F,F,F,F,T
10:50:18| 4 | GetSupportedPIDS | Mode1-ECUE9:032-20_20-040: T,T,F,F,F,F,F,F, F,F,F,F,F,F,F,F, F,F,F,F,F,F,F,F, F,F,F,F,F,F,F,F
10:50:18| 4 | GetSupportedPIDS | Mode1-ECUE9:064-40_40-060: T,T,T,F,F,T,F,T, F,F,F,F,F,F,F,F, F,F,F,F,F,F,F,F, F,F,F,F,F,F,F,F
10:50:18| 4 | GetSupportedPIDS | Mode1-ECUE9:096-60_60-080: F,F,F,F,F,F,F,F, F,F,F,F,F,F,F,F, F,F,F,F,F,F,F,F, F,F,F,F,F,F,F,F
10:50:18| 4 | GetSupportedPIDS | Mode1-ECUE9:128-80_80-0A0: F,F,F,F,F,F,F,F, F,F,F,F,F,F,F,F, F,F,F,F,F,F,F,F, F,F,F,F,F,F,F,F
10:50:18| 4 | GetSupportedPIDS | Mode1-ECUE9:160-A0_A0-0C0: F,F,F,F,F,F,F,F, F,F,F,F,F,F,F,F, F,F,F,F,F,F,F,F, F,F,F,F,F,F,F,F
10:50:18| 4 | GetSupportedPIDS | Mode1-ECUE9:192-C0_C0-0E0: F,F,F,F,F,F,F,F, F,F,F,F,F,F,F,F, F,F,F,F,F,F,F,F, F,F,F,F,F,F,F,F
10:50:18| 4 | GetSupportedPIDS | Mode1-ECUE9:224-E0_E0-100: F,F,F,F,F,F,F,F, F,F,F,F,F,F,F,F, F,F,F,F,F,F,F,F, F,F,F,F,F,F,F,F  (T:015 F:241)
10:50:18| ... LogBitArray | 8
10:50:18| 2 | GetSupportedPIDs | 1-ECUxx -------------- 0,1,2,3,4,5,6,7, 8,9,A,B,C,D,E,F, G,H,I,J,K,L,M,N, O,P,Q,R,S,T,U,V
10:50:18| 2 | GetSupportedPIDs | 1-ECUxx 000-00_00-020: T,T,F,T,T,T,T,T, F,F,F,T,T,T,T,T, T,T,F,T,F,T,F,F, F,F,F,F,T,F,F,T
10:50:18| 2 | GetSupportedPIDs | 1-ECUxx 032-20_20-040: T,T,F,F,T,F,F,F, F,F,F,F,T,T,T,F, T,T,F,T,F,F,F,F, F,F,F,F,T,F,F,F
10:50:18| 2 | GetSupportedPIDs | 1-ECUxx 064-40_40-060: T,T,T,T,T,T,T,T, F,T,T,F,T,T,F,F, F,T,F,F,F,F,F,F, F,F,F,F,F,F,F,F
10:50:18| 2 | GetSupportedPIDs | 1-ECUxx 096-60_60-080: T,F,F,F,F,F,F,F, F,F,F,F,F,T,F,F, F,F,F,F,F,F,F,F, F,F,F,F,F,F,F,F
10:50:18| 2 | GetSupportedPIDs | 1-ECUxx 128-80_80-0A0: T,F,F,F,F,F,F,F, F,F,F,F,F,F,F,F, F,F,F,F,F,F,F,F, F,F,F,F,F,T,T,F
10:50:18| 2 | GetSupportedPIDs | 1-ECUxx 160-A0_A0-0C0: T,F,F,F,F,F,T,F, F,F,F,F,F,F,F,F, F,F,F,F,F,F,F,F, F,F,F,F,F,F,F,F
10:50:18| 2 | GetSupportedPIDs | 1-ECUxx 192-C0_C0-0E0: F,F,F,F,F,F,F,F, F,F,F,F,F,F,F,F, F,F,F,F,F,F,F,F, F,F,F,F,F,F,F,F
10:50:18| 2 | GetSupportedPIDs | 1-ECUxx 224-E0_E0-100: F,F,F,F,F,F,F,F, F,F,F,F,F,F,F,F, F,F,F,F,F,F,F,F, F,F,F,F,F,F,F,F  (T:048 F:208)
10:50:18| ... LogBitArray | 8
10:50:18| GetSupportedPIDs | PIDCnt-1-E8:048, E9:015  (TPC:48)
10:50:18| ... DictValueSortDesc
10:50:18| DVSD | E8:048,E9:015->E8:048,E9:015
10:50:18| GetSupportedPIDs | Mode:1 PIDs-'048:00 01 03 04 05 06 07 0B 0C 0D 0E 0F 10 11 13 15 1C 1F 20 21 24 2C 2D 2E 30 31 33 3C 40 41 42 43 44 45 46 47 49 4A 4C 4D 51 60 6D 80 9D 9E A0 A6
10:50:18|  GetSupportedPIDs | Ending ... Success:TrueTrueTrueTrueTrueTrue 1-E8:048 1-E9:015
10:50:18| ReleaseDAD |  Starting ... Cnt:00001,01 (Connect)
10:50:18| ... ReleaseDAD | Success ... Cnt:00001,00 Opn:T (Connect, Connect)
10:50:18| ... Connect | 2
10:50:18| ... SetupVehicleIsLinked
10:50:18| ... GetCallingProcedure | Connect_OBD
10:50:18| ... GetCallingProcedure | lVehiculoLink
10:50:18| ... GetCallingProcedure | VehiculoLink
10:50:18| SVLI | VehicleIsLinked:'True'->'?'  (Connect_OBD,lVehiculoLink,VehiculoLink)
10:50:18| ... SetupVehicleIsLinked
10:50:18| ... GetCallingProcedure | Connect_OBD
10:50:18| ... GetCallingProcedure | lVehiculoLink
10:50:18| ... GetCallingProcedure | VehiculoLink
10:50:18| SVLI | VehicleIsLinked:'?'->'True'  (Connect_OBD,lVehiculoLink,VehiculoLink)
10:50:18| ... Connect | 3 | Connect_Succeeded = True
10:50:18| ... MyLastResult | Success,Unknown,?->True
10:50:18| Connect | Rslt:True EECUID:E8 ECUs:2-(E9:015,E8:048->E8:048,E9:015,) Prot:'CAN11', 'CAN11' PC:48  (Success,Unknown,?->True, 17.36) (lVehiculoLink,VehiculoLink,VehTest)
10:50:18| ... DecrementActiveCount | 0
10:50:18| ... GetCallingProcedure | OpusIMCleanOBDdrv.Module1:Connect_OBD
10:50:18| ... GetCallingProcedure | OpusIMCleanOBDdrv.Module1:lVehiculoLink
10:50:18| ... GetCallingProcedure | OpusIMCleanOBDdrv.IMCleanOBD:VehiculoLink
10:50:18| ... LocalDecrementActiveCount | 0
10:50:18|  
10:50:18| ... Get MON >>>-----------------------------------------------------------------------
10:50:18| ... SetupMyLastCommResult: ConditionsNotCorrect
10:50:18| ... DoDad | Action: System.Action | tag: GetModePID(01, 01) - Readiness, DTC count, MIL
10:50:19| ... GetCallingProcedure | lVehiculoLink
10:50:19| ... GetCallingProcedure | VehiculoLink
10:50:19| ... GetCallingProcedure | VehTest
10:50:19| DoDad-01 | GetModePID(01, 01) - Readiness, DTC count, MIL (Open:True,017.33 | lVehiculoLink,VehiculoLink,VehTest)
10:50:19| DoDad-01  ClearCommandLog ...
10:50:19| DoDad-01  Invoke ... (GetModePID(01, 01) - Readiness, DTC count, MIL)
10:50:19| DoDad-01  Invoke ... (GetModePID(01, 01) - Readiness, DTC count, MIL)  (656)
10:50:19| DoDad-01  CommandLog.Length ...
10:50:19| DoDad-01  CommandLog ... (0)
10:50:19| DoDad-01-CommandLog-Len:666 Siz:666 | iStart: 0
10:50:19| DoDad-01  SerialData.Length ... (864)
10:50:19| DoDad-01 | GetModePID(01, 01) - Readiness, DTC count, MIL-SLL:00864,00864-CF:F-DLLInfo:'DAD_DLL_VERSION_16.12.25.0 .. 3.0.7.0'
                    -  DAD_DLL_VERSION_16.12.25.0
                    -  31,TX MSG,ICAN11bt500,00 00 07 DF 01 01 
                    -  31,RX QRY,ICAN11bt500,Delay: 100
                    -  140,RX MSG,ICAN11bt500,00 00 07 DF 
                    -  140,RX MSG,ICAN11bt500,00 00 07 E8 41 01 00 07 E1 00 
                    -  140,RX MSG,ICAN11bt500,00 00 07 E9 41 01 00 04 00 00 
                    -  140,RX MSG,ICAN11bt500,00 00 07 E8 41 44 7F 7A 
                    -  140,RX QRY,ICAN11bt500,Delay: 100
                    -  250,RX MSG,ICAN11bt500,00 00 07 E8 41 43 00 26 
                    -  250,RX QRY,ICAN11bt500,Delay: 100
                    -  359,RX MSG,ICAN11bt500,00 00 07 E8 41 10 00 D2 
                    -  359,RX QRY,ICAN11bt500,Delay: 100
                    -  468,RX MSG,ICAN11bt500,00 00 07 E8 41 0D 00 
                    -  468,RX MSG,ICAN11bt500,00 00 07 E9 41 0D 00 
                    -  468,RX MSG,ICAN11bt500,00 00 07 E8 41 0B 20 
                    -  468,RX QRY,ICAN11bt500,Delay: 100
                    -  578,RX MSG,ICAN11bt500,00 00 07 E8 41 0C 0A 28 
                    -  578,RX MSG,ICAN11bt500,00 00 07 E9 41 0C 0A 3A 
                    -  578,RX QRY,ICAN11bt500,Delay: 100
                    -  687,RX MSG,ICAN11bt500,00 00 07 E8 41 9D 00 07 00 07
                    (0.656 s,F) GetModePID(01, 01) - Readiness, DTC count, MIL | NoEOL
10:50:19| DECODE_Bus: DAD_DLL_VERSION_16.12.25.0
3.0.7.0

31,TX MSG,ICAN11bt500,00 00 07 DF 01 01 
140,RX MSG,ICAN11bt500,00 00 07 DF 
140,RX MSG,ICAN11bt500,00 00 07 E8 41 01 00 07 E1 00 
140,RX MSG,ICAN11bt500,00 00 07 E9 41 01 00 04 00 00 
140,RX MSG,ICAN11bt500,00 00 07 E8 41 44 7F 7A 
250,RX MSG,ICAN11bt500,00 00 07 E8 41 43 00 26 
359,RX MSG,ICAN11bt500,00 00 07 E8 41 10 00 D2 
468,RX MSG,ICAN11bt500,00 00 07 E8 41 0D 00 
468,RX MSG,ICAN11bt500,00 00 07 E9 41 0D 00 
468,RX MSG,ICAN11bt500,00 00 07 E8 41 0B 20 
578,RX MSG,ICAN11bt500,00 00 07 E8 41 0C 0A 28 
578,RX MSG,ICAN11bt500,00 00 07 E9 41 0C 0A 3A 
687,RX MSG,ICAN11bt500,00 00 07 E8 41 9D 00 07 00 07 

10:50:19| DECODE_MIL: 00 00 07 E8 41 01 00 07 E1 00
10:50:19| zipESP: 00 00 07 E8 41 01 00 07 E1 00 | 000007E841010007E100
10:50:19| DECODE_MIL dato: 0007E100
10:50:19| Status: 0007E100
10:50:19| A: 00 | 0 | 00000000
10:50:19| B: 07 | 7 | 00000111
10:50:19| C: E1 | 225 | 11100001
10:50:19| D: 00 | 0 | 00000000
10:50:19| zipESP: 00 00 07 E8 41 0C 0A 28 | 000007E8410C0A28
10:50:19| DECODE_RPM: 000007E8410C0A28
10:50:19| sr | Get MON: 0 | 2
10:50:19|  
10:50:19| ... Get DTC >>>-----------------------------------------------------------------------
10:50:19| ... SetupMyLastCommResult: ConditionsNotCorrect
10:50:19| ... DoDad | Action: System.Action | tag: GetModePID(03, 00) - DTC count, MIL
10:50:19| ... GetCallingProcedure | lVehiculoLink
10:50:19| ... GetCallingProcedure | VehiculoLink
10:50:19| ... GetCallingProcedure | VehTest
10:50:19| DoDad-01 | GetModePID(03, 00) - DTC count, MIL (Open:True,018.10 | lVehiculoLink,VehiculoLink,VehTest)
10:50:19| DoDad-01  ClearCommandLog ...
10:50:19| DoDad-01  Invoke ... (GetModePID(03, 00) - DTC count, MIL)
10:50:20| DoDad-01  Invoke ... (GetModePID(03, 00) - DTC count, MIL)  (656)
10:50:20| DoDad-01  CommandLog.Length ...
10:50:20| DoDad-01  CommandLog ... (0)
10:50:20| DoDad-01-CommandLog-Len:584 Siz:584 | iStart: 0
10:50:20| DoDad-01  SerialData.Length ... (782)
10:50:20| DoDad-01 | GetModePID(03, 00) - DTC count, MIL-SLL:00782,00782-CF:F-DLLInfo:'DAD_DLL_VERSION_16.12.25.0 .. 3.0.7.0'
                    -  DAD_DLL_VERSION_16.12.25.0
                    -  31,TX MSG,ICAN11bt500,00 00 07 DF 03 
                    -  31,RX QRY,ICAN11bt500,Delay: 100
                    -  140,RX MSG,ICAN11bt500,00 00 07 DF 
                    -  140,RX MSG,ICAN11bt500,00 00 07 E8 43 00 
                    -  140,RX MSG,ICAN11bt500,00 00 07 E9 43 00 
                    -  140,RX MSG,ICAN11bt500,00 00 07 E8 41 06 7D 
                    -  140,RX QRY,ICAN11bt500,Delay: 100
                    -  250,RX MSG,ICAN11bt500,00 00 07 E8 41 1F 00 E5 
                    -  250,RX MSG,ICAN11bt500,00 00 07 E9 41 1F 00 E5 
                    -  250,RX QRY,ICAN11bt500,Delay: 100
                    -  356,RX MSG,ICAN11bt500,00 00 07 E8 41 44 7F 7A 
                    -  356,RX QRY,ICAN11bt500,Delay: 100
                    -  466,RX MSG,ICAN11bt500,00 00 07 E8 41 43 00 26 
                    -  466,RX QRY,ICAN11bt500,Delay: 100
                    -  575,RX MSG,ICAN11bt500,00 00 07 E8 41 10 00 CB 
                    -  575,RX QRY,ICAN11bt500,Delay: 100
                    -  684,RX MSG,ICAN11bt500,00 00 07 E8 41 0D 00 
                    -  684,RX MSG,ICAN11bt500,00 00 07 E9 41 0D 00
                    (0.654 s,F) GetModePID(03, 00) - DTC count, MIL | NoEOL
10:50:20| DECODE_Bus: DAD_DLL_VERSION_16.12.25.0
3.0.7.0

31,TX MSG,ICAN11bt500,00 00 07 DF 03 
140,RX MSG,ICAN11bt500,00 00 07 DF 
140,RX MSG,ICAN11bt500,00 00 07 E8 43 00 
140,RX MSG,ICAN11bt500,00 00 07 E9 43 00 
140,RX MSG,ICAN11bt500,00 00 07 E8 41 06 7D 
250,RX MSG,ICAN11bt500,00 00 07 E8 41 1F 00 E5 
250,RX MSG,ICAN11bt500,00 00 07 E9 41 1F 00 E5 
356,RX MSG,ICAN11bt500,00 00 07 E8 41 44 7F 7A 
466,RX MSG,ICAN11bt500,00 00 07 E8 41 43 00 26 
575,RX MSG,ICAN11bt500,00 00 07 E8 41 10 00 CB 
684,RX MSG,ICAN11bt500,00 00 07 E8 41 0D 00 
684,RX MSG,ICAN11bt500,00 00 07 E9 41 0D 00 

10:50:20| ... DECODE_DTC: 00 00 07 E8 43 00
10:50:20| zipESP: 00 00 07 E8 43 00 | 000007E84300
10:50:20| sr | Get DTC: 0 | 2
10:50:20|  
10:50:20| ... (01, 1F) Tmp. Encendido >>>-----------------------------------------------------------------------
10:50:20| ... SetupMyLastCommResult: ConditionsNotCorrect
10:50:20| ... DoDad | Action: System.Action | tag: GetModePID(01, 1F) - Tmp. Encendido
10:50:20| ... GetCallingProcedure | lVehiculoLink
10:50:20| ... GetCallingProcedure | VehiculoLink
10:50:20| ... GetCallingProcedure | VehTest
10:50:20| DoDad-01 | GetModePID(01, 1F) - Tmp. Encendido (Open:True,018.83 | lVehiculoLink,VehiculoLink,VehTest)
10:50:20| DoDad-01  ClearCommandLog ...
10:50:20| DoDad-01  Invoke ... (GetModePID(01, 1F) - Tmp. Encendido)
10:50:21| DoDad-01  Invoke ... (GetModePID(01, 1F) - Tmp. Encendido)  (656)
10:50:21| DoDad-01  CommandLog.Length ...
10:50:21| DoDad-01  CommandLog ... (0)
10:50:21| DoDad-01-CommandLog-Len:608 Siz:608 | iStart: 0
10:50:21| DoDad-01  SerialData.Length ... (806)
10:50:21| DoDad-01 | GetModePID(01, 1F) - Tmp. Encendido-SLL:00806,00806-CF:F-DLLInfo:'DAD_DLL_VERSION_16.12.25.0 .. 3.0.7.0'
                    -  DAD_DLL_VERSION_16.12.25.0
                    -  31,TX MSG,ICAN11bt500,00 00 07 DF 01 1F 
                    -  31,RX QRY,ICAN11bt500,Delay: 100
                    -  140,RX MSG,ICAN11bt500,00 00 07 DF 
                    -  140,RX MSG,ICAN11bt500,00 00 07 E8 41 1F 00 E6 
                    -  140,RX MSG,ICAN11bt500,00 00 07 E9 41 1F 00 E5 
                    -  140,RX MSG,ICAN11bt500,00 00 07 E8 41 0C 0A 28 
                    -  140,RX MSG,ICAN11bt500,00 00 07 E9 41 0C 0A 3A 
                    -  140,RX QRY,ICAN11bt500,Delay: 100
                    -  250,RX MSG,ICAN11bt500,00 00 07 E8 41 0B 20 
                    -  250,RX QRY,ICAN11bt500,Delay: 100
                    -  359,RX MSG,ICAN11bt500,00 00 07 E8 41 06 7C 
                    -  359,RX QRY,ICAN11bt500,Delay: 100
                    -  468,RX MSG,ICAN11bt500,00 00 07 E8 41 9D 00 07 00 07 
                    -  468,RX QRY,ICAN11bt500,Delay: 100
                    -  578,RX MSG,ICAN11bt500,00 00 07 E8 41 1F 00 E6 
                    -  578,RX MSG,ICAN11bt500,00 00 07 E9 41 1F 00 E6 
                    -  578,RX QRY,ICAN11bt500,Delay: 100
                    -  687,RX MSG,ICAN11bt500,00 00 07 E8 41 44 7F 7A
                    (0.672 s,F) GetModePID(01, 1F) - Tmp. Encendido | NoEOL
10:50:21| DECODE_Bus: DAD_DLL_VERSION_16.12.25.0
3.0.7.0

31,TX MSG,ICAN11bt500,00 00 07 DF 01 1F 
140,RX MSG,ICAN11bt500,00 00 07 DF 
140,RX MSG,ICAN11bt500,00 00 07 E8 41 1F 00 E6 
140,RX MSG,ICAN11bt500,00 00 07 E9 41 1F 00 E5 
140,RX MSG,ICAN11bt500,00 00 07 E8 41 0C 0A 28 
140,RX MSG,ICAN11bt500,00 00 07 E9 41 0C 0A 3A 
250,RX MSG,ICAN11bt500,00 00 07 E8 41 0B 20 
359,RX MSG,ICAN11bt500,00 00 07 E8 41 06 7C 
468,RX MSG,ICAN11bt500,00 00 07 E8 41 9D 00 07 00 07 
578,RX MSG,ICAN11bt500,00 00 07 E8 41 1F 00 E6 
578,RX MSG,ICAN11bt500,00 00 07 E9 41 1F 00 E6 
687,RX MSG,ICAN11bt500,00 00 07 E8 41 44 7F 7A 

10:50:21| zipESP: 00 00 07 E8 41 0C 0A 28 | 000007E8410C0A28
10:50:21| DECODE_RPM: 000007E8410C0A28
10:50:21| sr | Tmp. Encendido: 0 | 2
10:50:21|  
10:50:21| ... (01, 21) Distancia MIL >>>-----------------------------------------------------------------------
10:50:21| ... SetupMyLastCommResult: ConditionsNotCorrect
10:50:21| ... DoDad | Action: System.Action | tag: GetModePID(01, 21) - Distancia MIL
10:50:21| ... GetCallingProcedure | lVehiculoLink
10:50:21| ... GetCallingProcedure | VehiculoLink
10:50:21| ... GetCallingProcedure | VehTest
10:50:21| DoDad-01 | GetModePID(01, 21) - Distancia MIL (Open:True,019.56 | lVehiculoLink,VehiculoLink,VehTest)
10:50:21| DoDad-01  ClearCommandLog ...
10:50:21| DoDad-01  Invoke ... (GetModePID(01, 21) - Distancia MIL)
10:50:21| DoDad-01  Invoke ... (GetModePID(01, 21) - Distancia MIL)  (656)
10:50:21| DoDad-01  CommandLog.Length ...
10:50:21| DoDad-01  CommandLog ... (0)
10:50:21| DoDad-01-CommandLog-Len:599 Siz:599 | iStart: 0
10:50:21| DoDad-01  SerialData.Length ... (797)
10:50:21| DoDad-01 | GetModePID(01, 21) - Distancia MIL-SLL:00797,00797-CF:F-DLLInfo:'DAD_DLL_VERSION_16.12.25.0 .. 3.0.7.0'
                    -  DAD_DLL_VERSION_16.12.25.0
                    -  31,TX MSG,ICAN11bt500,00 00 07 DF 01 15 
                    -  31,RX QRY,ICAN11bt500,Delay: 100
                    -  140,RX MSG,ICAN11bt500,00 00 07 DF 
                    -  140,RX MSG,ICAN11bt500,00 00 07 E8 41 15 3B FF 
                    -  140,RX MSG,ICAN11bt500,00 00 07 E8 41 43 00 26 
                    -  140,RX QRY,ICAN11bt500,Delay: 100
                    -  250,RX MSG,ICAN11bt500,00 00 07 E8 41 0D 00 
                    -  250,RX MSG,ICAN11bt500,00 00 07 E9 41 0D 00 
                    -  250,RX QRY,ICAN11bt500,Delay: 100
                    -  359,RX MSG,ICAN11bt500,00 00 07 E8 41 06 7C 
                    -  359,RX MSG,ICAN11bt500,00 00 07 E8 41 0C 0A 5A 
                    -  359,RX QRY,ICAN11bt500,Delay: 100
                    -  468,RX MSG,ICAN11bt500,00 00 07 E9 41 0C 0A 53 
                    -  468,RX MSG,ICAN11bt500,00 00 07 E8 41 0B 20 
                    -  468,RX QRY,ICAN11bt500,Delay: 100
                    -  578,RX MSG,ICAN11bt500,00 00 07 E8 41 9D 00 07 00 07 
                    -  578,RX QRY,ICAN11bt500,Delay: 100
                    -  687,RX MSG,ICAN11bt500,00 00 07 E8 41 0F 56
                    (0.672 s,F) GetModePID(01, 21) - Distancia MIL | NoEOL
10:50:21| DECODE_Bus: DAD_DLL_VERSION_16.12.25.0
3.0.7.0

31,TX MSG,ICAN11bt500,00 00 07 DF 01 15 
140,RX MSG,ICAN11bt500,00 00 07 DF 
140,RX MSG,ICAN11bt500,00 00 07 E8 41 15 3B FF 
140,RX MSG,ICAN11bt500,00 00 07 E8 41 43 00 26 
250,RX MSG,ICAN11bt500,00 00 07 E8 41 0D 00 
250,RX MSG,ICAN11bt500,00 00 07 E9 41 0D 00 
359,RX MSG,ICAN11bt500,00 00 07 E8 41 06 7C 
359,RX MSG,ICAN11bt500,00 00 07 E8 41 0C 0A 5A 
468,RX MSG,ICAN11bt500,00 00 07 E9 41 0C 0A 53 
468,RX MSG,ICAN11bt500,00 00 07 E8 41 0B 20 
578,RX MSG,ICAN11bt500,00 00 07 E8 41 9D 00 07 00 07 
687,RX MSG,ICAN11bt500,00 00 07 E8 41 0F 56 

10:50:21| zipESP: 00 00 07 E8 41 0C 0A 5A | 000007E8410C0A5A
10:50:21| DECODE_RPM: 000007E8410C0A5A
10:50:21| sr | Distancia MIL: 0 | 1
10:50:21|  
10:50:21| ... (01, 31) Distancia MIL Borrada >>>-----------------------------------------------------------------------
10:50:21| ... SetupMyLastCommResult: ConditionsNotCorrect
10:50:21| ... DoDad | Action: System.Action | tag: GetModePID(01, 31) - Distancia MIL Borrada
10:50:21| ... GetCallingProcedure | lVehiculoLink
10:50:21| ... GetCallingProcedure | VehiculoLink
10:50:21| ... GetCallingProcedure | VehTest
10:50:21| DoDad-01 | GetModePID(01, 31) - Distancia MIL Borrada (Open:True,020.30 | lVehiculoLink,VehiculoLink,VehTest)
10:50:21| DoDad-01  ClearCommandLog ...
10:50:21| DoDad-01  Invoke ... (GetModePID(01, 31) - Distancia MIL Borrada)
10:50:22| DoDad-01  Invoke ... (GetModePID(01, 31) - Distancia MIL Borrada)  (657)
10:50:22| DoDad-01  CommandLog.Length ...
10:50:22| DoDad-01  CommandLog ... (0)
10:50:22| DoDad-01-CommandLog-Len:556 Siz:556 | iStart: 0
10:50:22| DoDad-01  SerialData.Length ... (754)
10:50:22| DoDad-01 | GetModePID(01, 31) - Distancia MIL Borrada-SLL:00754,00754-CF:F-DLLInfo:'DAD_DLL_VERSION_16.12.25.0 .. 3.0.7.0'
                    -  DAD_DLL_VERSION_16.12.25.0
                    -  31,TX MSG,ICAN11bt500,00 00 07 DF 01 1F 
                    -  31,RX QRY,ICAN11bt500,Delay: 100
                    -  140,RX MSG,ICAN11bt500,00 00 07 DF 
                    -  140,RX MSG,ICAN11bt500,00 00 07 E8 41 1F 00 E7 
                    -  140,RX MSG,ICAN11bt500,00 00 07 E9 41 1F 00 E6 
                    -  140,RX MSG,ICAN11bt500,00 00 07 E8 41 44 7F 7A 
                    -  140,RX QRY,ICAN11bt500,Delay: 100
                    -  250,RX MSG,ICAN11bt500,00 00 07 E8 41 43 00 26 
                    -  250,RX QRY,ICAN11bt500,Delay: 100
                    -  359,RX MSG,ICAN11bt500,00 00 07 E8 41 10 00 CF 
                    -  359,RX QRY,ICAN11bt500,Delay: 100
                    -  468,RX MSG,ICAN11bt500,00 00 07 E8 41 0D 00 
                    -  468,RX MSG,ICAN11bt500,00 00 07 E9 41 0D 00 
                    -  468,RX QRY,ICAN11bt500,Delay: 100
                    -  578,RX MSG,ICAN11bt500,00 00 07 E8 41 9D 00 07 00 07 
                    -  578,RX QRY,ICAN11bt500,Delay: 100
                    -  687,RX MSG,ICAN11bt500,00 00 07 E8 41 06 7C
                    (0.672 s,F) GetModePID(01, 31) - Distancia MIL Borrada | NoEOL
10:50:22| DECODE_Bus: DAD_DLL_VERSION_16.12.25.0
3.0.7.0

31,TX MSG,ICAN11bt500,00 00 07 DF 01 1F 
140,RX MSG,ICAN11bt500,00 00 07 DF 
140,RX MSG,ICAN11bt500,00 00 07 E8 41 1F 00 E7 
140,RX MSG,ICAN11bt500,00 00 07 E9 41 1F 00 E6 
140,RX MSG,ICAN11bt500,00 00 07 E8 41 44 7F 7A 
250,RX MSG,ICAN11bt500,00 00 07 E8 41 43 00 26 
359,RX MSG,ICAN11bt500,00 00 07 E8 41 10 00 CF 
468,RX MSG,ICAN11bt500,00 00 07 E8 41 0D 00 
468,RX MSG,ICAN11bt500,00 00 07 E9 41 0D 00 
578,RX MSG,ICAN11bt500,00 00 07 E8 41 9D 00 07 00 07 
687,RX MSG,ICAN11bt500,00 00 07 E8 41 06 7C 

10:50:22| sr | Distancia MIL Borrada: 0 | 2
10:50:22|  
10:50:22| ... (01, 33) Presion Barometrica Kpa >>>-----------------------------------------------------------------------
10:50:22| ... SetupMyLastCommResult: ConditionsNotCorrect
10:50:22| ... DoDad | Action: System.Action | tag: GetModePID(01, 33) - Presion Barometrica Kpa
10:50:22| ... GetCallingProcedure | lVehiculoLink
10:50:22| ... GetCallingProcedure | VehiculoLink
10:50:22| ... GetCallingProcedure | VehTest
10:50:22| DoDad-01 | GetModePID(01, 33) - Presion Barometrica Kpa (Open:True,021.03 | lVehiculoLink,VehiculoLink,VehTest)
10:50:22| DoDad-01  ClearCommandLog ...
10:50:22| DoDad-01  Invoke ... (GetModePID(01, 33) - Presion Barometrica Kpa)
10:50:23| DoDad-01  Invoke ... (GetModePID(01, 33) - Presion Barometrica Kpa)  (672)
10:50:23| DoDad-01  CommandLog.Length ...
10:50:23| DoDad-01  CommandLog ... (0)
10:50:23| DoDad-01-CommandLog-Len:553 Siz:553 | iStart: 0
10:50:23| DoDad-01  SerialData.Length ... (751)
10:50:23| DoDad-01 | GetModePID(01, 33) - Presion Barometrica Kpa-SLL:00751,00751-CF:F-DLLInfo:'DAD_DLL_VERSION_16.12.25.0 .. 3.0.7.0'
                    -  DAD_DLL_VERSION_16.12.25.0
                    -  46,TX MSG,ICAN11bt500,00 00 07 DF 01 21 
                    -  46,RX QRY,ICAN11bt500,Delay: 100
                    -  156,RX MSG,ICAN11bt500,00 00 07 DF 
                    -  156,RX MSG,ICAN11bt500,00 00 07 E8 41 21 00 00 
                    -  156,RX MSG,ICAN11bt500,00 00 07 E9 41 21 00 00 
                    -  156,RX MSG,ICAN11bt500,00 00 07 E8 41 0B 20 
                    -  156,RX QRY,ICAN11bt500,Delay: 100
                    -  265,RX MSG,ICAN11bt500,00 00 07 E8 41 0F 56 
                    -  265,RX QRY,ICAN11bt500,Delay: 100
                    -  375,RX MSG,ICAN11bt500,00 00 07 E8 41 44 7F 7A 
                    -  375,RX QRY,ICAN11bt500,Delay: 100
                    -  484,RX MSG,ICAN11bt500,00 00 07 E8 41 1F 00 E8 
                    -  484,RX MSG,ICAN11bt500,00 00 07 E9 41 1F 00 E7 
                    -  484,RX QRY,ICAN11bt500,Delay: 100
                    -  593,RX MSG,ICAN11bt500,00 00 07 E8 41 10 00 CF 
                    -  593,RX QRY,ICAN11bt500,Delay: 100
                    -  703,RX MSG,ICAN11bt500,00 00 07 E8 41 43 00 26
                    (0.672 s,F) GetModePID(01, 33) - Presion Barometrica Kpa | NoEOL
10:50:23| DECODE_Bus: DAD_DLL_VERSION_16.12.25.0
3.0.7.0

46,TX MSG,ICAN11bt500,00 00 07 DF 01 21 
156,RX MSG,ICAN11bt500,00 00 07 DF 
156,RX MSG,ICAN11bt500,00 00 07 E8 41 21 00 00 
156,RX MSG,ICAN11bt500,00 00 07 E9 41 21 00 00 
156,RX MSG,ICAN11bt500,00 00 07 E8 41 0B 20 
265,RX MSG,ICAN11bt500,00 00 07 E8 41 0F 56 
375,RX MSG,ICAN11bt500,00 00 07 E8 41 44 7F 7A 
484,RX MSG,ICAN11bt500,00 00 07 E8 41 1F 00 E8 
484,RX MSG,ICAN11bt500,00 00 07 E9 41 1F 00 E7 
593,RX MSG,ICAN11bt500,00 00 07 E8 41 10 00 CF 
703,RX MSG,ICAN11bt500,00 00 07 E8 41 43 00 26 

10:50:23| sr | Presion Barometrica Kpa: 0 | 2
10:50:23|  
10:50:23| ... (01, 4D) Tmp MIL on >>>-----------------------------------------------------------------------
10:50:23| ... SetupMyLastCommResult: ConditionsNotCorrect
10:50:23| ... DoDad | Action: System.Action | tag: GetModePID(01, 4D) - Tmp MIL on
10:50:23| ... GetCallingProcedure | lVehiculoLink
10:50:23| ... GetCallingProcedure | VehiculoLink
10:50:23| ... GetCallingProcedure | VehTest
10:50:23| DoDad-01 | GetModePID(01, 4D) - Tmp MIL on (Open:True,021.77 | lVehiculoLink,VehiculoLink,VehTest)
10:50:23| DoDad-01  ClearCommandLog ...
10:50:23| DoDad-01  Invoke ... (GetModePID(01, 4D) - Tmp MIL on)
10:50:24| DoDad-01  Invoke ... (GetModePID(01, 4D) - Tmp MIL on)  (657)
10:50:24| DoDad-01  CommandLog.Length ...
10:50:24| DoDad-01  CommandLog ... (0)
10:50:24| DoDad-01-CommandLog-Len:544 Siz:544 | iStart: 0
10:50:24| DoDad-01  SerialData.Length ... (742)
10:50:24| DoDad-01 | GetModePID(01, 4D) - Tmp MIL on-SLL:00742,00742-CF:F-DLLInfo:'DAD_DLL_VERSION_16.12.25.0 .. 3.0.7.0'
                    -  DAD_DLL_VERSION_16.12.25.0
                    -  31,TX MSG,ICAN11bt500,00 00 07 DF 01 4D 
                    -  31,RX QRY,ICAN11bt500,Delay: 100
                    -  140,RX MSG,ICAN11bt500,00 00 07 DF 
                    -  140,RX MSG,ICAN11bt500,00 00 07 E8 41 4D 00 00 
                    -  140,RX MSG,ICAN11bt500,00 00 07 E8 41 0D 00 
                    -  140,RX MSG,ICAN11bt500,00 00 07 E9 41 0D 00 
                    -  140,RX QRY,ICAN11bt500,Delay: 100
                    -  250,RX MSG,ICAN11bt500,00 00 07 E8 41 0C 0A 5A 
                    -  250,RX MSG,ICAN11bt500,00 00 07 E9 41 0C 0A 41 
                    -  250,RX QRY,ICAN11bt500,Delay: 100
                    -  359,RX MSG,ICAN11bt500,00 00 07 E8 41 0F 56 
                    -  359,RX QRY,ICAN11bt500,Delay: 100
                    -  468,RX MSG,ICAN11bt500,00 00 07 E8 41 06 7C 
                    -  468,RX QRY,ICAN11bt500,Delay: 100
                    -  578,RX MSG,ICAN11bt500,00 00 07 E8 41 0B 20 
                    -  578,RX QRY,ICAN11bt500,Delay: 100
                    -  687,RX MSG,ICAN11bt500,00 00 07 E8 41 44 7F 7A
                    (0.656 s,F) GetModePID(01, 4D) - Tmp MIL on | NoEOL
10:50:24| DECODE_Bus: DAD_DLL_VERSION_16.12.25.0
3.0.7.0

31,TX MSG,ICAN11bt500,00 00 07 DF 01 4D 
140,RX MSG,ICAN11bt500,00 00 07 DF 
140,RX MSG,ICAN11bt500,00 00 07 E8 41 4D 00 00 
140,RX MSG,ICAN11bt500,00 00 07 E8 41 0D 00 
140,RX MSG,ICAN11bt500,00 00 07 E9 41 0D 00 
250,RX MSG,ICAN11bt500,00 00 07 E8 41 0C 0A 5A 
250,RX MSG,ICAN11bt500,00 00 07 E9 41 0C 0A 41 
359,RX MSG,ICAN11bt500,00 00 07 E8 41 0F 56 
468,RX MSG,ICAN11bt500,00 00 07 E8 41 06 7C 
578,RX MSG,ICAN11bt500,00 00 07 E8 41 0B 20 
687,RX MSG,ICAN11bt500,00 00 07 E8 41 44 7F 7A 

10:50:24| zipESP: 00 00 07 E8 41 0C 0A 5A | 000007E8410C0A5A
10:50:24| DECODE_RPM: 000007E8410C0A5A
10:50:24| sr | Tmp MIL on: 0 | 1
10:50:24|  
10:50:24| ... (01, 51) Tipo Combustible >>>-----------------------------------------------------------------------
10:50:24| ... SetupMyLastCommResult: ConditionsNotCorrect
10:50:24| ... DoDad | Action: System.Action | tag: GetModePID(01, 51) - Tipo Combustible
10:50:24| ... GetCallingProcedure | lVehiculoLink
10:50:24| ... GetCallingProcedure | VehiculoLink
10:50:24| ... GetCallingProcedure | VehTest
10:50:24| DoDad-01 | GetModePID(01, 51) - Tipo Combustible (Open:True,022.48 | lVehiculoLink,VehiculoLink,VehTest)
10:50:24| DoDad-01  ClearCommandLog ...
10:50:24| DoDad-01  Invoke ... (GetModePID(01, 51) - Tipo Combustible)
10:50:24| DoDad-01  Invoke ... (GetModePID(01, 51) - Tipo Combustible)  (656)
10:50:24| DoDad-01  CommandLog.Length ...
10:50:24| DoDad-01  CommandLog ... (0)
10:50:24| DoDad-01-CommandLog-Len:599 Siz:599 | iStart: 0
10:50:24| DoDad-01  SerialData.Length ... (797)
10:50:24| DoDad-01 | GetModePID(01, 51) - Tipo Combustible-SLL:00797,00797-CF:F-DLLInfo:'DAD_DLL_VERSION_16.12.25.0 .. 3.0.7.0'
                    -  DAD_DLL_VERSION_16.12.25.0
                    -  31,TX MSG,ICAN11bt500,00 00 07 DF 01 33 
                    -  31,RX QRY,ICAN11bt500,Delay: 100
                    -  140,RX MSG,ICAN11bt500,00 00 07 DF 
                    -  140,RX MSG,ICAN11bt500,00 00 07 E8 41 33 4E 
                    -  140,RX MSG,ICAN11bt500,00 00 07 E8 41 10 00 D4 
                    -  140,RX QRY,ICAN11bt500,Delay: 100
                    -  250,RX MSG,ICAN11bt500,00 00 07 E8 41 43 00 26 
                    -  250,RX QRY,ICAN11bt500,Delay: 100
                    -  359,RX MSG,ICAN11bt500,00 00 07 E8 41 0C 0A 28 
                    -  359,RX MSG,ICAN11bt500,00 00 07 E9 41 0C 0A 66 
                    -  359,RX MSG,ICAN11bt500,00 00 07 E8 41 9D 00 07 00 07 
                    -  359,RX QRY,ICAN11bt500,Delay: 100
                    -  468,RX MSG,ICAN11bt500,00 00 07 E8 41 0F 56 
                    -  468,RX QRY,ICAN11bt500,Delay: 100
                    -  578,RX MSG,ICAN11bt500,00 00 07 E8 41 0D 00 
                    -  578,RX MSG,ICAN11bt500,00 00 07 E9 41 0D 00 
                    -  578,RX QRY,ICAN11bt500,Delay: 100
                    -  687,RX MSG,ICAN11bt500,00 00 07 E8 41 0B 20
                    (0.672 s,F) GetModePID(01, 51) - Tipo Combustible | NoEOL
10:50:24| DECODE_Bus: DAD_DLL_VERSION_16.12.25.0
3.0.7.0

31,TX MSG,ICAN11bt500,00 00 07 DF 01 33 
140,RX MSG,ICAN11bt500,00 00 07 DF 
140,RX MSG,ICAN11bt500,00 00 07 E8 41 33 4E 
140,RX MSG,ICAN11bt500,00 00 07 E8 41 10 00 D4 
250,RX MSG,ICAN11bt500,00 00 07 E8 41 43 00 26 
359,RX MSG,ICAN11bt500,00 00 07 E8 41 0C 0A 28 
359,RX MSG,ICAN11bt500,00 00 07 E9 41 0C 0A 66 
359,RX MSG,ICAN11bt500,00 00 07 E8 41 9D 00 07 00 07 
468,RX MSG,ICAN11bt500,00 00 07 E8 41 0F 56 
578,RX MSG,ICAN11bt500,00 00 07 E8 41 0D 00 
578,RX MSG,ICAN11bt500,00 00 07 E9 41 0D 00 
687,RX MSG,ICAN11bt500,00 00 07 E8 41 0B 20 

10:50:24| zipESP: 00 00 07 E8 41 0C 0A 28 | 000007E8410C0A28
10:50:24| DECODE_RPM: 000007E8410C0A28
10:50:24| sr | Tipo Combustible: 0 | 1
10:50:24|  
10:50:24| ... (01, 7F) Tmp Marcha Motor >>>-----------------------------------------------------------------------
10:50:24| ... SetupMyLastCommResult: ConditionsNotCorrect
10:50:24| ... DoDad | Action: System.Action | tag: GetModePID(01, 7F) - Tmp Marcha Motor
10:50:24| ... GetCallingProcedure | lVehiculoLink
10:50:24| ... GetCallingProcedure | VehiculoLink
10:50:24| ... GetCallingProcedure | VehTest
10:50:24| DoDad-01 | GetModePID(01, 7F) - Tmp Marcha Motor (Open:True,023.22 | lVehiculoLink,VehiculoLink,VehTest)
10:50:24| DoDad-01  ClearCommandLog ...
10:50:24| DoDad-01  Invoke ... (GetModePID(01, 7F) - Tmp Marcha Motor)
10:50:25| DoDad-01  Invoke ... (GetModePID(01, 7F) - Tmp Marcha Motor)  (656)
10:50:25| DoDad-01  CommandLog.Length ...
10:50:25| DoDad-01  CommandLog ... (0)
10:50:25| DoDad-01-CommandLog-Len:464 Siz:464 | iStart: 0
10:50:25| DoDad-01  SerialData.Length ... (662)
10:50:25| DoDad-01 | GetModePID(01, 7F) - Tmp Marcha Motor-SLL:00662,00662-CF:F-DLLInfo:'DAD_DLL_VERSION_16.12.25.0 .. 3.0.7.0'
                    -  DAD_DLL_VERSION_16.12.25.0
                    -  31,TX MSG,ICAN11bt500,00 00 07 DF 01 7F 
                    -  31,RX QRY,ICAN11bt500,Delay: 100
                    -  140,RX MSG,ICAN11bt500,00 00 07 DF 
                    -  140,RX MSG,ICAN11bt500,00 00 07 E8 41 06 7C 
                    -  140,RX QRY,ICAN11bt500,Delay: 100
                    -  250,RX MSG,ICAN11bt500,00 00 07 E8 41 1F 00 EA 
                    -  250,RX MSG,ICAN11bt500,00 00 07 E9 41 1F 00 E9 
                    -  250,RX QRY,ICAN11bt500,Delay: 100
                    -  359,RX MSG,ICAN11bt500,00 00 07 E8 41 44 7F 7A 
                    -  359,RX QRY,ICAN11bt500,Delay: 100
                    -  469,RX MSG,ICAN11bt500,00 00 07 E8 41 43 00 26 
                    -  469,RX QRY,ICAN11bt500,Delay: 100
                    -  578,RX MSG,ICAN11bt500,00 00 07 E8 41 10 00 CA 
                    -  578,RX QRY,ICAN11bt500,Delay: 100
                    -  691,RX MSG,ICAN11bt500,00 00 07 E8 41 9D 00 07 00 07
                    (0.676 s,F) GetModePID(01, 7F) - Tmp Marcha Motor | NoEOL
10:50:25|  
10:50:25| ... (09, 04) Cal ID >>>-----------------------------------------------------------------------
10:50:25| ... SetupMyLastCommResult: ConditionsNotCorrect
10:50:25| ... DoDad | Action: System.Action | tag: GetModePID(09, 04) - Cal ID
10:50:25| ... GetCallingProcedure | lVehiculoLink
10:50:25| ... GetCallingProcedure | VehiculoLink
10:50:25| ... GetCallingProcedure | VehTest
10:50:25| DoDad-01 | GetModePID(09, 04) - Cal ID (Open:True,023.94 | lVehiculoLink,VehiculoLink,VehTest)
10:50:25| DoDad-01  ClearCommandLog ...
10:50:25| DoDad-01  Invoke ... (GetModePID(09, 04) - Cal ID)
10:50:26| DoDad-01  Invoke ... (GetModePID(09, 04) - Cal ID)  (656)
10:50:26| DoDad-01  CommandLog.Length ...
10:50:26| DoDad-01  CommandLog ... (0)
10:50:26| DoDad-01-CommandLog-Len:756 Siz:756 | iStart: 0
10:50:26| DoDad-01  SerialData.Length ... (954)
10:50:26| DoDad-01 | GetModePID(09, 04) - Cal ID-SLL:00954,00954-CF:F-DLLInfo:'DAD_DLL_VERSION_16.12.25.0 .. 3.0.7.0'
                    -  DAD_DLL_VERSION_16.12.25.0
                    -  31,TX MSG,ICAN11bt500,00 00 07 DF 09 04 
                    -  31,RX QRY,ICAN11bt500,Delay: 100
                    -  140,RX MSG,ICAN11bt500,00 00 07 DF 
                    -  140,RX MSG,ICAN11bt500,00 00 07 E8 
                    -  140,RX MSG,ICAN11bt500,00 00 07 E9 
                    -  140,RX MSG,ICAN11bt500,00 00 07 E8 49 04 02 31 46 31 36 47 36 00 00 00 00 00 00 00 00 00 00 54 39 43 4D 30 43 00 00 00 00 00 00 00 00 00 00 
                    -  140,RX MSG,ICAN11bt500,00 00 07 E9 49 04 01 4E 38 48 47 36 46 52 30 30 00 00 00 00 00 00 00 
                    -  140,RX MSG,ICAN11bt500,00 00 07 E8 41 0D 00 
                    -  140,RX MSG,ICAN11bt500,00 00 07 E9 41 0D 00 
                    -  140,RX QRY,ICAN11bt500,Delay: 100
                    -  250,RX MSG,ICAN11bt500,00 00 07 E8 41 0F 56 
                    -  250,RX QRY,ICAN11bt500,Delay: 100
                    -  359,RX MSG,ICAN11bt500,00 00 07 E8 41 0B 20 
                    -  359,RX QRY,ICAN11bt500,Delay: 100
                    -  468,RX MSG,ICAN11bt500,00 00 07 E8 41 06 7B 
                    -  468,RX QRY,ICAN11bt500,Delay: 100
                    -  578,RX MSG,ICAN11bt500,00 00 07 E8 41 44 7F 7A 
                    -  578,RX QRY,ICAN11bt500,Delay: 100
                    -  687,RX MSG,ICAN11bt500,00 00 07 E8 41 10 00 C6
                    (0.656 s,F) GetModePID(09, 04) - Cal ID | NoEOL
10:50:26| DECODE_Bus: DAD_DLL_VERSION_16.12.25.0
3.0.7.0

31,TX MSG,ICAN11bt500,00 00 07 DF 09 04 
140,RX MSG,ICAN11bt500,00 00 07 DF 
140,RX MSG,ICAN11bt500,00 00 07 E8 
140,RX MSG,ICAN11bt500,00 00 07 E9 
140,RX MSG,ICAN11bt500,00 00 07 E8 49 04 02 31 46 31 36 47 36 00 00 00 00 00 00 00 00 00 00 54 39 43 4D 30 43 00 00 00 00 00 00 00 00 00 00 
140,RX MSG,ICAN11bt500,00 00 07 E9 49 04 01 4E 38 48 47 36 46 52 30 30 00 00 00 00 00 00 00 
140,RX MSG,ICAN11bt500,00 00 07 E8 41 0D 00 
140,RX MSG,ICAN11bt500,00 00 07 E9 41 0D 00 
250,RX MSG,ICAN11bt500,00 00 07 E8 41 0F 56 
359,RX MSG,ICAN11bt500,00 00 07 E8 41 0B 20 
468,RX MSG,ICAN11bt500,00 00 07 E8 41 06 7B 
578,RX MSG,ICAN11bt500,00 00 07 E8 41 44 7F 7A 
687,RX MSG,ICAN11bt500,00 00 07 E8 41 10 00 C6 

10:50:26| sr | Cal ID: 0 | 2
10:50:26|  
10:50:26| ... Get VIN >>>-----------------------------------------------------------------------
10:50:26| DAD_DLL_VERSION_16.12.25.0
3.0.7.0

31,TX MSG,ICAN11bt500,00 00 07 DF 09 04 
140,RX MSG,ICAN11bt500,00 00 07 DF 
140,RX MSG,ICAN11bt500,00 00 07 E8 
140,RX MSG,ICAN11bt500,00 00 07 E9 
140,RX MSG,ICAN11bt500,00 00 07 E8 49 04 02 31 46 31 36 47 36 00 00 00 00 00 00 00 00 00 00 54 39 43 4D 30 43 00 00 00 00 00 00 00 00 00 00 
140,RX MSG,ICAN11bt500,00 00 07 E9 49 04 01 4E 38 48 47 36 46 52 30 30 00 00 00 00 00 00 00 
140,RX MSG,ICAN11bt500,00 00 07 E8 41 0D 00 
140,RX MSG,ICAN11bt500,00 00 07 E9 41 0D 00 
250,RX MSG,ICAN11bt500,00 00 07 E8 41 0F 56 
359,RX MSG,ICAN11bt500,00 00 07 E8 41 0B 20 
468,RX MSG,ICAN11bt500,00 00 07 E8 41 06 7B 
578,RX MSG,ICAN11bt500,00 00 07 E8 41 44 7F 7A 
687,RX MSG,ICAN11bt500,00 00 07 E8 41 10 00 C6 
718,TX MSG,ICAN11bt500,00 00 07 DF 09 02 
843,RX MSG,ICAN11bt500,00 00 07 DF 
843,RX MSG,ICAN11bt500,00 00 07 E8 
843,RX MSG,ICAN11bt500,00 00 07 E8 49 02 01 33 4E 31 41 42 38 41 45 37 53 59 33 33 31 39 33 36 
843,RX MSG,ICAN11bt500,00 00 07 E8 41 1F 00 EB 
843,RX MSG,ICAN11bt500,00 00 07 E9 41 1F 00 EA 
953,RX MSG,ICAN11bt500,00 00 07 E8 41 43 00 26 
1062,RX MSG,ICAN11bt500,00 00 07 E8 41 0C 0A 28 
1062,RX MSG,ICAN11bt500,00 00 07 E9 41 0C 0A 15 
1172,RX MSG,ICAN11bt500,00 00 07 E8 41 0D 00 
1172,RX MSG,ICAN11bt500,00 00 07 E9 41 0D 00 
1281,RX MSG,ICAN11bt500,00 00 07 E8 41 0F 56 
1391,RX MSG,ICAN11bt500,00 00 07 E8 41 9D 00 07 00 07 

10:50:26| SR: 0 | 1
10:50:26| ... GetEcuIdFromAddress
10:50:27| ... ByteArrayToHexString | 01 33 4E 31 41 42 38 41 45 37 53 59 33 33 31 39 33 36
10:50:27| GetVIN | ECU:E8  DLen:018 (01 33 4E 31 41 42 38 41 45 37 53 59 33 33 31 39 33 36)
10:50:27| ... ByteArrayToHexString | 01,33,4E,31,41,42,38,41,45,37,53,59,33,33,31,39,33,36
10:50:27| ... CheckForNAK | Ret:False  Len:18  Buf:01,33,4E,31,41,42,38,41,45,37,53,59,33,33,31,39,33,36  SID:09  PID:02  Prot:'CAN11'
10:50:27| ... ByteArrayToString | 3N1AB8AE7SY331936
10:50:27| GetVIN | ECU:E8  VIN: Null
10:50:27| DECODE_Bus: DAD_DLL_VERSION_16.12.25.0
3.0.7.0

31,TX MSG,ICAN11bt500,00 00 07 DF 09 04 
140,RX MSG,ICAN11bt500,00 00 07 DF 
140,RX MSG,ICAN11bt500,00 00 07 E8 
140,RX MSG,ICAN11bt500,00 00 07 E9 
140,RX MSG,ICAN11bt500,00 00 07 E8 49 04 02 31 46 31 36 47 36 00 00 00 00 00 00 00 00 00 00 54 39 43 4D 30 43 00 00 00 00 00 00 00 00 00 00 
140,RX MSG,ICAN11bt500,00 00 07 E9 49 04 01 4E 38 48 47 36 46 52 30 30 00 00 00 00 00 00 00 
140,RX MSG,ICAN11bt500,00 00 07 E8 41 0D 00 
140,RX MSG,ICAN11bt500,00 00 07 E9 41 0D 00 
250,RX MSG,ICAN11bt500,00 00 07 E8 41 0F 56 
359,RX MSG,ICAN11bt500,00 00 07 E8 41 0B 20 
468,RX MSG,ICAN11bt500,00 00 07 E8 41 06 7B 
578,RX MSG,ICAN11bt500,00 00 07 E8 41 44 7F 7A 
687,RX MSG,ICAN11bt500,00 00 07 E8 41 10 00 C6 
718,TX MSG,ICAN11bt500,00 00 07 DF 09 02 
843,RX MSG,ICAN11bt500,00 00 07 DF 
843,RX MSG,ICAN11bt500,00 00 07 E8 
843,RX MSG,ICAN11bt500,00 00 07 E8 49 02 01 33 4E 31 41 42 38 41 45 37 53 59 33 33 31 39 33 36 
843,RX MSG,ICAN11bt500,00 00 07 E8 41 1F 00 EB 
843,RX MSG,ICAN11bt500,00 00 07 E9 41 1F 00 EA 
953,RX MSG,ICAN11bt500,00 00 07 E8 41 43 00 26 
1062,RX MSG,ICAN11bt500,00 00 07 E8 41 0C 0A 28 
1062,RX MSG,ICAN11bt500,00 00 07 E9 41 0C 0A 15 
1172,RX MSG,ICAN11bt500,00 00 07 E8 41 0D 00 
1172,RX MSG,ICAN11bt500,00 00 07 E9 41 0D 00 
1281,RX MSG,ICAN11bt500,00 00 07 E8 41 0F 56 
1391,RX MSG,ICAN11bt500,00 00 07 E8 41 9D 00 07 00 07 

10:50:27| zipESP: 00 00 07 E8 41 0C 0A 28 | 000007E8410C0A28
10:50:27| DECODE_RPM: 000007E8410C0A28
10:50:27|  
10:50:27| ... Get VOLTAJES >>>-----------------------------------------------------------------------
10:50:27| ... SetupMyLastCommResult: ConditionsNotCorrect
10:50:27| ... DoDad | Action: System.Action | tag: GetModePID(01, 42) - Voltaje
10:50:27| ... GetCallingProcedure | lVehiculoLink
10:50:27| ... GetCallingProcedure | VehiculoLink
10:50:27| ... GetCallingProcedure | VehTest
10:50:27| DoDad-01 | GetModePID(01, 42) - Voltaje (Open:True,025.39 | lVehiculoLink,VehiculoLink,VehTest)
10:50:27| DoDad-01  ClearCommandLog ...
10:50:27| DoDad-01  Invoke ... (GetModePID(01, 42) - Voltaje)
10:50:27| DoDad-01  Invoke ... (GetModePID(01, 42) - Voltaje)  (672)
10:50:27| DoDad-01  CommandLog.Length ...
10:50:27| DoDad-01  CommandLog ... (0)
10:50:27| DoDad-01-CommandLog-Len:510 Siz:510 | iStart: 0
10:50:27| DoDad-01  SerialData.Length ... (708)
10:50:27| DoDad-01 | GetModePID(01, 42) - Voltaje-SLL:00708,00708-CF:F-DLLInfo:'DAD_DLL_VERSION_16.12.25.0 .. 3.0.7.0'
                    -  DAD_DLL_VERSION_16.12.25.0
                    -  31,TX MSG,ICAN11bt500,00 00 07 DF 01 2A 
                    -  46,RX QRY,ICAN11bt500,Delay: 100
                    -  156,RX MSG,ICAN11bt500,00 00 07 DF 
                    -  156,RX MSG,ICAN11bt500,00 00 07 E8 41 06 7C 
                    -  156,RX QRY,ICAN11bt500,Delay: 100
                    -  265,RX MSG,ICAN11bt500,00 00 07 E8 41 44 7F 7A 
                    -  265,RX QRY,ICAN11bt500,Delay: 100
                    -  375,RX MSG,ICAN11bt500,00 00 07 E8 41 1F 00 EC 
                    -  375,RX MSG,ICAN11bt500,00 00 07 E9 41 1F 00 EB 
                    -  375,RX QRY,ICAN11bt500,Delay: 100
                    -  487,RX MSG,ICAN11bt500,00 00 07 E8 41 10 00 C7 
                    -  487,RX QRY,ICAN11bt500,Delay: 100
                    -  590,RX MSG,ICAN11bt500,00 00 07 E8 41 43 00 26 
                    -  590,RX QRY,ICAN11bt500,Delay: 100
                    -  699,RX MSG,ICAN11bt500,00 00 07 E8 41 9D 00 07 00 07 
                    -  699,RX MSG,ICAN11bt500,00 00 07 E8 41 0F 56
                    (0.669 s,F) GetModePID(01, 42) - Voltaje | NoEOL
10:50:27|  
10:50:27| ... Get RPM >>>-----------------------------------------------------------------------
10:50:27| ... SetupMyLastCommResult: ConditionsNotCorrect
10:50:27| ... DoDad | Action: System.Action | tag: GetModePID(01, 0C) - DTC count, MIL
10:50:27| ... GetCallingProcedure | lVehiculoLink
10:50:27| ... GetCallingProcedure | VehiculoLink
10:50:27| ... GetCallingProcedure | VehTest
10:50:27| DoDad-01 | GetModePID(01, 0C) - DTC count, MIL (Open:True,026.11 | lVehiculoLink,VehiculoLink,VehTest)
10:50:27| DoDad-01  ClearCommandLog ...
10:50:27| DoDad-01  Invoke ... (GetModePID(01, 0C) - DTC count, MIL)
10:50:28| DoDad-01  Invoke ... (GetModePID(01, 0C) - DTC count, MIL)  (640)
10:50:28| DoDad-01  CommandLog.Length ...
10:50:28| DoDad-01  CommandLog ... (0)
10:50:28| DoDad-01-CommandLog-Len:596 Siz:596 | iStart: 0
10:50:28| DoDad-01  SerialData.Length ... (794)
10:50:28| DoDad-01 | GetModePID(01, 0C) - DTC count, MIL-SLL:00794,00794-CF:F-DLLInfo:'DAD_DLL_VERSION_16.12.25.0 .. 3.0.7.0'
                    -  DAD_DLL_VERSION_16.12.25.0
                    -  31,TX MSG,ICAN11bt500,00 00 07 DF 01 0C 
                    -  31,RX QRY,ICAN11bt500,Delay: 100
                    -  140,RX MSG,ICAN11bt500,00 00 07 DF 
                    -  140,RX MSG,ICAN11bt500,00 00 07 E8 41 0C 0A 5A 
                    -  140,RX MSG,ICAN11bt500,00 00 07 E9 41 0C 0A 53 
                    -  140,RX MSG,ICAN11bt500,00 00 07 E8 41 0D 00 
                    -  140,RX MSG,ICAN11bt500,00 00 07 E9 41 0D 00 
                    -  140,RX QRY,ICAN11bt500,Delay: 100
                    -  250,RX MSG,ICAN11bt500,00 00 07 E8 41 0C 0A 5A 
                    -  250,RX MSG,ICAN11bt500,00 00 07 E9 41 0C 0A 53 
                    -  250,RX QRY,ICAN11bt500,Delay: 100
                    -  359,RX MSG,ICAN11bt500,00 00 07 E8 41 0B 20 
                    -  359,RX QRY,ICAN11bt500,Delay: 100
                    -  468,RX MSG,ICAN11bt500,00 00 07 E8 41 06 7C 
                    -  468,RX QRY,ICAN11bt500,Delay: 100
                    -  578,RX MSG,ICAN11bt500,00 00 07 E8 41 44 7F 7A 
                    -  578,RX MSG,ICAN11bt500,00 00 07 E8 41 43 00 26 
                    -  578,RX QRY,ICAN11bt500,Delay: 100
                    (0.663 s,F) GetModePID(01, 0C) - DTC count, MIL | NoEOL
10:50:28| DECODE_Bus: DAD_DLL_VERSION_16.12.25.0
3.0.7.0

31,TX MSG,ICAN11bt500,00 00 07 DF 01 0C 
140,RX MSG,ICAN11bt500,00 00 07 DF 
140,RX MSG,ICAN11bt500,00 00 07 E8 41 0C 0A 5A 
140,RX MSG,ICAN11bt500,00 00 07 E9 41 0C 0A 53 
140,RX MSG,ICAN11bt500,00 00 07 E8 41 0D 00 
140,RX MSG,ICAN11bt500,00 00 07 E9 41 0D 00 
250,RX MSG,ICAN11bt500,00 00 07 E8 41 0C 0A 5A 
250,RX MSG,ICAN11bt500,00 00 07 E9 41 0C 0A 53 
359,RX MSG,ICAN11bt500,00 00 07 E8 41 0B 20 
468,RX MSG,ICAN11bt500,00 00 07 E8 41 06 7C 
578,RX MSG,ICAN11bt500,00 00 07 E8 41 44 7F 7A 
578,RX MSG,ICAN11bt500,00 00 07 E8 41 43 00 26 

10:50:28| zipESP: 00 00 07 E8 41 0C 0A 5A | 000007E8410C0A5A
10:50:28| DECODE_RPM: 000007E8410C0A5A
10:50:28| zipESP: 00 00 07 E8 41 0C 0A 5A | 000007E8410C0A5A
10:50:28| DECODE_RPM: 000007E8410C0A5A
10:50:28| sr | Get RPM(1): 0 | 2
10:50:28| ... SetupMyLastCommResult: ConditionsNotCorrect
10:50:28| ... DoDad | Action: System.Action | tag: GetModePID(01, 0C) - DTC count, MIL
10:50:28| ... GetCallingProcedure | lVehiculoLink
10:50:28| ... GetCallingProcedure | VehiculoLink
10:50:28| ... GetCallingProcedure | VehTest
10:50:28| DoDad-01 | GetModePID(01, 0C) - DTC count, MIL (Open:True,026.83 | lVehiculoLink,VehiculoLink,VehTest)
10:50:28| DoDad-01  ClearCommandLog ...
10:50:28| DoDad-01  Invoke ... (GetModePID(01, 0C) - DTC count, MIL)
10:50:29| DoDad-01  Invoke ... (GetModePID(01, 0C) - DTC count, MIL)  (656)
10:50:29| DoDad-01  CommandLog.Length ...
10:50:29| DoDad-01  CommandLog ... (0)
10:50:29| DoDad-01-CommandLog-Len:697 Siz:697 | iStart: 0
10:50:29| DoDad-01  SerialData.Length ... (895)
10:50:29| DoDad-01 | GetModePID(01, 0C) - DTC count, MIL-SLL:00895,00895-CF:F-DLLInfo:'DAD_DLL_VERSION_16.12.25.0 .. 3.0.7.0'
                    -  DAD_DLL_VERSION_16.12.25.0
                    -  31,TX MSG,ICAN11bt500,00 00 07 DF 01 0C 
                    -  31,RX QRY,ICAN11bt500,Delay: 100
                    -  140,RX MSG,ICAN11bt500,00 00 07 DF 
                    -  140,RX MSG,ICAN11bt500,00 00 07 E8 41 0C 0A 5A 
                    -  140,RX MSG,ICAN11bt500,00 00 07 E9 41 0C 0A 73 
                    -  140,RX MSG,ICAN11bt500,00 00 07 E8 41 1F 00 ED 
                    -  140,RX MSG,ICAN11bt500,00 00 07 E9 41 1F 00 ED 
                    -  140,RX QRY,ICAN11bt500,Delay: 100
                    -  250,RX MSG,ICAN11bt500,00 00 07 E8 41 0D 00 
                    -  250,RX MSG,ICAN11bt500,00 00 07 E9 41 0D 00 
                    -  250,RX QRY,ICAN11bt500,Delay: 100
                    -  359,RX MSG,ICAN11bt500,00 00 07 E8 41 0F 56 
                    -  359,RX MSG,ICAN11bt500,00 00 07 E8 41 9D 00 07 00 07 
                    -  359,RX QRY,ICAN11bt500,Delay: 100
                    -  468,RX MSG,ICAN11bt500,00 00 07 E8 41 0B 20 
                    -  468,RX QRY,ICAN11bt500,Delay: 100
                    -  578,RX MSG,ICAN11bt500,00 00 07 E8 41 0C 0A 28 
                    -  578,RX MSG,ICAN11bt500,00 00 07 E9 41 0C 0A 73 
                    -  578,RX QRY,ICAN11bt500,Delay: 100
                    -  687,RX MSG,ICAN11bt500,00 00 07 E8 41 06 7B
                    (0.672 s,F) GetModePID(01, 0C) - DTC count, MIL | NoEOL
10:50:29| DECODE_Bus: DAD_DLL_VERSION_16.12.25.0
3.0.7.0

31,TX MSG,ICAN11bt500,00 00 07 DF 01 0C 
140,RX MSG,ICAN11bt500,00 00 07 DF 
140,RX MSG,ICAN11bt500,00 00 07 E8 41 0C 0A 5A 
140,RX MSG,ICAN11bt500,00 00 07 E9 41 0C 0A 73 
140,RX MSG,ICAN11bt500,00 00 07 E8 41 1F 00 ED 
140,RX MSG,ICAN11bt500,00 00 07 E9 41 1F 00 ED 
250,RX MSG,ICAN11bt500,00 00 07 E8 41 0D 00 
250,RX MSG,ICAN11bt500,00 00 07 E9 41 0D 00 
359,RX MSG,ICAN11bt500,00 00 07 E8 41 0F 56 
359,RX MSG,ICAN11bt500,00 00 07 E8 41 9D 00 07 00 07 
468,RX MSG,ICAN11bt500,00 00 07 E8 41 0B 20 
578,RX MSG,ICAN11bt500,00 00 07 E8 41 0C 0A 28 
578,RX MSG,ICAN11bt500,00 00 07 E9 41 0C 0A 73 
687,RX MSG,ICAN11bt500,00 00 07 E8 41 06 7B 

10:50:29| zipESP: 00 00 07 E8 41 0C 0A 5A | 000007E8410C0A5A
10:50:29| DECODE_RPM: 000007E8410C0A5A
10:50:29| zipESP: 00 00 07 E8 41 0C 0A 28 | 000007E8410C0A28
10:50:29| DECODE_RPM: 000007E8410C0A28
10:50:29| sr | Get RPM(2): 0 | 2
10:50:29| ... SetupMyLastCommResult: ConditionsNotCorrect
10:50:29| ... DoDad | Action: System.Action | tag: GetModePID(01, 0C) - DTC count, MIL
10:50:29| ... GetCallingProcedure | lVehiculoLink
10:50:29| ... GetCallingProcedure | VehiculoLink
10:50:29| ... GetCallingProcedure | VehTest
10:50:29| DoDad-01 | GetModePID(01, 0C) - DTC count, MIL (Open:True,027.57 | lVehiculoLink,VehiculoLink,VehTest)
10:50:29| DoDad-01  ClearCommandLog ...
10:50:29| DoDad-01  Invoke ... (GetModePID(01, 0C) - DTC count, MIL)
10:50:29| DoDad-01  Invoke ... (GetModePID(01, 0C) - DTC count, MIL)  (656)
10:50:29| DoDad-01  CommandLog.Length ...
10:50:29| DoDad-01  CommandLog ... (0)
10:50:29| DoDad-01-CommandLog-Len:648 Siz:648 | iStart: 0
10:50:29| DoDad-01  SerialData.Length ... (846)
10:50:29| DoDad-01 | GetModePID(01, 0C) - DTC count, MIL-SLL:00846,00846-CF:F-DLLInfo:'DAD_DLL_VERSION_16.12.25.0 .. 3.0.7.0'
                    -  DAD_DLL_VERSION_16.12.25.0
                    -  31,TX MSG,ICAN11bt500,00 00 07 DF 01 0C 
                    -  31,RX QRY,ICAN11bt500,Delay: 100
                    -  140,RX MSG,ICAN11bt500,00 00 07 DF 
                    -  140,RX MSG,ICAN11bt500,00 00 07 E8 41 0C 0A 28 
                    -  140,RX MSG,ICAN11bt500,00 00 07 E9 41 0C 0A 73 
                    -  140,RX MSG,ICAN11bt500,00 00 07 E8 41 1F 00 EE 
                    -  140,RX MSG,ICAN11bt500,00 00 07 E9 41 1F 00 EE 
                    -  140,RX QRY,ICAN11bt500,Delay: 100
                    -  250,RX MSG,ICAN11bt500,00 00 07 E8 41 10 00 CE 
                    -  250,RX QRY,ICAN11bt500,Delay: 100
                    -  359,RX MSG,ICAN11bt500,00 00 07 E8 41 43 00 26 
                    -  359,RX QRY,ICAN11bt500,Delay: 100
                    -  469,RX MSG,ICAN11bt500,00 00 07 E8 41 0D 00 
                    -  469,RX MSG,ICAN11bt500,00 00 07 E9 41 0D 00 
                    -  469,RX QRY,ICAN11bt500,Delay: 100
                    -  578,RX MSG,ICAN11bt500,00 00 07 E8 41 0C 0A 5A 
                    -  578,RX MSG,ICAN11bt500,00 00 07 E9 41 0C 0A 66 
                    -  578,RX QRY,ICAN11bt500,Delay: 100
                    -  687,RX MSG,ICAN11bt500,00 00 07 E8 41 0B 20
                    (0.672 s,F) GetModePID(01, 0C) - DTC count, MIL | NoEOL
10:50:29| DECODE_Bus: DAD_DLL_VERSION_16.12.25.0
3.0.7.0

31,TX MSG,ICAN11bt500,00 00 07 DF 01 0C 
140,RX MSG,ICAN11bt500,00 00 07 DF 
140,RX MSG,ICAN11bt500,00 00 07 E8 41 0C 0A 28 
140,RX MSG,ICAN11bt500,00 00 07 E9 41 0C 0A 73 
140,RX MSG,ICAN11bt500,00 00 07 E8 41 1F 00 EE 
140,RX MSG,ICAN11bt500,00 00 07 E9 41 1F 00 EE 
250,RX MSG,ICAN11bt500,00 00 07 E8 41 10 00 CE 
359,RX MSG,ICAN11bt500,00 00 07 E8 41 43 00 26 
469,RX MSG,ICAN11bt500,00 00 07 E8 41 0D 00 
469,RX MSG,ICAN11bt500,00 00 07 E9 41 0D 00 
578,RX MSG,ICAN11bt500,00 00 07 E8 41 0C 0A 5A 
578,RX MSG,ICAN11bt500,00 00 07 E9 41 0C 0A 66 
687,RX MSG,ICAN11bt500,00 00 07 E8 41 0B 20 

10:50:29| zipESP: 00 00 07 E8 41 0C 0A 28 | 000007E8410C0A28
10:50:29| DECODE_RPM: 000007E8410C0A28
10:50:29| zipESP: 00 00 07 E8 41 0C 0A 5A | 000007E8410C0A5A
10:50:29| DECODE_RPM: 000007E8410C0A5A
10:50:29| sr | Get RPM(3): 0 | 2
10:50:29| ... SetupMyLastCommResult: ConditionsNotCorrect
10:50:29| ... DoDad | Action: System.Action | tag: GetModePID(01, 0C) - DTC count, MIL
10:50:29| ... GetCallingProcedure | lVehiculoLink
10:50:29| ... GetCallingProcedure | VehiculoLink
10:50:29| ... GetCallingProcedure | VehTest
10:50:29| DoDad-01 | GetModePID(01, 0C) - DTC count, MIL (Open:True,028.30 | lVehiculoLink,VehiculoLink,VehTest)
10:50:29| DoDad-01  ClearCommandLog ...
10:50:30| DoDad-01  Invoke ... (GetModePID(01, 0C) - DTC count, MIL)
10:50:30| DoDad-01  Invoke ... (GetModePID(01, 0C) - DTC count, MIL)  (657)
10:50:30| DoDad-01  CommandLog.Length ...
10:50:30| DoDad-01  CommandLog ... (0)
10:50:30| DoDad-01-CommandLog-Len:605 Siz:605 | iStart: 0
10:50:30| DoDad-01  SerialData.Length ... (803)
10:50:30| DoDad-01 | GetModePID(01, 0C) - DTC count, MIL-SLL:00803,00803-CF:F-DLLInfo:'DAD_DLL_VERSION_16.12.25.0 .. 3.0.7.0'
                    -  DAD_DLL_VERSION_16.12.25.0
                    -  31,TX MSG,ICAN11bt500,00 00 07 DF 01 0C 
                    -  31,RX QRY,ICAN11bt500,Delay: 100
                    -  140,RX MSG,ICAN11bt500,00 00 07 DF 
                    -  140,RX MSG,ICAN11bt500,00 00 07 E8 41 0C 0A 28 
                    -  140,RX MSG,ICAN11bt500,00 00 07 E9 41 0C 0A 66 
                    -  140,RX MSG,ICAN11bt500,00 00 07 E8 41 9D 00 07 00 07 
                    -  140,RX QRY,ICAN11bt500,Delay: 100
                    -  250,RX MSG,ICAN11bt500,00 00 07 E8 41 06 7D 
                    -  250,RX QRY,ICAN11bt500,Delay: 100
                    -  359,RX MSG,ICAN11bt500,00 00 07 E8 41 44 7F 7A 
                    -  359,RX QRY,ICAN11bt500,Delay: 100
                    -  468,RX MSG,ICAN11bt500,00 00 07 E8 41 1F 00 EF 
                    -  468,RX MSG,ICAN11bt500,00 00 07 E9 41 1F 00 EF 
                    -  468,RX QRY,ICAN11bt500,Delay: 100
                    -  579,RX MSG,ICAN11bt500,00 00 07 E8 41 10 00 C8 
                    -  579,RX QRY,ICAN11bt500,Delay: 100
                    -  688,RX MSG,ICAN11bt500,00 00 07 E8 41 0D 00 
                    -  688,RX MSG,ICAN11bt500,00 00 07 E9 41 0D 00
                    (0.673 s,F) GetModePID(01, 0C) - DTC count, MIL | NoEOL
10:50:30| DECODE_Bus: DAD_DLL_VERSION_16.12.25.0
3.0.7.0

31,TX MSG,ICAN11bt500,00 00 07 DF 01 0C 
140,RX MSG,ICAN11bt500,00 00 07 DF 
140,RX MSG,ICAN11bt500,00 00 07 E8 41 0C 0A 28 
140,RX MSG,ICAN11bt500,00 00 07 E9 41 0C 0A 66 
140,RX MSG,ICAN11bt500,00 00 07 E8 41 9D 00 07 00 07 
250,RX MSG,ICAN11bt500,00 00 07 E8 41 06 7D 
359,RX MSG,ICAN11bt500,00 00 07 E8 41 44 7F 7A 
468,RX MSG,ICAN11bt500,00 00 07 E8 41 1F 00 EF 
468,RX MSG,ICAN11bt500,00 00 07 E9 41 1F 00 EF 
579,RX MSG,ICAN11bt500,00 00 07 E8 41 10 00 C8 
688,RX MSG,ICAN11bt500,00 00 07 E8 41 0D 00 
688,RX MSG,ICAN11bt500,00 00 07 E9 41 0D 00 

10:50:30| zipESP: 00 00 07 E8 41 0C 0A 28 | 000007E8410C0A28
10:50:30| DECODE_RPM: 000007E8410C0A28
10:50:30| sr | Get RPM(4): 0 | 2
10:50:30| Success
10:50:30| InitIMCleanDevice | DeviceVoltage:12.4
10:50:30| InitIMCleanDevice | DeviceVoltageDLC:13
10:50:30| ... >>>-----------------------------------------------------------------------
10:50:30| ... >>>-----------------------------------------------------------------------
10:50:30| VIN: 3N1AB8AE7SY331936
10:50:30| MON: Mil:0| Msi:110 | Ccm:110 | Cmb:110 | O2s:110 | Cat:110 | Ccc:009 | Evs:009 | Sas:009 | Faa:009 | O2c:110
10:50:30| DTC: 
10:50:30| Voltage: 12.4
10:50:30| VoltageDLC: 13
10:50:30| Pid0101 : 00 00 07 E8 41 01 00 07 E1 00
10:50:30| Pid0300 : 00 00 07 E8 43 00
10:50:30| Pid0121 : 00 00 07 E8 41 21 00 00
10:50:30| Pid0131 : Null
10:50:30| Pid0133 : 00 00 07 E8 41 33 4E
10:50:30| Pid011F : 00 00 07 E8 41 1F 00 EF
10:50:30| Pid017F : Null
10:50:30| Pid014D : 00 00 07 E8 41 4D 00 00
10:50:30| Pid0951 : Null
10:50:30| Pid0902 : 00 00 07 E8 49 02 01 33 4E 31 41 42 38 41 45 37 53 59 33 33 31 39 33 36
10:50:30| Pid0904 : 00 00 07 E8 49 04 02 31 46 31 36 47 36 00 00 00 00 00 00 00 00 00 00 54 39 43 4D 30 43 00 00 00 00 00 00 00 00 00 00
10:50:30| Pid010C: 00 00 07 E8 41 0C 0A 28
10:50:30| RPM: 650 | 1: 662 | 2: 650 | 3: 662
10:50:30| *** Connect ... EOF()
10:50:30| VehiculoLink: Pass: Inspección vehicular OBD concluido.
11:25:02|  
11:25:02| ... Connect_OBD ===================================================================================================================
11:25:02|  
11:25:02| ... GetCallingProcedure | lVehiculoLink
11:25:02| ... GetCallingProcedure | VehiculoLink
11:25:02| ... GetCallingProcedure | VehTest
11:25:02| ... IncrementActiveCount | 1
11:25:02| ... GetCallingProcedure | OpusIMCleanOBDdrv.Module1:Connect_OBD
11:25:02| ... GetCallingProcedure | OpusIMCleanOBDdrv.Module1:lVehiculoLink
11:25:02| ... GetCallingProcedure | OpusIMCleanOBDdrv.IMCleanOBD:VehiculoLink
11:25:02| ... MyDADStatus | LCR:ConditionsNotCorrect,Unknown
11:25:02| ... Connect | ---------------- Connect --------------- SC:'' (LCR:ConditionsNotCorrect,Unknown) (lVehiculoLink,VehiculoLink,VehTest)
11:25:02| GetDAD | Starting ... Cnt:00002,00 Opn:T (Connect)
11:25:02| GetDAD | Success ... Cnt:00002,01 Opn:T (Connect, Connect)
11:25:02| ... Connect | 1 | GetDAD =Connect
11:25:02| ... SetupMyLastCommResult: InvalidData
11:25:02| ... MyDad.Initialize 
11:25:02| ... DoDad | Action: System.Action | tag: Initialize
11:25:02| ... GetCallingProcedure | lVehiculoLink
11:25:02| ... GetCallingProcedure | VehiculoLink
11:25:02| ... GetCallingProcedure | VehTest
11:25:02| DoDad-01 | Initialize (Open:True,999.99 | lVehiculoLink,VehiculoLink,VehTest)
11:25:02| DoDad-01  ClearCommandLog ...
11:25:02| DoDad-01  Invoke ... (Initialize)
11:25:14| ... SetupVehicleIsLinked
11:25:14| ... GetCallingProcedure | SetupMyLastCommResult
11:25:14| ... GetCallingProcedure | _Lambda$__0
11:25:14| ... GetCallingProcedure | DoDad
11:25:14| ... SetupMyLastCommResult: Success
11:25:14| DoDad-01  Invoke ... (Initialize)  (12000)
11:25:14| DoDad-01  CommandLog.Length ...
11:25:14| DoDad-01  CommandLog ... (0)
11:25:14| DoDad-01-CommandLog-Len:424 Siz:424 | iStart: 0
11:25:14| DoDad-01  SerialData.Length ... (620)
11:25:14| DoDad-01 | Initialize-SLL:00620,00620-CF:F-DLLInfo:'DAD_DLL_VERSION_16.12.25.0 .. 3.0.7.0'
                    -  DAD_DLL_VERSION_16.12.25.0
                    -  625,TX MSG,JVPW1850,68 6A F1 01 00 
                    -  625,RX QRY,JVPW1850,Delay: 100
                    -  735,RX QRY,JVPW1850,Delay: 100
                    -  844,RX QRY,JVPW1850,Delay: 100
                    -  953,TX MSG,JPWM1850,61 6A F1 01 00 
                    -  969,TX MSG,I914**,33 
                    -  5281,TX MSG,KWPF**,C1 33 F1 81 
                    -  11741,TX MSG,ICAN11bt500,00 00 07 DF 01 00 
                    -  11756,RX QRY,ICAN11bt500,Delay: 100
                    -  11866,RX MSG,ICAN11bt500,00 00 07 DF 
                    -  11866,RX MSG,ICAN11bt500,00 00 07 E8 41 00 BE 3E A8 13 
                    -  11866,RX MSG,ICAN11bt500,00 00 07 E9 41 00 98 18 80 01 
                    -  11866,RX MSG,ICAN11bt500,00 00 07 EF 41 00 98 18 80 01 
                    -  11866,RX QRY,ICAN11bt500,Delay: 100
                    -  11975,RX QRY,ICAN11bt500,Delay: 100
                    (12.022 s,F) Initialize | 
11:25:14| ... MyLastResult | Success,Unknown,True->True
11:25:14| Connect | Init-Rty:2 (Success,Unknown,True->True | 12.13) | lVehiculoLink,VehiculoLink,VehTest
11:25:14| ... MyDad.Initialize > Success
11:25:14| DrewProtocol2MyProtocol | In:'ICAN11bt500'  Out:'CAN11' (CAN:True)
11:25:14| ... GetCallingProcedure | Connect_OBD
11:25:14| ... GetCallingProcedure | lVehiculoLink
11:25:14| ... GetCallingProcedure | VehiculoLink
11:25:14| GetSupportedPIDs | Starting ... (Mode:1) (Connect_OBD,lVehiculoLink,VehiculoLink)
11:25:14| ... SetupMyLastCommResult: InvalidData
11:25:14| ... DoDad | Action: System.Action | tag: GetModePID(01, 00) - PID support mask
11:25:14| ... GetCallingProcedure | Connect_OBD
11:25:14| ... GetCallingProcedure | lVehiculoLink
11:25:14| ... GetCallingProcedure | VehiculoLink
11:25:14| DoDad-01 | GetModePID(01, 00) - PID support mask (Open:True,999.99 | Connect_OBD,lVehiculoLink,VehiculoLink)
11:25:14| DoDad-01  ClearCommandLog ...
11:25:14| DoDad-01  Invoke ... (GetModePID(01, 00) - PID support mask)
11:25:15| DoDad-01  Invoke ... (GetModePID(01, 00) - PID support mask)  (672)
11:25:15| DoDad-01  CommandLog.Length ...
11:25:15| DoDad-01  CommandLog ... (0)
11:25:15| DoDad-01-CommandLog-Len:294 Siz:294 | iStart: 0
11:25:15| DoDad-01  SerialData.Length ... (1097)
11:25:15| DoDad-01 | GetModePID(01, 00) - PID support mask-SLL:01097,01097-CF:F-DLLInfo:'DAD_DLL_VERSION_16.12.25.0 .. 3.0.7.0'
                    -  DAD_DLL_VERSION_16.12.25.0
                    -  625,TX MSG,JVPW1850,68 6A F1 01 00 
                    -  625,RX QRY,JVPW1850,Delay: 100
                    -  735,RX QRY,JVPW1850,Delay: 100
                    -  844,RX QRY,JVPW1850,Delay: 100
                    -  953,TX MSG,JPWM1850,61 6A F1 01 00 
                    -  969,TX MSG,I914**,33 
                    -  5281,TX MSG,KWPF**,C1 33 F1 81 
                    -  11741,TX MSG,ICAN11bt500,00 00 07 DF 01 00 
                    -  11756,RX QRY,ICAN11bt500,Delay: 100
                    -  11866,RX MSG,ICAN11bt500,00 00 07 DF 
                    -  11866,RX MSG,ICAN11bt500,00 00 07 E8 41 00 BE 3E A8 13 
                    -  11866,RX MSG,ICAN11bt500,00 00 07 E9 41 00 98 18 80 01 
                    -  11866,RX MSG,ICAN11bt500,00 00 07 EF 41 00 98 18 80 01 
                    -  11866,RX QRY,ICAN11bt500,Delay: 100
                    -  11975,RX QRY,ICAN11bt500,Delay: 100
                    -  12194,TX MSG,ICAN11bt500,00 00 07 DF 01 00 
                    -  12194,RX QRY,ICAN11bt500,Delay: 100
                    -  12303,RX MSG,ICAN11bt500,00 00 07 DF 
                    -  12303,RX MSG,ICAN11bt500,00 00 07 E9 41 00 98 18 80 01 
                    -  12303,RX MSG,ICAN11bt500,00 00 07 E8 41 00 BE 3E A8 13 
                    -  12303,RX MSG,ICAN11bt500,00 00 07 EF 41 00 98 18 80 01 
                    -  12303,RX QRY,ICAN11bt500,Delay: 100
                    -  12412,RX QRY,ICAN11bt500,Delay: 100
                    -  12522,RX QRY,ICAN11bt500,Delay: 100
                    -  12631,RX QRY,ICAN11bt500,Delay: 100
                    -  12740,RX QRY,ICAN11bt500,Delay: 100
                    (0.672 s,F) GetModePID(01, 00) - PID support mask | NoEOL
11:25:15| ... SetupVehicleIsLinked
11:25:15| ... GetCallingProcedure | SetupMyLastCommResult
11:25:15| ... GetCallingProcedure | GetSupportedPIDs
11:25:15| ... GetCallingProcedure | Connect_OBD
11:25:15| ... SetupMyLastCommResult: Success
11:25:15| ... MyLastResult | Success,Unknown,True->True
11:25:15|  (Result:Success,Unknown,True->True)
11:25:15| GetSupportedPIDs | PID00 RspCnt:3
11:25:15| ... GetEcuIdFromAddress
11:25:15| ... ByteArrayToHexString | 07E9
11:25:15| ... ByteArrayToHexString | 98188001
11:25:15| ... DT_DataToString | Adr:07E9,Mod:01,PID:00,Dat:98188001
11:25:15| GetSupportedPIDS | Data-Adr:07E9,Mod:01,PID:00,Dat:98188001
11:25:15| SSBAFOB | MdPID:01,00 ECU:E9 ...  InCnt:4 (98,18,80,01,BC:007) SrtIdx:001
11:25:15| ... SetSupportedBitArrayFromObdBytes | BitAryLen:256  BitSetCnt:008  BAI:4-4,01,04,05,0C,0D,11,20
11:25:15| 2 | GetSupportedPIDs | 1-E9-DBG3 -------------- 0,1,2,3,4,5,6,7, 8,9,A,B,C,D,E,F, G,H,I,J,K,L,M,N, O,P,Q,R,S,T,U,V
11:25:15| 2 | GetSupportedPIDs | 1-E9-DBG3 000-00_00-020: T,T,F,F,T,T,F,F, F,F,F,F,T,T,F,F, F,T,F,F,F,F,F,F, F,F,F,F,F,F,F,F
11:25:15| 2 | GetSupportedPIDs | 1-E9-DBG3 032-20_20-040: T,F,F,F,F,F,F,F, F,F,F,F,F,F,F,F, F,F,F,F,F,F,F,F, F,F,F,F,F,F,F,F
11:25:15| 2 | GetSupportedPIDs | 1-E9-DBG3 064-40_40-060: F,F,F,F,F,F,F,F, F,F,F,F,F,F,F,F, F,F,F,F,F,F,F,F, F,F,F,F,F,F,F,F
11:25:15| 2 | GetSupportedPIDs | 1-E9-DBG3 096-60_60-080: F,F,F,F,F,F,F,F, F,F,F,F,F,F,F,F, F,F,F,F,F,F,F,F, F,F,F,F,F,F,F,F
11:25:15| 2 | GetSupportedPIDs | 1-E9-DBG3 128-80_80-0A0: F,F,F,F,F,F,F,F, F,F,F,F,F,F,F,F, F,F,F,F,F,F,F,F, F,F,F,F,F,F,F,F
11:25:15| 2 | GetSupportedPIDs | 1-E9-DBG3 160-A0_A0-0C0: F,F,F,F,F,F,F,F, F,F,F,F,F,F,F,F, F,F,F,F,F,F,F,F, F,F,F,F,F,F,F,F
11:25:15| 2 | GetSupportedPIDs | 1-E9-DBG3 192-C0_C0-0E0: F,F,F,F,F,F,F,F, F,F,F,F,F,F,F,F, F,F,F,F,F,F,F,F, F,F,F,F,F,F,F,F
11:25:15| 2 | GetSupportedPIDs | 1-E9-DBG3 224-E0_E0-100: F,F,F,F,F,F,F,F, F,F,F,F,F,F,F,F, F,F,F,F,F,F,F,F, F,F,F,F,F,F,F,F  (T:008 F:248)
11:25:15| ... LogBitArray | 8
11:25:15| ... GetEcuIdFromAddress
11:25:15| ... ByteArrayToHexString | 07E8
11:25:15| ... ByteArrayToHexString | BE3EA813
11:25:15| ... DT_DataToString | Adr:07E8,Mod:01,PID:00,Dat:BE3EA813
11:25:15| GetSupportedPIDS | Data-Adr:07E8,Mod:01,PID:00,Dat:BE3EA813
11:25:15| SSBAFOB | MdPID:01,00 ECU:E8 ...  InCnt:4 (BE,3E,A8,13,BC:017) SrtIdx:001
11:25:15| ... SetSupportedBitArrayFromObdBytes | BitAryLen:256  BitSetCnt:018  BAI:4-4,01,03,04,05,06,07,0B,0C,0D,0E,0F,11,13,15,1C,1F,20
11:25:15| 2 | GetSupportedPIDs | 1-E8-DBG3 -------------- 0,1,2,3,4,5,6,7, 8,9,A,B,C,D,E,F, G,H,I,J,K,L,M,N, O,P,Q,R,S,T,U,V
11:25:15| 2 | GetSupportedPIDs | 1-E8-DBG3 000-00_00-020: T,T,F,T,T,T,T,T, F,F,F,T,T,T,T,T, F,T,F,T,F,T,F,F, F,F,F,F,T,F,F,T
11:25:15| 2 | GetSupportedPIDs | 1-E8-DBG3 032-20_20-040: T,F,F,F,F,F,F,F, F,F,F,F,F,F,F,F, F,F,F,F,F,F,F,F, F,F,F,F,F,F,F,F
11:25:15| 2 | GetSupportedPIDs | 1-E8-DBG3 064-40_40-060: F,F,F,F,F,F,F,F, F,F,F,F,F,F,F,F, F,F,F,F,F,F,F,F, F,F,F,F,F,F,F,F
11:25:15| 2 | GetSupportedPIDs | 1-E8-DBG3 096-60_60-080: F,F,F,F,F,F,F,F, F,F,F,F,F,F,F,F, F,F,F,F,F,F,F,F, F,F,F,F,F,F,F,F
11:25:15| 2 | GetSupportedPIDs | 1-E8-DBG3 128-80_80-0A0: F,F,F,F,F,F,F,F, F,F,F,F,F,F,F,F, F,F,F,F,F,F,F,F, F,F,F,F,F,F,F,F
11:25:15| 2 | GetSupportedPIDs | 1-E8-DBG3 160-A0_A0-0C0: F,F,F,F,F,F,F,F, F,F,F,F,F,F,F,F, F,F,F,F,F,F,F,F, F,F,F,F,F,F,F,F
11:25:15| 2 | GetSupportedPIDs | 1-E8-DBG3 192-C0_C0-0E0: F,F,F,F,F,F,F,F, F,F,F,F,F,F,F,F, F,F,F,F,F,F,F,F, F,F,F,F,F,F,F,F
11:25:15| 2 | GetSupportedPIDs | 1-E8-DBG3 224-E0_E0-100: F,F,F,F,F,F,F,F, F,F,F,F,F,F,F,F, F,F,F,F,F,F,F,F, F,F,F,F,F,F,F,F  (T:018 F:238)
11:25:15| ... LogBitArray | 8
11:25:15| ... GetEcuIdFromAddress
11:25:15| ... ByteArrayToHexString | 07EF
11:25:15| ... ByteArrayToHexString | 98188001
11:25:15| ... DT_DataToString | Adr:07EF,Mod:01,PID:00,Dat:98188001
11:25:15| GetSupportedPIDS | Data-Adr:07EF,Mod:01,PID:00,Dat:98188001
11:25:15| SSBAFOB | MdPID:01,00 ECU:EF ...  InCnt:4 (98,18,80,01,BC:007) SrtIdx:001
11:25:15| ... SetSupportedBitArrayFromObdBytes | BitAryLen:256  BitSetCnt:008  BAI:4-4,01,04,05,0C,0D,11,20
11:25:15| 2 | GetSupportedPIDs | 1-EF-DBG3 -------------- 0,1,2,3,4,5,6,7, 8,9,A,B,C,D,E,F, G,H,I,J,K,L,M,N, O,P,Q,R,S,T,U,V
11:25:15| 2 | GetSupportedPIDs | 1-EF-DBG3 000-00_00-020: T,T,F,F,T,T,F,F, F,F,F,F,T,T,F,F, F,T,F,F,F,F,F,F, F,F,F,F,F,F,F,F
11:25:15| 2 | GetSupportedPIDs | 1-EF-DBG3 032-20_20-040: T,F,F,F,F,F,F,F, F,F,F,F,F,F,F,F, F,F,F,F,F,F,F,F, F,F,F,F,F,F,F,F
11:25:15| 2 | GetSupportedPIDs | 1-EF-DBG3 064-40_40-060: F,F,F,F,F,F,F,F, F,F,F,F,F,F,F,F, F,F,F,F,F,F,F,F, F,F,F,F,F,F,F,F
11:25:15| 2 | GetSupportedPIDs | 1-EF-DBG3 096-60_60-080: F,F,F,F,F,F,F,F, F,F,F,F,F,F,F,F, F,F,F,F,F,F,F,F, F,F,F,F,F,F,F,F
11:25:15| 2 | GetSupportedPIDs | 1-EF-DBG3 128-80_80-0A0: F,F,F,F,F,F,F,F, F,F,F,F,F,F,F,F, F,F,F,F,F,F,F,F, F,F,F,F,F,F,F,F
11:25:15| 2 | GetSupportedPIDs | 1-EF-DBG3 160-A0_A0-0C0: F,F,F,F,F,F,F,F, F,F,F,F,F,F,F,F, F,F,F,F,F,F,F,F, F,F,F,F,F,F,F,F
11:25:15| 2 | GetSupportedPIDs | 1-EF-DBG3 192-C0_C0-0E0: F,F,F,F,F,F,F,F, F,F,F,F,F,F,F,F, F,F,F,F,F,F,F,F, F,F,F,F,F,F,F,F
11:25:15| 2 | GetSupportedPIDs | 1-EF-DBG3 224-E0_E0-100: F,F,F,F,F,F,F,F, F,F,F,F,F,F,F,F, F,F,F,F,F,F,F,F, F,F,F,F,F,F,F,F  (T:008 F:248)
11:25:15| ... LogBitArray | 8
11:25:15| ... SetupMyLastCommResult: InvalidData
11:25:15| ... DoDad | Action: System.Action | tag: GetModePID(01, 20) - PID support mask
11:25:15| ... GetCallingProcedure | Connect_OBD
11:25:15| ... GetCallingProcedure | lVehiculoLink
11:25:15| ... GetCallingProcedure | VehiculoLink
11:25:15| DoDad-01 | GetModePID(01, 20) - PID support mask (Open:True,999.99 | Connect_OBD,lVehiculoLink,VehiculoLink)
11:25:15| DoDad-01  ClearCommandLog ...
11:25:15| DoDad-01  Invoke ... (GetModePID(01, 20) - PID support mask)
11:25:16| DoDad-01  Invoke ... (GetModePID(01, 20) - PID support mask)  (657)
11:25:16| DoDad-01  CommandLog.Length ...
11:25:16| DoDad-01  CommandLog ... (0)
11:25:16| DoDad-01-CommandLog-Len:294 Siz:294 | iStart: 0
11:25:16| DoDad-01  SerialData.Length ... (1574)
11:25:16| DoDad-01 | GetModePID(01, 20) - PID support mask-SLL:01574,01574-CF:F-DLLInfo:'DAD_DLL_VERSION_16.12.25.0 .. 3.0.7.0'
                    -  DAD_DLL_VERSION_16.12.25.0
                    -  625,TX MSG,JVPW1850,68 6A F1 01 00 
                    -  625,RX QRY,JVPW1850,Delay: 100
                    -  735,RX QRY,JVPW1850,Delay: 100
                    -  844,RX QRY,JVPW1850,Delay: 100
                    -  953,TX MSG,JPWM1850,61 6A F1 01 00 
                    -  969,TX MSG,I914**,33 
                    -  5281,TX MSG,KWPF**,C1 33 F1 81 
                    -  11741,TX MSG,ICAN11bt500,00 00 07 DF 01 00 
                    -  11756,RX QRY,ICAN11bt500,Delay: 100
                    -  11866,RX MSG,ICAN11bt500,00 00 07 DF 
                    -  11866,RX MSG,ICAN11bt500,00 00 07 E8 41 00 BE 3E A8 13 
                    -  11866,RX MSG,ICAN11bt500,00 00 07 E9 41 00 98 18 80 01 
                    -  11866,RX MSG,ICAN11bt500,00 00 07 EF 41 00 98 18 80 01 
                    -  11866,RX QRY,ICAN11bt500,Delay: 100
                    -  11975,RX QRY,ICAN11bt500,Delay: 100
                    -  12194,TX MSG,ICAN11bt500,00 00 07 DF 01 00 
                    -  12194,RX QRY,ICAN11bt500,Delay: 100
                    -  12303,RX MSG,ICAN11bt500,00 00 07 DF 
                    -  12303,RX MSG,ICAN11bt500,00 00 07 E9 41 00 98 18 80 01 
                    -  12303,RX MSG,ICAN11bt500,00 00 07 E8 41 00 BE 3E A8 13 
                    -  12303,RX MSG,ICAN11bt500,00 00 07 EF 41 00 98 18 80 01 
                    -  12303,RX QRY,ICAN11bt500,Delay: 100
                    -  12412,RX QRY,ICAN11bt500,Delay: 100
                    -  12522,RX QRY,ICAN11bt500,Delay: 100
                    -  12631,RX QRY,ICAN11bt500,Delay: 100
                    -  12740,RX QRY,ICAN11bt500,Delay: 100
                    -  13131,TX MSG,ICAN11bt500,00 00 07 DF 01 20 
                    -  13131,RX QRY,ICAN11bt500,Delay: 100
                    -  13240,RX MSG,ICAN11bt500,00 00 07 DF 
                    -  13240,RX MSG,ICAN11bt500,00 00 07 E9 41 20 80 00 00 01 
                    -  13240,RX MSG,ICAN11bt500,00 00 07 E8 41 20 A0 07 B0 11 
                    -  13240,RX MSG,ICAN11bt500,00 00 07 EF 41 20 80 00 00 01 
                    -  13240,RX QRY,ICAN11bt500,Delay: 100
                    -  13350,RX QRY,ICAN11bt500,Delay: 100
                    -  13459,RX QRY,ICAN11bt500,Delay: 100
                    -  13568,RX QRY,ICAN11bt500,Delay: 100
                    -  13678,RX QRY,ICAN11bt500,Delay: 100
                    (0.657 s,F) GetModePID(01, 20) - PID support mask | NoEOL
11:25:16| ... SetupVehicleIsLinked
11:25:16| ... GetCallingProcedure | SetupMyLastCommResult
11:25:16| ... GetCallingProcedure | GetSupportedPIDs
11:25:16| ... GetCallingProcedure | Connect_OBD
11:25:16| ... SetupMyLastCommResult: Success
11:25:16| ... MyLastResult | Success,Unknown,True->True
11:25:16|  (Result:Success,Unknown,True->True)
11:25:16| GetSupportedPIDs | PID20 RspCnt:3
11:25:16| ... GetEcuIdFromAddress
11:25:16| ... ByteArrayToHexString | 07E9
11:25:16| ... ByteArrayToHexString | 80000001
11:25:16| ... DT_DataToString | Adr:07E9,Mod:01,PID:20,Dat:80000001
11:25:16| GetSupportedPIDS | Data-Adr:07E9,Mod:01,PID:20,Dat:80000001
11:25:16| SSBAFOB | MdPID:01,20 ECU:E9 ...  InCnt:4 (80,00,00,01,BC:002) SrtIdx:033
11:25:16| ... SetSupportedBitArrayFromObdBytes | BitAryLen:256  BitSetCnt:010  BAI:4-4,21,40
11:25:16| 2 | GetSupportedPIDs | 1-E9-DBG3 -------------- 0,1,2,3,4,5,6,7, 8,9,A,B,C,D,E,F, G,H,I,J,K,L,M,N, O,P,Q,R,S,T,U,V
11:25:16| 2 | GetSupportedPIDs | 1-E9-DBG3 000-00_00-020: T,T,F,F,T,T,F,F, F,F,F,F,T,T,F,F, F,T,F,F,F,F,F,F, F,F,F,F,F,F,F,F
11:25:16| 2 | GetSupportedPIDs | 1-E9-DBG3 032-20_20-040: T,T,F,F,F,F,F,F, F,F,F,F,F,F,F,F, F,F,F,F,F,F,F,F, F,F,F,F,F,F,F,F
11:25:16| 2 | GetSupportedPIDs | 1-E9-DBG3 064-40_40-060: T,F,F,F,F,F,F,F, F,F,F,F,F,F,F,F, F,F,F,F,F,F,F,F, F,F,F,F,F,F,F,F
11:25:16| 2 | GetSupportedPIDs | 1-E9-DBG3 096-60_60-080: F,F,F,F,F,F,F,F, F,F,F,F,F,F,F,F, F,F,F,F,F,F,F,F, F,F,F,F,F,F,F,F
11:25:16| 2 | GetSupportedPIDs | 1-E9-DBG3 128-80_80-0A0: F,F,F,F,F,F,F,F, F,F,F,F,F,F,F,F, F,F,F,F,F,F,F,F, F,F,F,F,F,F,F,F
11:25:16| 2 | GetSupportedPIDs | 1-E9-DBG3 160-A0_A0-0C0: F,F,F,F,F,F,F,F, F,F,F,F,F,F,F,F, F,F,F,F,F,F,F,F, F,F,F,F,F,F,F,F
11:25:16| 2 | GetSupportedPIDs | 1-E9-DBG3 192-C0_C0-0E0: F,F,F,F,F,F,F,F, F,F,F,F,F,F,F,F, F,F,F,F,F,F,F,F, F,F,F,F,F,F,F,F
11:25:16| 2 | GetSupportedPIDs | 1-E9-DBG3 224-E0_E0-100: F,F,F,F,F,F,F,F, F,F,F,F,F,F,F,F, F,F,F,F,F,F,F,F, F,F,F,F,F,F,F,F  (T:010 F:246)
11:25:16| ... LogBitArray | 8
11:25:16| ... GetEcuIdFromAddress
11:25:16| ... ByteArrayToHexString | 07E8
11:25:16| ... ByteArrayToHexString | A007B011
11:25:16| ... DT_DataToString | Adr:07E8,Mod:01,PID:20,Dat:A007B011
11:25:16| GetSupportedPIDS | Data-Adr:07E8,Mod:01,PID:20,Dat:A007B011
11:25:16| SSBAFOB | MdPID:01,20 ECU:E8 ...  InCnt:4 (A0,07,B0,11,BC:010) SrtIdx:033
11:25:16| ... SetSupportedBitArrayFromObdBytes | BitAryLen:256  BitSetCnt:028  BAI:4-4,21,23,2E,2F,30,31,33,34,3C,40
11:25:16| 2 | GetSupportedPIDs | 1-E8-DBG3 -------------- 0,1,2,3,4,5,6,7, 8,9,A,B,C,D,E,F, G,H,I,J,K,L,M,N, O,P,Q,R,S,T,U,V
11:25:16| 2 | GetSupportedPIDs | 1-E8-DBG3 000-00_00-020: T,T,F,T,T,T,T,T, F,F,F,T,T,T,T,T, F,T,F,T,F,T,F,F, F,F,F,F,T,F,F,T
11:25:16| 2 | GetSupportedPIDs | 1-E8-DBG3 032-20_20-040: T,T,F,T,F,F,F,F, F,F,F,F,F,F,T,T, T,T,F,T,T,F,F,F, F,F,F,F,T,F,F,F
11:25:16| 2 | GetSupportedPIDs | 1-E8-DBG3 064-40_40-060: T,F,F,F,F,F,F,F, F,F,F,F,F,F,F,F, F,F,F,F,F,F,F,F, F,F,F,F,F,F,F,F
11:25:16| 2 | GetSupportedPIDs | 1-E8-DBG3 096-60_60-080: F,F,F,F,F,F,F,F, F,F,F,F,F,F,F,F, F,F,F,F,F,F,F,F, F,F,F,F,F,F,F,F
11:25:16| 2 | GetSupportedPIDs | 1-E8-DBG3 128-80_80-0A0: F,F,F,F,F,F,F,F, F,F,F,F,F,F,F,F, F,F,F,F,F,F,F,F, F,F,F,F,F,F,F,F
11:25:16| 2 | GetSupportedPIDs | 1-E8-DBG3 160-A0_A0-0C0: F,F,F,F,F,F,F,F, F,F,F,F,F,F,F,F, F,F,F,F,F,F,F,F, F,F,F,F,F,F,F,F
11:25:16| 2 | GetSupportedPIDs | 1-E8-DBG3 192-C0_C0-0E0: F,F,F,F,F,F,F,F, F,F,F,F,F,F,F,F, F,F,F,F,F,F,F,F, F,F,F,F,F,F,F,F
11:25:16| 2 | GetSupportedPIDs | 1-E8-DBG3 224-E0_E0-100: F,F,F,F,F,F,F,F, F,F,F,F,F,F,F,F, F,F,F,F,F,F,F,F, F,F,F,F,F,F,F,F  (T:028 F:228)
11:25:16| ... LogBitArray | 8
11:25:16| ... GetEcuIdFromAddress
11:25:16| ... ByteArrayToHexString | 07EF
11:25:16| ... ByteArrayToHexString | 80000001
11:25:16| ... DT_DataToString | Adr:07EF,Mod:01,PID:20,Dat:80000001
11:25:16| GetSupportedPIDS | Data-Adr:07EF,Mod:01,PID:20,Dat:80000001
11:25:16| SSBAFOB | MdPID:01,20 ECU:EF ...  InCnt:4 (80,00,00,01,BC:002) SrtIdx:033
11:25:16| ... SetSupportedBitArrayFromObdBytes | BitAryLen:256  BitSetCnt:010  BAI:4-4,21,40
11:25:16| 2 | GetSupportedPIDs | 1-EF-DBG3 -------------- 0,1,2,3,4,5,6,7, 8,9,A,B,C,D,E,F, G,H,I,J,K,L,M,N, O,P,Q,R,S,T,U,V
11:25:16| 2 | GetSupportedPIDs | 1-EF-DBG3 000-00_00-020: T,T,F,F,T,T,F,F, F,F,F,F,T,T,F,F, F,T,F,F,F,F,F,F, F,F,F,F,F,F,F,F
11:25:16| 2 | GetSupportedPIDs | 1-EF-DBG3 032-20_20-040: T,T,F,F,F,F,F,F, F,F,F,F,F,F,F,F, F,F,F,F,F,F,F,F, F,F,F,F,F,F,F,F
11:25:16| 2 | GetSupportedPIDs | 1-EF-DBG3 064-40_40-060: T,F,F,F,F,F,F,F, F,F,F,F,F,F,F,F, F,F,F,F,F,F,F,F, F,F,F,F,F,F,F,F
11:25:16| 2 | GetSupportedPIDs | 1-EF-DBG3 096-60_60-080: F,F,F,F,F,F,F,F, F,F,F,F,F,F,F,F, F,F,F,F,F,F,F,F, F,F,F,F,F,F,F,F
11:25:16| 2 | GetSupportedPIDs | 1-EF-DBG3 128-80_80-0A0: F,F,F,F,F,F,F,F, F,F,F,F,F,F,F,F, F,F,F,F,F,F,F,F, F,F,F,F,F,F,F,F
11:25:16| 2 | GetSupportedPIDs | 1-EF-DBG3 160-A0_A0-0C0: F,F,F,F,F,F,F,F, F,F,F,F,F,F,F,F, F,F,F,F,F,F,F,F, F,F,F,F,F,F,F,F
11:25:16| 2 | GetSupportedPIDs | 1-EF-DBG3 192-C0_C0-0E0: F,F,F,F,F,F,F,F, F,F,F,F,F,F,F,F, F,F,F,F,F,F,F,F, F,F,F,F,F,F,F,F
11:25:16| 2 | GetSupportedPIDs | 1-EF-DBG3 224-E0_E0-100: F,F,F,F,F,F,F,F, F,F,F,F,F,F,F,F, F,F,F,F,F,F,F,F, F,F,F,F,F,F,F,F  (T:010 F:246)
11:25:16| ... LogBitArray | 8
11:25:16| ... SetupMyLastCommResult: InvalidData
11:25:16| ... DoDad | Action: System.Action | tag: GetModePID(01, 40) - PID support mask
11:25:16| ... GetCallingProcedure | Connect_OBD
11:25:16| ... GetCallingProcedure | lVehiculoLink
11:25:16| ... GetCallingProcedure | VehiculoLink
11:25:16| DoDad-01 | GetModePID(01, 40) - PID support mask (Open:True,999.99 | Connect_OBD,lVehiculoLink,VehiculoLink)
11:25:16| DoDad-01  ClearCommandLog ...
11:25:16| DoDad-01  Invoke ... (GetModePID(01, 40) - PID support mask)
11:25:17| DoDad-01  Invoke ... (GetModePID(01, 40) - PID support mask)  (656)
11:25:17| DoDad-01  CommandLog.Length ...
11:25:17| DoDad-01  CommandLog ... (0)
11:25:17| DoDad-01-CommandLog-Len:294 Siz:294 | iStart: 0
11:25:17| DoDad-01  SerialData.Length ... (2051)
11:25:17| DoDad-01 | GetModePID(01, 40) - PID support mask-SLL:02051,02051-CF:F-DLLInfo:'DAD_DLL_VERSION_16.12.25.0 .. 3.0.7.0'
                    -  DAD_DLL_VERSION_16.12.25.0
                    -  625,TX MSG,JVPW1850,68 6A F1 01 00 
                    -  625,RX QRY,JVPW1850,Delay: 100
                    -  735,RX QRY,JVPW1850,Delay: 100
                    -  844,RX QRY,JVPW1850,Delay: 100
                    -  953,TX MSG,JPWM1850,61 6A F1 01 00 
                    -  969,TX MSG,I914**,33 
                    -  5281,TX MSG,KWPF**,C1 33 F1 81 
                    -  11741,TX MSG,ICAN11bt500,00 00 07 DF 01 00 
                    -  11756,RX QRY,ICAN11bt500,Delay: 100
                    -  11866,RX MSG,ICAN11bt500,00 00 07 DF 
                    -  11866,RX MSG,ICAN11bt500,00 00 07 E8 41 00 BE 3E A8 13 
                    -  11866,RX MSG,ICAN11bt500,00 00 07 E9 41 00 98 18 80 01 
                    -  11866,RX MSG,ICAN11bt500,00 00 07 EF 41 00 98 18 80 01 
                    -  11866,RX QRY,ICAN11bt500,Delay: 100
                    -  11975,RX QRY,ICAN11bt500,Delay: 100
                    -  12194,TX MSG,ICAN11bt500,00 00 07 DF 01 00 
                    -  12194,RX QRY,ICAN11bt500,Delay: 100
                    -  12303,RX MSG,ICAN11bt500,00 00 07 DF 
                    -  12303,RX MSG,ICAN11bt500,00 00 07 E9 41 00 98 18 80 01 
                    -  12303,RX MSG,ICAN11bt500,00 00 07 E8 41 00 BE 3E A8 13 
                    -  12303,RX MSG,ICAN11bt500,00 00 07 EF 41 00 98 18 80 01 
                    -  12303,RX QRY,ICAN11bt500,Delay: 100
                    -  12412,RX QRY,ICAN11bt500,Delay: 100
                    -  12522,RX QRY,ICAN11bt500,Delay: 100
                    -  12631,RX QRY,ICAN11bt500,Delay: 100
                    -  12740,RX QRY,ICAN11bt500,Delay: 100
                    -  13131,TX MSG,ICAN11bt500,00 00 07 DF 01 20 
                    -  13131,RX QRY,ICAN11bt500,Delay: 100
                    -  13240,RX MSG,ICAN11bt500,00 00 07 DF 
                    -  13240,RX MSG,ICAN11bt500,00 00 07 E9 41 20 80 00 00 01 
                    -  13240,RX MSG,ICAN11bt500,00 00 07 E8 41 20 A0 07 B0 11 
                    -  13240,RX MSG,ICAN11bt500,00 00 07 EF 41 20 80 00 00 01 
                    -  13240,RX QRY,ICAN11bt500,Delay: 100
                    -  13350,RX QRY,ICAN11bt500,Delay: 100
                    -  13459,RX QRY,ICAN11bt500,Delay: 100
                    -  13568,RX QRY,ICAN11bt500,Delay: 100
                    -  13678,RX QRY,ICAN11bt500,Delay: 100
                    -  14069,TX MSG,ICAN11bt500,00 00 07 DF 01 40 
                    -  14069,RX QRY,ICAN11bt500,Delay: 100
                    -  14178,RX MSG,ICAN11bt500,00 00 07 DF 
                    -  14178,RX MSG,ICAN11bt500,00 00 07 E9 41 40 C0 00 00 00 
                    -  14178,RX MSG,ICAN11bt500,00 00 07 E8 41 40 FE D0 84 11 
                    -  14178,RX MSG,ICAN11bt500,00 00 07 EF 41 40 C0 00 00 00 
                    -  14178,RX QRY,ICAN11bt500,Delay: 100
                    -  14288,RX QRY,ICAN11bt500,Delay: 100
                    -  14397,RX QRY,ICAN11bt500,Delay: 100
                    -  14507,RX QRY,ICAN11bt500,Delay: 100
                    -  14616,RX QRY,ICAN11bt500,Delay: 100
                    (0.657 s,F) GetModePID(01, 40) - PID support mask | NoEOL
11:25:17| ... SetupVehicleIsLinked
11:25:17| ... GetCallingProcedure | SetupMyLastCommResult
11:25:17| ... GetCallingProcedure | GetSupportedPIDs
11:25:17| ... GetCallingProcedure | Connect_OBD
11:25:17| ... SetupMyLastCommResult: Success
11:25:17| ... MyLastResult | Success,Unknown,True->True
11:25:17|  (Result:Success,Unknown,True->True)
11:25:17| GetSupportedPIDs | PID40 RspCnt:3
11:25:17| ... GetEcuIdFromAddress
11:25:17| ... ByteArrayToHexString | 07E9
11:25:17| ... ByteArrayToHexString | C0000000
11:25:17| ... DT_DataToString | Adr:07E9,Mod:01,PID:40,Dat:C0000000
11:25:17| GetSupportedPIDS | Data-Adr:07E9,Mod:01,PID:40,Dat:C0000000
11:25:17| SSBAFOB | MdPID:01,40 ECU:E9 ...  InCnt:4 (C0,00,00,00,BC:002) SrtIdx:065
11:25:17| ... SetSupportedBitArrayFromObdBytes | BitAryLen:256  BitSetCnt:012  BAI:4-4,41,42
11:25:17| 2 | GetSupportedPIDs | 1-E9-DBG3 -------------- 0,1,2,3,4,5,6,7, 8,9,A,B,C,D,E,F, G,H,I,J,K,L,M,N, O,P,Q,R,S,T,U,V
11:25:17| 2 | GetSupportedPIDs | 1-E9-DBG3 000-00_00-020: T,T,F,F,T,T,F,F, F,F,F,F,T,T,F,F, F,T,F,F,F,F,F,F, F,F,F,F,F,F,F,F
11:25:17| 2 | GetSupportedPIDs | 1-E9-DBG3 032-20_20-040: T,T,F,F,F,F,F,F, F,F,F,F,F,F,F,F, F,F,F,F,F,F,F,F, F,F,F,F,F,F,F,F
11:25:17| 2 | GetSupportedPIDs | 1-E9-DBG3 064-40_40-060: T,T,T,F,F,F,F,F, F,F,F,F,F,F,F,F, F,F,F,F,F,F,F,F, F,F,F,F,F,F,F,F
11:25:17| 2 | GetSupportedPIDs | 1-E9-DBG3 096-60_60-080: F,F,F,F,F,F,F,F, F,F,F,F,F,F,F,F, F,F,F,F,F,F,F,F, F,F,F,F,F,F,F,F
11:25:17| 2 | GetSupportedPIDs | 1-E9-DBG3 128-80_80-0A0: F,F,F,F,F,F,F,F, F,F,F,F,F,F,F,F, F,F,F,F,F,F,F,F, F,F,F,F,F,F,F,F
11:25:17| 2 | GetSupportedPIDs | 1-E9-DBG3 160-A0_A0-0C0: F,F,F,F,F,F,F,F, F,F,F,F,F,F,F,F, F,F,F,F,F,F,F,F, F,F,F,F,F,F,F,F
11:25:17| 2 | GetSupportedPIDs | 1-E9-DBG3 192-C0_C0-0E0: F,F,F,F,F,F,F,F, F,F,F,F,F,F,F,F, F,F,F,F,F,F,F,F, F,F,F,F,F,F,F,F
11:25:17| 2 | GetSupportedPIDs | 1-E9-DBG3 224-E0_E0-100: F,F,F,F,F,F,F,F, F,F,F,F,F,F,F,F, F,F,F,F,F,F,F,F, F,F,F,F,F,F,F,F  (T:012 F:244)
11:25:17| ... LogBitArray | 8
11:25:17| ... GetEcuIdFromAddress
11:25:17| ... ByteArrayToHexString | 07E8
11:25:17| ... ByteArrayToHexString | FED08411
11:25:17| ... DT_DataToString | Adr:07E8,Mod:01,PID:40,Dat:FED08411
11:25:17| GetSupportedPIDS | Data-Adr:07E8,Mod:01,PID:40,Dat:FED08411
11:25:17| SSBAFOB | MdPID:01,40 ECU:E8 ...  InCnt:4 (FE,D0,84,11,BC:014) SrtIdx:065
11:25:17| ... SetSupportedBitArrayFromObdBytes | BitAryLen:256  BitSetCnt:042  BAI:4-4,41,42,43,44,45,46,47,49,4A,4C,51,56,5C,60
11:25:17| 2 | GetSupportedPIDs | 1-E8-DBG3 -------------- 0,1,2,3,4,5,6,7, 8,9,A,B,C,D,E,F, G,H,I,J,K,L,M,N, O,P,Q,R,S,T,U,V
11:25:17| 2 | GetSupportedPIDs | 1-E8-DBG3 000-00_00-020: T,T,F,T,T,T,T,T, F,F,F,T,T,T,T,T, F,T,F,T,F,T,F,F, F,F,F,F,T,F,F,T
11:25:17| 2 | GetSupportedPIDs | 1-E8-DBG3 032-20_20-040: T,T,F,T,F,F,F,F, F,F,F,F,F,F,T,T, T,T,F,T,T,F,F,F, F,F,F,F,T,F,F,F
11:25:17| 2 | GetSupportedPIDs | 1-E8-DBG3 064-40_40-060: T,T,T,T,T,T,T,T, F,T,T,F,T,F,F,F, F,T,F,F,F,F,T,F, F,F,F,F,T,F,F,F
11:25:17| 2 | GetSupportedPIDs | 1-E8-DBG3 096-60_60-080: T,F,F,F,F,F,F,F, F,F,F,F,F,F,F,F, F,F,F,F,F,F,F,F, F,F,F,F,F,F,F,F
11:25:17| 2 | GetSupportedPIDs | 1-E8-DBG3 128-80_80-0A0: F,F,F,F,F,F,F,F, F,F,F,F,F,F,F,F, F,F,F,F,F,F,F,F, F,F,F,F,F,F,F,F
11:25:17| 2 | GetSupportedPIDs | 1-E8-DBG3 160-A0_A0-0C0: F,F,F,F,F,F,F,F, F,F,F,F,F,F,F,F, F,F,F,F,F,F,F,F, F,F,F,F,F,F,F,F
11:25:17| 2 | GetSupportedPIDs | 1-E8-DBG3 192-C0_C0-0E0: F,F,F,F,F,F,F,F, F,F,F,F,F,F,F,F, F,F,F,F,F,F,F,F, F,F,F,F,F,F,F,F
11:25:17| 2 | GetSupportedPIDs | 1-E8-DBG3 224-E0_E0-100: F,F,F,F,F,F,F,F, F,F,F,F,F,F,F,F, F,F,F,F,F,F,F,F, F,F,F,F,F,F,F,F  (T:042 F:214)
11:25:17| ... LogBitArray | 8
11:25:17| ... GetEcuIdFromAddress
11:25:17| ... ByteArrayToHexString | 07EF
11:25:17| ... ByteArrayToHexString | C0000000
11:25:17| ... DT_DataToString | Adr:07EF,Mod:01,PID:40,Dat:C0000000
11:25:17| GetSupportedPIDS | Data-Adr:07EF,Mod:01,PID:40,Dat:C0000000
11:25:17| SSBAFOB | MdPID:01,40 ECU:EF ...  InCnt:4 (C0,00,00,00,BC:002) SrtIdx:065
11:25:17| ... SetSupportedBitArrayFromObdBytes | BitAryLen:256  BitSetCnt:012  BAI:4-4,41,42
11:25:17| 2 | GetSupportedPIDs | 1-EF-DBG3 -------------- 0,1,2,3,4,5,6,7, 8,9,A,B,C,D,E,F, G,H,I,J,K,L,M,N, O,P,Q,R,S,T,U,V
11:25:17| 2 | GetSupportedPIDs | 1-EF-DBG3 000-00_00-020: T,T,F,F,T,T,F,F, F,F,F,F,T,T,F,F, F,T,F,F,F,F,F,F, F,F,F,F,F,F,F,F
11:25:17| 2 | GetSupportedPIDs | 1-EF-DBG3 032-20_20-040: T,T,F,F,F,F,F,F, F,F,F,F,F,F,F,F, F,F,F,F,F,F,F,F, F,F,F,F,F,F,F,F
11:25:17| 2 | GetSupportedPIDs | 1-EF-DBG3 064-40_40-060: T,T,T,F,F,F,F,F, F,F,F,F,F,F,F,F, F,F,F,F,F,F,F,F, F,F,F,F,F,F,F,F
11:25:17| 2 | GetSupportedPIDs | 1-EF-DBG3 096-60_60-080: F,F,F,F,F,F,F,F, F,F,F,F,F,F,F,F, F,F,F,F,F,F,F,F, F,F,F,F,F,F,F,F
11:25:17| 2 | GetSupportedPIDs | 1-EF-DBG3 128-80_80-0A0: F,F,F,F,F,F,F,F, F,F,F,F,F,F,F,F, F,F,F,F,F,F,F,F, F,F,F,F,F,F,F,F
11:25:17| 2 | GetSupportedPIDs | 1-EF-DBG3 160-A0_A0-0C0: F,F,F,F,F,F,F,F, F,F,F,F,F,F,F,F, F,F,F,F,F,F,F,F, F,F,F,F,F,F,F,F
11:25:17| 2 | GetSupportedPIDs | 1-EF-DBG3 192-C0_C0-0E0: F,F,F,F,F,F,F,F, F,F,F,F,F,F,F,F, F,F,F,F,F,F,F,F, F,F,F,F,F,F,F,F
11:25:17| 2 | GetSupportedPIDs | 1-EF-DBG3 224-E0_E0-100: F,F,F,F,F,F,F,F, F,F,F,F,F,F,F,F, F,F,F,F,F,F,F,F, F,F,F,F,F,F,F,F  (T:012 F:244)
11:25:17| ... LogBitArray | 8
11:25:17| ... SetupMyLastCommResult: InvalidData
11:25:17| ... DoDad | Action: System.Action | tag: GetModePID(01, 60) - PID support mask
11:25:17| ... GetCallingProcedure | Connect_OBD
11:25:17| ... GetCallingProcedure | lVehiculoLink
11:25:17| ... GetCallingProcedure | VehiculoLink
11:25:17| DoDad-01 | GetModePID(01, 60) - PID support mask (Open:True,999.99 | Connect_OBD,lVehiculoLink,VehiculoLink)
11:25:17| DoDad-01  ClearCommandLog ...
11:25:17| DoDad-01  Invoke ... (GetModePID(01, 60) - PID support mask)
11:25:18| DoDad-01  Invoke ... (GetModePID(01, 60) - PID support mask)  (657)
11:25:18| DoDad-01  CommandLog.Length ...
11:25:18| DoDad-01  CommandLog ... (0)
11:25:18| DoDad-01-CommandLog-Len:180 Siz:180 | iStart: 0
11:25:18| DoDad-01  SerialData.Length ... (2414)
11:25:18| DoDad-01 | GetModePID(01, 60) - PID support mask-SLL:02414,02414-CF:F-DLLInfo:'DAD_DLL_VERSION_16.12.25.0 .. 3.0.7.0'
                    -  DAD_DLL_VERSION_16.12.25.0
                    -  625,TX MSG,JVPW1850,68 6A F1 01 00 
                    -  625,RX QRY,JVPW1850,Delay: 100
                    -  735,RX QRY,JVPW1850,Delay: 100
                    -  844,RX QRY,JVPW1850,Delay: 100
                    -  953,TX MSG,JPWM1850,61 6A F1 01 00 
                    -  969,TX MSG,I914**,33 
                    -  5281,TX MSG,KWPF**,C1 33 F1 81 
                    -  11741,TX MSG,ICAN11bt500,00 00 07 DF 01 00 
                    -  11756,RX QRY,ICAN11bt500,Delay: 100
                    -  11866,RX MSG,ICAN11bt500,00 00 07 DF 
                    -  11866,RX MSG,ICAN11bt500,00 00 07 E8 41 00 BE 3E A8 13 
                    -  11866,RX MSG,ICAN11bt500,00 00 07 E9 41 00 98 18 80 01 
                    -  11866,RX MSG,ICAN11bt500,00 00 07 EF 41 00 98 18 80 01 
                    -  11866,RX QRY,ICAN11bt500,Delay: 100
                    -  11975,RX QRY,ICAN11bt500,Delay: 100
                    -  12194,TX MSG,ICAN11bt500,00 00 07 DF 01 00 
                    -  12194,RX QRY,ICAN11bt500,Delay: 100
                    -  12303,RX MSG,ICAN11bt500,00 00 07 DF 
                    -  12303,RX MSG,ICAN11bt500,00 00 07 E9 41 00 98 18 80 01 
                    -  12303,RX MSG,ICAN11bt500,00 00 07 E8 41 00 BE 3E A8 13 
                    -  12303,RX MSG,ICAN11bt500,00 00 07 EF 41 00 98 18 80 01 
                    -  12303,RX QRY,ICAN11bt500,Delay: 100
                    -  12412,RX QRY,ICAN11bt500,Delay: 100
                    -  12522,RX QRY,ICAN11bt500,Delay: 100
                    -  12631,RX QRY,ICAN11bt500,Delay: 100
                    -  12740,RX QRY,ICAN11bt500,Delay: 100
                    -  13131,TX MSG,ICAN11bt500,00 00 07 DF 01 20 
                    -  13131,RX QRY,ICAN11bt500,Delay: 100
                    -  13240,RX MSG,ICAN11bt500,00 00 07 DF 
                    -  13240,RX MSG,ICAN11bt500,00 00 07 E9 41 20 80 00 00 01 
                    -  13240,RX MSG,ICAN11bt500,00 00 07 E8 41 20 A0 07 B0 11 
                    -  13240,RX MSG,ICAN11bt500,00 00 07 EF 41 20 80 00 00 01 
                    -  13240,RX QRY,ICAN11bt500,Delay: 100
                    -  13350,RX QRY,ICAN11bt500,Delay: 100
                    -  13459,RX QRY,ICAN11bt500,Delay: 100
                    -  13568,RX QRY,ICAN11bt500,Delay: 100
                    -  13678,RX QRY,ICAN11bt500,Delay: 100
                    -  14069,TX MSG,ICAN11bt500,00 00 07 DF 01 40 
                    -  14069,RX QRY,ICAN11bt500,Delay: 100
                    -  14178,RX MSG,ICAN11bt500,00 00 07 DF 
                    -  14178,RX MSG,ICAN11bt500,00 00 07 E9 41 40 C0 00 00 00 
                    -  14178,RX MSG,ICAN11bt500,00 00 07 E8 41 40 FE D0 84 11 
                    -  14178,RX MSG,ICAN11bt500,00 00 07 EF 41 40 C0 00 00 00 
                    -  14178,RX QRY,ICAN11bt500,Delay: 100
                    -  14288,RX QRY,ICAN11bt500,Delay: 100
                    -  14397,RX QRY,ICAN11bt500,Delay: 100
                    -  14507,RX QRY,ICAN11bt500,Delay: 100
                    -  14616,RX QRY,ICAN11bt500,Delay: 100
                    -  15007,TX MSG,ICAN11bt500,00 00 07 DF 01 60 
                    -  15007,RX QRY,ICAN11bt500,Delay: 100
                    -  15116,RX MSG,ICAN11bt500,00 00 07 DF 
                    -  15116,RX MSG,ICAN11bt500,00 00 07 E8 41 60 63 00 00 01 
                    -  15116,RX QRY,ICAN11bt500,Delay: 100
                    -  15226,RX QRY,ICAN11bt500,Delay: 100
                    -  15335,RX QRY,ICAN11bt500,Delay: 100
                    -  15444,RX QRY,ICAN11bt500,Delay: 100
                    -  15554,RX QRY,ICAN11bt500,Delay: 100
                    (0.657 s,F) GetModePID(01, 60) - PID support mask | NoEOL
11:25:18| ... SetupVehicleIsLinked
11:25:18| ... GetCallingProcedure | SetupMyLastCommResult
11:25:18| ... GetCallingProcedure | GetSupportedPIDs
11:25:18| ... GetCallingProcedure | Connect_OBD
11:25:18| ... SetupMyLastCommResult: Success
11:25:18| ... MyLastResult | Success,Unknown,True->True
11:25:18|  (Result:Success,Unknown,True->True)
11:25:18| GetSupportedPIDs | PID60 RspCnt:1
11:25:18| ... GetEcuIdFromAddress
11:25:18| ... ByteArrayToHexString | 07E8
11:25:18| ... ByteArrayToHexString | 63000001
11:25:18| ... DT_DataToString | Adr:07E8,Mod:01,PID:60,Dat:63000001
11:25:18| GetSupportedPIDS | Data-Adr:07E8,Mod:01,PID:60,Dat:63000001
11:25:18| SSBAFOB | MdPID:01,60 ECU:E8 ...  InCnt:4 (63,00,00,01,BC:005) SrtIdx:097
11:25:18| ... SetSupportedBitArrayFromObdBytes | BitAryLen:256  BitSetCnt:047  BAI:4-4,62,63,67,68,80
11:25:18| 2 | GetSupportedPIDs | 1-E8-DBG3 -------------- 0,1,2,3,4,5,6,7, 8,9,A,B,C,D,E,F, G,H,I,J,K,L,M,N, O,P,Q,R,S,T,U,V
11:25:18| 2 | GetSupportedPIDs | 1-E8-DBG3 000-00_00-020: T,T,F,T,T,T,T,T, F,F,F,T,T,T,T,T, F,T,F,T,F,T,F,F, F,F,F,F,T,F,F,T
11:25:18| 2 | GetSupportedPIDs | 1-E8-DBG3 032-20_20-040: T,T,F,T,F,F,F,F, F,F,F,F,F,F,T,T, T,T,F,T,T,F,F,F, F,F,F,F,T,F,F,F
11:25:18| 2 | GetSupportedPIDs | 1-E8-DBG3 064-40_40-060: T,T,T,T,T,T,T,T, F,T,T,F,T,F,F,F, F,T,F,F,F,F,T,F, F,F,F,F,T,F,F,F
11:25:18| 2 | GetSupportedPIDs | 1-E8-DBG3 096-60_60-080: T,F,T,T,F,F,F,T, T,F,F,F,F,F,F,F, F,F,F,F,F,F,F,F, F,F,F,F,F,F,F,F
11:25:18| 2 | GetSupportedPIDs | 1-E8-DBG3 128-80_80-0A0: T,F,F,F,F,F,F,F, F,F,F,F,F,F,F,F, F,F,F,F,F,F,F,F, F,F,F,F,F,F,F,F
11:25:18| 2 | GetSupportedPIDs | 1-E8-DBG3 160-A0_A0-0C0: F,F,F,F,F,F,F,F, F,F,F,F,F,F,F,F, F,F,F,F,F,F,F,F, F,F,F,F,F,F,F,F
11:25:18| 2 | GetSupportedPIDs | 1-E8-DBG3 192-C0_C0-0E0: F,F,F,F,F,F,F,F, F,F,F,F,F,F,F,F, F,F,F,F,F,F,F,F, F,F,F,F,F,F,F,F
11:25:18| 2 | GetSupportedPIDs | 1-E8-DBG3 224-E0_E0-100: F,F,F,F,F,F,F,F, F,F,F,F,F,F,F,F, F,F,F,F,F,F,F,F, F,F,F,F,F,F,F,F  (T:047 F:209)
11:25:18| ... LogBitArray | 8
11:25:18| ... SetupMyLastCommResult: InvalidData
11:25:18| ... DoDad | Action: System.Action | tag: GetModePID(01, 80) - PID support mask
11:25:18| ... GetCallingProcedure | Connect_OBD
11:25:18| ... GetCallingProcedure | lVehiculoLink
11:25:18| ... GetCallingProcedure | VehiculoLink
11:25:18| DoDad-01 | GetModePID(01, 80) - PID support mask (Open:True,999.99 | Connect_OBD,lVehiculoLink,VehiculoLink)
11:25:18| DoDad-01  ClearCommandLog ...
11:25:18| DoDad-01  Invoke ... (GetModePID(01, 80) - PID support mask)
11:25:19| DoDad-01  Invoke ... (GetModePID(01, 80) - PID support mask)  (688)
11:25:19| DoDad-01  CommandLog.Length ...
11:25:19| DoDad-01  CommandLog ... (0)
11:25:19| DoDad-01-CommandLog-Len:180 Siz:180 | iStart: 0
11:25:19| DoDad-01  SerialData.Length ... (2777)
11:25:19| DoDad-01 | GetModePID(01, 80) - PID support mask-SLL:02777,02777-CF:F-DLLInfo:'DAD_DLL_VERSION_16.12.25.0 .. 3.0.7.0'
                    -  DAD_DLL_VERSION_16.12.25.0
                    -  625,TX MSG,JVPW1850,68 6A F1 01 00 
                    -  625,RX QRY,JVPW1850,Delay: 100
                    -  735,RX QRY,JVPW1850,Delay: 100
                    -  844,RX QRY,JVPW1850,Delay: 100
                    -  953,TX MSG,JPWM1850,61 6A F1 01 00 
                    -  969,TX MSG,I914**,33 
                    -  5281,TX MSG,KWPF**,C1 33 F1 81 
                    -  11741,TX MSG,ICAN11bt500,00 00 07 DF 01 00 
                    -  11756,RX QRY,ICAN11bt500,Delay: 100
                    -  11866,RX MSG,ICAN11bt500,00 00 07 DF 
                    -  11866,RX MSG,ICAN11bt500,00 00 07 E8 41 00 BE 3E A8 13 
                    -  11866,RX MSG,ICAN11bt500,00 00 07 E9 41 00 98 18 80 01 
                    -  11866,RX MSG,ICAN11bt500,00 00 07 EF 41 00 98 18 80 01 
                    -  11866,RX QRY,ICAN11bt500,Delay: 100
                    -  11975,RX QRY,ICAN11bt500,Delay: 100
                    -  12194,TX MSG,ICAN11bt500,00 00 07 DF 01 00 
                    -  12194,RX QRY,ICAN11bt500,Delay: 100
                    -  12303,RX MSG,ICAN11bt500,00 00 07 DF 
                    -  12303,RX MSG,ICAN11bt500,00 00 07 E9 41 00 98 18 80 01 
                    -  12303,RX MSG,ICAN11bt500,00 00 07 E8 41 00 BE 3E A8 13 
                    -  12303,RX MSG,ICAN11bt500,00 00 07 EF 41 00 98 18 80 01 
                    -  12303,RX QRY,ICAN11bt500,Delay: 100
                    -  12412,RX QRY,ICAN11bt500,Delay: 100
                    -  12522,RX QRY,ICAN11bt500,Delay: 100
                    -  12631,RX QRY,ICAN11bt500,Delay: 100
                    -  12740,RX QRY,ICAN11bt500,Delay: 100
                    -  13131,TX MSG,ICAN11bt500,00 00 07 DF 01 20 
                    -  13131,RX QRY,ICAN11bt500,Delay: 100
                    -  13240,RX MSG,ICAN11bt500,00 00 07 DF 
                    -  13240,RX MSG,ICAN11bt500,00 00 07 E9 41 20 80 00 00 01 
                    -  13240,RX MSG,ICAN11bt500,00 00 07 E8 41 20 A0 07 B0 11 
                    -  13240,RX MSG,ICAN11bt500,00 00 07 EF 41 20 80 00 00 01 
                    -  13240,RX QRY,ICAN11bt500,Delay: 100
                    -  13350,RX QRY,ICAN11bt500,Delay: 100
                    -  13459,RX QRY,ICAN11bt500,Delay: 100
                    -  13568,RX QRY,ICAN11bt500,Delay: 100
                    -  13678,RX QRY,ICAN11bt500,Delay: 100
                    -  14069,TX MSG,ICAN11bt500,00 00 07 DF 01 40 
                    -  14069,RX QRY,ICAN11bt500,Delay: 100
                    -  14178,RX MSG,ICAN11bt500,00 00 07 DF 
                    -  14178,RX MSG,ICAN11bt500,00 00 07 E9 41 40 C0 00 00 00 
                    -  14178,RX MSG,ICAN11bt500,00 00 07 E8 41 40 FE D0 84 11 
                    -  14178,RX MSG,ICAN11bt500,00 00 07 EF 41 40 C0 00 00 00 
                    -  14178,RX QRY,ICAN11bt500,Delay: 100
                    -  14288,RX QRY,ICAN11bt500,Delay: 100
                    -  14397,RX QRY,ICAN11bt500,Delay: 100
                    -  14507,RX QRY,ICAN11bt500,Delay: 100
                    -  14616,RX QRY,ICAN11bt500,Delay: 100
                    -  15007,TX MSG,ICAN11bt500,00 00 07 DF 01 60 
                    -  15007,RX QRY,ICAN11bt500,Delay: 100
                    -  15116,RX MSG,ICAN11bt500,00 00 07 DF 
                    -  15116,RX MSG,ICAN11bt500,00 00 07 E8 41 60 63 00 00 01 
                    -  15116,RX QRY,ICAN11bt500,Delay: 100
                    -  15226,RX QRY,ICAN11bt500,Delay: 100
                    -  15335,RX QRY,ICAN11bt500,Delay: 100
                    -  15444,RX QRY,ICAN11bt500,Delay: 100
                    -  15554,RX QRY,ICAN11bt500,Delay: 100
                    -  15819,TX MSG,ICAN11bt500,00 00 07 DF 01 80 
                    -  15819,RX QRY,ICAN11bt500,Delay: 100
                    -  15929,RX MSG,ICAN11bt500,00 00 07 DF 
                    -  15929,RX MSG,ICAN11bt500,00 00 07 E8 41 80 00 04 00 0D 
                    -  15929,RX QRY,ICAN11bt500,Delay: 100
                    -  16038,RX QRY,ICAN11bt500,Delay: 100
                    -  16148,RX QRY,ICAN11bt500,Delay: 100
                    -  16257,RX QRY,ICAN11bt500,Delay: 100
                    -  16366,RX QRY,ICAN11bt500,Delay: 100
                    (0.676 s,F) GetModePID(01, 80) - PID support mask | NoEOL
11:25:19| ... SetupVehicleIsLinked
11:25:19| ... GetCallingProcedure | SetupMyLastCommResult
11:25:19| ... GetCallingProcedure | GetSupportedPIDs
11:25:19| ... GetCallingProcedure | Connect_OBD
11:25:19| ... SetupMyLastCommResult: Success
11:25:19| ... MyLastResult | Success,Unknown,True->True
11:25:19|  (Result:Success,Unknown,True->True)
11:25:19| GetSupportedPIDs | PID80 RspCnt:1
11:25:19| ... GetEcuIdFromAddress
11:25:19| ... ByteArrayToHexString | 07E8
11:25:19| ... ByteArrayToHexString | 0004000D
11:25:19| ... DT_DataToString | Adr:07E8,Mod:01,PID:80,Dat:0004000D
11:25:19| GetSupportedPIDS | Data-Adr:07E8,Mod:01,PID:80,Dat:0004000D
11:25:19| SSBAFOB | MdPID:01,80 ECU:E8 ...  InCnt:4 (00,04,00,0D,BC:004) SrtIdx:129
11:25:19| ... SetSupportedBitArrayFromObdBytes | BitAryLen:256  BitSetCnt:051  BAI:4-4,8E,9D,9E,A0
11:25:19| 2 | GetSupportedPIDs | 1-E8-DBG3 -------------- 0,1,2,3,4,5,6,7, 8,9,A,B,C,D,E,F, G,H,I,J,K,L,M,N, O,P,Q,R,S,T,U,V
11:25:19| 2 | GetSupportedPIDs | 1-E8-DBG3 000-00_00-020: T,T,F,T,T,T,T,T, F,F,F,T,T,T,T,T, F,T,F,T,F,T,F,F, F,F,F,F,T,F,F,T
11:25:19| 2 | GetSupportedPIDs | 1-E8-DBG3 032-20_20-040: T,T,F,T,F,F,F,F, F,F,F,F,F,F,T,T, T,T,F,T,T,F,F,F, F,F,F,F,T,F,F,F
11:25:19| 2 | GetSupportedPIDs | 1-E8-DBG3 064-40_40-060: T,T,T,T,T,T,T,T, F,T,T,F,T,F,F,F, F,T,F,F,F,F,T,F, F,F,F,F,T,F,F,F
11:25:19| 2 | GetSupportedPIDs | 1-E8-DBG3 096-60_60-080: T,F,T,T,F,F,F,T, T,F,F,F,F,F,F,F, F,F,F,F,F,F,F,F, F,F,F,F,F,F,F,F
11:25:19| 2 | GetSupportedPIDs | 1-E8-DBG3 128-80_80-0A0: T,F,F,F,F,F,F,F, F,F,F,F,F,F,T,F, F,F,F,F,F,F,F,F, F,F,F,F,F,T,T,F
11:25:19| 2 | GetSupportedPIDs | 1-E8-DBG3 160-A0_A0-0C0: T,F,F,F,F,F,F,F, F,F,F,F,F,F,F,F, F,F,F,F,F,F,F,F, F,F,F,F,F,F,F,F
11:25:19| 2 | GetSupportedPIDs | 1-E8-DBG3 192-C0_C0-0E0: F,F,F,F,F,F,F,F, F,F,F,F,F,F,F,F, F,F,F,F,F,F,F,F, F,F,F,F,F,F,F,F
11:25:19| 2 | GetSupportedPIDs | 1-E8-DBG3 224-E0_E0-100: F,F,F,F,F,F,F,F, F,F,F,F,F,F,F,F, F,F,F,F,F,F,F,F, F,F,F,F,F,F,F,F  (T:051 F:205)
11:25:19| ... LogBitArray | 8
11:25:19| ... SetupMyLastCommResult: InvalidData
11:25:19| ... DoDad | Action: System.Action | tag: GetModePID(01, A0) - PID support mask
11:25:19| ... GetCallingProcedure | Connect_OBD
11:25:19| ... GetCallingProcedure | lVehiculoLink
11:25:19| ... GetCallingProcedure | VehiculoLink
11:25:19| DoDad-01 | GetModePID(01, A0) - PID support mask (Open:True,999.99 | Connect_OBD,lVehiculoLink,VehiculoLink)
11:25:19| DoDad-01  ClearCommandLog ...
11:25:19| DoDad-01  Invoke ... (GetModePID(01, A0) - PID support mask)
11:25:20| DoDad-01  Invoke ... (GetModePID(01, A0) - PID support mask)  (657)
11:25:20| DoDad-01  CommandLog.Length ...
11:25:20| DoDad-01  CommandLog ... (0)
11:25:20| DoDad-01-CommandLog-Len:180 Siz:180 | iStart: 0
11:25:20| DoDad-01  SerialData.Length ... (3140)
11:25:20| DoDad-01 | GetModePID(01, A0) - PID support mask-SLL:03140,03140-CF:F-DLLInfo:'DAD_DLL_VERSION_16.12.25.0 .. 3.0.7.0'
                    -  DAD_DLL_VERSION_16.12.25.0
                    -  625,TX MSG,JVPW1850,68 6A F1 01 00 
                    -  625,RX QRY,JVPW1850,Delay: 100
                    -  735,RX QRY,JVPW1850,Delay: 100
                    -  844,RX QRY,JVPW1850,Delay: 100
                    -  953,TX MSG,JPWM1850,61 6A F1 01 00 
                    -  969,TX MSG,I914**,33 
                    -  5281,TX MSG,KWPF**,C1 33 F1 81 
                    -  11741,TX MSG,ICAN11bt500,00 00 07 DF 01 00 
                    -  11756,RX QRY,ICAN11bt500,Delay: 100
                    -  11866,RX MSG,ICAN11bt500,00 00 07 DF 
                    -  11866,RX MSG,ICAN11bt500,00 00 07 E8 41 00 BE 3E A8 13 
                    -  11866,RX MSG,ICAN11bt500,00 00 07 E9 41 00 98 18 80 01 
                    -  11866,RX MSG,ICAN11bt500,00 00 07 EF 41 00 98 18 80 01 
                    -  11866,RX QRY,ICAN11bt500,Delay: 100
                    -  11975,RX QRY,ICAN11bt500,Delay: 100
                    -  12194,TX MSG,ICAN11bt500,00 00 07 DF 01 00 
                    -  12194,RX QRY,ICAN11bt500,Delay: 100
                    -  12303,RX MSG,ICAN11bt500,00 00 07 DF 
                    -  12303,RX MSG,ICAN11bt500,00 00 07 E9 41 00 98 18 80 01 
                    -  12303,RX MSG,ICAN11bt500,00 00 07 E8 41 00 BE 3E A8 13 
                    -  12303,RX MSG,ICAN11bt500,00 00 07 EF 41 00 98 18 80 01 
                    -  12303,RX QRY,ICAN11bt500,Delay: 100
                    -  12412,RX QRY,ICAN11bt500,Delay: 100
                    -  12522,RX QRY,ICAN11bt500,Delay: 100
                    -  12631,RX QRY,ICAN11bt500,Delay: 100
                    -  12740,RX QRY,ICAN11bt500,Delay: 100
                    -  13131,TX MSG,ICAN11bt500,00 00 07 DF 01 20 
                    -  13131,RX QRY,ICAN11bt500,Delay: 100
                    -  13240,RX MSG,ICAN11bt500,00 00 07 DF 
                    -  13240,RX MSG,ICAN11bt500,00 00 07 E9 41 20 80 00 00 01 
                    -  13240,RX MSG,ICAN11bt500,00 00 07 E8 41 20 A0 07 B0 11 
                    -  13240,RX MSG,ICAN11bt500,00 00 07 EF 41 20 80 00 00 01 
                    -  13240,RX QRY,ICAN11bt500,Delay: 100
                    -  13350,RX QRY,ICAN11bt500,Delay: 100
                    -  13459,RX QRY,ICAN11bt500,Delay: 100
                    -  13568,RX QRY,ICAN11bt500,Delay: 100
                    -  13678,RX QRY,ICAN11bt500,Delay: 100
                    -  14069,TX MSG,ICAN11bt500,00 00 07 DF 01 40 
                    -  14069,RX QRY,ICAN11bt500,Delay: 100
                    -  14178,RX MSG,ICAN11bt500,00 00 07 DF 
                    -  14178,RX MSG,ICAN11bt500,00 00 07 E9 41 40 C0 00 00 00 
                    -  14178,RX MSG,ICAN11bt500,00 00 07 E8 41 40 FE D0 84 11 
                    -  14178,RX MSG,ICAN11bt500,00 00 07 EF 41 40 C0 00 00 00 
                    -  14178,RX QRY,ICAN11bt500,Delay: 100
                    -  14288,RX QRY,ICAN11bt500,Delay: 100
                    -  14397,RX QRY,ICAN11bt500,Delay: 100
                    -  14507,RX QRY,ICAN11bt500,Delay: 100
                    -  14616,RX QRY,ICAN11bt500,Delay: 100
                    -  15007,TX MSG,ICAN11bt500,00 00 07 DF 01 60 
                    -  15007,RX QRY,ICAN11bt500,Delay: 100
                    -  15116,RX MSG,ICAN11bt500,00 00 07 DF 
                    -  15116,RX MSG,ICAN11bt500,00 00 07 E8 41 60 63 00 00 01 
                    -  15116,RX QRY,ICAN11bt500,Delay: 100
                    -  15226,RX QRY,ICAN11bt500,Delay: 100
                    -  15335,RX QRY,ICAN11bt500,Delay: 100
                    -  15444,RX QRY,ICAN11bt500,Delay: 100
                    -  15554,RX QRY,ICAN11bt500,Delay: 100
                    -  15819,TX MSG,ICAN11bt500,00 00 07 DF 01 80 
                    -  15819,RX QRY,ICAN11bt500,Delay: 100
                    -  15929,RX MSG,ICAN11bt500,00 00 07 DF 
                    -  15929,RX MSG,ICAN11bt500,00 00 07 E8 41 80 00 04 00 0D 
                    -  15929,RX QRY,ICAN11bt500,Delay: 100
                    -  16038,RX QRY,ICAN11bt500,Delay: 100
                    -  16148,RX QRY,ICAN11bt500,Delay: 100
                    -  16257,RX QRY,ICAN11bt500,Delay: 100
                    -  16366,RX QRY,ICAN11bt500,Delay: 100
                    -  16623,TX MSG,ICAN11bt500,00 00 07 DF 01 A0 
                    -  16623,RX QRY,ICAN11bt500,Delay: 100
                    -  16732,RX MSG,ICAN11bt500,00 00 07 DF 
                    -  16732,RX MSG,ICAN11bt500,00 00 07 E8 41 A0 04 00 00 00 
                    -  16732,RX QRY,ICAN11bt500,Delay: 100
                    -  16842,RX QRY,ICAN11bt500,Delay: 100
                    -  16951,RX QRY,ICAN11bt500,Delay: 100
                    -  17061,RX QRY,ICAN11bt500,Delay: 100
                    -  17170,RX QRY,ICAN11bt500,Delay: 100
                    (0.656 s,F) GetModePID(01, A0) - PID support mask | NoEOL
11:25:20| ... SetupVehicleIsLinked
11:25:20| ... GetCallingProcedure | SetupMyLastCommResult
11:25:20| ... GetCallingProcedure | GetSupportedPIDs
11:25:20| ... GetCallingProcedure | Connect_OBD
11:25:20| ... SetupMyLastCommResult: Success
11:25:20| ... MyLastResult | Success,Unknown,True->True
11:25:20|  (Result:Success,Unknown,True->True)
11:25:20| GetSupportedPIDs | PIDA0 RspCnt:1
11:25:20| ... GetEcuIdFromAddress
11:25:20| ... ByteArrayToHexString | 07E8
11:25:20| ... ByteArrayToHexString | 04000000
11:25:20| ... DT_DataToString | Adr:07E8,Mod:01,PID:A0,Dat:04000000
11:25:20| GetSupportedPIDS | Data-Adr:07E8,Mod:01,PID:A0,Dat:04000000
11:25:20| SSBAFOB | MdPID:01,A0 ECU:E8 ...  InCnt:4 (04,00,00,00,BC:001) SrtIdx:161
11:25:20| ... SetSupportedBitArrayFromObdBytes | BitAryLen:256  BitSetCnt:052  BAI:4-4,A6
11:25:20| 2 | GetSupportedPIDs | 1-E8-DBG3 -------------- 0,1,2,3,4,5,6,7, 8,9,A,B,C,D,E,F, G,H,I,J,K,L,M,N, O,P,Q,R,S,T,U,V
11:25:20| 2 | GetSupportedPIDs | 1-E8-DBG3 000-00_00-020: T,T,F,T,T,T,T,T, F,F,F,T,T,T,T,T, F,T,F,T,F,T,F,F, F,F,F,F,T,F,F,T
11:25:20| 2 | GetSupportedPIDs | 1-E8-DBG3 032-20_20-040: T,T,F,T,F,F,F,F, F,F,F,F,F,F,T,T, T,T,F,T,T,F,F,F, F,F,F,F,T,F,F,F
11:25:20| 2 | GetSupportedPIDs | 1-E8-DBG3 064-40_40-060: T,T,T,T,T,T,T,T, F,T,T,F,T,F,F,F, F,T,F,F,F,F,T,F, F,F,F,F,T,F,F,F
11:25:20| 2 | GetSupportedPIDs | 1-E8-DBG3 096-60_60-080: T,F,T,T,F,F,F,T, T,F,F,F,F,F,F,F, F,F,F,F,F,F,F,F, F,F,F,F,F,F,F,F
11:25:20| 2 | GetSupportedPIDs | 1-E8-DBG3 128-80_80-0A0: T,F,F,F,F,F,F,F, F,F,F,F,F,F,T,F, F,F,F,F,F,F,F,F, F,F,F,F,F,T,T,F
11:25:20| 2 | GetSupportedPIDs | 1-E8-DBG3 160-A0_A0-0C0: T,F,F,F,F,F,T,F, F,F,F,F,F,F,F,F, F,F,F,F,F,F,F,F, F,F,F,F,F,F,F,F
11:25:20| 2 | GetSupportedPIDs | 1-E8-DBG3 192-C0_C0-0E0: F,F,F,F,F,F,F,F, F,F,F,F,F,F,F,F, F,F,F,F,F,F,F,F, F,F,F,F,F,F,F,F
11:25:20| 2 | GetSupportedPIDs | 1-E8-DBG3 224-E0_E0-100: F,F,F,F,F,F,F,F, F,F,F,F,F,F,F,F, F,F,F,F,F,F,F,F, F,F,F,F,F,F,F,F  (T:052 F:204)
11:25:20| ... LogBitArray | 8
11:25:20| GetSupportedPIDs | Mode:1 ECUCnt:3 PIDSupDicCnt:3
11:25:20| 4 | GetSupportedPIDS | Mode1-ECUE9:-------------- 0,1,2,3,4,5,6,7, 8,9,A,B,C,D,E,F, G,H,I,J,K,L,M,N, O,P,Q,R,S,T,U,V
11:25:20| 4 | GetSupportedPIDS | Mode1-ECUE9:000-00_00-020: T,T,F,F,T,T,F,F, F,F,F,F,T,T,F,F, F,T,F,F,F,F,F,F, F,F,F,F,F,F,F,F
11:25:20| 4 | GetSupportedPIDS | Mode1-ECUE9:032-20_20-040: T,T,F,F,F,F,F,F, F,F,F,F,F,F,F,F, F,F,F,F,F,F,F,F, F,F,F,F,F,F,F,F
11:25:20| 4 | GetSupportedPIDS | Mode1-ECUE9:064-40_40-060: T,T,T,F,F,F,F,F, F,F,F,F,F,F,F,F, F,F,F,F,F,F,F,F, F,F,F,F,F,F,F,F
11:25:20| 4 | GetSupportedPIDS | Mode1-ECUE9:096-60_60-080: F,F,F,F,F,F,F,F, F,F,F,F,F,F,F,F, F,F,F,F,F,F,F,F, F,F,F,F,F,F,F,F
11:25:20| 4 | GetSupportedPIDS | Mode1-ECUE9:128-80_80-0A0: F,F,F,F,F,F,F,F, F,F,F,F,F,F,F,F, F,F,F,F,F,F,F,F, F,F,F,F,F,F,F,F
11:25:20| 4 | GetSupportedPIDS | Mode1-ECUE9:160-A0_A0-0C0: F,F,F,F,F,F,F,F, F,F,F,F,F,F,F,F, F,F,F,F,F,F,F,F, F,F,F,F,F,F,F,F
11:25:20| 4 | GetSupportedPIDS | Mode1-ECUE9:192-C0_C0-0E0: F,F,F,F,F,F,F,F, F,F,F,F,F,F,F,F, F,F,F,F,F,F,F,F, F,F,F,F,F,F,F,F
11:25:20| 4 | GetSupportedPIDS | Mode1-ECUE9:224-E0_E0-100: F,F,F,F,F,F,F,F, F,F,F,F,F,F,F,F, F,F,F,F,F,F,F,F, F,F,F,F,F,F,F,F  (T:012 F:244)
11:25:20| ... LogBitArray | 8
11:25:20| 4 | GetSupportedPIDS | Mode1-ECUE8:-------------- 0,1,2,3,4,5,6,7, 8,9,A,B,C,D,E,F, G,H,I,J,K,L,M,N, O,P,Q,R,S,T,U,V
11:25:20| 4 | GetSupportedPIDS | Mode1-ECUE8:000-00_00-020: T,T,F,T,T,T,T,T, F,F,F,T,T,T,T,T, F,T,F,T,F,T,F,F, F,F,F,F,T,F,F,T
11:25:20| 4 | GetSupportedPIDS | Mode1-ECUE8:032-20_20-040: T,T,F,T,F,F,F,F, F,F,F,F,F,F,T,T, T,T,F,T,T,F,F,F, F,F,F,F,T,F,F,F
11:25:20| 4 | GetSupportedPIDS | Mode1-ECUE8:064-40_40-060: T,T,T,T,T,T,T,T, F,T,T,F,T,F,F,F, F,T,F,F,F,F,T,F, F,F,F,F,T,F,F,F
11:25:20| 4 | GetSupportedPIDS | Mode1-ECUE8:096-60_60-080: T,F,T,T,F,F,F,T, T,F,F,F,F,F,F,F, F,F,F,F,F,F,F,F, F,F,F,F,F,F,F,F
11:25:20| 4 | GetSupportedPIDS | Mode1-ECUE8:128-80_80-0A0: T,F,F,F,F,F,F,F, F,F,F,F,F,F,T,F, F,F,F,F,F,F,F,F, F,F,F,F,F,T,T,F
11:25:20| 4 | GetSupportedPIDS | Mode1-ECUE8:160-A0_A0-0C0: T,F,F,F,F,F,T,F, F,F,F,F,F,F,F,F, F,F,F,F,F,F,F,F, F,F,F,F,F,F,F,F
11:25:20| 4 | GetSupportedPIDS | Mode1-ECUE8:192-C0_C0-0E0: F,F,F,F,F,F,F,F, F,F,F,F,F,F,F,F, F,F,F,F,F,F,F,F, F,F,F,F,F,F,F,F
11:25:20| 4 | GetSupportedPIDS | Mode1-ECUE8:224-E0_E0-100: F,F,F,F,F,F,F,F, F,F,F,F,F,F,F,F, F,F,F,F,F,F,F,F, F,F,F,F,F,F,F,F  (T:052 F:204)
11:25:20| ... LogBitArray | 8
11:25:20| 4 | GetSupportedPIDS | Mode1-ECUEF:-------------- 0,1,2,3,4,5,6,7, 8,9,A,B,C,D,E,F, G,H,I,J,K,L,M,N, O,P,Q,R,S,T,U,V
11:25:20| 4 | GetSupportedPIDS | Mode1-ECUEF:000-00_00-020: T,T,F,F,T,T,F,F, F,F,F,F,T,T,F,F, F,T,F,F,F,F,F,F, F,F,F,F,F,F,F,F
11:25:20| 4 | GetSupportedPIDS | Mode1-ECUEF:032-20_20-040: T,T,F,F,F,F,F,F, F,F,F,F,F,F,F,F, F,F,F,F,F,F,F,F, F,F,F,F,F,F,F,F
11:25:20| 4 | GetSupportedPIDS | Mode1-ECUEF:064-40_40-060: T,T,T,F,F,F,F,F, F,F,F,F,F,F,F,F, F,F,F,F,F,F,F,F, F,F,F,F,F,F,F,F
11:25:20| 4 | GetSupportedPIDS | Mode1-ECUEF:096-60_60-080: F,F,F,F,F,F,F,F, F,F,F,F,F,F,F,F, F,F,F,F,F,F,F,F, F,F,F,F,F,F,F,F
11:25:20| 4 | GetSupportedPIDS | Mode1-ECUEF:128-80_80-0A0: F,F,F,F,F,F,F,F, F,F,F,F,F,F,F,F, F,F,F,F,F,F,F,F, F,F,F,F,F,F,F,F
11:25:20| 4 | GetSupportedPIDS | Mode1-ECUEF:160-A0_A0-0C0: F,F,F,F,F,F,F,F, F,F,F,F,F,F,F,F, F,F,F,F,F,F,F,F, F,F,F,F,F,F,F,F
11:25:20| 4 | GetSupportedPIDS | Mode1-ECUEF:192-C0_C0-0E0: F,F,F,F,F,F,F,F, F,F,F,F,F,F,F,F, F,F,F,F,F,F,F,F, F,F,F,F,F,F,F,F
11:25:20| 4 | GetSupportedPIDS | Mode1-ECUEF:224-E0_E0-100: F,F,F,F,F,F,F,F, F,F,F,F,F,F,F,F, F,F,F,F,F,F,F,F, F,F,F,F,F,F,F,F  (T:012 F:244)
11:25:20| ... LogBitArray | 8
11:25:20| 2 | GetSupportedPIDs | 1-ECUxx -------------- 0,1,2,3,4,5,6,7, 8,9,A,B,C,D,E,F, G,H,I,J,K,L,M,N, O,P,Q,R,S,T,U,V
11:25:20| 2 | GetSupportedPIDs | 1-ECUxx 000-00_00-020: T,T,F,T,T,T,T,T, F,F,F,T,T,T,T,T, F,T,F,T,F,T,F,F, F,F,F,F,T,F,F,T
11:25:20| 2 | GetSupportedPIDs | 1-ECUxx 032-20_20-040: T,T,F,T,F,F,F,F, F,F,F,F,F,F,T,T, T,T,F,T,T,F,F,F, F,F,F,F,T,F,F,F
11:25:20| 2 | GetSupportedPIDs | 1-ECUxx 064-40_40-060: T,T,T,T,T,T,T,T, F,T,T,F,T,F,F,F, F,T,F,F,F,F,T,F, F,F,F,F,T,F,F,F
11:25:20| 2 | GetSupportedPIDs | 1-ECUxx 096-60_60-080: T,F,T,T,F,F,F,T, T,F,F,F,F,F,F,F, F,F,F,F,F,F,F,F, F,F,F,F,F,F,F,F
11:25:20| 2 | GetSupportedPIDs | 1-ECUxx 128-80_80-0A0: T,F,F,F,F,F,F,F, F,F,F,F,F,F,T,F, F,F,F,F,F,F,F,F, F,F,F,F,F,T,T,F
11:25:20| 2 | GetSupportedPIDs | 1-ECUxx 160-A0_A0-0C0: T,F,F,F,F,F,T,F, F,F,F,F,F,F,F,F, F,F,F,F,F,F,F,F, F,F,F,F,F,F,F,F
11:25:20| 2 | GetSupportedPIDs | 1-ECUxx 192-C0_C0-0E0: F,F,F,F,F,F,F,F, F,F,F,F,F,F,F,F, F,F,F,F,F,F,F,F, F,F,F,F,F,F,F,F
11:25:20| 2 | GetSupportedPIDs | 1-ECUxx 224-E0_E0-100: F,F,F,F,F,F,F,F, F,F,F,F,F,F,F,F, F,F,F,F,F,F,F,F, F,F,F,F,F,F,F,F  (T:052 F:204)
11:25:20| ... LogBitArray | 8
11:25:20| GetSupportedPIDs | PIDCnt-1-E9:012, E8:052, EF:012  (TPC:52)
11:25:20| ... DictValueSortDesc
11:25:20| DVSD | E9:012,E8:052,EF:012->E8:052,E9:012,EF:012
11:25:20| GetSupportedPIDs | Mode:1 PIDs-'052:00 01 03 04 05 06 07 0B 0C 0D 0E 0F 11 13 15 1C 1F 20 21 23 2E 2F 30 31 33 34 3C 40 41 42 43 44 45 46 47 49 4A 4C 51 56 5C 60 62 63 67 68 80 8E 9D 9E A0 A6
11:25:20|  GetSupportedPIDs | Ending ... Success:TrueTrueTrueTrueTrueTrue 1-E8:052 1-E9:012 1-EF:012
11:25:20| ReleaseDAD |  Starting ... Cnt:00002,01 (Connect)
11:25:20| ... ReleaseDAD | Success ... Cnt:00002,00 Opn:T (Connect, Connect)
11:25:20| ... Connect | 2
11:25:20| ... SetupVehicleIsLinked
11:25:20| ... GetCallingProcedure | Connect_OBD
11:25:20| ... GetCallingProcedure | lVehiculoLink
11:25:20| ... GetCallingProcedure | VehiculoLink
11:25:20| SVLI | VehicleIsLinked:'True'->'?'  (Connect_OBD,lVehiculoLink,VehiculoLink)
11:25:20| ... SetupVehicleIsLinked
11:25:20| ... GetCallingProcedure | Connect_OBD
11:25:20| ... GetCallingProcedure | lVehiculoLink
11:25:20| ... GetCallingProcedure | VehiculoLink
11:25:20| SVLI | VehicleIsLinked:'?'->'True'  (Connect_OBD,lVehiculoLink,VehiculoLink)
11:25:20| ... Connect | 3 | Connect_Succeeded = True
11:25:20| ... MyLastResult | Success,Unknown,?->True
11:25:20| Connect | Rslt:True EECUID:E8 ECUs:3-(EF:012,E9:012,E8:052->E8:052,E9:012,EF:012,) Prot:'CAN11', 'CAN11' PC:52  (Success,Unknown,?->True, 17.64) (lVehiculoLink,VehiculoLink,VehTest)
11:25:20| ... DecrementActiveCount | 0
11:25:20| ... GetCallingProcedure | OpusIMCleanOBDdrv.Module1:Connect_OBD
11:25:20| ... GetCallingProcedure | OpusIMCleanOBDdrv.Module1:lVehiculoLink
11:25:20| ... GetCallingProcedure | OpusIMCleanOBDdrv.IMCleanOBD:VehiculoLink
11:25:20| ... LocalDecrementActiveCount | 0
11:25:20|  
11:25:20| ... Get MON >>>-----------------------------------------------------------------------
11:25:20| ... SetupMyLastCommResult: ConditionsNotCorrect
11:25:20| ... DoDad | Action: System.Action | tag: GetModePID(01, 01) - Readiness, DTC count, MIL
11:25:20| ... GetCallingProcedure | lVehiculoLink
11:25:20| ... GetCallingProcedure | VehiculoLink
11:25:20| ... GetCallingProcedure | VehTest
11:25:20| DoDad-01 | GetModePID(01, 01) - Readiness, DTC count, MIL (Open:True,999.99 | lVehiculoLink,VehiculoLink,VehTest)
11:25:20| DoDad-01  ClearCommandLog ...
11:25:20| DoDad-01  Invoke ... (GetModePID(01, 01) - Readiness, DTC count, MIL)
11:25:21| DoDad-01  Invoke ... (GetModePID(01, 01) - Readiness, DTC count, MIL)  (656)
11:25:21| DoDad-01  CommandLog.Length ...
11:25:21| DoDad-01  CommandLog ... (0)
11:25:21| DoDad-01-CommandLog-Len:283 Siz:283 | iStart: 0
11:25:21| DoDad-01  SerialData.Length ... (481)
11:25:21| DoDad-01 | GetModePID(01, 01) - Readiness, DTC count, MIL-SLL:00481,00481-CF:F-DLLInfo:'DAD_DLL_VERSION_16.12.25.0 .. 3.0.7.0'
                    -  DAD_DLL_VERSION_16.12.25.0
                    -  31,TX MSG,ICAN11bt500,00 00 07 DF 01 01 
                    -  31,RX QRY,ICAN11bt500,Delay: 100
                    -  140,RX MSG,ICAN11bt500,00 00 07 DF 
                    -  140,RX MSG,ICAN11bt500,00 00 07 E9 41 01 00 04 00 00 
                    -  140,RX MSG,ICAN11bt500,00 00 07 E8 41 01 00 07 E1 00 
                    -  140,RX MSG,ICAN11bt500,00 00 07 EF 41 01 00 04 00 00 
                    -  140,RX QRY,ICAN11bt500,Delay: 100
                    -  250,RX QRY,ICAN11bt500,Delay: 100
                    -  359,RX QRY,ICAN11bt500,Delay: 100
                    -  469,RX QRY,ICAN11bt500,Delay: 100
                    -  578,RX QRY,ICAN11bt500,Delay: 100
                    (0.657 s,F) GetModePID(01, 01) - Readiness, DTC count, MIL | NoEOL
11:25:21| DECODE_Bus: DAD_DLL_VERSION_16.12.25.0
3.0.7.0

31,TX MSG,ICAN11bt500,00 00 07 DF 01 01 
140,RX MSG,ICAN11bt500,00 00 07 DF 
140,RX MSG,ICAN11bt500,00 00 07 E9 41 01 00 04 00 00 
140,RX MSG,ICAN11bt500,00 00 07 E8 41 01 00 07 E1 00 
140,RX MSG,ICAN11bt500,00 00 07 EF 41 01 00 04 00 00 

11:25:21| DECODE_MIL: 00 00 07 E8 41 01 00 07 E1 00
11:25:21| zipESP: 00 00 07 E8 41 01 00 07 E1 00 | 000007E841010007E100
11:25:21| DECODE_MIL dato: 0007E100
11:25:21| Status: 0007E100
11:25:21| A: 00 | 0 | 00000000
11:25:21| B: 07 | 7 | 00000111
11:25:21| C: E1 | 225 | 11100001
11:25:21| D: 00 | 0 | 00000000
11:25:21| sr | Get MON: 0 | 3
11:25:21|  
11:25:21| ... Get DTC >>>-----------------------------------------------------------------------
11:25:21| ... SetupMyLastCommResult: ConditionsNotCorrect
11:25:21| ... DoDad | Action: System.Action | tag: GetModePID(03, 00) - DTC count, MIL
11:25:21| ... GetCallingProcedure | lVehiculoLink
11:25:21| ... GetCallingProcedure | VehiculoLink
11:25:21| ... GetCallingProcedure | VehTest
11:25:21| DoDad-01 | GetModePID(03, 00) - DTC count, MIL (Open:True,999.99 | lVehiculoLink,VehiculoLink,VehTest)
11:25:21| DoDad-01  ClearCommandLog ...
11:25:21| DoDad-01  Invoke ... (GetModePID(03, 00) - DTC count, MIL)
11:25:21| DoDad-01  Invoke ... (GetModePID(03, 00) - DTC count, MIL)  (672)
11:25:21| DoDad-01  CommandLog.Length ...
11:25:21| DoDad-01  CommandLog ... (0)
11:25:21| DoDad-01-CommandLog-Len:244 Siz:244 | iStart: 0
11:25:21| DoDad-01  SerialData.Length ... (442)
11:25:21| DoDad-01 | GetModePID(03, 00) - DTC count, MIL-SLL:00442,00442-CF:F-DLLInfo:'DAD_DLL_VERSION_16.12.25.0 .. 3.0.7.0'
                    -  DAD_DLL_VERSION_16.12.25.0
                    -  31,TX MSG,ICAN11bt500,00 00 07 DF 03 
                    -  31,RX QRY,ICAN11bt500,Delay: 100
                    -  140,RX MSG,ICAN11bt500,00 00 07 DF 
                    -  140,RX MSG,ICAN11bt500,00 00 07 E9 43 00 
                    -  140,RX MSG,ICAN11bt500,00 00 07 E8 43 00 
                    -  140,RX MSG,ICAN11bt500,00 00 07 EF 43 00 
                    -  140,RX QRY,ICAN11bt500,Delay: 100
                    -  250,RX QRY,ICAN11bt500,Delay: 100
                    -  359,RX QRY,ICAN11bt500,Delay: 100
                    -  470,RX QRY,ICAN11bt500,Delay: 100
                    -  579,RX QRY,ICAN11bt500,Delay: 100
                    (0.673 s,F) GetModePID(03, 00) - DTC count, MIL | NoEOL
11:25:21| DECODE_Bus: DAD_DLL_VERSION_16.12.25.0
3.0.7.0

31,TX MSG,ICAN11bt500,00 00 07 DF 03 
140,RX MSG,ICAN11bt500,00 00 07 DF 
140,RX MSG,ICAN11bt500,00 00 07 E9 43 00 
140,RX MSG,ICAN11bt500,00 00 07 E8 43 00 
140,RX MSG,ICAN11bt500,00 00 07 EF 43 00 

11:25:21| ... DECODE_DTC: 00 00 07 E8 43 00
11:25:21| zipESP: 00 00 07 E8 43 00 | 000007E84300
11:25:21| sr | Get DTC: 0 | 3
11:25:21|  
11:25:22| ... (01, 1F) Tmp. Encendido >>>-----------------------------------------------------------------------
11:25:22| ... SetupMyLastCommResult: ConditionsNotCorrect
11:25:22| ... DoDad | Action: System.Action | tag: GetModePID(01, 1F) - Tmp. Encendido
11:25:22| ... GetCallingProcedure | lVehiculoLink
11:25:22| ... GetCallingProcedure | VehiculoLink
11:25:22| ... GetCallingProcedure | VehTest
11:25:22| DoDad-01 | GetModePID(01, 1F) - Tmp. Encendido (Open:True,999.99 | lVehiculoLink,VehiculoLink,VehTest)
11:25:22| DoDad-01  ClearCommandLog ...
11:25:22| DoDad-01  Invoke ... (GetModePID(01, 1F) - Tmp. Encendido)
11:25:22| DoDad-01  Invoke ... (GetModePID(01, 1F) - Tmp. Encendido)  (656)
11:25:22| DoDad-01  CommandLog.Length ...
11:25:22| DoDad-01  CommandLog ... (0)
11:25:22| DoDad-01-CommandLog-Len:167 Siz:167 | iStart: 0
11:25:22| DoDad-01  SerialData.Length ... (365)
11:25:22| DoDad-01 | GetModePID(01, 1F) - Tmp. Encendido-SLL:00365,00365-CF:F-DLLInfo:'DAD_DLL_VERSION_16.12.25.0 .. 3.0.7.0'
                    -  DAD_DLL_VERSION_16.12.25.0
                    -  31,TX MSG,ICAN11bt500,00 00 07 DF 01 1F 
                    -  31,RX QRY,ICAN11bt500,Delay: 100
                    -  140,RX MSG,ICAN11bt500,00 00 07 DF 
                    -  140,RX MSG,ICAN11bt500,00 00 07 E8 41 1F 00 19 
                    -  140,RX QRY,ICAN11bt500,Delay: 100
                    -  250,RX QRY,ICAN11bt500,Delay: 100
                    -  359,RX QRY,ICAN11bt500,Delay: 100
                    -  469,RX QRY,ICAN11bt500,Delay: 100
                    -  578,RX QRY,ICAN11bt500,Delay: 100
                    (0.672 s,F) GetModePID(01, 1F) - Tmp. Encendido | NoEOL
11:25:22| DECODE_Bus: DAD_DLL_VERSION_16.12.25.0
3.0.7.0

31,TX MSG,ICAN11bt500,00 00 07 DF 01 1F 
140,RX MSG,ICAN11bt500,00 00 07 DF 
140,RX MSG,ICAN11bt500,00 00 07 E8 41 1F 00 19 

11:25:22| sr | Tmp. Encendido: 0 | 1
11:25:22|  
11:25:22| ... (01, 21) Distancia MIL >>>-----------------------------------------------------------------------
11:25:22| ... SetupMyLastCommResult: ConditionsNotCorrect
11:25:22| ... DoDad | Action: System.Action | tag: GetModePID(01, 21) - Distancia MIL
11:25:22| ... GetCallingProcedure | lVehiculoLink
11:25:22| ... GetCallingProcedure | VehiculoLink
11:25:22| ... GetCallingProcedure | VehTest
11:25:22| DoDad-01 | GetModePID(01, 21) - Distancia MIL (Open:True,999.99 | lVehiculoLink,VehiculoLink,VehTest)
11:25:22| DoDad-01  ClearCommandLog ...
11:25:22| DoDad-01  Invoke ... (GetModePID(01, 21) - Distancia MIL)
11:25:23| DoDad-01  Invoke ... (GetModePID(01, 21) - Distancia MIL)  (672)
11:25:23| DoDad-01  CommandLog.Length ...
11:25:23| DoDad-01  CommandLog ... (0)
11:25:23| DoDad-01-CommandLog-Len:167 Siz:167 | iStart: 0
11:25:23| DoDad-01  SerialData.Length ... (365)
11:25:23| DoDad-01 | GetModePID(01, 21) - Distancia MIL-SLL:00365,00365-CF:F-DLLInfo:'DAD_DLL_VERSION_16.12.25.0 .. 3.0.7.0'
                    -  DAD_DLL_VERSION_16.12.25.0
                    -  46,TX MSG,ICAN11bt500,00 00 07 DF 01 15 
                    -  46,RX QRY,ICAN11bt500,Delay: 100
                    -  156,RX MSG,ICAN11bt500,00 00 07 DF 
                    -  156,RX MSG,ICAN11bt500,00 00 07 E8 41 15 FA FF 
                    -  156,RX QRY,ICAN11bt500,Delay: 100
                    -  265,RX QRY,ICAN11bt500,Delay: 100
                    -  375,RX QRY,ICAN11bt500,Delay: 100
                    -  484,RX QRY,ICAN11bt500,Delay: 100
                    -  593,RX QRY,ICAN11bt500,Delay: 100
                    (0.672 s,F) GetModePID(01, 21) - Distancia MIL | NoEOL
11:25:23| DECODE_Bus: DAD_DLL_VERSION_16.12.25.0
3.0.7.0

46,TX MSG,ICAN11bt500,00 00 07 DF 01 15 
156,RX MSG,ICAN11bt500,00 00 07 DF 
156,RX MSG,ICAN11bt500,00 00 07 E8 41 15 FA FF 

11:25:23| sr | Distancia MIL: 0 | 1
11:25:23|  
11:25:23| ... (01, 31) Distancia MIL Borrada >>>-----------------------------------------------------------------------
11:25:23| ... SetupMyLastCommResult: ConditionsNotCorrect
11:25:23| ... DoDad | Action: System.Action | tag: GetModePID(01, 31) - Distancia MIL Borrada
11:25:23| ... GetCallingProcedure | lVehiculoLink
11:25:23| ... GetCallingProcedure | VehiculoLink
11:25:23| ... GetCallingProcedure | VehTest
11:25:23| DoDad-01 | GetModePID(01, 31) - Distancia MIL Borrada (Open:True,999.99 | lVehiculoLink,VehiculoLink,VehTest)
11:25:23| DoDad-01  ClearCommandLog ...
11:25:23| DoDad-01  Invoke ... (GetModePID(01, 31) - Distancia MIL Borrada)
11:25:24| DoDad-01  Invoke ... (GetModePID(01, 31) - Distancia MIL Borrada)  (672)
11:25:24| DoDad-01  CommandLog.Length ...
11:25:24| DoDad-01  CommandLog ... (0)
11:25:24| DoDad-01-CommandLog-Len:167 Siz:167 | iStart: 0
11:25:24| DoDad-01  SerialData.Length ... (365)
11:25:24| DoDad-01 | GetModePID(01, 31) - Distancia MIL Borrada-SLL:00365,00365-CF:F-DLLInfo:'DAD_DLL_VERSION_16.12.25.0 .. 3.0.7.0'
                    -  DAD_DLL_VERSION_16.12.25.0
                    -  31,TX MSG,ICAN11bt500,00 00 07 DF 01 1F 
                    -  31,RX QRY,ICAN11bt500,Delay: 100
                    -  140,RX MSG,ICAN11bt500,00 00 07 DF 
                    -  140,RX MSG,ICAN11bt500,00 00 07 E8 41 1F 00 1B 
                    -  140,RX QRY,ICAN11bt500,Delay: 100
                    -  250,RX QRY,ICAN11bt500,Delay: 100
                    -  359,RX QRY,ICAN11bt500,Delay: 100
                    -  468,RX QRY,ICAN11bt500,Delay: 100
                    -  578,RX QRY,ICAN11bt500,Delay: 100
                    (0.672 s,F) GetModePID(01, 31) - Distancia MIL Borrada | NoEOL
11:25:24| DECODE_Bus: DAD_DLL_VERSION_16.12.25.0
3.0.7.0

31,TX MSG,ICAN11bt500,00 00 07 DF 01 1F 
140,RX MSG,ICAN11bt500,00 00 07 DF 
140,RX MSG,ICAN11bt500,00 00 07 E8 41 1F 00 1B 

11:25:24| sr | Distancia MIL Borrada: 0 | 1
11:25:24|  
11:25:24| ... (01, 33) Presion Barometrica Kpa >>>-----------------------------------------------------------------------
11:25:24| ... SetupMyLastCommResult: ConditionsNotCorrect
11:25:24| ... DoDad | Action: System.Action | tag: GetModePID(01, 33) - Presion Barometrica Kpa
11:25:24| ... GetCallingProcedure | lVehiculoLink
11:25:24| ... GetCallingProcedure | VehiculoLink
11:25:24| ... GetCallingProcedure | VehTest
11:25:24| DoDad-01 | GetModePID(01, 33) - Presion Barometrica Kpa (Open:True,999.99 | lVehiculoLink,VehiculoLink,VehTest)
11:25:24| DoDad-01  ClearCommandLog ...
11:25:24| DoDad-01  Invoke ... (GetModePID(01, 33) - Presion Barometrica Kpa)
11:25:24| DoDad-01  Invoke ... (GetModePID(01, 33) - Presion Barometrica Kpa)  (672)
11:25:24| DoDad-01  CommandLog.Length ...
11:25:24| DoDad-01  CommandLog ... (0)
11:25:24| DoDad-01-CommandLog-Len:265 Siz:265 | iStart: 0
11:25:24| DoDad-01  SerialData.Length ... (463)
11:25:24| DoDad-01 | GetModePID(01, 33) - Presion Barometrica Kpa-SLL:00463,00463-CF:F-DLLInfo:'DAD_DLL_VERSION_16.12.25.0 .. 3.0.7.0'
                    -  DAD_DLL_VERSION_16.12.25.0
                    -  31,TX MSG,ICAN11bt500,00 00 07 DF 01 21 
                    -  46,RX QRY,ICAN11bt500,Delay: 100
                    -  156,RX MSG,ICAN11bt500,00 00 07 DF 
                    -  156,RX MSG,ICAN11bt500,00 00 07 E9 41 21 00 00 
                    -  156,RX MSG,ICAN11bt500,00 00 07 E8 41 21 00 00 
                    -  156,RX MSG,ICAN11bt500,00 00 07 EF 41 21 00 00 
                    -  156,RX QRY,ICAN11bt500,Delay: 100
                    -  265,RX QRY,ICAN11bt500,Delay: 100
                    -  375,RX QRY,ICAN11bt500,Delay: 100
                    -  484,RX QRY,ICAN11bt500,Delay: 100
                    -  593,RX QRY,ICAN11bt500,Delay: 100
                    (0.672 s,F) GetModePID(01, 33) - Presion Barometrica Kpa | NoEOL
11:25:24| DECODE_Bus: DAD_DLL_VERSION_16.12.25.0
3.0.7.0

31,TX MSG,ICAN11bt500,00 00 07 DF 01 21 
156,RX MSG,ICAN11bt500,00 00 07 DF 
156,RX MSG,ICAN11bt500,00 00 07 E9 41 21 00 00 
156,RX MSG,ICAN11bt500,00 00 07 E8 41 21 00 00 
156,RX MSG,ICAN11bt500,00 00 07 EF 41 21 00 00 

11:25:24| sr | Presion Barometrica Kpa: 0 | 3
11:25:24|  
11:25:24| ... (01, 4D) Tmp MIL on >>>-----------------------------------------------------------------------
11:25:24| ... SetupMyLastCommResult: ConditionsNotCorrect
11:25:24| ... DoDad | Action: System.Action | tag: GetModePID(01, 4D) - Tmp MIL on
11:25:24| ... GetCallingProcedure | lVehiculoLink
11:25:24| ... GetCallingProcedure | VehiculoLink
11:25:24| ... GetCallingProcedure | VehTest
11:25:24| DoDad-01 | GetModePID(01, 4D) - Tmp MIL on (Open:True,999.99 | lVehiculoLink,VehiculoLink,VehTest)
11:25:24| DoDad-01  ClearCommandLog ...
11:25:24| DoDad-01  Invoke ... (GetModePID(01, 4D) - Tmp MIL on)
11:25:25| DoDad-01  Invoke ... (GetModePID(01, 4D) - Tmp MIL on)  (672)
11:25:25| DoDad-01  CommandLog.Length ...
11:25:25| DoDad-01  CommandLog ... (0)
11:25:25| DoDad-01-CommandLog-Len:118 Siz:118 | iStart: 0
11:25:25| DoDad-01  SerialData.Length ... (316)
11:25:25| DoDad-01 | GetModePID(01, 4D) - Tmp MIL on-SLL:00316,00316-CF:F-DLLInfo:'DAD_DLL_VERSION_16.12.25.0 .. 3.0.7.0'
                    -  DAD_DLL_VERSION_16.12.25.0
                    -  46,TX MSG,ICAN11bt500,00 00 07 DF 01 4D 
                    -  46,RX QRY,ICAN11bt500,Delay: 100
                    -  156,RX MSG,ICAN11bt500,00 00 07 DF 
                    -  156,RX QRY,ICAN11bt500,Delay: 100
                    -  265,RX QRY,ICAN11bt500,Delay: 100
                    -  374,RX QRY,ICAN11bt500,Delay: 100
                    -  484,RX QRY,ICAN11bt500,Delay: 100
                    -  593,RX QRY,ICAN11bt500,Delay: 100
                    (0.672 s,F) GetModePID(01, 4D) - Tmp MIL on | NoEOL
11:25:25|  
11:25:25| ... (01, 51) Tipo Combustible >>>-----------------------------------------------------------------------
11:25:25| ... SetupMyLastCommResult: ConditionsNotCorrect
11:25:25| ... DoDad | Action: System.Action | tag: GetModePID(01, 51) - Tipo Combustible
11:25:25| ... GetCallingProcedure | lVehiculoLink
11:25:25| ... GetCallingProcedure | VehiculoLink
11:25:25| ... GetCallingProcedure | VehTest
11:25:25| DoDad-01 | GetModePID(01, 51) - Tipo Combustible (Open:True,999.99 | lVehiculoLink,VehiculoLink,VehTest)
11:25:25| DoDad-01  ClearCommandLog ...
11:25:25| DoDad-01  Invoke ... (GetModePID(01, 51) - Tipo Combustible)
11:25:26| DoDad-01  Invoke ... (GetModePID(01, 51) - Tipo Combustible)  (657)
11:25:26| DoDad-01  CommandLog.Length ...
11:25:26| DoDad-01  CommandLog ... (0)
11:25:26| DoDad-01-CommandLog-Len:164 Siz:164 | iStart: 0
11:25:26| DoDad-01  SerialData.Length ... (362)
11:25:26| DoDad-01 | GetModePID(01, 51) - Tipo Combustible-SLL:00362,00362-CF:F-DLLInfo:'DAD_DLL_VERSION_16.12.25.0 .. 3.0.7.0'
                    -  DAD_DLL_VERSION_16.12.25.0
                    -  31,TX MSG,ICAN11bt500,00 00 07 DF 01 33 
                    -  31,RX QRY,ICAN11bt500,Delay: 100
                    -  140,RX MSG,ICAN11bt500,00 00 07 DF 
                    -  140,RX MSG,ICAN11bt500,00 00 07 E8 41 33 4E 
                    -  140,RX QRY,ICAN11bt500,Delay: 100
                    -  250,RX QRY,ICAN11bt500,Delay: 100
                    -  359,RX QRY,ICAN11bt500,Delay: 100
                    -  468,RX QRY,ICAN11bt500,Delay: 100
                    -  578,RX QRY,ICAN11bt500,Delay: 100
                    (0.672 s,F) GetModePID(01, 51) - Tipo Combustible | NoEOL
11:25:26| DECODE_Bus: DAD_DLL_VERSION_16.12.25.0
3.0.7.0

31,TX MSG,ICAN11bt500,00 00 07 DF 01 33 
140,RX MSG,ICAN11bt500,00 00 07 DF 
140,RX MSG,ICAN11bt500,00 00 07 E8 41 33 4E 

11:25:26| sr | Tipo Combustible: 0 | 1
11:25:26|  
11:25:26| ... (01, 7F) Tmp Marcha Motor >>>-----------------------------------------------------------------------
11:25:26| ... SetupMyLastCommResult: ConditionsNotCorrect
11:25:26| ... DoDad | Action: System.Action | tag: GetModePID(01, 7F) - Tmp Marcha Motor
11:25:26| ... GetCallingProcedure | lVehiculoLink
11:25:26| ... GetCallingProcedure | VehiculoLink
11:25:26| ... GetCallingProcedure | VehTest
11:25:26| DoDad-01 | GetModePID(01, 7F) - Tmp Marcha Motor (Open:True,999.99 | lVehiculoLink,VehiculoLink,VehTest)
11:25:26| DoDad-01  ClearCommandLog ...
11:25:26| DoDad-01  Invoke ... (GetModePID(01, 7F) - Tmp Marcha Motor)
11:25:27| DoDad-01  Invoke ... (GetModePID(01, 7F) - Tmp Marcha Motor)  (672)
11:25:27| DoDad-01  CommandLog.Length ...
11:25:27| DoDad-01  CommandLog ... (0)
11:25:27| DoDad-01-CommandLog-Len:118 Siz:118 | iStart: 0
11:25:27| DoDad-01  SerialData.Length ... (316)
11:25:27| DoDad-01 | GetModePID(01, 7F) - Tmp Marcha Motor-SLL:00316,00316-CF:F-DLLInfo:'DAD_DLL_VERSION_16.12.25.0 .. 3.0.7.0'
                    -  DAD_DLL_VERSION_16.12.25.0
                    -  31,TX MSG,ICAN11bt500,00 00 07 DF 01 7F 
                    -  46,RX QRY,ICAN11bt500,Delay: 100
                    -  158,RX MSG,ICAN11bt500,00 00 07 DF 
                    -  158,RX QRY,ICAN11bt500,Delay: 100
                    -  268,RX QRY,ICAN11bt500,Delay: 100
                    -  377,RX QRY,ICAN11bt500,Delay: 100
                    -  487,RX QRY,ICAN11bt500,Delay: 100
                    -  596,RX QRY,ICAN11bt500,Delay: 100
                    (0.674 s,F) GetModePID(01, 7F) - Tmp Marcha Motor | NoEOL
11:25:27|  
11:25:27| ... (09, 04) Cal ID >>>-----------------------------------------------------------------------
11:25:27| ... SetupMyLastCommResult: ConditionsNotCorrect
11:25:27| ... DoDad | Action: System.Action | tag: GetModePID(09, 04) - Cal ID
11:25:27| ... GetCallingProcedure | lVehiculoLink
11:25:27| ... GetCallingProcedure | VehiculoLink
11:25:27| ... GetCallingProcedure | VehTest
11:25:27| DoDad-01 | GetModePID(09, 04) - Cal ID (Open:True,999.99 | lVehiculoLink,VehiculoLink,VehTest)
11:25:27| DoDad-01  ClearCommandLog ...
11:25:27| DoDad-01  Invoke ... (GetModePID(09, 04) - Cal ID)
11:25:27| DoDad-01  Invoke ... (GetModePID(09, 04) - Cal ID)  (656)
11:25:27| DoDad-01  CommandLog.Length ...
11:25:27| DoDad-01  CommandLog ... (0)
11:25:27| DoDad-01-CommandLog-Len:559 Siz:559 | iStart: 0
11:25:27| DoDad-01  SerialData.Length ... (757)
11:25:27| DoDad-01 | GetModePID(09, 04) - Cal ID-SLL:00757,00757-CF:F-DLLInfo:'DAD_DLL_VERSION_16.12.25.0 .. 3.0.7.0'
                    -  DAD_DLL_VERSION_16.12.25.0
                    -  31,TX MSG,ICAN11bt500,00 00 07 DF 09 04 
                    -  31,RX QRY,ICAN11bt500,Delay: 100
                    -  140,RX MSG,ICAN11bt500,00 00 07 DF 
                    -  140,RX MSG,ICAN11bt500,00 00 07 E9 
                    -  140,RX MSG,ICAN11bt500,00 00 07 E9 49 04 01 41 44 43 35 41 46 41 39 00 00 00 00 00 00 00 00 
                    -  140,RX MSG,ICAN11bt500,00 00 07 E8 
                    -  140,RX MSG,ICAN11bt500,00 00 07 E8 49 04 01 44 31 30 41 30 41 37 46 00 00 00 00 00 00 00 00 
                    -  140,RX MSG,ICAN11bt500,00 00 07 EF 
                    -  140,RX MSG,ICAN11bt500,00 00 07 EF 49 04 02 35 34 41 38 34 39 38 30 00 00 00 00 00 00 00 00 44 31 33 37 42 46 30 43 00 00 00 00 00 00 00 00 
                    -  140,RX QRY,ICAN11bt500,Delay: 100
                    -  250,RX QRY,ICAN11bt500,Delay: 100
                    -  359,RX QRY,ICAN11bt500,Delay: 100
                    -  468,RX QRY,ICAN11bt500,Delay: 100
                    -  578,RX QRY,ICAN11bt500,Delay: 100
                    (0.672 s,F) GetModePID(09, 04) - Cal ID | NoEOL
11:25:27| DECODE_Bus: DAD_DLL_VERSION_16.12.25.0
3.0.7.0

31,TX MSG,ICAN11bt500,00 00 07 DF 09 04 
140,RX MSG,ICAN11bt500,00 00 07 DF 
140,RX MSG,ICAN11bt500,00 00 07 E9 
140,RX MSG,ICAN11bt500,00 00 07 E9 49 04 01 41 44 43 35 41 46 41 39 00 00 00 00 00 00 00 00 
140,RX MSG,ICAN11bt500,00 00 07 E8 
140,RX MSG,ICAN11bt500,00 00 07 E8 49 04 01 44 31 30 41 30 41 37 46 00 00 00 00 00 00 00 00 
140,RX MSG,ICAN11bt500,00 00 07 EF 
140,RX MSG,ICAN11bt500,00 00 07 EF 49 04 02 35 34 41 38 34 39 38 30 00 00 00 00 00 00 00 00 44 31 33 37 42 46 30 43 00 00 00 00 00 00 00 00 

11:25:27| sr | Cal ID: 0 | 3
11:25:27|  
11:25:27| ... Get VIN >>>-----------------------------------------------------------------------
11:25:28| DAD_DLL_VERSION_16.12.25.0
3.0.7.0

31,TX MSG,ICAN11bt500,00 00 07 DF 09 04 
140,RX MSG,ICAN11bt500,00 00 07 DF 
140,RX MSG,ICAN11bt500,00 00 07 E9 
140,RX MSG,ICAN11bt500,00 00 07 E9 49 04 01 41 44 43 35 41 46 41 39 00 00 00 00 00 00 00 00 
140,RX MSG,ICAN11bt500,00 00 07 E8 
140,RX MSG,ICAN11bt500,00 00 07 E8 49 04 01 44 31 30 41 30 41 37 46 00 00 00 00 00 00 00 00 
140,RX MSG,ICAN11bt500,00 00 07 EF 
140,RX MSG,ICAN11bt500,00 00 07 EF 49 04 02 35 34 41 38 34 39 38 30 00 00 00 00 00 00 00 00 44 31 33 37 42 46 30 43 00 00 00 00 00 00 00 00 
718,TX MSG,ICAN11bt500,00 00 07 DF 09 02 
828,RX MSG,ICAN11bt500,00 00 07 DF 
828,RX MSG,ICAN11bt500,00 00 07 E8 
828,RX MSG,ICAN11bt500,00 00 07 E8 49 02 01 57 42 41 33 31 44 54 30 39 53 39 57 37 30 37 33 36 

11:25:28| SR: 0 | 1
11:25:28| ... GetEcuIdFromAddress
11:25:28| ... ByteArrayToHexString | 01 57 42 41 33 31 44 54 30 39 53 39 57 37 30 37 33 36
11:25:28| GetVIN | ECU:E8  DLen:018 (01 57 42 41 33 31 44 54 30 39 53 39 57 37 30 37 33 36)
11:25:28| ... ByteArrayToHexString | 01,57,42,41,33,31,44,54,30,39,53,39,57,37,30,37,33,36
11:25:28| ... CheckForNAK | Ret:False  Len:18  Buf:01,57,42,41,33,31,44,54,30,39,53,39,57,37,30,37,33,36  SID:09  PID:02  Prot:'CAN11'
11:25:28| ... ByteArrayToString | WBA31DT09S9W70736
11:25:28| GetVIN | ECU:E8  VIN: Null
11:25:28| DECODE_Bus: DAD_DLL_VERSION_16.12.25.0
3.0.7.0

31,TX MSG,ICAN11bt500,00 00 07 DF 09 04 
140,RX MSG,ICAN11bt500,00 00 07 DF 
140,RX MSG,ICAN11bt500,00 00 07 E9 
140,RX MSG,ICAN11bt500,00 00 07 E9 49 04 01 41 44 43 35 41 46 41 39 00 00 00 00 00 00 00 00 
140,RX MSG,ICAN11bt500,00 00 07 E8 
140,RX MSG,ICAN11bt500,00 00 07 E8 49 04 01 44 31 30 41 30 41 37 46 00 00 00 00 00 00 00 00 
140,RX MSG,ICAN11bt500,00 00 07 EF 
140,RX MSG,ICAN11bt500,00 00 07 EF 49 04 02 35 34 41 38 34 39 38 30 00 00 00 00 00 00 00 00 44 31 33 37 42 46 30 43 00 00 00 00 00 00 00 00 
718,TX MSG,ICAN11bt500,00 00 07 DF 09 02 
828,RX MSG,ICAN11bt500,00 00 07 DF 
828,RX MSG,ICAN11bt500,00 00 07 E8 
828,RX MSG,ICAN11bt500,00 00 07 E8 49 02 01 57 42 41 33 31 44 54 30 39 53 39 57 37 30 37 33 36 

11:25:28|  
11:25:28| ... Get VOLTAJES >>>-----------------------------------------------------------------------
11:25:28| ... SetupMyLastCommResult: ConditionsNotCorrect
11:25:28| ... DoDad | Action: System.Action | tag: GetModePID(01, 42) - Voltaje
11:25:28| ... GetCallingProcedure | lVehiculoLink
11:25:28| ... GetCallingProcedure | VehiculoLink
11:25:28| ... GetCallingProcedure | VehTest
11:25:28| DoDad-01 | GetModePID(01, 42) - Voltaje (Open:True,999.99 | lVehiculoLink,VehiculoLink,VehTest)
11:25:28| DoDad-01  ClearCommandLog ...
11:25:28| DoDad-01  Invoke ... (GetModePID(01, 42) - Voltaje)
11:25:29| DoDad-01  Invoke ... (GetModePID(01, 42) - Voltaje)  (657)
11:25:29| DoDad-01  CommandLog.Length ...
11:25:29| DoDad-01  CommandLog ... (0)
11:25:29| DoDad-01-CommandLog-Len:118 Siz:118 | iStart: 0
11:25:29| DoDad-01  SerialData.Length ... (316)
11:25:29| DoDad-01 | GetModePID(01, 42) - Voltaje-SLL:00316,00316-CF:F-DLLInfo:'DAD_DLL_VERSION_16.12.25.0 .. 3.0.7.0'
                    -  DAD_DLL_VERSION_16.12.25.0
                    -  31,TX MSG,ICAN11bt500,00 00 07 DF 01 2A 
                    -  31,RX QRY,ICAN11bt500,Delay: 100
                    -  140,RX MSG,ICAN11bt500,00 00 07 DF 
                    -  140,RX QRY,ICAN11bt500,Delay: 100
                    -  250,RX QRY,ICAN11bt500,Delay: 100
                    -  359,RX QRY,ICAN11bt500,Delay: 100
                    -  468,RX QRY,ICAN11bt500,Delay: 100
                    -  578,RX QRY,ICAN11bt500,Delay: 100
                    (0.672 s,F) GetModePID(01, 42) - Voltaje | NoEOL
11:25:29|  
11:25:29| ... Get RPM >>>-----------------------------------------------------------------------
11:25:29| ... SetupMyLastCommResult: ConditionsNotCorrect
11:25:29| ... DoDad | Action: System.Action | tag: GetModePID(01, 0C) - DTC count, MIL
11:25:29| ... GetCallingProcedure | lVehiculoLink
11:25:29| ... GetCallingProcedure | VehiculoLink
11:25:29| ... GetCallingProcedure | VehTest
11:25:29| DoDad-01 | GetModePID(01, 0C) - DTC count, MIL (Open:True,999.99 | lVehiculoLink,VehiculoLink,VehTest)
11:25:29| DoDad-01  ClearCommandLog ...
11:25:29| DoDad-01  Invoke ... (GetModePID(01, 0C) - DTC count, MIL)
11:25:29| DoDad-01  Invoke ... (GetModePID(01, 0C) - DTC count, MIL)  (656)
11:25:29| DoDad-01  CommandLog.Length ...
11:25:29| DoDad-01  CommandLog ... (0)
11:25:29| DoDad-01-CommandLog-Len:265 Siz:265 | iStart: 0
11:25:29| DoDad-01  SerialData.Length ... (463)
11:25:29| DoDad-01 | GetModePID(01, 0C) - DTC count, MIL-SLL:00463,00463-CF:F-DLLInfo:'DAD_DLL_VERSION_16.12.25.0 .. 3.0.7.0'
                    -  DAD_DLL_VERSION_16.12.25.0
                    -  31,TX MSG,ICAN11bt500,00 00 07 DF 01 0C 
                    -  31,RX QRY,ICAN11bt500,Delay: 100
                    -  140,RX MSG,ICAN11bt500,00 00 07 DF 
                    -  140,RX MSG,ICAN11bt500,00 00 07 E9 41 0C 0D 30 
                    -  140,RX MSG,ICAN11bt500,00 00 07 E8 41 0C 0D 32 
                    -  140,RX MSG,ICAN11bt500,00 00 07 EF 41 0C 0D 2C 
                    -  140,RX QRY,ICAN11bt500,Delay: 100
                    -  253,RX QRY,ICAN11bt500,Delay: 100
                    -  362,RX QRY,ICAN11bt500,Delay: 100
                    -  472,RX QRY,ICAN11bt500,Delay: 100
                    -  581,RX QRY,ICAN11bt500,Delay: 100
                    (0.675 s,F) GetModePID(01, 0C) - DTC count, MIL | NoEOL
11:25:29| DECODE_Bus: DAD_DLL_VERSION_16.12.25.0
3.0.7.0

31,TX MSG,ICAN11bt500,00 00 07 DF 01 0C 
140,RX MSG,ICAN11bt500,00 00 07 DF 
140,RX MSG,ICAN11bt500,00 00 07 E9 41 0C 0D 30 
140,RX MSG,ICAN11bt500,00 00 07 E8 41 0C 0D 32 
140,RX MSG,ICAN11bt500,00 00 07 EF 41 0C 0D 2C 

11:25:29| zipESP: 00 00 07 E8 41 0C 0D 32 | 000007E8410C0D32
11:25:29| DECODE_RPM: 000007E8410C0D32
11:25:29| sr | Get RPM(1): 0 | 3
11:25:29| ... SetupMyLastCommResult: ConditionsNotCorrect
11:25:29| ... DoDad | Action: System.Action | tag: GetModePID(01, 0C) - DTC count, MIL
11:25:29| ... GetCallingProcedure | lVehiculoLink
11:25:29| ... GetCallingProcedure | VehiculoLink
11:25:30| ... GetCallingProcedure | VehTest
11:25:30| DoDad-01 | GetModePID(01, 0C) - DTC count, MIL (Open:True,999.99 | lVehiculoLink,VehiculoLink,VehTest)
11:25:30| DoDad-01  ClearCommandLog ...
11:25:30| DoDad-01  Invoke ... (GetModePID(01, 0C) - DTC count, MIL)
11:25:30| DoDad-01  Invoke ... (GetModePID(01, 0C) - DTC count, MIL)  (672)
11:25:30| DoDad-01  CommandLog.Length ...
11:25:30| DoDad-01  CommandLog ... (0)
11:25:30| DoDad-01-CommandLog-Len:265 Siz:265 | iStart: 0
11:25:30| DoDad-01  SerialData.Length ... (463)
11:25:30| DoDad-01 | GetModePID(01, 0C) - DTC count, MIL-SLL:00463,00463-CF:F-DLLInfo:'DAD_DLL_VERSION_16.12.25.0 .. 3.0.7.0'
                    -  DAD_DLL_VERSION_16.12.25.0
                    -  31,TX MSG,ICAN11bt500,00 00 07 DF 01 0C 
                    -  31,RX QRY,ICAN11bt500,Delay: 100
                    -  140,RX MSG,ICAN11bt500,00 00 07 DF 
                    -  140,RX MSG,ICAN11bt500,00 00 07 E9 41 0C 0D 38 
                    -  140,RX MSG,ICAN11bt500,00 00 07 E8 41 0C 0D 3C 
                    -  140,RX MSG,ICAN11bt500,00 00 07 EF 41 0C 0D 38 
                    -  140,RX QRY,ICAN11bt500,Delay: 100
                    -  250,RX QRY,ICAN11bt500,Delay: 100
                    -  359,RX QRY,ICAN11bt500,Delay: 100
                    -  468,RX QRY,ICAN11bt500,Delay: 100
                    -  578,RX QRY,ICAN11bt500,Delay: 100
                    (0.672 s,F) GetModePID(01, 0C) - DTC count, MIL | NoEOL
11:25:30| DECODE_Bus: DAD_DLL_VERSION_16.12.25.0
3.0.7.0

31,TX MSG,ICAN11bt500,00 00 07 DF 01 0C 
140,RX MSG,ICAN11bt500,00 00 07 DF 
140,RX MSG,ICAN11bt500,00 00 07 E9 41 0C 0D 38 
140,RX MSG,ICAN11bt500,00 00 07 E8 41 0C 0D 3C 
140,RX MSG,ICAN11bt500,00 00 07 EF 41 0C 0D 38 

11:25:30| zipESP: 00 00 07 E8 41 0C 0D 3C | 000007E8410C0D3C
11:25:30| DECODE_RPM: 000007E8410C0D3C
11:25:30| sr | Get RPM(2): 0 | 3
11:25:30| ... SetupMyLastCommResult: ConditionsNotCorrect
11:25:30| ... DoDad | Action: System.Action | tag: GetModePID(01, 0C) - DTC count, MIL
11:25:30| ... GetCallingProcedure | lVehiculoLink
11:25:30| ... GetCallingProcedure | VehiculoLink
11:25:30| ... GetCallingProcedure | VehTest
11:25:30| DoDad-01 | GetModePID(01, 0C) - DTC count, MIL (Open:True,999.99 | lVehiculoLink,VehiculoLink,VehTest)
11:25:30| DoDad-01  ClearCommandLog ...
11:25:30| DoDad-01  Invoke ... (GetModePID(01, 0C) - DTC count, MIL)
11:25:31| DoDad-01  Invoke ... (GetModePID(01, 0C) - DTC count, MIL)  (688)
11:25:31| DoDad-01  CommandLog.Length ...
11:25:31| DoDad-01  CommandLog ... (0)
11:25:31| DoDad-01-CommandLog-Len:265 Siz:265 | iStart: 0
11:25:31| DoDad-01  SerialData.Length ... (463)
11:25:31| DoDad-01 | GetModePID(01, 0C) - DTC count, MIL-SLL:00463,00463-CF:F-DLLInfo:'DAD_DLL_VERSION_16.12.25.0 .. 3.0.7.0'
                    -  DAD_DLL_VERSION_16.12.25.0
                    -  31,TX MSG,ICAN11bt500,00 00 07 DF 01 0C 
                    -  31,RX QRY,ICAN11bt500,Delay: 100
                    -  140,RX MSG,ICAN11bt500,00 00 07 DF 
                    -  140,RX MSG,ICAN11bt500,00 00 07 E9 41 0C 0D 34 
                    -  140,RX MSG,ICAN11bt500,00 00 07 E8 41 0C 0D 38 
                    -  140,RX MSG,ICAN11bt500,00 00 07 EF 41 0C 0D 34 
                    -  140,RX QRY,ICAN11bt500,Delay: 100
                    -  250,RX QRY,ICAN11bt500,Delay: 100
                    -  359,RX QRY,ICAN11bt500,Delay: 100
                    -  468,RX QRY,ICAN11bt500,Delay: 100
                    -  583,RX QRY,ICAN11bt500,Delay: 100
                    (0.677 s,F) GetModePID(01, 0C) - DTC count, MIL | NoEOL
11:25:31| DECODE_Bus: DAD_DLL_VERSION_16.12.25.0
3.0.7.0

31,TX MSG,ICAN11bt500,00 00 07 DF 01 0C 
140,RX MSG,ICAN11bt500,00 00 07 DF 
140,RX MSG,ICAN11bt500,00 00 07 E9 41 0C 0D 34 
140,RX MSG,ICAN11bt500,00 00 07 E8 41 0C 0D 38 
140,RX MSG,ICAN11bt500,00 00 07 EF 41 0C 0D 34 

11:25:31| zipESP: 00 00 07 E8 41 0C 0D 38 | 000007E8410C0D38
11:25:31| DECODE_RPM: 000007E8410C0D38
11:25:31| sr | Get RPM(3): 0 | 3
11:25:31| ... SetupMyLastCommResult: ConditionsNotCorrect
11:25:31| ... DoDad | Action: System.Action | tag: GetModePID(01, 0C) - DTC count, MIL
11:25:31| ... GetCallingProcedure | lVehiculoLink
11:25:31| ... GetCallingProcedure | VehiculoLink
11:25:31| ... GetCallingProcedure | VehTest
11:25:31| DoDad-01 | GetModePID(01, 0C) - DTC count, MIL (Open:True,999.99 | lVehiculoLink,VehiculoLink,VehTest)
11:25:31| DoDad-01  ClearCommandLog ...
11:25:31| DoDad-01  Invoke ... (GetModePID(01, 0C) - DTC count, MIL)
11:25:32| DoDad-01  Invoke ... (GetModePID(01, 0C) - DTC count, MIL)  (672)
11:25:32| DoDad-01  CommandLog.Length ...
11:25:32| DoDad-01  CommandLog ... (0)
11:25:32| DoDad-01-CommandLog-Len:265 Siz:265 | iStart: 0
11:25:32| DoDad-01  SerialData.Length ... (463)
11:25:32| DoDad-01 | GetModePID(01, 0C) - DTC count, MIL-SLL:00463,00463-CF:F-DLLInfo:'DAD_DLL_VERSION_16.12.25.0 .. 3.0.7.0'
                    -  DAD_DLL_VERSION_16.12.25.0
                    -  31,TX MSG,ICAN11bt500,00 00 07 DF 01 0C 
                    -  31,RX QRY,ICAN11bt500,Delay: 100
                    -  140,RX MSG,ICAN11bt500,00 00 07 DF 
                    -  140,RX MSG,ICAN11bt500,00 00 07 E9 41 0C 0D 38 
                    -  140,RX MSG,ICAN11bt500,00 00 07 E8 41 0C 0D 3A 
                    -  140,RX MSG,ICAN11bt500,00 00 07 EF 41 0C 0D 38 
                    -  140,RX QRY,ICAN11bt500,Delay: 100
                    -  250,RX QRY,ICAN11bt500,Delay: 100
                    -  359,RX QRY,ICAN11bt500,Delay: 100
                    -  468,RX QRY,ICAN11bt500,Delay: 100
                    -  578,RX QRY,ICAN11bt500,Delay: 100
                    (0.672 s,F) GetModePID(01, 0C) - DTC count, MIL | NoEOL
11:25:32| DECODE_Bus: DAD_DLL_VERSION_16.12.25.0
3.0.7.0

31,TX MSG,ICAN11bt500,00 00 07 DF 01 0C 
140,RX MSG,ICAN11bt500,00 00 07 DF 
140,RX MSG,ICAN11bt500,00 00 07 E9 41 0C 0D 38 
140,RX MSG,ICAN11bt500,00 00 07 E8 41 0C 0D 3A 
140,RX MSG,ICAN11bt500,00 00 07 EF 41 0C 0D 38 

11:25:32| zipESP: 00 00 07 E8 41 0C 0D 3A | 000007E8410C0D3A
11:25:32| DECODE_RPM: 000007E8410C0D3A
11:25:32| sr | Get RPM(4): 0 | 3
11:25:32| Success
11:25:32| InitIMCleanDevice | DeviceVoltage:13.9
11:25:32| InitIMCleanDevice | DeviceVoltageDLC:14.3
11:25:32| ... >>>-----------------------------------------------------------------------
11:25:32| ... >>>-----------------------------------------------------------------------
11:25:32| VIN: WBA31DT09S9W70736
11:25:32| MON: Mil:0| Msi:110 | Ccm:110 | Cmb:110 | O2s:110 | Cat:110 | Ccc:009 | Evs:009 | Sas:009 | Faa:009 | O2c:110
11:25:32| DTC: 
11:25:32| Voltage: 13.9
11:25:32| VoltageDLC: 14.3
11:25:32| Pid0101 : 00 00 07 E8 41 01 00 07 E1 00
11:25:32| Pid0300 : 00 00 07 E8 43 00
11:25:32| Pid0121 : 00 00 07 E8 41 21 00 00
11:25:32| Pid0131 : Null
11:25:32| Pid0133 : 00 00 07 E8 49 02 01 57 42 41 33 31 44 54 30 39 53 39 57 37 30 37 33 36
11:25:32| Pid011F : 00 00 07 E8 41 1F 00 1B
11:25:32| Pid017F : Null
11:25:32| Pid014D : Null
11:25:32| Pid0951 : Null
11:25:32| Pid0902 : 00 00 07 E8 49 02 01 57 42 41 33 31 44 54 30 39 53 39 57 37 30 37 33 36
11:25:32| Pid0904 : 00 00 07 E8 49 04 01 44 31 30 41 30 41 37 46 00 00 00 00 00 00 00 00
11:25:32| Pid010C: 00 00 07 E8 41 0C 0D 3A
11:25:32| RPM: 846 | 1: 844 | 2: 847 | 3: 846
11:25:32| *** Connect ... EOF()
11:25:32| VehiculoLink: Pass: Inspección vehicular OBD concluido.
11:42:52|  
11:42:52| ... Connect_OBD ===================================================================================================================
11:42:52|  
11:42:52| ... GetCallingProcedure | lVehiculoLink
11:42:52| ... GetCallingProcedure | VehiculoLink
11:42:52| ... GetCallingProcedure | VehTest
11:42:52| ... IncrementActiveCount | 1
11:42:52| ... GetCallingProcedure | OpusIMCleanOBDdrv.Module1:Connect_OBD
11:42:52| ... GetCallingProcedure | OpusIMCleanOBDdrv.Module1:lVehiculoLink
11:42:52| ... GetCallingProcedure | OpusIMCleanOBDdrv.IMCleanOBD:VehiculoLink
11:42:52| ... MyDADStatus | LCR:ConditionsNotCorrect,Unknown
11:42:52| ... Connect | ---------------- Connect --------------- SC:'' (LCR:ConditionsNotCorrect,Unknown) (lVehiculoLink,VehiculoLink,VehTest)
11:42:52| GetDAD | Starting ... Cnt:00003,00 Opn:T (Connect)
11:42:52| GetDAD | Success ... Cnt:00003,01 Opn:T (Connect, Connect)
11:42:52| ... Connect | 1 | GetDAD =Connect
11:42:52| ... SetupMyLastCommResult: InvalidData
11:42:52| ... MyDad.Initialize 
11:42:52| ... DoDad | Action: System.Action | tag: Initialize
11:42:52| ... GetCallingProcedure | lVehiculoLink
11:42:52| ... GetCallingProcedure | VehiculoLink
11:42:52| ... GetCallingProcedure | VehTest
11:42:52| DoDad-01 | Initialize (Open:True,999.99 | lVehiculoLink,VehiculoLink,VehTest)
11:42:52| DoDad-01  ClearCommandLog ...
11:42:52| DoDad-01  Invoke ... (Initialize)
11:42:59| ... SetupVehicleIsLinked
11:42:59| ... GetCallingProcedure | SetupMyLastCommResult
11:43:00| ... GetCallingProcedure | _Lambda$__0
11:43:00| ... GetCallingProcedure | DoDad
11:43:00| SVLI | VehicleIsLinked:'True'->'False'  (SetupMyLastCommResult,_Lambda$__0,DoDad)
11:43:00| ... SetupMyLastCommResult: VehicleNotConnected
11:43:00| DoDad-01  Invoke ... (Initialize)  (7657)
11:43:00| DoDad-01  CommandLog.Length ...
11:43:00| DoDad-01  CommandLog ... (0)
11:43:00| DoDad-01-CommandLog-Len:39 Siz:39 | iStart: 0
11:43:00| DoDad-01  SerialData.Length ... (28)
11:43:00| DoDad-01 | Initialize-SLL:00028,00028-CF:F-DLLInfo:'DAD_DLL_VERSION_16.12.25.0 .. 3.0.7.0'
                    -  DAD_DLL_VERSION_16.12.25.0
                    (7.657 s,F) Initialize | 
11:43:00| ... MyLastResult | VehicleNotConnected,Unknown,True->False
11:43:00| Connect | Init-Rty:2 (VehicleNotConnected,Unknown,True->False | 7.78) | lVehiculoLink,VehiculoLink,VehTest
11:43:00| ... MyDad.Initialize > NOT Success
11:43:00| ... GetCallingProcedure | Connect_OBD
11:43:00| ... GetCallingProcedure | lVehiculoLink
11:43:00| ... GetCallingProcedure | VehiculoLink
11:43:00| ... MyDADStatus | LCR:VehicleNotConnected,Unknown
11:43:00| ResetConnection 01-Starting ... Cntrl:'NOGETDAD,NOCLOSEOPEN' (LCR:VehicleNotConnected,Unknown) (Connect_OBD,lVehiculoLink,VehiculoLink)
11:43:00| ... GetCallingProcedure | ResetConnection
11:43:00| ... GetCallingProcedure | Connect_OBD
11:43:00| ... GetCallingProcedure | lVehiculoLink
11:43:00| ... MyLastResult | VehicleNotConnected,Unknown,True->False
11:43:00| ResetConnectionInternal 01-bDoIt:T  sCtrl:'NOGETDAD,NOCLOSEOPEN'  ()  (VehicleNotConnected,Unknown,True->False, (ResetConnection,Connect_OBD,lVehiculoLink)
11:43:00| ... SetupMyLastCommResult: Success
11:43:00| ... IsCommResultSuccess | True
11:43:00| ... SetupMyLastCommResult: InvalidData
11:43:00| ... DoDad | Action: System.Action | tag: Reset
11:43:00| ... GetCallingProcedure | ResetConnection
11:43:00| ... GetCallingProcedure | Connect_OBD
11:43:00| ... GetCallingProcedure | lVehiculoLink
11:43:00| DoDad-01 | Reset (Open:True,999.99 | ResetConnection,Connect_OBD,lVehiculoLink)
11:43:00| DoDad-01  ClearCommandLog ...
11:43:00| DoDad-01  Invoke ... (Reset)
11:43:00| DoDad-01  Invoke ... (Reset)  (000)
11:43:00| DoDad-01  CommandLog.Length ...
11:43:00| DoDad-01  CommandLog ... (0)
11:43:00| DoDad-01-CommandLog-Len:32 Siz:32 | iStart: 0
11:43:00| DoDad-01  SerialData.Length ... (28)
11:43:00| DoDad-01 | Reset-SLL:00028,00028-CF:F-DLLInfo:'DAD_DLL_VERSION_16.12.25.0'
                    -  DAD_DLL_VERSION_16.12.25.0
                    (0.016 s,F) Reset | NoEOL
11:43:00| ... SetupMyLastCommResult: Success
11:43:00| ... MyLastResult | Success,Unknown,True->
11:43:00|  (Result:Success,Unknown,True->)
11:43:00| ... SetupMyLastCommResult: InvalidData
11:43:00| ... DoDad | Action: System.Action | tag: Reset
11:43:00| ... GetCallingProcedure | ResetConnection
11:43:00| ... GetCallingProcedure | Connect_OBD
11:43:00| ... GetCallingProcedure | lVehiculoLink
11:43:00| DoDad-01 | Reset (Open:True,999.99 | ResetConnection,Connect_OBD,lVehiculoLink)
11:43:00| DoDad-01  ClearCommandLog ...
11:43:00| DoDad-01  Invoke ... (Reset)
11:43:00| DoDad-01  Invoke ... (Reset)  (000)
11:43:00| DoDad-01  CommandLog.Length ...
11:43:00| DoDad-01  CommandLog ... (0)
11:43:00| DoDad-01-CommandLog-Len:32 Siz:32 | iStart: 0
11:43:00| DoDad-01  SerialData.Length ... (28)
11:43:00| DoDad-01 | Reset-SLL:00028,00028-CF:F-DLLInfo:'DAD_DLL_VERSION_16.12.25.0'
                    -  DAD_DLL_VERSION_16.12.25.0
                    (0.016 s,F) Reset | NoEOL
11:43:00| ... SetupMyLastCommResult: Success
11:43:00| ... MyLastResult | Success,Unknown,True->
11:43:00|  (Result:Success,Unknown,True->)
11:43:00| ... SetupMyLastCommResult: Success
11:43:00| ... MyLastResult | Success,Unknown,True->
11:43:00| ... ResetConnectionInternal 01-Ret:True  sCtrl:'NOGETDAD,NOCLOSEOPEN'  (Reset:Success)  (Success,Unknown,True->, 0.39) (ResetConnection,Connect_OBD,lVehiculoLink)
11:43:00| ... MyLastResult | Success,Unknown,True->
11:43:00| ResetConnection 01-Ret:True  (Success,Unknown,True->, 0.44) (Connect_OBD,lVehiculoLink,VehiculoLink)
11:43:00| ... SetupMyLastCommResult: InvalidData
11:43:00| ... MyDad.Initialize 
11:43:00| ... DoDad | Action: System.Action | tag: Initialize
11:43:00| ... GetCallingProcedure | lVehiculoLink
11:43:00| ... GetCallingProcedure | VehiculoLink
11:43:00| ... GetCallingProcedure | VehTest
11:43:00| DoDad-01 | Initialize (Open:True,999.99 | lVehiculoLink,VehiculoLink,VehTest)
11:43:00| DoDad-01  ClearCommandLog ...
11:43:00| DoDad-01  Invoke ... (Initialize)
11:43:12| ... SetupVehicleIsLinked
11:43:12| ... GetCallingProcedure | SetupMyLastCommResult
11:43:12| ... GetCallingProcedure | _Lambda$__0
11:43:12| ... GetCallingProcedure | DoDad
11:43:12| SVLI | VehicleIsLinked:''->'True'  (SetupMyLastCommResult,_Lambda$__0,DoDad)
11:43:12| ... SetupMyLastCommResult: Success
11:43:12| DoDad-01  Invoke ... (Initialize)  (12109)
11:43:12| DoDad-01  CommandLog.Length ...
11:43:12| DoDad-01  CommandLog ... (0)
11:43:12| DoDad-01-CommandLog-Len:314 Siz:314 | iStart: 0
11:43:12| DoDad-01  SerialData.Length ... (513)
11:43:12| DoDad-01 | Initialize-SLL:00513,00513-CF:F-DLLInfo:'DAD_DLL_VERSION_16.12.25.0 .. 3.0.7.0'
                    -  DAD_DLL_VERSION_16.12.25.0
                    -  8890,TX MSG,JVPW1850,68 6A F1 01 00 
                    -  8890,RX QRY,JVPW1850,Delay: 100
                    -  9000,RX QRY,JVPW1850,Delay: 100
                    -  9109,RX QRY,JVPW1850,Delay: 100
                    -  9219,TX MSG,JPWM1850,61 6A F1 01 00 
                    -  9234,TX MSG,I914**,33 
                    -  13547,TX MSG,KWPF**,C1 33 F1 81 
                    -  20010,TX MSG,ICAN11bt500,00 00 07 DF 01 00 
                    -  20010,RX QRY,ICAN11bt500,Delay: 100
                    -  20119,RX MSG,ICAN11bt500,00 00 07 DF 
                    -  20119,RX MSG,ICAN11bt500,00 00 07 E8 41 00 BF BE B9 93 
                    -  20119,RX QRY,ICAN11bt500,Delay: 100
                    -  20229,RX QRY,ICAN11bt500,Delay: 100
                    (12.120 s,F) Initialize | 
11:43:12| ... MyLastResult | Success,Unknown,->True
11:43:12| Connect | Init-Rty:1 (Success,Unknown,->True | 20.39) | lVehiculoLink,VehiculoLink,VehTest
11:43:12| ... MyDad.Initialize > Success
11:43:12| DrewProtocol2MyProtocol | In:'ICAN11bt500'  Out:'CAN11' (CAN:True)
11:43:12| ... GetCallingProcedure | Connect_OBD
11:43:12| ... GetCallingProcedure | lVehiculoLink
11:43:12| ... GetCallingProcedure | VehiculoLink
11:43:12| GetSupportedPIDs | Starting ... (Mode:1) (Connect_OBD,lVehiculoLink,VehiculoLink)
11:43:12| ... SetupMyLastCommResult: InvalidData
11:43:12| ... DoDad | Action: System.Action | tag: GetModePID(01, 00) - PID support mask
11:43:12| ... GetCallingProcedure | Connect_OBD
11:43:12| ... GetCallingProcedure | lVehiculoLink
11:43:12| ... GetCallingProcedure | VehiculoLink
11:43:12| DoDad-01 | GetModePID(01, 00) - PID support mask (Open:True,999.99 | Connect_OBD,lVehiculoLink,VehiculoLink)
11:43:12| DoDad-01  ClearCommandLog ...
11:43:12| DoDad-01  Invoke ... (GetModePID(01, 00) - PID support mask)
11:43:13| DoDad-01  Invoke ... (GetModePID(01, 00) - PID support mask)  (656)
11:43:13| DoDad-01  CommandLog.Length ...
11:43:13| DoDad-01  CommandLog ... (0)
11:43:13| DoDad-01-CommandLog-Len:180 Siz:180 | iStart: 0
11:43:13| DoDad-01  SerialData.Length ... (876)
11:43:13| DoDad-01 | GetModePID(01, 00) - PID support mask-SLL:00876,00876-CF:F-DLLInfo:'DAD_DLL_VERSION_16.12.25.0 .. 3.0.7.0'
                    -  DAD_DLL_VERSION_16.12.25.0
                    -  8890,TX MSG,JVPW1850,68 6A F1 01 00 
                    -  8890,RX QRY,JVPW1850,Delay: 100
                    -  9000,RX QRY,JVPW1850,Delay: 100
                    -  9109,RX QRY,JVPW1850,Delay: 100
                    -  9219,TX MSG,JPWM1850,61 6A F1 01 00 
                    -  9234,TX MSG,I914**,33 
                    -  13547,TX MSG,KWPF**,C1 33 F1 81 
                    -  20010,TX MSG,ICAN11bt500,00 00 07 DF 01 00 
                    -  20010,RX QRY,ICAN11bt500,Delay: 100
                    -  20119,RX MSG,ICAN11bt500,00 00 07 DF 
                    -  20119,RX MSG,ICAN11bt500,00 00 07 E8 41 00 BF BE B9 93 
                    -  20119,RX QRY,ICAN11bt500,Delay: 100
                    -  20229,RX QRY,ICAN11bt500,Delay: 100
                    -  20447,TX MSG,ICAN11bt500,00 00 07 DF 01 00 
                    -  20447,RX QRY,ICAN11bt500,Delay: 100
                    -  20557,RX MSG,ICAN11bt500,00 00 07 DF 
                    -  20557,RX MSG,ICAN11bt500,00 00 07 E8 41 00 BF BE B9 93 
                    -  20557,RX QRY,ICAN11bt500,Delay: 100
                    -  20666,RX QRY,ICAN11bt500,Delay: 100
                    -  20776,RX QRY,ICAN11bt500,Delay: 100
                    -  20885,RX QRY,ICAN11bt500,Delay: 100
                    -  20994,RX QRY,ICAN11bt500,Delay: 100
                    (0.656 s,F) GetModePID(01, 00) - PID support mask | NoEOL
11:43:13| ... SetupVehicleIsLinked
11:43:13| ... GetCallingProcedure | SetupMyLastCommResult
11:43:13| ... GetCallingProcedure | GetSupportedPIDs
11:43:13| ... GetCallingProcedure | Connect_OBD
11:43:13| ... SetupMyLastCommResult: Success
11:43:13| ... MyLastResult | Success,Unknown,True->True
11:43:13|  (Result:Success,Unknown,True->True)
11:43:13| GetSupportedPIDs | PID00 RspCnt:1
11:43:13| ... GetEcuIdFromAddress
11:43:13| ... ByteArrayToHexString | 07E8
11:43:13| ... ByteArrayToHexString | BFBEB993
11:43:13| ... DT_DataToString | Adr:07E8,Mod:01,PID:00,Dat:BFBEB993
11:43:13| GetSupportedPIDS | Data-Adr:07E8,Mod:01,PID:00,Dat:BFBEB993
11:43:13| SSBAFOB | MdPID:01,00 ECU:E8 ...  InCnt:4 (BF,BE,B9,93,BC:022) SrtIdx:001
11:43:13| ... SetSupportedBitArrayFromObdBytes | BitAryLen:256  BitSetCnt:023  BAI:4-4,01,03,04,05,06,07,08,09,0B,0C,0D,0E,0F,11,13,14,15,18,19,1C,1F,20
11:43:13| 2 | GetSupportedPIDs | 1-E8-DBG3 -------------- 0,1,2,3,4,5,6,7, 8,9,A,B,C,D,E,F, G,H,I,J,K,L,M,N, O,P,Q,R,S,T,U,V
11:43:13| 2 | GetSupportedPIDs | 1-E8-DBG3 000-00_00-020: T,T,F,T,T,T,T,T, T,T,F,T,T,T,T,T, F,T,F,T,T,T,F,F, T,T,F,F,T,F,F,T
11:43:13| 2 | GetSupportedPIDs | 1-E8-DBG3 032-20_20-040: T,F,F,F,F,F,F,F, F,F,F,F,F,F,F,F, F,F,F,F,F,F,F,F, F,F,F,F,F,F,F,F
11:43:13| 2 | GetSupportedPIDs | 1-E8-DBG3 064-40_40-060: F,F,F,F,F,F,F,F, F,F,F,F,F,F,F,F, F,F,F,F,F,F,F,F, F,F,F,F,F,F,F,F
11:43:13| 2 | GetSupportedPIDs | 1-E8-DBG3 096-60_60-080: F,F,F,F,F,F,F,F, F,F,F,F,F,F,F,F, F,F,F,F,F,F,F,F, F,F,F,F,F,F,F,F
11:43:13| 2 | GetSupportedPIDs | 1-E8-DBG3 128-80_80-0A0: F,F,F,F,F,F,F,F, F,F,F,F,F,F,F,F, F,F,F,F,F,F,F,F, F,F,F,F,F,F,F,F
11:43:13| 2 | GetSupportedPIDs | 1-E8-DBG3 160-A0_A0-0C0: F,F,F,F,F,F,F,F, F,F,F,F,F,F,F,F, F,F,F,F,F,F,F,F, F,F,F,F,F,F,F,F
11:43:13| 2 | GetSupportedPIDs | 1-E8-DBG3 192-C0_C0-0E0: F,F,F,F,F,F,F,F, F,F,F,F,F,F,F,F, F,F,F,F,F,F,F,F, F,F,F,F,F,F,F,F
11:43:13| 2 | GetSupportedPIDs | 1-E8-DBG3 224-E0_E0-100: F,F,F,F,F,F,F,F, F,F,F,F,F,F,F,F, F,F,F,F,F,F,F,F, F,F,F,F,F,F,F,F  (T:023 F:233)
11:43:13| ... LogBitArray | 8
11:43:13| ... SetupMyLastCommResult: InvalidData
11:43:13| ... DoDad | Action: System.Action | tag: GetModePID(01, 20) - PID support mask
11:43:13| ... GetCallingProcedure | Connect_OBD
11:43:13| ... GetCallingProcedure | lVehiculoLink
11:43:13| ... GetCallingProcedure | VehiculoLink
11:43:13| DoDad-01 | GetModePID(01, 20) - PID support mask (Open:True,999.99 | Connect_OBD,lVehiculoLink,VehiculoLink)
11:43:13| DoDad-01  ClearCommandLog ...
11:43:13| DoDad-01  Invoke ... (GetModePID(01, 20) - PID support mask)
11:43:14| DoDad-01  Invoke ... (GetModePID(01, 20) - PID support mask)  (656)
11:43:14| DoDad-01  CommandLog.Length ...
11:43:14| DoDad-01  CommandLog ... (0)
11:43:14| DoDad-01-CommandLog-Len:180 Siz:180 | iStart: 0
11:43:14| DoDad-01  SerialData.Length ... (1239)
11:43:14| DoDad-01 | GetModePID(01, 20) - PID support mask-SLL:01239,01239-CF:F-DLLInfo:'DAD_DLL_VERSION_16.12.25.0 .. 3.0.7.0'
                    -  DAD_DLL_VERSION_16.12.25.0
                    -  8890,TX MSG,JVPW1850,68 6A F1 01 00 
                    -  8890,RX QRY,JVPW1850,Delay: 100
                    -  9000,RX QRY,JVPW1850,Delay: 100
                    -  9109,RX QRY,JVPW1850,Delay: 100
                    -  9219,TX MSG,JPWM1850,61 6A F1 01 00 
                    -  9234,TX MSG,I914**,33 
                    -  13547,TX MSG,KWPF**,C1 33 F1 81 
                    -  20010,TX MSG,ICAN11bt500,00 00 07 DF 01 00 
                    -  20010,RX QRY,ICAN11bt500,Delay: 100
                    -  20119,RX MSG,ICAN11bt500,00 00 07 DF 
                    -  20119,RX MSG,ICAN11bt500,00 00 07 E8 41 00 BF BE B9 93 
                    -  20119,RX QRY,ICAN11bt500,Delay: 100
                    -  20229,RX QRY,ICAN11bt500,Delay: 100
                    -  20447,TX MSG,ICAN11bt500,00 00 07 DF 01 00 
                    -  20447,RX QRY,ICAN11bt500,Delay: 100
                    -  20557,RX MSG,ICAN11bt500,00 00 07 DF 
                    -  20557,RX MSG,ICAN11bt500,00 00 07 E8 41 00 BF BE B9 93 
                    -  20557,RX QRY,ICAN11bt500,Delay: 100
                    -  20666,RX QRY,ICAN11bt500,Delay: 100
                    -  20776,RX QRY,ICAN11bt500,Delay: 100
                    -  20885,RX QRY,ICAN11bt500,Delay: 100
                    -  20994,RX QRY,ICAN11bt500,Delay: 100
                    -  21260,TX MSG,ICAN11bt500,00 00 07 DF 01 20 
                    -  21260,RX QRY,ICAN11bt500,Delay: 100
                    -  21369,RX MSG,ICAN11bt500,00 00 07 DF 
                    -  21369,RX MSG,ICAN11bt500,00 00 07 E8 41 20 80 07 E0 19 
                    -  21369,RX QRY,ICAN11bt500,Delay: 100
                    -  21479,RX QRY,ICAN11bt500,Delay: 100
                    -  21588,RX QRY,ICAN11bt500,Delay: 100
                    -  21697,RX QRY,ICAN11bt500,Delay: 100
                    -  21807,RX QRY,ICAN11bt500,Delay: 100
                    (0.656 s,F) GetModePID(01, 20) - PID support mask | NoEOL
11:43:14| ... SetupVehicleIsLinked
11:43:14| ... GetCallingProcedure | SetupMyLastCommResult
11:43:14| ... GetCallingProcedure | GetSupportedPIDs
11:43:14| ... GetCallingProcedure | Connect_OBD
11:43:14| ... SetupMyLastCommResult: Success
11:43:14| ... MyLastResult | Success,Unknown,True->True
11:43:14|  (Result:Success,Unknown,True->True)
11:43:14| GetSupportedPIDs | PID20 RspCnt:1
11:43:14| ... GetEcuIdFromAddress
11:43:14| ... ByteArrayToHexString | 07E8
11:43:14| ... ByteArrayToHexString | 8007E019
11:43:14| ... DT_DataToString | Adr:07E8,Mod:01,PID:20,Dat:8007E019
11:43:14| GetSupportedPIDS | Data-Adr:07E8,Mod:01,PID:20,Dat:8007E019
11:43:14| SSBAFOB | MdPID:01,20 ECU:E8 ...  InCnt:4 (80,07,E0,19,BC:010) SrtIdx:033
11:43:14| ... SetSupportedBitArrayFromObdBytes | BitAryLen:256  BitSetCnt:033  BAI:4-4,21,2E,2F,30,31,32,33,3C,3D,40
11:43:14| 2 | GetSupportedPIDs | 1-E8-DBG3 -------------- 0,1,2,3,4,5,6,7, 8,9,A,B,C,D,E,F, G,H,I,J,K,L,M,N, O,P,Q,R,S,T,U,V
11:43:14| 2 | GetSupportedPIDs | 1-E8-DBG3 000-00_00-020: T,T,F,T,T,T,T,T, T,T,F,T,T,T,T,T, F,T,F,T,T,T,F,F, T,T,F,F,T,F,F,T
11:43:14| 2 | GetSupportedPIDs | 1-E8-DBG3 032-20_20-040: T,T,F,F,F,F,F,F, F,F,F,F,F,F,T,T, T,T,T,T,F,F,F,F, F,F,F,F,T,T,F,F
11:43:14| 2 | GetSupportedPIDs | 1-E8-DBG3 064-40_40-060: T,F,F,F,F,F,F,F, F,F,F,F,F,F,F,F, F,F,F,F,F,F,F,F, F,F,F,F,F,F,F,F
11:43:14| 2 | GetSupportedPIDs | 1-E8-DBG3 096-60_60-080: F,F,F,F,F,F,F,F, F,F,F,F,F,F,F,F, F,F,F,F,F,F,F,F, F,F,F,F,F,F,F,F
11:43:14| 2 | GetSupportedPIDs | 1-E8-DBG3 128-80_80-0A0: F,F,F,F,F,F,F,F, F,F,F,F,F,F,F,F, F,F,F,F,F,F,F,F, F,F,F,F,F,F,F,F
11:43:14| 2 | GetSupportedPIDs | 1-E8-DBG3 160-A0_A0-0C0: F,F,F,F,F,F,F,F, F,F,F,F,F,F,F,F, F,F,F,F,F,F,F,F, F,F,F,F,F,F,F,F
11:43:14| 2 | GetSupportedPIDs | 1-E8-DBG3 192-C0_C0-0E0: F,F,F,F,F,F,F,F, F,F,F,F,F,F,F,F, F,F,F,F,F,F,F,F, F,F,F,F,F,F,F,F
11:43:14| 2 | GetSupportedPIDs | 1-E8-DBG3 224-E0_E0-100: F,F,F,F,F,F,F,F, F,F,F,F,F,F,F,F, F,F,F,F,F,F,F,F, F,F,F,F,F,F,F,F  (T:033 F:223)
11:43:14| ... LogBitArray | 8
11:43:14| ... SetupMyLastCommResult: InvalidData
11:43:14| ... DoDad | Action: System.Action | tag: GetModePID(01, 40) - PID support mask
11:43:14| ... GetCallingProcedure | Connect_OBD
11:43:14| ... GetCallingProcedure | lVehiculoLink
11:43:14| ... GetCallingProcedure | VehiculoLink
11:43:14| DoDad-01 | GetModePID(01, 40) - PID support mask (Open:True,999.99 | Connect_OBD,lVehiculoLink,VehiculoLink)
11:43:14| DoDad-01  ClearCommandLog ...
11:43:14| DoDad-01  Invoke ... (GetModePID(01, 40) - PID support mask)
11:43:15| DoDad-01  Invoke ... (GetModePID(01, 40) - PID support mask)  (656)
11:43:15| DoDad-01  CommandLog.Length ...
11:43:15| DoDad-01  CommandLog ... (0)
11:43:15| DoDad-01-CommandLog-Len:180 Siz:180 | iStart: 0
11:43:15| DoDad-01  SerialData.Length ... (1602)
11:43:15| DoDad-01 | GetModePID(01, 40) - PID support mask-SLL:01602,01602-CF:F-DLLInfo:'DAD_DLL_VERSION_16.12.25.0 .. 3.0.7.0'
                    -  DAD_DLL_VERSION_16.12.25.0
                    -  8890,TX MSG,JVPW1850,68 6A F1 01 00 
                    -  8890,RX QRY,JVPW1850,Delay: 100
                    -  9000,RX QRY,JVPW1850,Delay: 100
                    -  9109,RX QRY,JVPW1850,Delay: 100
                    -  9219,TX MSG,JPWM1850,61 6A F1 01 00 
                    -  9234,TX MSG,I914**,33 
                    -  13547,TX MSG,KWPF**,C1 33 F1 81 
                    -  20010,TX MSG,ICAN11bt500,00 00 07 DF 01 00 
                    -  20010,RX QRY,ICAN11bt500,Delay: 100
                    -  20119,RX MSG,ICAN11bt500,00 00 07 DF 
                    -  20119,RX MSG,ICAN11bt500,00 00 07 E8 41 00 BF BE B9 93 
                    -  20119,RX QRY,ICAN11bt500,Delay: 100
                    -  20229,RX QRY,ICAN11bt500,Delay: 100
                    -  20447,TX MSG,ICAN11bt500,00 00 07 DF 01 00 
                    -  20447,RX QRY,ICAN11bt500,Delay: 100
                    -  20557,RX MSG,ICAN11bt500,00 00 07 DF 
                    -  20557,RX MSG,ICAN11bt500,00 00 07 E8 41 00 BF BE B9 93 
                    -  20557,RX QRY,ICAN11bt500,Delay: 100
                    -  20666,RX QRY,ICAN11bt500,Delay: 100
                    -  20776,RX QRY,ICAN11bt500,Delay: 100
                    -  20885,RX QRY,ICAN11bt500,Delay: 100
                    -  20994,RX QRY,ICAN11bt500,Delay: 100
                    -  21260,TX MSG,ICAN11bt500,00 00 07 DF 01 20 
                    -  21260,RX QRY,ICAN11bt500,Delay: 100
                    -  21369,RX MSG,ICAN11bt500,00 00 07 DF 
                    -  21369,RX MSG,ICAN11bt500,00 00 07 E8 41 20 80 07 E0 19 
                    -  21369,RX QRY,ICAN11bt500,Delay: 100
                    -  21479,RX QRY,ICAN11bt500,Delay: 100
                    -  21588,RX QRY,ICAN11bt500,Delay: 100
                    -  21697,RX QRY,ICAN11bt500,Delay: 100
                    -  21807,RX QRY,ICAN11bt500,Delay: 100
                    -  22072,TX MSG,ICAN11bt500,00 00 07 DF 01 40 
                    -  22072,RX QRY,ICAN11bt500,Delay: 100
                    -  22182,RX MSG,ICAN11bt500,00 00 07 DF 
                    -  22182,RX MSG,ICAN11bt500,00 00 07 E8 41 40 FE D0 00 00 
                    -  22182,RX QRY,ICAN11bt500,Delay: 100
                    -  22292,RX QRY,ICAN11bt500,Delay: 100
                    -  22401,RX QRY,ICAN11bt500,Delay: 100
                    -  22510,RX QRY,ICAN11bt500,Delay: 100
                    -  22620,RX QRY,ICAN11bt500,Delay: 100
                    (0.657 s,F) GetModePID(01, 40) - PID support mask | NoEOL
11:43:15| ... SetupVehicleIsLinked
11:43:15| ... GetCallingProcedure | SetupMyLastCommResult
11:43:15| ... GetCallingProcedure | GetSupportedPIDs
11:43:15| ... GetCallingProcedure | Connect_OBD
11:43:15| ... SetupMyLastCommResult: Success
11:43:15| ... MyLastResult | Success,Unknown,True->True
11:43:15|  (Result:Success,Unknown,True->True)
11:43:15| GetSupportedPIDs | PID40 RspCnt:1
11:43:15| ... GetEcuIdFromAddress
11:43:15| ... ByteArrayToHexString | 07E8
11:43:15| ... ByteArrayToHexString | FED00000
11:43:15| ... DT_DataToString | Adr:07E8,Mod:01,PID:40,Dat:FED00000
11:43:15| GetSupportedPIDS | Data-Adr:07E8,Mod:01,PID:40,Dat:FED00000
11:43:15| SSBAFOB | MdPID:01,40 ECU:E8 ...  InCnt:4 (FE,D0,00,00,BC:010) SrtIdx:065
11:43:15| ... SetSupportedBitArrayFromObdBytes | BitAryLen:256  BitSetCnt:043  BAI:4-4,41,42,43,44,45,46,47,49,4A,4C
11:43:15| 2 | GetSupportedPIDs | 1-E8-DBG3 -------------- 0,1,2,3,4,5,6,7, 8,9,A,B,C,D,E,F, G,H,I,J,K,L,M,N, O,P,Q,R,S,T,U,V
11:43:15| 2 | GetSupportedPIDs | 1-E8-DBG3 000-00_00-020: T,T,F,T,T,T,T,T, T,T,F,T,T,T,T,T, F,T,F,T,T,T,F,F, T,T,F,F,T,F,F,T
11:43:15| 2 | GetSupportedPIDs | 1-E8-DBG3 032-20_20-040: T,T,F,F,F,F,F,F, F,F,F,F,F,F,T,T, T,T,T,T,F,F,F,F, F,F,F,F,T,T,F,F
11:43:15| 2 | GetSupportedPIDs | 1-E8-DBG3 064-40_40-060: T,T,T,T,T,T,T,T, F,T,T,F,T,F,F,F, F,F,F,F,F,F,F,F, F,F,F,F,F,F,F,F
11:43:15| 2 | GetSupportedPIDs | 1-E8-DBG3 096-60_60-080: F,F,F,F,F,F,F,F, F,F,F,F,F,F,F,F, F,F,F,F,F,F,F,F, F,F,F,F,F,F,F,F
11:43:15| 2 | GetSupportedPIDs | 1-E8-DBG3 128-80_80-0A0: F,F,F,F,F,F,F,F, F,F,F,F,F,F,F,F, F,F,F,F,F,F,F,F, F,F,F,F,F,F,F,F
11:43:15| 2 | GetSupportedPIDs | 1-E8-DBG3 160-A0_A0-0C0: F,F,F,F,F,F,F,F, F,F,F,F,F,F,F,F, F,F,F,F,F,F,F,F, F,F,F,F,F,F,F,F
11:43:15| 2 | GetSupportedPIDs | 1-E8-DBG3 192-C0_C0-0E0: F,F,F,F,F,F,F,F, F,F,F,F,F,F,F,F, F,F,F,F,F,F,F,F, F,F,F,F,F,F,F,F
11:43:15| 2 | GetSupportedPIDs | 1-E8-DBG3 224-E0_E0-100: F,F,F,F,F,F,F,F, F,F,F,F,F,F,F,F, F,F,F,F,F,F,F,F, F,F,F,F,F,F,F,F  (T:043 F:213)
11:43:15| ... LogBitArray | 8
11:43:15| GetSupportedPIDs | Mode:1 ECUCnt:1 PIDSupDicCnt:1
11:43:15| 4 | GetSupportedPIDS | Mode1-ECUE8:-------------- 0,1,2,3,4,5,6,7, 8,9,A,B,C,D,E,F, G,H,I,J,K,L,M,N, O,P,Q,R,S,T,U,V
11:43:15| 4 | GetSupportedPIDS | Mode1-ECUE8:000-00_00-020: T,T,F,T,T,T,T,T, T,T,F,T,T,T,T,T, F,T,F,T,T,T,F,F, T,T,F,F,T,F,F,T
11:43:15| 4 | GetSupportedPIDS | Mode1-ECUE8:032-20_20-040: T,T,F,F,F,F,F,F, F,F,F,F,F,F,T,T, T,T,T,T,F,F,F,F, F,F,F,F,T,T,F,F
11:43:15| 4 | GetSupportedPIDS | Mode1-ECUE8:064-40_40-060: T,T,T,T,T,T,T,T, F,T,T,F,T,F,F,F, F,F,F,F,F,F,F,F, F,F,F,F,F,F,F,F
11:43:15| 4 | GetSupportedPIDS | Mode1-ECUE8:096-60_60-080: F,F,F,F,F,F,F,F, F,F,F,F,F,F,F,F, F,F,F,F,F,F,F,F, F,F,F,F,F,F,F,F
11:43:15| 4 | GetSupportedPIDS | Mode1-ECUE8:128-80_80-0A0: F,F,F,F,F,F,F,F, F,F,F,F,F,F,F,F, F,F,F,F,F,F,F,F, F,F,F,F,F,F,F,F
11:43:15| 4 | GetSupportedPIDS | Mode1-ECUE8:160-A0_A0-0C0: F,F,F,F,F,F,F,F, F,F,F,F,F,F,F,F, F,F,F,F,F,F,F,F, F,F,F,F,F,F,F,F
11:43:15| 4 | GetSupportedPIDS | Mode1-ECUE8:192-C0_C0-0E0: F,F,F,F,F,F,F,F, F,F,F,F,F,F,F,F, F,F,F,F,F,F,F,F, F,F,F,F,F,F,F,F
11:43:15| 4 | GetSupportedPIDS | Mode1-ECUE8:224-E0_E0-100: F,F,F,F,F,F,F,F, F,F,F,F,F,F,F,F, F,F,F,F,F,F,F,F, F,F,F,F,F,F,F,F  (T:043 F:213)
11:43:15| ... LogBitArray | 8
11:43:15| 2 | GetSupportedPIDs | 1-ECUxx -------------- 0,1,2,3,4,5,6,7, 8,9,A,B,C,D,E,F, G,H,I,J,K,L,M,N, O,P,Q,R,S,T,U,V
11:43:15| 2 | GetSupportedPIDs | 1-ECUxx 000-00_00-020: T,T,F,T,T,T,T,T, T,T,F,T,T,T,T,T, F,T,F,T,T,T,F,F, T,T,F,F,T,F,F,T
11:43:15| 2 | GetSupportedPIDs | 1-ECUxx 032-20_20-040: T,T,F,F,F,F,F,F, F,F,F,F,F,F,T,T, T,T,T,T,F,F,F,F, F,F,F,F,T,T,F,F
11:43:15| 2 | GetSupportedPIDs | 1-ECUxx 064-40_40-060: T,T,T,T,T,T,T,T, F,T,T,F,T,F,F,F, F,F,F,F,F,F,F,F, F,F,F,F,F,F,F,F
11:43:15| 2 | GetSupportedPIDs | 1-ECUxx 096-60_60-080: F,F,F,F,F,F,F,F, F,F,F,F,F,F,F,F, F,F,F,F,F,F,F,F, F,F,F,F,F,F,F,F
11:43:15| 2 | GetSupportedPIDs | 1-ECUxx 128-80_80-0A0: F,F,F,F,F,F,F,F, F,F,F,F,F,F,F,F, F,F,F,F,F,F,F,F, F,F,F,F,F,F,F,F
11:43:15| 2 | GetSupportedPIDs | 1-ECUxx 160-A0_A0-0C0: F,F,F,F,F,F,F,F, F,F,F,F,F,F,F,F, F,F,F,F,F,F,F,F, F,F,F,F,F,F,F,F
11:43:15| 2 | GetSupportedPIDs | 1-ECUxx 192-C0_C0-0E0: F,F,F,F,F,F,F,F, F,F,F,F,F,F,F,F, F,F,F,F,F,F,F,F, F,F,F,F,F,F,F,F
11:43:15| 2 | GetSupportedPIDs | 1-ECUxx 224-E0_E0-100: F,F,F,F,F,F,F,F, F,F,F,F,F,F,F,F, F,F,F,F,F,F,F,F, F,F,F,F,F,F,F,F  (T:043 F:213)
11:43:15| ... LogBitArray | 8
11:43:15| GetSupportedPIDs | PIDCnt-1-E8:043  (TPC:43)
11:43:15| ... DictValueSortDesc
11:43:15| DVSD | E8:043->E8:043
11:43:15| GetSupportedPIDs | Mode:1 PIDs-'043:00 01 03 04 05 06 07 08 09 0B 0C 0D 0E 0F 11 13 14 15 18 19 1C 1F 20 21 2E 2F 30 31 32 33 3C 3D 40 41 42 43 44 45 46 47 49 4A 4C
11:43:15|  GetSupportedPIDs | Ending ... Success:TrueTrueTrue 1-E8:043
11:43:15| ReleaseDAD |  Starting ... Cnt:00003,01 (Connect)
11:43:15| ... ReleaseDAD | Success ... Cnt:00003,00 Opn:T (Connect, Connect)
11:43:15| ... Connect | 2
11:43:15| ... SetupVehicleIsLinked
11:43:15| ... GetCallingProcedure | Connect_OBD
11:43:15| ... GetCallingProcedure | lVehiculoLink
11:43:15| ... GetCallingProcedure | VehiculoLink
11:43:15| SVLI | VehicleIsLinked:'True'->'?'  (Connect_OBD,lVehiculoLink,VehiculoLink)
11:43:15| ... SetupVehicleIsLinked
11:43:15| ... GetCallingProcedure | Connect_OBD
11:43:15| ... GetCallingProcedure | lVehiculoLink
11:43:15| ... GetCallingProcedure | VehiculoLink
11:43:15| SVLI | VehicleIsLinked:'?'->'True'  (Connect_OBD,lVehiculoLink,VehiculoLink)
11:43:15| ... Connect | 3 | Connect_Succeeded = True
11:43:15| ... MyLastResult | Success,Unknown,?->True
11:43:15| Connect | Rslt:True EECUID:E8 ECUs:1-(E8:043->E8:043,) Prot:'CAN11', 'CAN11' PC:43  (Success,Unknown,?->True, 23.09) (lVehiculoLink,VehiculoLink,VehTest)
11:43:15| ... DecrementActiveCount | 0
11:43:15| ... GetCallingProcedure | OpusIMCleanOBDdrv.Module1:Connect_OBD
11:43:15| ... GetCallingProcedure | OpusIMCleanOBDdrv.Module1:lVehiculoLink
11:43:15| ... GetCallingProcedure | OpusIMCleanOBDdrv.IMCleanOBD:VehiculoLink
11:43:15| ... LocalDecrementActiveCount | 0
11:43:15|  
11:43:15| ... Get MON >>>-----------------------------------------------------------------------
11:43:15| ... SetupMyLastCommResult: ConditionsNotCorrect
11:43:15| ... DoDad | Action: System.Action | tag: GetModePID(01, 01) - Readiness, DTC count, MIL
11:43:15| ... GetCallingProcedure | lVehiculoLink
11:43:15| ... GetCallingProcedure | VehiculoLink
11:43:15| ... GetCallingProcedure | VehTest
11:43:15| DoDad-01 | GetModePID(01, 01) - Readiness, DTC count, MIL (Open:True,999.99 | lVehiculoLink,VehiculoLink,VehTest)
11:43:15| DoDad-01  ClearCommandLog ...
11:43:15| DoDad-01  Invoke ... (GetModePID(01, 01) - Readiness, DTC count, MIL)
11:43:16| DoDad-01  Invoke ... (GetModePID(01, 01) - Readiness, DTC count, MIL)  (656)
11:43:16| DoDad-01  CommandLog.Length ...
11:43:16| DoDad-01  CommandLog ... (0)
11:43:16| DoDad-01-CommandLog-Len:173 Siz:173 | iStart: 0
11:43:16| DoDad-01  SerialData.Length ... (371)
11:43:16| DoDad-01 | GetModePID(01, 01) - Readiness, DTC count, MIL-SLL:00371,00371-CF:F-DLLInfo:'DAD_DLL_VERSION_16.12.25.0 .. 3.0.7.0'
                    -  DAD_DLL_VERSION_16.12.25.0
                    -  31,TX MSG,ICAN11bt500,00 00 07 DF 01 01 
                    -  31,RX QRY,ICAN11bt500,Delay: 100
                    -  140,RX MSG,ICAN11bt500,00 00 07 DF 
                    -  140,RX MSG,ICAN11bt500,00 00 07 E8 41 01 00 07 E5 00 
                    -  140,RX QRY,ICAN11bt500,Delay: 100
                    -  250,RX QRY,ICAN11bt500,Delay: 100
                    -  359,RX QRY,ICAN11bt500,Delay: 100
                    -  468,RX QRY,ICAN11bt500,Delay: 100
                    -  578,RX QRY,ICAN11bt500,Delay: 100
                    (0.656 s,F) GetModePID(01, 01) - Readiness, DTC count, MIL | NoEOL
11:43:16| DECODE_Bus: DAD_DLL_VERSION_16.12.25.0
3.0.7.0

31,TX MSG,ICAN11bt500,00 00 07 DF 01 01 
140,RX MSG,ICAN11bt500,00 00 07 DF 
140,RX MSG,ICAN11bt500,00 00 07 E8 41 01 00 07 E5 00 

11:43:16| DECODE_MIL: 00 00 07 E8 41 01 00 07 E5 00
11:43:16| zipESP: 00 00 07 E8 41 01 00 07 E5 00 | 000007E841010007E500
11:43:16| DECODE_MIL dato: 0007E500
11:43:16| Status: 0007E500
11:43:16| A: 00 | 0 | 00000000
11:43:16| B: 07 | 7 | 00000111
11:43:16| C: E5 | 229 | 11100101
11:43:16| D: 00 | 0 | 00000000
11:43:16| sr | Get MON: 0 | 1
11:43:16|  
11:43:16| ... Get DTC >>>-----------------------------------------------------------------------
11:43:16| ... SetupMyLastCommResult: ConditionsNotCorrect
11:43:16| ... DoDad | Action: System.Action | tag: GetModePID(03, 00) - DTC count, MIL
11:43:16| ... GetCallingProcedure | lVehiculoLink
11:43:16| ... GetCallingProcedure | VehiculoLink
11:43:16| ... GetCallingProcedure | VehTest
11:43:16| DoDad-01 | GetModePID(03, 00) - DTC count, MIL (Open:True,999.99 | lVehiculoLink,VehiculoLink,VehTest)
11:43:16| DoDad-01  ClearCommandLog ...
11:43:16| DoDad-01  Invoke ... (GetModePID(03, 00) - DTC count, MIL)
11:43:16| DoDad-01  Invoke ... (GetModePID(03, 00) - DTC count, MIL)  (672)
11:43:16| DoDad-01  CommandLog.Length ...
11:43:16| DoDad-01  CommandLog ... (0)
11:43:16| DoDad-01-CommandLog-Len:158 Siz:158 | iStart: 0
11:43:16| DoDad-01  SerialData.Length ... (356)
11:43:16| DoDad-01 | GetModePID(03, 00) - DTC count, MIL-SLL:00356,00356-CF:F-DLLInfo:'DAD_DLL_VERSION_16.12.25.0 .. 3.0.7.0'
                    -  DAD_DLL_VERSION_16.12.25.0
                    -  31,TX MSG,ICAN11bt500,00 00 07 DF 03 
                    -  31,RX QRY,ICAN11bt500,Delay: 100
                    -  140,RX MSG,ICAN11bt500,00 00 07 DF 
                    -  140,RX MSG,ICAN11bt500,00 00 07 E8 43 00 
                    -  140,RX QRY,ICAN11bt500,Delay: 100
                    -  250,RX QRY,ICAN11bt500,Delay: 100
                    -  362,RX QRY,ICAN11bt500,Delay: 100
                    -  474,RX QRY,ICAN11bt500,Delay: 100
                    -  583,RX QRY,ICAN11bt500,Delay: 100
                    (0.677 s,F) GetModePID(03, 00) - DTC count, MIL | NoEOL
11:43:16| DECODE_Bus: DAD_DLL_VERSION_16.12.25.0
3.0.7.0

31,TX MSG,ICAN11bt500,00 00 07 DF 03 
140,RX MSG,ICAN11bt500,00 00 07 DF 
140,RX MSG,ICAN11bt500,00 00 07 E8 43 00 

11:43:16| ... DECODE_DTC: 00 00 07 E8 43 00
11:43:16| zipESP: 00 00 07 E8 43 00 | 000007E84300
11:43:16| sr | Get DTC: 0 | 1
11:43:16|  
11:43:16| ... (01, 1F) Tmp. Encendido >>>-----------------------------------------------------------------------
11:43:16| ... SetupMyLastCommResult: ConditionsNotCorrect
11:43:16| ... DoDad | Action: System.Action | tag: GetModePID(01, 1F) - Tmp. Encendido
11:43:16| ... GetCallingProcedure | lVehiculoLink
11:43:16| ... GetCallingProcedure | VehiculoLink
11:43:16| ... GetCallingProcedure | VehTest
11:43:16| DoDad-01 | GetModePID(01, 1F) - Tmp. Encendido (Open:True,999.99 | lVehiculoLink,VehiculoLink,VehTest)
11:43:16| DoDad-01  ClearCommandLog ...
11:43:16| DoDad-01  Invoke ... (GetModePID(01, 1F) - Tmp. Encendido)
11:43:17| DoDad-01  Invoke ... (GetModePID(01, 1F) - Tmp. Encendido)  (656)
11:43:17| DoDad-01  CommandLog.Length ...
11:43:17| DoDad-01  CommandLog ... (0)
11:43:17| DoDad-01-CommandLog-Len:167 Siz:167 | iStart: 0
11:43:17| DoDad-01  SerialData.Length ... (365)
11:43:17| DoDad-01 | GetModePID(01, 1F) - Tmp. Encendido-SLL:00365,00365-CF:F-DLLInfo:'DAD_DLL_VERSION_16.12.25.0 .. 3.0.7.0'
                    -  DAD_DLL_VERSION_16.12.25.0
                    -  31,TX MSG,ICAN11bt500,00 00 07 DF 01 1F 
                    -  31,RX QRY,ICAN11bt500,Delay: 100
                    -  140,RX MSG,ICAN11bt500,00 00 07 DF 
                    -  140,RX MSG,ICAN11bt500,00 00 07 E8 41 1F 01 9C 
                    -  140,RX QRY,ICAN11bt500,Delay: 100
                    -  249,RX QRY,ICAN11bt500,Delay: 100
                    -  359,RX QRY,ICAN11bt500,Delay: 100
                    -  468,RX QRY,ICAN11bt500,Delay: 100
                    -  578,RX QRY,ICAN11bt500,Delay: 100
                    (0.656 s,F) GetModePID(01, 1F) - Tmp. Encendido | NoEOL
11:43:17| DECODE_Bus: DAD_DLL_VERSION_16.12.25.0
3.0.7.0

31,TX MSG,ICAN11bt500,00 00 07 DF 01 1F 
140,RX MSG,ICAN11bt500,00 00 07 DF 
140,RX MSG,ICAN11bt500,00 00 07 E8 41 1F 01 9C 

11:43:17| sr | Tmp. Encendido: 0 | 1
11:43:17|  
11:43:17| ... (01, 21) Distancia MIL >>>-----------------------------------------------------------------------
11:43:17| ... SetupMyLastCommResult: ConditionsNotCorrect
11:43:17| ... DoDad | Action: System.Action | tag: GetModePID(01, 21) - Distancia MIL
11:43:17| ... GetCallingProcedure | lVehiculoLink
11:43:17| ... GetCallingProcedure | VehiculoLink
11:43:17| ... GetCallingProcedure | VehTest
11:43:17| DoDad-01 | GetModePID(01, 21) - Distancia MIL (Open:True,999.99 | lVehiculoLink,VehiculoLink,VehTest)
11:43:17| DoDad-01  ClearCommandLog ...
11:43:17| DoDad-01  Invoke ... (GetModePID(01, 21) - Distancia MIL)
11:43:18| DoDad-01  Invoke ... (GetModePID(01, 21) - Distancia MIL)  (671)
11:43:18| DoDad-01  CommandLog.Length ...
11:43:18| DoDad-01  CommandLog ... (0)
11:43:18| DoDad-01-CommandLog-Len:167 Siz:167 | iStart: 0
11:43:18| DoDad-01  SerialData.Length ... (365)
11:43:18| DoDad-01 | GetModePID(01, 21) - Distancia MIL-SLL:00365,00365-CF:F-DLLInfo:'DAD_DLL_VERSION_16.12.25.0 .. 3.0.7.0'
                    -  DAD_DLL_VERSION_16.12.25.0
                    -  31,TX MSG,ICAN11bt500,00 00 07 DF 01 15 
                    -  31,RX QRY,ICAN11bt500,Delay: 100
                    -  140,RX MSG,ICAN11bt500,00 00 07 DF 
                    -  140,RX MSG,ICAN11bt500,00 00 07 E8 41 15 9C FF 
                    -  140,RX QRY,ICAN11bt500,Delay: 100
                    -  250,RX QRY,ICAN11bt500,Delay: 100
                    -  359,RX QRY,ICAN11bt500,Delay: 100
                    -  468,RX QRY,ICAN11bt500,Delay: 100
                    -  578,RX QRY,ICAN11bt500,Delay: 100
                    (0.672 s,F) GetModePID(01, 21) - Distancia MIL | NoEOL
11:43:18| DECODE_Bus: DAD_DLL_VERSION_16.12.25.0
3.0.7.0

31,TX MSG,ICAN11bt500,00 00 07 DF 01 15 
140,RX MSG,ICAN11bt500,00 00 07 DF 
140,RX MSG,ICAN11bt500,00 00 07 E8 41 15 9C FF 

11:43:18| sr | Distancia MIL: 0 | 1
11:43:18|  
11:43:18| ... (01, 31) Distancia MIL Borrada >>>-----------------------------------------------------------------------
11:43:18| ... SetupMyLastCommResult: ConditionsNotCorrect
11:43:18| ... DoDad | Action: System.Action | tag: GetModePID(01, 31) - Distancia MIL Borrada
11:43:18| ... GetCallingProcedure | lVehiculoLink
11:43:18| ... GetCallingProcedure | VehiculoLink
11:43:18| ... GetCallingProcedure | VehTest
11:43:18| DoDad-01 | GetModePID(01, 31) - Distancia MIL Borrada (Open:True,999.99 | lVehiculoLink,VehiculoLink,VehTest)
11:43:18| DoDad-01  ClearCommandLog ...
11:43:18| DoDad-01  Invoke ... (GetModePID(01, 31) - Distancia MIL Borrada)
11:43:19| DoDad-01  Invoke ... (GetModePID(01, 31) - Distancia MIL Borrada)  (672)
11:43:19| DoDad-01  CommandLog.Length ...
11:43:19| DoDad-01  CommandLog ... (0)
11:43:19| DoDad-01-CommandLog-Len:167 Siz:167 | iStart: 0
11:43:19| DoDad-01  SerialData.Length ... (365)
11:43:19| DoDad-01 | GetModePID(01, 31) - Distancia MIL Borrada-SLL:00365,00365-CF:F-DLLInfo:'DAD_DLL_VERSION_16.12.25.0 .. 3.0.7.0'
                    -  DAD_DLL_VERSION_16.12.25.0
                    -  31,TX MSG,ICAN11bt500,00 00 07 DF 01 1F 
                    -  31,RX QRY,ICAN11bt500,Delay: 100
                    -  140,RX MSG,ICAN11bt500,00 00 07 DF 
                    -  140,RX MSG,ICAN11bt500,00 00 07 E8 41 1F 01 9D 
                    -  140,RX QRY,ICAN11bt500,Delay: 100
                    -  250,RX QRY,ICAN11bt500,Delay: 100
                    -  359,RX QRY,ICAN11bt500,Delay: 100
                    -  468,RX QRY,ICAN11bt500,Delay: 100
                    -  578,RX QRY,ICAN11bt500,Delay: 100
                    (0.672 s,F) GetModePID(01, 31) - Distancia MIL Borrada | NoEOL
11:43:19| DECODE_Bus: DAD_DLL_VERSION_16.12.25.0
3.0.7.0

31,TX MSG,ICAN11bt500,00 00 07 DF 01 1F 
140,RX MSG,ICAN11bt500,00 00 07 DF 
140,RX MSG,ICAN11bt500,00 00 07 E8 41 1F 01 9D 

11:43:19| sr | Distancia MIL Borrada: 0 | 1
11:43:19|  
11:43:19| ... (01, 33) Presion Barometrica Kpa >>>-----------------------------------------------------------------------
11:43:19| ... SetupMyLastCommResult: ConditionsNotCorrect
11:43:19| ... DoDad | Action: System.Action | tag: GetModePID(01, 33) - Presion Barometrica Kpa
11:43:19| ... GetCallingProcedure | lVehiculoLink
11:43:19| ... GetCallingProcedure | VehiculoLink
11:43:19| ... GetCallingProcedure | VehTest
11:43:19| DoDad-01 | GetModePID(01, 33) - Presion Barometrica Kpa (Open:True,999.99 | lVehiculoLink,VehiculoLink,VehTest)
11:43:19| DoDad-01  ClearCommandLog ...
11:43:19| DoDad-01  Invoke ... (GetModePID(01, 33) - Presion Barometrica Kpa)
11:43:19| DoDad-01  Invoke ... (GetModePID(01, 33) - Presion Barometrica Kpa)  (672)
11:43:19| DoDad-01  CommandLog.Length ...
11:43:19| DoDad-01  CommandLog ... (0)
11:43:19| DoDad-01-CommandLog-Len:167 Siz:167 | iStart: 0
11:43:19| DoDad-01  SerialData.Length ... (365)
11:43:19| DoDad-01 | GetModePID(01, 33) - Presion Barometrica Kpa-SLL:00365,00365-CF:F-DLLInfo:'DAD_DLL_VERSION_16.12.25.0 .. 3.0.7.0'
                    -  DAD_DLL_VERSION_16.12.25.0
                    -  46,TX MSG,ICAN11bt500,00 00 07 DF 01 21 
                    -  46,RX QRY,ICAN11bt500,Delay: 100
                    -  156,RX MSG,ICAN11bt500,00 00 07 DF 
                    -  156,RX MSG,ICAN11bt500,00 00 07 E8 41 21 00 00 
                    -  156,RX QRY,ICAN11bt500,Delay: 100
                    -  265,RX QRY,ICAN11bt500,Delay: 100
                    -  375,RX QRY,ICAN11bt500,Delay: 100
                    -  484,RX QRY,ICAN11bt500,Delay: 100
                    -  594,RX QRY,ICAN11bt500,Delay: 100
                    (0.672 s,F) GetModePID(01, 33) - Presion Barometrica Kpa | NoEOL
11:43:19| DECODE_Bus: DAD_DLL_VERSION_16.12.25.0
3.0.7.0

46,TX MSG,ICAN11bt500,00 00 07 DF 01 21 
156,RX MSG,ICAN11bt500,00 00 07 DF 
156,RX MSG,ICAN11bt500,00 00 07 E8 41 21 00 00 

11:43:19| sr | Presion Barometrica Kpa: 0 | 1
11:43:19|  
11:43:19| ... (01, 4D) Tmp MIL on >>>-----------------------------------------------------------------------
11:43:19| ... SetupMyLastCommResult: ConditionsNotCorrect
11:43:19| ... DoDad | Action: System.Action | tag: GetModePID(01, 4D) - Tmp MIL on
11:43:19| ... GetCallingProcedure | lVehiculoLink
11:43:19| ... GetCallingProcedure | VehiculoLink
11:43:19| ... GetCallingProcedure | VehTest
11:43:19| DoDad-01 | GetModePID(01, 4D) - Tmp MIL on (Open:True,999.99 | lVehiculoLink,VehiculoLink,VehTest)
11:43:19| DoDad-01  ClearCommandLog ...
11:43:19| DoDad-01  Invoke ... (GetModePID(01, 4D) - Tmp MIL on)
11:43:20| DoDad-01  Invoke ... (GetModePID(01, 4D) - Tmp MIL on)  (672)
11:43:20| DoDad-01  CommandLog.Length ...
11:43:20| DoDad-01  CommandLog ... (0)
11:43:20| DoDad-01-CommandLog-Len:118 Siz:118 | iStart: 0
11:43:20| DoDad-01  SerialData.Length ... (316)
11:43:20| DoDad-01 | GetModePID(01, 4D) - Tmp MIL on-SLL:00316,00316-CF:F-DLLInfo:'DAD_DLL_VERSION_16.12.25.0 .. 3.0.7.0'
                    -  DAD_DLL_VERSION_16.12.25.0
                    -  31,TX MSG,ICAN11bt500,00 00 07 DF 01 4D 
                    -  31,RX QRY,ICAN11bt500,Delay: 100
                    -  140,RX MSG,ICAN11bt500,00 00 07 DF 
                    -  140,RX QRY,ICAN11bt500,Delay: 100
                    -  250,RX QRY,ICAN11bt500,Delay: 100
                    -  359,RX QRY,ICAN11bt500,Delay: 100
                    -  468,RX QRY,ICAN11bt500,Delay: 100
                    -  578,RX QRY,ICAN11bt500,Delay: 100
                    (0.675 s,F) GetModePID(01, 4D) - Tmp MIL on | NoEOL
11:43:20|  
11:43:20| ... (01, 51) Tipo Combustible >>>-----------------------------------------------------------------------
11:43:20| ... SetupMyLastCommResult: ConditionsNotCorrect
11:43:20| ... DoDad | Action: System.Action | tag: GetModePID(01, 51) - Tipo Combustible
11:43:20| ... GetCallingProcedure | lVehiculoLink
11:43:20| ... GetCallingProcedure | VehiculoLink
11:43:20| ... GetCallingProcedure | VehTest
11:43:20| DoDad-01 | GetModePID(01, 51) - Tipo Combustible (Open:True,999.99 | lVehiculoLink,VehiculoLink,VehTest)
11:43:20| DoDad-01  ClearCommandLog ...
11:43:20| DoDad-01  Invoke ... (GetModePID(01, 51) - Tipo Combustible)
11:43:21| DoDad-01  Invoke ... (GetModePID(01, 51) - Tipo Combustible)  (656)
11:43:21| DoDad-01  CommandLog.Length ...
11:43:21| DoDad-01  CommandLog ... (0)
11:43:21| DoDad-01-CommandLog-Len:164 Siz:164 | iStart: 0
11:43:21| DoDad-01  SerialData.Length ... (362)
11:43:21| DoDad-01 | GetModePID(01, 51) - Tipo Combustible-SLL:00362,00362-CF:F-DLLInfo:'DAD_DLL_VERSION_16.12.25.0 .. 3.0.7.0'
                    -  DAD_DLL_VERSION_16.12.25.0
                    -  31,TX MSG,ICAN11bt500,00 00 07 DF 01 33 
                    -  31,RX QRY,ICAN11bt500,Delay: 100
                    -  140,RX MSG,ICAN11bt500,00 00 07 DF 
                    -  140,RX MSG,ICAN11bt500,00 00 07 E8 41 33 4D 
                    -  140,RX QRY,ICAN11bt500,Delay: 100
                    -  253,RX QRY,ICAN11bt500,Delay: 100
                    -  363,RX QRY,ICAN11bt500,Delay: 100
                    -  472,RX QRY,ICAN11bt500,Delay: 100
                    -  581,RX QRY,ICAN11bt500,Delay: 100
                    (0.660 s,F) GetModePID(01, 51) - Tipo Combustible | NoEOL
11:43:21| DECODE_Bus: DAD_DLL_VERSION_16.12.25.0
3.0.7.0

31,TX MSG,ICAN11bt500,00 00 07 DF 01 33 
140,RX MSG,ICAN11bt500,00 00 07 DF 
140,RX MSG,ICAN11bt500,00 00 07 E8 41 33 4D 

11:43:21| sr | Tipo Combustible: 0 | 1
11:43:21|  
11:43:21| ... (01, 7F) Tmp Marcha Motor >>>-----------------------------------------------------------------------
11:43:21| ... SetupMyLastCommResult: ConditionsNotCorrect
11:43:21| ... DoDad | Action: System.Action | tag: GetModePID(01, 7F) - Tmp Marcha Motor
11:43:21| ... GetCallingProcedure | lVehiculoLink
11:43:21| ... GetCallingProcedure | VehiculoLink
11:43:21| ... GetCallingProcedure | VehTest
11:43:21| DoDad-01 | GetModePID(01, 7F) - Tmp Marcha Motor (Open:True,999.99 | lVehiculoLink,VehiculoLink,VehTest)
11:43:21| DoDad-01  ClearCommandLog ...
11:43:21| DoDad-01  Invoke ... (GetModePID(01, 7F) - Tmp Marcha Motor)
11:43:21| DoDad-01  Invoke ... (GetModePID(01, 7F) - Tmp Marcha Motor)  (672)
11:43:21| DoDad-01  CommandLog.Length ...
11:43:21| DoDad-01  CommandLog ... (0)
11:43:22| DoDad-01-CommandLog-Len:118 Siz:118 | iStart: 0
11:43:22| DoDad-01  SerialData.Length ... (316)
11:43:22| DoDad-01 | GetModePID(01, 7F) - Tmp Marcha Motor-SLL:00316,00316-CF:F-DLLInfo:'DAD_DLL_VERSION_16.12.25.0 .. 3.0.7.0'
                    -  DAD_DLL_VERSION_16.12.25.0
                    -  31,TX MSG,ICAN11bt500,00 00 07 DF 01 7F 
                    -  31,RX QRY,ICAN11bt500,Delay: 100
                    -  140,RX MSG,ICAN11bt500,00 00 07 DF 
                    -  140,RX QRY,ICAN11bt500,Delay: 100
                    -  250,RX QRY,ICAN11bt500,Delay: 100
                    -  359,RX QRY,ICAN11bt500,Delay: 100
                    -  468,RX QRY,ICAN11bt500,Delay: 100
                    -  578,RX QRY,ICAN11bt500,Delay: 100
                    (0.672 s,F) GetModePID(01, 7F) - Tmp Marcha Motor | NoEOL
11:43:22|  
11:43:22| ... (09, 04) Cal ID >>>-----------------------------------------------------------------------
11:43:22| ... SetupMyLastCommResult: ConditionsNotCorrect
11:43:22| ... DoDad | Action: System.Action | tag: GetModePID(09, 04) - Cal ID
11:43:22| ... GetCallingProcedure | lVehiculoLink
11:43:22| ... GetCallingProcedure | VehiculoLink
11:43:22| ... GetCallingProcedure | VehTest
11:43:22| DoDad-01 | GetModePID(09, 04) - Cal ID (Open:True,999.99 | lVehiculoLink,VehiculoLink,VehTest)
11:43:22| DoDad-01  ClearCommandLog ...
11:43:22| DoDad-01  Invoke ... (GetModePID(09, 04) - Cal ID)
11:43:22| DoDad-01  Invoke ... (GetModePID(09, 04) - Cal ID)  (672)
11:43:22| DoDad-01  CommandLog.Length ...
11:43:22| DoDad-01  CommandLog ... (0)
11:43:22| DoDad-01-CommandLog-Len:249 Siz:249 | iStart: 0
11:43:22| DoDad-01  SerialData.Length ... (447)
11:43:22| DoDad-01 | GetModePID(09, 04) - Cal ID-SLL:00447,00447-CF:F-DLLInfo:'DAD_DLL_VERSION_16.12.25.0 .. 3.0.7.0'
                    -  DAD_DLL_VERSION_16.12.25.0
                    -  31,TX MSG,ICAN11bt500,00 00 07 DF 09 04 
                    -  31,RX QRY,ICAN11bt500,Delay: 100
                    -  140,RX MSG,ICAN11bt500,00 00 07 DF 
                    -  140,RX MSG,ICAN11bt500,00 00 07 E8 
                    -  140,RX MSG,ICAN11bt500,00 00 07 E8 49 04 01 36 38 31 36 31 35 31 30 41 45 00 00 00 00 00 00 
                    -  140,RX QRY,ICAN11bt500,Delay: 100
                    -  250,RX QRY,ICAN11bt500,Delay: 100
                    -  359,RX QRY,ICAN11bt500,Delay: 100
                    -  472,RX QRY,ICAN11bt500,Delay: 100
                    -  583,RX QRY,ICAN11bt500,Delay: 100
                    (0.662 s,F) GetModePID(09, 04) - Cal ID | NoEOL
11:43:22| DECODE_Bus: DAD_DLL_VERSION_16.12.25.0
3.0.7.0

31,TX MSG,ICAN11bt500,00 00 07 DF 09 04 
140,RX MSG,ICAN11bt500,00 00 07 DF 
140,RX MSG,ICAN11bt500,00 00 07 E8 
140,RX MSG,ICAN11bt500,00 00 07 E8 49 04 01 36 38 31 36 31 35 31 30 41 45 00 00 00 00 00 00 

11:43:22| sr | Cal ID: 0 | 1
11:43:22|  
11:43:22| ... Get VIN >>>-----------------------------------------------------------------------
11:43:23| DAD_DLL_VERSION_16.12.25.0
3.0.7.0

31,TX MSG,ICAN11bt500,00 00 07 DF 09 04 
140,RX MSG,ICAN11bt500,00 00 07 DF 
140,RX MSG,ICAN11bt500,00 00 07 E8 
140,RX MSG,ICAN11bt500,00 00 07 E8 49 04 01 36 38 31 36 31 35 31 30 41 45 00 00 00 00 00 00 
740,TX MSG,ICAN11bt500,00 00 07 DF 09 02 
849,RX MSG,ICAN11bt500,00 00 07 DF 
849,RX MSG,ICAN11bt500,00 00 07 E8 
849,RX MSG,ICAN11bt500,00 00 07 E8 49 02 01 32 43 34 4A 43 31 41 47 31 44 52 38 30 39 38 30 37 

11:43:23| SR: 0 | 1
11:43:23| ... GetEcuIdFromAddress
11:43:23| ... ByteArrayToHexString | 01 32 43 34 4A 43 31 41 47 31 44 52 38 30 39 38 30 37
11:43:23| GetVIN | ECU:E8  DLen:018 (01 32 43 34 4A 43 31 41 47 31 44 52 38 30 39 38 30 37)
11:43:23| ... ByteArrayToHexString | 01,32,43,34,4A,43,31,41,47,31,44,52,38,30,39,38,30,37
11:43:23| ... CheckForNAK | Ret:False  Len:18  Buf:01,32,43,34,4A,43,31,41,47,31,44,52,38,30,39,38,30,37  SID:09  PID:02  Prot:'CAN11'
11:43:23| ... ByteArrayToString | 2C4JC1AG1DR809807
11:43:23| GetVIN | ECU:E8  VIN: Null
11:43:23| DECODE_Bus: DAD_DLL_VERSION_16.12.25.0
3.0.7.0

31,TX MSG,ICAN11bt500,00 00 07 DF 09 04 
140,RX MSG,ICAN11bt500,00 00 07 DF 
140,RX MSG,ICAN11bt500,00 00 07 E8 
140,RX MSG,ICAN11bt500,00 00 07 E8 49 04 01 36 38 31 36 31 35 31 30 41 45 00 00 00 00 00 00 
740,TX MSG,ICAN11bt500,00 00 07 DF 09 02 
849,RX MSG,ICAN11bt500,00 00 07 DF 
849,RX MSG,ICAN11bt500,00 00 07 E8 
849,RX MSG,ICAN11bt500,00 00 07 E8 49 02 01 32 43 34 4A 43 31 41 47 31 44 52 38 30 39 38 30 37 

11:43:23|  
11:43:23| ... Get VOLTAJES >>>-----------------------------------------------------------------------
11:43:23| ... SetupMyLastCommResult: ConditionsNotCorrect
11:43:23| ... DoDad | Action: System.Action | tag: GetModePID(01, 42) - Voltaje
11:43:23| ... GetCallingProcedure | lVehiculoLink
11:43:23| ... GetCallingProcedure | VehiculoLink
11:43:23| ... GetCallingProcedure | VehTest
11:43:23| DoDad-01 | GetModePID(01, 42) - Voltaje (Open:True,999.99 | lVehiculoLink,VehiculoLink,VehTest)
11:43:23| DoDad-01  ClearCommandLog ...
11:43:23| DoDad-01  Invoke ... (GetModePID(01, 42) - Voltaje)
11:43:24| DoDad-01  Invoke ... (GetModePID(01, 42) - Voltaje)  (657)
11:43:24| DoDad-01  CommandLog.Length ...
11:43:24| DoDad-01  CommandLog ... (0)
11:43:24| DoDad-01-CommandLog-Len:118 Siz:118 | iStart: 0
11:43:24| DoDad-01  SerialData.Length ... (316)
11:43:24| DoDad-01 | GetModePID(01, 42) - Voltaje-SLL:00316,00316-CF:F-DLLInfo:'DAD_DLL_VERSION_16.12.25.0 .. 3.0.7.0'
                    -  DAD_DLL_VERSION_16.12.25.0
                    -  31,TX MSG,ICAN11bt500,00 00 07 DF 01 2A 
                    -  31,RX QRY,ICAN11bt500,Delay: 100
                    -  140,RX MSG,ICAN11bt500,00 00 07 DF 
                    -  140,RX QRY,ICAN11bt500,Delay: 100
                    -  250,RX QRY,ICAN11bt500,Delay: 100
                    -  359,RX QRY,ICAN11bt500,Delay: 100
                    -  469,RX QRY,ICAN11bt500,Delay: 100
                    -  578,RX QRY,ICAN11bt500,Delay: 100
                    (0.657 s,F) GetModePID(01, 42) - Voltaje | NoEOL
11:43:24|  
11:43:24| ... Get RPM >>>-----------------------------------------------------------------------
11:43:24| ... SetupMyLastCommResult: ConditionsNotCorrect
11:43:24| ... DoDad | Action: System.Action | tag: GetModePID(01, 0C) - DTC count, MIL
11:43:24| ... GetCallingProcedure | lVehiculoLink
11:43:24| ... GetCallingProcedure | VehiculoLink
11:43:24| ... GetCallingProcedure | VehTest
11:43:24| DoDad-01 | GetModePID(01, 0C) - DTC count, MIL (Open:True,999.99 | lVehiculoLink,VehiculoLink,VehTest)
11:43:24| DoDad-01  ClearCommandLog ...
11:43:24| DoDad-01  Invoke ... (GetModePID(01, 0C) - DTC count, MIL)
11:43:24| DoDad-01  Invoke ... (GetModePID(01, 0C) - DTC count, MIL)  (656)
11:43:24| DoDad-01  CommandLog.Length ...
11:43:24| DoDad-01  CommandLog ... (0)
11:43:24| DoDad-01-CommandLog-Len:167 Siz:167 | iStart: 0
11:43:24| DoDad-01  SerialData.Length ... (365)
11:43:24| DoDad-01 | GetModePID(01, 0C) - DTC count, MIL-SLL:00365,00365-CF:F-DLLInfo:'DAD_DLL_VERSION_16.12.25.0 .. 3.0.7.0'
                    -  DAD_DLL_VERSION_16.12.25.0
                    -  31,TX MSG,ICAN11bt500,00 00 07 DF 01 0C 
                    -  31,RX QRY,ICAN11bt500,Delay: 100
                    -  140,RX MSG,ICAN11bt500,00 00 07 DF 
                    -  140,RX MSG,ICAN11bt500,00 00 07 E8 41 0C 09 B0 
                    -  140,RX QRY,ICAN11bt500,Delay: 100
                    -  250,RX QRY,ICAN11bt500,Delay: 100
                    -  360,RX QRY,ICAN11bt500,Delay: 100
                    -  469,RX QRY,ICAN11bt500,Delay: 100
                    -  578,RX QRY,ICAN11bt500,Delay: 100
                    (0.657 s,F) GetModePID(01, 0C) - DTC count, MIL | NoEOL
11:43:24| DECODE_Bus: DAD_DLL_VERSION_16.12.25.0
3.0.7.0

31,TX MSG,ICAN11bt500,00 00 07 DF 01 0C 
140,RX MSG,ICAN11bt500,00 00 07 DF 
140,RX MSG,ICAN11bt500,00 00 07 E8 41 0C 09 B0 

11:43:24| zipESP: 00 00 07 E8 41 0C 09 B0 | 000007E8410C09B0
11:43:24| DECODE_RPM: 000007E8410C09B0
11:43:24| sr | Get RPM(1): 0 | 1
11:43:24| ... SetupMyLastCommResult: ConditionsNotCorrect
11:43:24| ... DoDad | Action: System.Action | tag: GetModePID(01, 0C) - DTC count, MIL
11:43:24| ... GetCallingProcedure | lVehiculoLink
11:43:24| ... GetCallingProcedure | VehiculoLink
11:43:24| ... GetCallingProcedure | VehTest
11:43:24| DoDad-01 | GetModePID(01, 0C) - DTC count, MIL (Open:True,999.99 | lVehiculoLink,VehiculoLink,VehTest)
11:43:24| DoDad-01  ClearCommandLog ...
11:43:24| DoDad-01  Invoke ... (GetModePID(01, 0C) - DTC count, MIL)
11:43:25| DoDad-01  Invoke ... (GetModePID(01, 0C) - DTC count, MIL)  (657)
11:43:25| DoDad-01  CommandLog.Length ...
11:43:25| DoDad-01  CommandLog ... (0)
11:43:25| DoDad-01-CommandLog-Len:167 Siz:167 | iStart: 0
11:43:25| DoDad-01  SerialData.Length ... (365)
11:43:25| DoDad-01 | GetModePID(01, 0C) - DTC count, MIL-SLL:00365,00365-CF:F-DLLInfo:'DAD_DLL_VERSION_16.12.25.0 .. 3.0.7.0'
                    -  DAD_DLL_VERSION_16.12.25.0
                    -  31,TX MSG,ICAN11bt500,00 00 07 DF 01 0C 
                    -  31,RX QRY,ICAN11bt500,Delay: 100
                    -  140,RX MSG,ICAN11bt500,00 00 07 DF 
                    -  140,RX MSG,ICAN11bt500,00 00 07 E8 41 0C 09 C0 
                    -  140,RX QRY,ICAN11bt500,Delay: 100
                    -  250,RX QRY,ICAN11bt500,Delay: 100
                    -  359,RX QRY,ICAN11bt500,Delay: 100
                    -  468,RX QRY,ICAN11bt500,Delay: 100
                    -  578,RX QRY,ICAN11bt500,Delay: 100
                    (0.677 s,F) GetModePID(01, 0C) - DTC count, MIL | NoEOL
11:43:25| DECODE_Bus: DAD_DLL_VERSION_16.12.25.0
3.0.7.0

31,TX MSG,ICAN11bt500,00 00 07 DF 01 0C 
140,RX MSG,ICAN11bt500,00 00 07 DF 
140,RX MSG,ICAN11bt500,00 00 07 E8 41 0C 09 C0 

11:43:25| zipESP: 00 00 07 E8 41 0C 09 C0 | 000007E8410C09C0
11:43:25| DECODE_RPM: 000007E8410C09C0
11:43:25| sr | Get RPM(2): 0 | 1
11:43:25| ... SetupMyLastCommResult: ConditionsNotCorrect
11:43:25| ... DoDad | Action: System.Action | tag: GetModePID(01, 0C) - DTC count, MIL
11:43:25| ... GetCallingProcedure | lVehiculoLink
11:43:25| ... GetCallingProcedure | VehiculoLink
11:43:25| ... GetCallingProcedure | VehTest
11:43:25| DoDad-01 | GetModePID(01, 0C) - DTC count, MIL (Open:True,999.99 | lVehiculoLink,VehiculoLink,VehTest)
11:43:25| DoDad-01  ClearCommandLog ...
11:43:25| DoDad-01  Invoke ... (GetModePID(01, 0C) - DTC count, MIL)
11:43:26| DoDad-01  Invoke ... (GetModePID(01, 0C) - DTC count, MIL)  (672)
11:43:26| DoDad-01  CommandLog.Length ...
11:43:26| DoDad-01  CommandLog ... (0)
11:43:26| DoDad-01-CommandLog-Len:167 Siz:167 | iStart: 0
11:43:26| DoDad-01  SerialData.Length ... (365)
11:43:26| DoDad-01 | GetModePID(01, 0C) - DTC count, MIL-SLL:00365,00365-CF:F-DLLInfo:'DAD_DLL_VERSION_16.12.25.0 .. 3.0.7.0'
                    -  DAD_DLL_VERSION_16.12.25.0
                    -  31,TX MSG,ICAN11bt500,00 00 07 DF 01 0C 
                    -  31,RX QRY,ICAN11bt500,Delay: 100
                    -  140,RX MSG,ICAN11bt500,00 00 07 DF 
                    -  140,RX MSG,ICAN11bt500,00 00 07 E8 41 0C 09 B0 
                    -  140,RX QRY,ICAN11bt500,Delay: 100
                    -  250,RX QRY,ICAN11bt500,Delay: 100
                    -  366,RX QRY,ICAN11bt500,Delay: 100
                    -  475,RX QRY,ICAN11bt500,Delay: 100
                    -  585,RX QRY,ICAN11bt500,Delay: 100
                    (0.679 s,F) GetModePID(01, 0C) - DTC count, MIL | NoEOL
11:43:26| DECODE_Bus: DAD_DLL_VERSION_16.12.25.0
3.0.7.0

31,TX MSG,ICAN11bt500,00 00 07 DF 01 0C 
140,RX MSG,ICAN11bt500,00 00 07 DF 
140,RX MSG,ICAN11bt500,00 00 07 E8 41 0C 09 B0 

11:43:26| zipESP: 00 00 07 E8 41 0C 09 B0 | 000007E8410C09B0
11:43:26| DECODE_RPM: 000007E8410C09B0
11:43:26| sr | Get RPM(3): 0 | 1
11:43:26| ... SetupMyLastCommResult: ConditionsNotCorrect
11:43:26| ... DoDad | Action: System.Action | tag: GetModePID(01, 0C) - DTC count, MIL
11:43:26| ... GetCallingProcedure | lVehiculoLink
11:43:26| ... GetCallingProcedure | VehiculoLink
11:43:26| ... GetCallingProcedure | VehTest
11:43:26| DoDad-01 | GetModePID(01, 0C) - DTC count, MIL (Open:True,999.99 | lVehiculoLink,VehiculoLink,VehTest)
11:43:26| DoDad-01  ClearCommandLog ...
11:43:26| DoDad-01  Invoke ... (GetModePID(01, 0C) - DTC count, MIL)
11:43:27| DoDad-01  Invoke ... (GetModePID(01, 0C) - DTC count, MIL)  (672)
11:43:27| DoDad-01  CommandLog.Length ...
11:43:27| DoDad-01  CommandLog ... (0)
11:43:27| DoDad-01-CommandLog-Len:167 Siz:167 | iStart: 0
11:43:27| DoDad-01  SerialData.Length ... (365)
11:43:27| DoDad-01 | GetModePID(01, 0C) - DTC count, MIL-SLL:00365,00365-CF:F-DLLInfo:'DAD_DLL_VERSION_16.12.25.0 .. 3.0.7.0'
                    -  DAD_DLL_VERSION_16.12.25.0
                    -  31,TX MSG,ICAN11bt500,00 00 07 DF 01 0C 
                    -  31,RX QRY,ICAN11bt500,Delay: 100
                    -  140,RX MSG,ICAN11bt500,00 00 07 DF 
                    -  140,RX MSG,ICAN11bt500,00 00 07 E8 41 0C 09 D0 
                    -  140,RX QRY,ICAN11bt500,Delay: 100
                    -  250,RX QRY,ICAN11bt500,Delay: 100
                    -  359,RX QRY,ICAN11bt500,Delay: 100
                    -  468,RX QRY,ICAN11bt500,Delay: 100
                    -  578,RX QRY,ICAN11bt500,Delay: 100
                    (0.672 s,F) GetModePID(01, 0C) - DTC count, MIL | NoEOL
11:43:27| DECODE_Bus: DAD_DLL_VERSION_16.12.25.0
3.0.7.0

31,TX MSG,ICAN11bt500,00 00 07 DF 01 0C 
140,RX MSG,ICAN11bt500,00 00 07 DF 
140,RX MSG,ICAN11bt500,00 00 07 E8 41 0C 09 D0 

11:43:27| zipESP: 00 00 07 E8 41 0C 09 D0 | 000007E8410C09D0
11:43:27| DECODE_RPM: 000007E8410C09D0
11:43:27| sr | Get RPM(4): 0 | 1
11:43:27| Success
11:43:27| InitIMCleanDevice | DeviceVoltage:13.9
11:43:27| InitIMCleanDevice | DeviceVoltageDLC:14.3
11:43:27| ... >>>-----------------------------------------------------------------------
11:43:27| ... >>>-----------------------------------------------------------------------
11:43:27| VIN: 2C4JC1AG1DR809807
11:43:27| MON: Mil:0| Msi:110 | Ccm:110 | Cmb:110 | O2s:110 | Cat:110 | Ccc:009 | Evs:110 | Sas:009 | Faa:009 | O2c:110
11:43:27| DTC: 
11:43:27| Voltage: 13.9
11:43:27| VoltageDLC: 14.3
11:43:27| Pid0101 : 00 00 07 E8 41 01 00 07 E5 00
11:43:27| Pid0300 : 00 00 07 E8 43 00
11:43:27| Pid0121 : 00 00 07 E8 41 21 00 00
11:43:27| Pid0131 : Null
11:43:27| Pid0133 : 00 00 07 E8 41 33 4D
11:43:27| Pid011F : 00 00 07 E8 41 1F 01 9D
11:43:27| Pid017F : Null
11:43:27| Pid014D : Null
11:43:27| Pid0951 : Null
11:43:27| Pid0902 : 00 00 07 E8 49 02 01 32 43 34 4A 43 31 41 47 31 44 52 38 30 39 38 30 37
11:43:27| Pid0904 : 00 00 07 E8 49 04 01 36 38 31 36 31 35 31 30 41 45 00 00 00 00 00 00
11:43:27| Pid010C: 00 00 07 E8 41 0C 09 D0
11:43:27| RPM: 628 | 1: 620 | 2: 624 | 3: 620
11:43:27| *** Connect ... EOF()
11:43:27| VehiculoLink: Pass: Inspección vehicular OBD concluido.
12:06:52|  
12:06:52| ... Connect_OBD ===================================================================================================================
12:06:52|  
12:06:52| ... GetCallingProcedure | lVehiculoLink
12:06:52| ... GetCallingProcedure | VehiculoLink
12:06:52| ... GetCallingProcedure | VehTest
12:06:52| ... IncrementActiveCount | 1
12:06:52| ... GetCallingProcedure | OpusIMCleanOBDdrv.Module1:Connect_OBD
12:06:52| ... GetCallingProcedure | OpusIMCleanOBDdrv.Module1:lVehiculoLink
12:06:52| ... GetCallingProcedure | OpusIMCleanOBDdrv.IMCleanOBD:VehiculoLink
12:06:52| ... MyDADStatus | LCR:ConditionsNotCorrect,Unknown
12:06:52| ... Connect | ---------------- Connect --------------- SC:'' (LCR:ConditionsNotCorrect,Unknown) (lVehiculoLink,VehiculoLink,VehTest)
12:06:52| GetDAD | Starting ... Cnt:00004,00 Opn:T (Connect)
12:06:52| GetDAD | Success ... Cnt:00004,01 Opn:T (Connect, Connect)
12:06:52| ... Connect | 1 | GetDAD =Connect
12:06:52| ... SetupMyLastCommResult: InvalidData
12:06:52| ... MyDad.Initialize 
12:06:52| ... DoDad | Action: System.Action | tag: Initialize
12:06:52| ... GetCallingProcedure | lVehiculoLink
12:06:52| ... GetCallingProcedure | VehiculoLink
12:06:52| ... GetCallingProcedure | VehTest
12:06:52| DoDad-01 | Initialize (Open:True,999.99 | lVehiculoLink,VehiculoLink,VehTest)
12:06:52| DoDad-01  ClearCommandLog ...
12:06:52| DoDad-01  Invoke ... (Initialize)
12:06:57| ... SetupVehicleIsLinked
12:06:57| ... GetCallingProcedure | SetupMyLastCommResult
12:06:57| ... GetCallingProcedure | _Lambda$__0
12:06:57| ... GetCallingProcedure | DoDad
12:06:57| ... SetupMyLastCommResult: Success
12:06:57| DoDad-01  Invoke ... (Initialize)  (4782)
12:06:57| DoDad-01  CommandLog.Length ...
12:06:57| DoDad-01  CommandLog ... (0)
12:06:57| DoDad-01-CommandLog-Len:320 Siz:320 | iStart: 0
12:06:57| DoDad-01  SerialData.Length ... (537)
12:06:57| DoDad-01 | Initialize-SLL:00537,00537-CF:F-DLLInfo:'DAD_DLL_VERSION_16.12.25.0 .. 3.0.7.0'
                    -  DAD_DLL_VERSION_16.12.25.0
                    -  609,TX MSG,JVPW1850,68 6A F1 01 00 
                    -  624,RX QRY,JVPW1850,Delay: 100
                    -  734,RX QRY,JVPW1850,Delay: 100
                    -  843,RX QRY,JVPW1850,Delay: 100
                    -  953,TX MSG,JPWM1850,61 6A F1 01 00 
                    -  968,TX MSG,I914**,33 
                    -  3506,TX MSG,KWPS8FE9,C2 33 F1 01 00 
                    -  3537,RX QRY,KWPS8FE9,Delay: 100
                    -  3647,RX MSG,KWPS8FE9,
                    -  3647,RX QRY,KWPS8FE9,Delay: 100
                    -  3756,RX MSG,KWPS8FE9,86 F1 10 41 00 BE 3E B8 11 
                    -  3756,RX QRY,KWPS8FE9,Delay: 100
                    -  3928,RX QRY,KWPS8FE9,Delay: 512
                    -  4444,RX MSG,KWPS8FE9,
                    -  4444,RX MSG,KWPS8FE9,86 F1 10 41 00 BE 3E B8 11
                    (4.794 s,F) Initialize | 
12:06:57| ... MyLastResult | Success,Unknown,True->True
12:06:57| Connect | Init-Rty:2 (Success,Unknown,True->True | 4.91) | lVehiculoLink,VehiculoLink,VehTest
12:06:57| ... MyDad.Initialize > Success
12:06:57| DrewProtocol2MyProtocol | In:'KWPS8FE9'  Out:'KWD 2000-S' (CAN:False)
12:06:57| ... GetCallingProcedure | Connect_OBD
12:06:57| ... GetCallingProcedure | lVehiculoLink
12:06:57| ... GetCallingProcedure | VehiculoLink
12:06:57| GetSupportedPIDs | Starting ... (Mode:1) (Connect_OBD,lVehiculoLink,VehiculoLink)
12:06:57| ... SetupMyLastCommResult: InvalidData
12:06:57| ... DoDad | Action: System.Action | tag: GetModePID(01, 00) - PID support mask
12:06:57| ... GetCallingProcedure | Connect_OBD
12:06:57| ... GetCallingProcedure | lVehiculoLink
12:06:57| ... GetCallingProcedure | VehiculoLink
12:06:57| DoDad-01 | GetModePID(01, 00) - PID support mask (Open:True,999.99 | Connect_OBD,lVehiculoLink,VehiculoLink)
12:06:57| DoDad-01  ClearCommandLog ...
12:06:57| DoDad-01  Invoke ... (GetModePID(01, 00) - PID support mask)
12:06:58| DoDad-01  Invoke ... (GetModePID(01, 00) - PID support mask)  (1157)
12:06:58| DoDad-01  CommandLog.Length ...
12:06:58| DoDad-01  CommandLog ... (0)
12:06:58| DoDad-01-CommandLog-Len:150 Siz:150 | iStart: 0
12:06:58| DoDad-01  SerialData.Length ... (846)
12:06:58| DoDad-01 | GetModePID(01, 00) - PID support mask-SLL:00846,00846-CF:F-DLLInfo:'DAD_DLL_VERSION_16.12.25.0 .. 3.0.7.0'
                    -  DAD_DLL_VERSION_16.12.25.0
                    -  609,TX MSG,JVPW1850,68 6A F1 01 00 
                    -  624,RX QRY,JVPW1850,Delay: 100
                    -  734,RX QRY,JVPW1850,Delay: 100
                    -  843,RX QRY,JVPW1850,Delay: 100
                    -  953,TX MSG,JPWM1850,61 6A F1 01 00 
                    -  968,TX MSG,I914**,33 
                    -  3506,TX MSG,KWPS8FE9,C2 33 F1 01 00 
                    -  3537,RX QRY,KWPS8FE9,Delay: 100
                    -  3647,RX MSG,KWPS8FE9,
                    -  3647,RX QRY,KWPS8FE9,Delay: 100
                    -  3756,RX MSG,KWPS8FE9,86 F1 10 41 00 BE 3E B8 11 
                    -  3756,RX QRY,KWPS8FE9,Delay: 100
                    -  3928,RX QRY,KWPS8FE9,Delay: 512
                    -  4444,RX MSG,KWPS8FE9,
                    -  4444,RX MSG,KWPS8FE9,86 F1 10 41 00 BE 3E B8 11 
                    -  5372,TX MSG,KWPS8FE9,C2 33 F1 01 00 
                    -  5403,RX QRY,KWPS8FE9,Delay: 100
                    -  5512,RX MSG,KWPS8FE9,
                    -  5512,RX QRY,KWPS8FE9,Delay: 100
                    -  5622,RX MSG,KWPS8FE9,86 F1 10 41 00 BE 3E B8 11 
                    -  5622,RX QRY,KWPS8FE9,Delay: 100
                    -  5731,RX QRY,KWPS8FE9,Delay: 100
                    -  5840,RX QRY,KWPS8FE9,Delay: 100
                    -  5950,RX QRY,KWPS8FE9,Delay: 100
                    (1.156 s,F) GetModePID(01, 00) - PID support mask | NoEOL
12:06:58| ... SetupVehicleIsLinked
12:06:58| ... GetCallingProcedure | SetupMyLastCommResult
12:06:58| ... GetCallingProcedure | GetSupportedPIDs
12:06:58| ... GetCallingProcedure | Connect_OBD
12:06:58| ... SetupMyLastCommResult: Success
12:06:58| ... MyLastResult | Success,Unknown,True->True
12:06:58|  (Result:Success,Unknown,True->True)
12:06:58| GetSupportedPIDs | PID00 RspCnt:1
12:06:58| ... GetEcuIdFromAddress
12:06:58| ... ByteArrayToHexString | 10
12:06:58| ... ByteArrayToHexString | BE3EB811
12:06:58| ... DT_DataToString | Adr:10,Mod:01,PID:00,Dat:BE3EB811
12:06:58| GetSupportedPIDS | Data-Adr:10,Mod:01,PID:00,Dat:BE3EB811
12:06:58| SSBAFOB | MdPID:01,00 ECU:10 ...  InCnt:4 (BE,3E,B8,11,BC:017) SrtIdx:001
12:06:58| ... SetSupportedBitArrayFromObdBytes | BitAryLen:256  BitSetCnt:018  BAI:4-4,01,03,04,05,06,07,0B,0C,0D,0E,0F,11,13,14,15,1C,20
12:06:58| 2 | GetSupportedPIDs | 1-10-DBG3 -------------- 0,1,2,3,4,5,6,7, 8,9,A,B,C,D,E,F, G,H,I,J,K,L,M,N, O,P,Q,R,S,T,U,V
12:06:58| 2 | GetSupportedPIDs | 1-10-DBG3 000-00_00-020: T,T,F,T,T,T,T,T, F,F,F,T,T,T,T,T, F,T,F,T,T,T,F,F, F,F,F,F,T,F,F,F
12:06:58| 2 | GetSupportedPIDs | 1-10-DBG3 032-20_20-040: T,F,F,F,F,F,F,F, F,F,F,F,F,F,F,F, F,F,F,F,F,F,F,F, F,F,F,F,F,F,F,F
12:06:58| 2 | GetSupportedPIDs | 1-10-DBG3 064-40_40-060: F,F,F,F,F,F,F,F, F,F,F,F,F,F,F,F, F,F,F,F,F,F,F,F, F,F,F,F,F,F,F,F
12:06:58| 2 | GetSupportedPIDs | 1-10-DBG3 096-60_60-080: F,F,F,F,F,F,F,F, F,F,F,F,F,F,F,F, F,F,F,F,F,F,F,F, F,F,F,F,F,F,F,F
12:06:58| 2 | GetSupportedPIDs | 1-10-DBG3 128-80_80-0A0: F,F,F,F,F,F,F,F, F,F,F,F,F,F,F,F, F,F,F,F,F,F,F,F, F,F,F,F,F,F,F,F
12:06:58| 2 | GetSupportedPIDs | 1-10-DBG3 160-A0_A0-0C0: F,F,F,F,F,F,F,F, F,F,F,F,F,F,F,F, F,F,F,F,F,F,F,F, F,F,F,F,F,F,F,F
12:06:58| 2 | GetSupportedPIDs | 1-10-DBG3 192-C0_C0-0E0: F,F,F,F,F,F,F,F, F,F,F,F,F,F,F,F, F,F,F,F,F,F,F,F, F,F,F,F,F,F,F,F
12:06:58| 2 | GetSupportedPIDs | 1-10-DBG3 224-E0_E0-100: F,F,F,F,F,F,F,F, F,F,F,F,F,F,F,F, F,F,F,F,F,F,F,F, F,F,F,F,F,F,F,F  (T:018 F:238)
12:06:58| ... LogBitArray | 8
12:06:58| ... SetupMyLastCommResult: InvalidData
12:06:58| ... DoDad | Action: System.Action | tag: GetModePID(01, 20) - PID support mask
12:06:58| ... GetCallingProcedure | Connect_OBD
12:06:58| ... GetCallingProcedure | lVehiculoLink
12:06:58| ... GetCallingProcedure | VehiculoLink
12:06:58| DoDad-01 | GetModePID(01, 20) - PID support mask (Open:True,999.99 | Connect_OBD,lVehiculoLink,VehiculoLink)
12:06:58| DoDad-01  ClearCommandLog ...
12:06:58| DoDad-01  Invoke ... (GetModePID(01, 20) - PID support mask)
12:06:59| DoDad-01  Invoke ... (GetModePID(01, 20) - PID support mask)  (1156)
12:06:59| DoDad-01  CommandLog.Length ...
12:06:59| DoDad-01  CommandLog ... (0)
12:06:59| DoDad-01-CommandLog-Len:150 Siz:150 | iStart: 0
12:06:59| DoDad-01  SerialData.Length ... (1155)
12:06:59| DoDad-01 | GetModePID(01, 20) - PID support mask-SLL:01155,01155-CF:F-DLLInfo:'DAD_DLL_VERSION_16.12.25.0 .. 3.0.7.0'
                    -  DAD_DLL_VERSION_16.12.25.0
                    -  609,TX MSG,JVPW1850,68 6A F1 01 00 
                    -  624,RX QRY,JVPW1850,Delay: 100
                    -  734,RX QRY,JVPW1850,Delay: 100
                    -  843,RX QRY,JVPW1850,Delay: 100
                    -  953,TX MSG,JPWM1850,61 6A F1 01 00 
                    -  968,TX MSG,I914**,33 
                    -  3506,TX MSG,KWPS8FE9,C2 33 F1 01 00 
                    -  3537,RX QRY,KWPS8FE9,Delay: 100
                    -  3647,RX MSG,KWPS8FE9,
                    -  3647,RX QRY,KWPS8FE9,Delay: 100
                    -  3756,RX MSG,KWPS8FE9,86 F1 10 41 00 BE 3E B8 11 
                    -  3756,RX QRY,KWPS8FE9,Delay: 100
                    -  3928,RX QRY,KWPS8FE9,Delay: 512
                    -  4444,RX MSG,KWPS8FE9,
                    -  4444,RX MSG,KWPS8FE9,86 F1 10 41 00 BE 3E B8 11 
                    -  5372,TX MSG,KWPS8FE9,C2 33 F1 01 00 
                    -  5403,RX QRY,KWPS8FE9,Delay: 100
                    -  5512,RX MSG,KWPS8FE9,
                    -  5512,RX QRY,KWPS8FE9,Delay: 100
                    -  5622,RX MSG,KWPS8FE9,86 F1 10 41 00 BE 3E B8 11 
                    -  5622,RX QRY,KWPS8FE9,Delay: 100
                    -  5731,RX QRY,KWPS8FE9,Delay: 100
                    -  5840,RX QRY,KWPS8FE9,Delay: 100
                    -  5950,RX QRY,KWPS8FE9,Delay: 100
                    -  6684,TX MSG,KWPS8FE9,C2 33 F1 01 20 
                    -  6715,RX QRY,KWPS8FE9,Delay: 100
                    -  6825,RX MSG,KWPS8FE9,
                    -  6825,RX QRY,KWPS8FE9,Delay: 100
                    -  6934,RX MSG,KWPS8FE9,86 F1 10 41 20 80 00 00 00 
                    -  6934,RX QRY,KWPS8FE9,Delay: 100
                    -  7046,RX QRY,KWPS8FE9,Delay: 100
                    -  7156,RX QRY,KWPS8FE9,Delay: 100
                    -  7265,RX QRY,KWPS8FE9,Delay: 100
                    (1.159 s,F) GetModePID(01, 20) - PID support mask | NoEOL
12:06:59| ... SetupVehicleIsLinked
12:06:59| ... GetCallingProcedure | SetupMyLastCommResult
12:06:59| ... GetCallingProcedure | GetSupportedPIDs
12:06:59| ... GetCallingProcedure | Connect_OBD
12:06:59| ... SetupMyLastCommResult: Success
12:06:59| ... MyLastResult | Success,Unknown,True->True
12:06:59|  (Result:Success,Unknown,True->True)
12:06:59| GetSupportedPIDs | PID20 RspCnt:1
12:06:59| ... GetEcuIdFromAddress
12:06:59| ... ByteArrayToHexString | 10
12:06:59| ... ByteArrayToHexString | 80000000
12:07:00| ... DT_DataToString | Adr:10,Mod:01,PID:20,Dat:80000000
12:07:00| GetSupportedPIDS | Data-Adr:10,Mod:01,PID:20,Dat:80000000
12:07:00| SSBAFOB | MdPID:01,20 ECU:10 ...  InCnt:4 (80,00,00,00,BC:001) SrtIdx:033
12:07:00| ... SetSupportedBitArrayFromObdBytes | BitAryLen:256  BitSetCnt:019  BAI:4-4,21
12:07:00| 2 | GetSupportedPIDs | 1-10-DBG3 -------------- 0,1,2,3,4,5,6,7, 8,9,A,B,C,D,E,F, G,H,I,J,K,L,M,N, O,P,Q,R,S,T,U,V
12:07:00| 2 | GetSupportedPIDs | 1-10-DBG3 000-00_00-020: T,T,F,T,T,T,T,T, F,F,F,T,T,T,T,T, F,T,F,T,T,T,F,F, F,F,F,F,T,F,F,F
12:07:00| 2 | GetSupportedPIDs | 1-10-DBG3 032-20_20-040: T,T,F,F,F,F,F,F, F,F,F,F,F,F,F,F, F,F,F,F,F,F,F,F, F,F,F,F,F,F,F,F
12:07:00| 2 | GetSupportedPIDs | 1-10-DBG3 064-40_40-060: F,F,F,F,F,F,F,F, F,F,F,F,F,F,F,F, F,F,F,F,F,F,F,F, F,F,F,F,F,F,F,F
12:07:00| 2 | GetSupportedPIDs | 1-10-DBG3 096-60_60-080: F,F,F,F,F,F,F,F, F,F,F,F,F,F,F,F, F,F,F,F,F,F,F,F, F,F,F,F,F,F,F,F
12:07:00| 2 | GetSupportedPIDs | 1-10-DBG3 128-80_80-0A0: F,F,F,F,F,F,F,F, F,F,F,F,F,F,F,F, F,F,F,F,F,F,F,F, F,F,F,F,F,F,F,F
12:07:00| 2 | GetSupportedPIDs | 1-10-DBG3 160-A0_A0-0C0: F,F,F,F,F,F,F,F, F,F,F,F,F,F,F,F, F,F,F,F,F,F,F,F, F,F,F,F,F,F,F,F
12:07:00| 2 | GetSupportedPIDs | 1-10-DBG3 192-C0_C0-0E0: F,F,F,F,F,F,F,F, F,F,F,F,F,F,F,F, F,F,F,F,F,F,F,F, F,F,F,F,F,F,F,F
12:07:00| 2 | GetSupportedPIDs | 1-10-DBG3 224-E0_E0-100: F,F,F,F,F,F,F,F, F,F,F,F,F,F,F,F, F,F,F,F,F,F,F,F, F,F,F,F,F,F,F,F  (T:019 F:237)
12:07:00| ... LogBitArray | 8
12:07:00| GetSupportedPIDs | Mode:1 ECUCnt:1 PIDSupDicCnt:1
12:07:00| 4 | GetSupportedPIDS | Mode1-ECU10:-------------- 0,1,2,3,4,5,6,7, 8,9,A,B,C,D,E,F, G,H,I,J,K,L,M,N, O,P,Q,R,S,T,U,V
12:07:00| 4 | GetSupportedPIDS | Mode1-ECU10:000-00_00-020: T,T,F,T,T,T,T,T, F,F,F,T,T,T,T,T, F,T,F,T,T,T,F,F, F,F,F,F,T,F,F,F
12:07:00| 4 | GetSupportedPIDS | Mode1-ECU10:032-20_20-040: T,T,F,F,F,F,F,F, F,F,F,F,F,F,F,F, F,F,F,F,F,F,F,F, F,F,F,F,F,F,F,F
12:07:00| 4 | GetSupportedPIDS | Mode1-ECU10:064-40_40-060: F,F,F,F,F,F,F,F, F,F,F,F,F,F,F,F, F,F,F,F,F,F,F,F, F,F,F,F,F,F,F,F
12:07:00| 4 | GetSupportedPIDS | Mode1-ECU10:096-60_60-080: F,F,F,F,F,F,F,F, F,F,F,F,F,F,F,F, F,F,F,F,F,F,F,F, F,F,F,F,F,F,F,F
12:07:00| 4 | GetSupportedPIDS | Mode1-ECU10:128-80_80-0A0: F,F,F,F,F,F,F,F, F,F,F,F,F,F,F,F, F,F,F,F,F,F,F,F, F,F,F,F,F,F,F,F
12:07:00| 4 | GetSupportedPIDS | Mode1-ECU10:160-A0_A0-0C0: F,F,F,F,F,F,F,F, F,F,F,F,F,F,F,F, F,F,F,F,F,F,F,F, F,F,F,F,F,F,F,F
12:07:00| 4 | GetSupportedPIDS | Mode1-ECU10:192-C0_C0-0E0: F,F,F,F,F,F,F,F, F,F,F,F,F,F,F,F, F,F,F,F,F,F,F,F, F,F,F,F,F,F,F,F
12:07:00| 4 | GetSupportedPIDS | Mode1-ECU10:224-E0_E0-100: F,F,F,F,F,F,F,F, F,F,F,F,F,F,F,F, F,F,F,F,F,F,F,F, F,F,F,F,F,F,F,F  (T:019 F:237)
12:07:00| ... LogBitArray | 8
12:07:00| 2 | GetSupportedPIDs | 1-ECUxx -------------- 0,1,2,3,4,5,6,7, 8,9,A,B,C,D,E,F, G,H,I,J,K,L,M,N, O,P,Q,R,S,T,U,V
12:07:00| 2 | GetSupportedPIDs | 1-ECUxx 000-00_00-020: T,T,F,T,T,T,T,T, F,F,F,T,T,T,T,T, F,T,F,T,T,T,F,F, F,F,F,F,T,F,F,F
12:07:00| 2 | GetSupportedPIDs | 1-ECUxx 032-20_20-040: T,T,F,F,F,F,F,F, F,F,F,F,F,F,F,F, F,F,F,F,F,F,F,F, F,F,F,F,F,F,F,F
12:07:00| 2 | GetSupportedPIDs | 1-ECUxx 064-40_40-060: F,F,F,F,F,F,F,F, F,F,F,F,F,F,F,F, F,F,F,F,F,F,F,F, F,F,F,F,F,F,F,F
12:07:00| 2 | GetSupportedPIDs | 1-ECUxx 096-60_60-080: F,F,F,F,F,F,F,F, F,F,F,F,F,F,F,F, F,F,F,F,F,F,F,F, F,F,F,F,F,F,F,F
12:07:00| 2 | GetSupportedPIDs | 1-ECUxx 128-80_80-0A0: F,F,F,F,F,F,F,F, F,F,F,F,F,F,F,F, F,F,F,F,F,F,F,F, F,F,F,F,F,F,F,F
12:07:00| 2 | GetSupportedPIDs | 1-ECUxx 160-A0_A0-0C0: F,F,F,F,F,F,F,F, F,F,F,F,F,F,F,F, F,F,F,F,F,F,F,F, F,F,F,F,F,F,F,F
12:07:00| 2 | GetSupportedPIDs | 1-ECUxx 192-C0_C0-0E0: F,F,F,F,F,F,F,F, F,F,F,F,F,F,F,F, F,F,F,F,F,F,F,F, F,F,F,F,F,F,F,F
12:07:00| 2 | GetSupportedPIDs | 1-ECUxx 224-E0_E0-100: F,F,F,F,F,F,F,F, F,F,F,F,F,F,F,F, F,F,F,F,F,F,F,F, F,F,F,F,F,F,F,F  (T:019 F:237)
12:07:00| ... LogBitArray | 8
12:07:00| GetSupportedPIDs | PIDCnt-1-10:019  (TPC:19)
12:07:00| ... DictValueSortDesc
12:07:00| DVSD | 10:019->10:019
12:07:00| GetSupportedPIDs | Mode:1 PIDs-'019:00 01 03 04 05 06 07 0B 0C 0D 0E 0F 11 13 14 15 1C 20 21
12:07:00|  GetSupportedPIDs | Ending ... Success:TrueTrue 1-10:019
12:07:00| ReleaseDAD |  Starting ... Cnt:00004,01 (Connect)
12:07:00| ... ReleaseDAD | Success ... Cnt:00004,00 Opn:T (Connect, Connect)
12:07:00| ... Connect | 2
12:07:00| ... SetupVehicleIsLinked
12:07:00| ... GetCallingProcedure | Connect_OBD
12:07:00| ... GetCallingProcedure | lVehiculoLink
12:07:00| ... GetCallingProcedure | VehiculoLink
12:07:00| SVLI | VehicleIsLinked:'True'->'?'  (Connect_OBD,lVehiculoLink,VehiculoLink)
12:07:00| ... SetupVehicleIsLinked
12:07:00| ... GetCallingProcedure | Connect_OBD
12:07:00| ... GetCallingProcedure | lVehiculoLink
12:07:00| ... GetCallingProcedure | VehiculoLink
12:07:00| SVLI | VehicleIsLinked:'?'->'True'  (Connect_OBD,lVehiculoLink,VehiculoLink)
12:07:00| ... Connect | 3 | Connect_Succeeded = True
12:07:00| ... MyLastResult | Success,Unknown,?->True
12:07:00| Connect | Rslt:True EECUID:10 ECUs:1-(10:019->10:019,) Prot:'KWD 2000-S', 'KWD 2000-S' PC:19  (Success,Unknown,?->True, 7.73) (lVehiculoLink,VehiculoLink,VehTest)
12:07:00| ... DecrementActiveCount | 0
12:07:00| ... GetCallingProcedure | OpusIMCleanOBDdrv.Module1:Connect_OBD
12:07:00| ... GetCallingProcedure | OpusIMCleanOBDdrv.Module1:lVehiculoLink
12:07:00| ... GetCallingProcedure | OpusIMCleanOBDdrv.IMCleanOBD:VehiculoLink
12:07:00| ... LocalDecrementActiveCount | 0
12:07:00|  
12:07:00| ... Get MON >>>-----------------------------------------------------------------------
12:07:00| ... SetupMyLastCommResult: ConditionsNotCorrect
12:07:00| ... DoDad | Action: System.Action | tag: GetModePID(01, 01) - Readiness, DTC count, MIL
12:07:00| ... GetCallingProcedure | lVehiculoLink
12:07:00| ... GetCallingProcedure | VehiculoLink
12:07:00| ... GetCallingProcedure | VehTest
12:07:00| DoDad-01 | GetModePID(01, 01) - Readiness, DTC count, MIL (Open:True,999.99 | lVehiculoLink,VehiculoLink,VehTest)
12:07:00| DoDad-01  ClearCommandLog ...
12:07:00| DoDad-01  Invoke ... (GetModePID(01, 01) - Readiness, DTC count, MIL)
12:07:01| DoDad-01  Invoke ... (GetModePID(01, 01) - Readiness, DTC count, MIL)  (1171)
12:07:01| DoDad-01  CommandLog.Length ...
12:07:01| DoDad-01  CommandLog ... (0)
12:07:01| DoDad-01-CommandLog-Len:147 Siz:147 | iStart: 0
12:07:01| DoDad-01  SerialData.Length ... (329)
12:07:01| DoDad-01 | GetModePID(01, 01) - Readiness, DTC count, MIL-SLL:00329,00329-CF:F-DLLInfo:'DAD_DLL_VERSION_16.12.25.0 .. 3.0.7.0'
                    -  DAD_DLL_VERSION_16.12.25.0
                    -  443,TX MSG,KWPS8FE9,C2 33 F1 01 01 
                    -  475,RX QRY,KWPS8FE9,Delay: 100
                    -  584,RX MSG,KWPS8FE9,
                    -  584,RX QRY,KWPS8FE9,Delay: 100
                    -  694,RX MSG,KWPS8FE9,86 F1 10 41 01 00 07 65 61 
                    -  694,RX QRY,KWPS8FE9,Delay: 100
                    -  803,RX QRY,KWPS8FE9,Delay: 100
                    -  912,RX QRY,KWPS8FE9,Delay: 100
                    -  1022,RX QRY,KWPS8FE9,Delay: 100
                    (1.163 s,F) GetModePID(01, 01) - Readiness, DTC count, MIL | NoEOL
12:07:01| DECODE_Bus: DAD_DLL_VERSION_16.12.25.0
3.0.7.0

443,TX MSG,KWPS8FE9,C2 33 F1 01 01 
584,RX MSG,KWPS8FE9,
694,RX MSG,KWPS8FE9,86 F1 10 41 01 00 07 65 61 

12:07:01| DECODE_MIL: 86 F1 10 41 01 00 07 65 61
12:07:01| zipESP: 86 F1 10 41 01 00 07 65 61 | 86F110410100076561
12:07:01| DECODE_MIL dato: 00076561
12:07:01| Status: 00076561
12:07:01| A: 00 | 0 | 00000000
12:07:01| B: 07 | 7 | 00000111
12:07:01| C: 65 | 101 | 01100101
12:07:01| D: 61 | 97 | 01100001
12:07:01| sr | Get MON: 0 | 1
12:07:01|  
12:07:01| ... Get DTC >>>-----------------------------------------------------------------------
12:07:01| ... SetupMyLastCommResult: ConditionsNotCorrect
12:07:01| ... DoDad | Action: System.Action | tag: GetModePID(03, 00) - DTC count, MIL
12:07:01| ... GetCallingProcedure | lVehiculoLink
12:07:01| ... GetCallingProcedure | VehiculoLink
12:07:01| ... GetCallingProcedure | VehTest
12:07:01| DoDad-01 | GetModePID(03, 00) - DTC count, MIL (Open:True,999.99 | lVehiculoLink,VehiculoLink,VehTest)
12:07:01| DoDad-01  ClearCommandLog ...
12:07:01| DoDad-01  Invoke ... (GetModePID(03, 00) - DTC count, MIL)
12:07:02| DoDad-01  Invoke ... (GetModePID(03, 00) - DTC count, MIL)  (1140)
12:07:02| DoDad-01  CommandLog.Length ...
12:07:02| DoDad-01  CommandLog ... (0)
12:07:02| DoDad-01-CommandLog-Len:147 Siz:147 | iStart: 0
12:07:02| DoDad-01  SerialData.Length ... (329)
12:07:02| DoDad-01 | GetModePID(03, 00) - DTC count, MIL-SLL:00329,00329-CF:F-DLLInfo:'DAD_DLL_VERSION_16.12.25.0 .. 3.0.7.0'
                    -  DAD_DLL_VERSION_16.12.25.0
                    -  437,TX MSG,KWPS8FE9,C1 33 F1 03 
                    -  468,RX QRY,KWPS8FE9,Delay: 100
                    -  578,RX MSG,KWPS8FE9,
                    -  578,RX QRY,KWPS8FE9,Delay: 100
                    -  687,RX MSG,KWPS8FE9,87 F1 10 43 00 00 00 00 00 00 
                    -  687,RX QRY,KWPS8FE9,Delay: 100
                    -  787,RX QRY,KWPS8FE9,Delay: 100
                    -  897,RX QRY,KWPS8FE9,Delay: 100
                    -  1011,RX QRY,KWPS8FE9,Delay: 100
                    (1.152 s,F) GetModePID(03, 00) - DTC count, MIL | NoEOL
12:07:02| DECODE_Bus: DAD_DLL_VERSION_16.12.25.0
3.0.7.0

437,TX MSG,KWPS8FE9,C1 33 F1 03 
578,RX MSG,KWPS8FE9,
687,RX MSG,KWPS8FE9,87 F1 10 43 00 00 00 00 00 00 

12:07:02| ... DECODE_DTC: 87 F1 10 43 00 00 00 00 00 00
12:07:02| zipESP: 87 F1 10 43 00 00 00 00 00 00 | 87F11043000000000000
12:07:02| sr | Get DTC: 0 | 1
12:07:02|  
12:07:02| ... (01, 1F) Tmp. Encendido >>>-----------------------------------------------------------------------
12:07:02| ... SetupMyLastCommResult: ConditionsNotCorrect
12:07:02| ... DoDad | Action: System.Action | tag: GetModePID(01, 1F) - Tmp. Encendido
12:07:02| ... GetCallingProcedure | lVehiculoLink
12:07:02| ... GetCallingProcedure | VehiculoLink
12:07:02| ... GetCallingProcedure | VehTest
12:07:02| DoDad-01 | GetModePID(01, 1F) - Tmp. Encendido (Open:True,999.99 | lVehiculoLink,VehiculoLink,VehTest)
12:07:02| DoDad-01  ClearCommandLog ...
12:07:02| DoDad-01  Invoke ... (GetModePID(01, 1F) - Tmp. Encendido)
12:07:03| DoDad-01  Invoke ... (GetModePID(01, 1F) - Tmp. Encendido)  (1171)
12:07:03| DoDad-01  CommandLog.Length ...
12:07:03| DoDad-01  CommandLog ... (0)
12:07:03| DoDad-01-CommandLog-Len:138 Siz:138 | iStart: 0
12:07:03| DoDad-01  SerialData.Length ... (320)
12:07:03| DoDad-01 | GetModePID(01, 1F) - Tmp. Encendido-SLL:00320,00320-CF:F-DLLInfo:'DAD_DLL_VERSION_16.12.25.0 .. 3.0.7.0'
                    -  DAD_DLL_VERSION_16.12.25.0
                    -  453,TX MSG,KWPS8FE9,C2 33 F1 01 1F 
                    -  484,RX QRY,KWPS8FE9,Delay: 100
                    -  593,RX MSG,KWPS8FE9,
                    -  593,RX MSG,KWPS8FE9,83 F1 10 7F 01 12 
                    -  593,RX QRY,KWPS8FE9,Delay: 100
                    -  703,RX QRY,KWPS8FE9,Delay: 100
                    -  812,RX QRY,KWPS8FE9,Delay: 100
                    -  921,RX QRY,KWPS8FE9,Delay: 100
                    -  1031,RX QRY,KWPS8FE9,Delay: 100
                    (1.172 s,F) GetModePID(01, 1F) - Tmp. Encendido | NoEOL
12:07:03| DECODE_Bus: DAD_DLL_VERSION_16.12.25.0
3.0.7.0

453,TX MSG,KWPS8FE9,C2 33 F1 01 1F 
593,RX MSG,KWPS8FE9,
593,RX MSG,KWPS8FE9,83 F1 10 7F 01 12 

12:07:03| sr | Tmp. Encendido: 0 | 1
12:07:03|  
12:07:03| ... (01, 21) Distancia MIL >>>-----------------------------------------------------------------------
12:07:04| ... SetupMyLastCommResult: ConditionsNotCorrect
12:07:04| ... DoDad | Action: System.Action | tag: GetModePID(01, 21) - Distancia MIL
12:07:04| ... GetCallingProcedure | lVehiculoLink
12:07:04| ... GetCallingProcedure | VehiculoLink
12:07:04| ... GetCallingProcedure | VehTest
12:07:04| DoDad-01 | GetModePID(01, 21) - Distancia MIL (Open:True,999.99 | lVehiculoLink,VehiculoLink,VehTest)
12:07:04| DoDad-01  ClearCommandLog ...
12:07:04| DoDad-01  Invoke ... (GetModePID(01, 21) - Distancia MIL)
12:07:05| DoDad-01  Invoke ... (GetModePID(01, 21) - Distancia MIL)  (1156)
12:07:05| DoDad-01  CommandLog.Length ...
12:07:05| DoDad-01  CommandLog ... (0)
12:07:05| DoDad-01-CommandLog-Len:141 Siz:141 | iStart: 0
12:07:05| DoDad-01  SerialData.Length ... (323)
12:07:05| DoDad-01 | GetModePID(01, 21) - Distancia MIL-SLL:00323,00323-CF:F-DLLInfo:'DAD_DLL_VERSION_16.12.25.0 .. 3.0.7.0'
                    -  DAD_DLL_VERSION_16.12.25.0
                    -  437,TX MSG,KWPS8FE9,C2 33 F1 01 15 
                    -  468,RX QRY,KWPS8FE9,Delay: 100
                    -  578,RX MSG,KWPS8FE9,
                    -  578,RX MSG,KWPS8FE9,84 F1 10 41 15 8C FF 
                    -  578,RX QRY,KWPS8FE9,Delay: 100
                    -  687,RX QRY,KWPS8FE9,Delay: 100
                    -  796,RX QRY,KWPS8FE9,Delay: 100
                    -  906,RX QRY,KWPS8FE9,Delay: 100
                    -  1015,RX QRY,KWPS8FE9,Delay: 100
                    (1.172 s,F) GetModePID(01, 21) - Distancia MIL | NoEOL
12:07:05| DECODE_Bus: DAD_DLL_VERSION_16.12.25.0
3.0.7.0

437,TX MSG,KWPS8FE9,C2 33 F1 01 15 
578,RX MSG,KWPS8FE9,
578,RX MSG,KWPS8FE9,84 F1 10 41 15 8C FF 

12:07:05| sr | Distancia MIL: 0 | 1
12:07:05|  
12:07:05| ... (01, 31) Distancia MIL Borrada >>>-----------------------------------------------------------------------
12:07:05| ... SetupMyLastCommResult: ConditionsNotCorrect
12:07:05| ... DoDad | Action: System.Action | tag: GetModePID(01, 31) - Distancia MIL Borrada
12:07:05| ... GetCallingProcedure | lVehiculoLink
12:07:05| ... GetCallingProcedure | VehiculoLink
12:07:05| ... GetCallingProcedure | VehTest
12:07:05| DoDad-01 | GetModePID(01, 31) - Distancia MIL Borrada (Open:True,999.99 | lVehiculoLink,VehiculoLink,VehTest)
12:07:05| DoDad-01  ClearCommandLog ...
12:07:05| DoDad-01  Invoke ... (GetModePID(01, 31) - Distancia MIL Borrada)
12:07:06| DoDad-01  Invoke ... (GetModePID(01, 31) - Distancia MIL Borrada)  (1156)
12:07:06| DoDad-01  CommandLog.Length ...
12:07:06| DoDad-01  CommandLog ... (0)
12:07:06| DoDad-01-CommandLog-Len:138 Siz:138 | iStart: 0
12:07:06| DoDad-01  SerialData.Length ... (320)
12:07:06| DoDad-01 | GetModePID(01, 31) - Distancia MIL Borrada-SLL:00320,00320-CF:F-DLLInfo:'DAD_DLL_VERSION_16.12.25.0 .. 3.0.7.0'
                    -  DAD_DLL_VERSION_16.12.25.0
                    -  437,TX MSG,KWPS8FE9,C2 33 F1 01 1F 
                    -  468,RX QRY,KWPS8FE9,Delay: 100
                    -  578,RX MSG,KWPS8FE9,
                    -  578,RX MSG,KWPS8FE9,83 F1 10 7F 01 12 
                    -  578,RX QRY,KWPS8FE9,Delay: 100
                    -  687,RX QRY,KWPS8FE9,Delay: 100
                    -  796,RX QRY,KWPS8FE9,Delay: 100
                    -  906,RX QRY,KWPS8FE9,Delay: 100
                    -  1015,RX QRY,KWPS8FE9,Delay: 100
                    (1.172 s,F) GetModePID(01, 31) - Distancia MIL Borrada | NoEOL
12:07:06| DECODE_Bus: DAD_DLL_VERSION_16.12.25.0
3.0.7.0

437,TX MSG,KWPS8FE9,C2 33 F1 01 1F 
578,RX MSG,KWPS8FE9,
578,RX MSG,KWPS8FE9,83 F1 10 7F 01 12 

12:07:06| sr | Distancia MIL Borrada: 0 | 1
12:07:06|  
12:07:06| ... (01, 33) Presion Barometrica Kpa >>>-----------------------------------------------------------------------
12:07:06| ... SetupMyLastCommResult: ConditionsNotCorrect
12:07:06| ... DoDad | Action: System.Action | tag: GetModePID(01, 33) - Presion Barometrica Kpa
12:07:06| ... GetCallingProcedure | lVehiculoLink
12:07:06| ... GetCallingProcedure | VehiculoLink
12:07:06| ... GetCallingProcedure | VehTest
12:07:06| DoDad-01 | GetModePID(01, 33) - Presion Barometrica Kpa (Open:True,999.99 | lVehiculoLink,VehiculoLink,VehTest)
12:07:06| DoDad-01  ClearCommandLog ...
12:07:06| DoDad-01  Invoke ... (GetModePID(01, 33) - Presion Barometrica Kpa)
12:07:07| DoDad-01  Invoke ... (GetModePID(01, 33) - Presion Barometrica Kpa)  (1172)
12:07:07| DoDad-01  CommandLog.Length ...
12:07:07| DoDad-01  CommandLog ... (0)
12:07:07| DoDad-01-CommandLog-Len:141 Siz:141 | iStart: 0
12:07:07| DoDad-01  SerialData.Length ... (323)
12:07:07| DoDad-01 | GetModePID(01, 33) - Presion Barometrica Kpa-SLL:00323,00323-CF:F-DLLInfo:'DAD_DLL_VERSION_16.12.25.0 .. 3.0.7.0'
                    -  DAD_DLL_VERSION_16.12.25.0
                    -  438,TX MSG,KWPS8FE9,C2 33 F1 01 21 
                    -  469,RX QRY,KWPS8FE9,Delay: 100
                    -  578,RX MSG,KWPS8FE9,
                    -  578,RX MSG,KWPS8FE9,84 F1 10 41 21 00 00 
                    -  578,RX QRY,KWPS8FE9,Delay: 100
                    -  688,RX QRY,KWPS8FE9,Delay: 100
                    -  797,RX QRY,KWPS8FE9,Delay: 100
                    -  906,RX QRY,KWPS8FE9,Delay: 100
                    -  1016,RX QRY,KWPS8FE9,Delay: 100
                    (1.176 s,F) GetModePID(01, 33) - Presion Barometrica Kpa | NoEOL
12:07:07| DECODE_Bus: DAD_DLL_VERSION_16.12.25.0
3.0.7.0

438,TX MSG,KWPS8FE9,C2 33 F1 01 21 
578,RX MSG,KWPS8FE9,
578,RX MSG,KWPS8FE9,84 F1 10 41 21 00 00 

12:07:07| sr | Presion Barometrica Kpa: 0 | 1
12:07:07|  
12:07:07| ... (01, 4D) Tmp MIL on >>>-----------------------------------------------------------------------
12:07:07| ... SetupMyLastCommResult: ConditionsNotCorrect
12:07:07| ... DoDad | Action: System.Action | tag: GetModePID(01, 4D) - Tmp MIL on
12:07:07| ... GetCallingProcedure | lVehiculoLink
12:07:07| ... GetCallingProcedure | VehiculoLink
12:07:07| ... GetCallingProcedure | VehTest
12:07:07| DoDad-01 | GetModePID(01, 4D) - Tmp MIL on (Open:True,999.99 | lVehiculoLink,VehiculoLink,VehTest)
12:07:07| DoDad-01  ClearCommandLog ...
12:07:07| DoDad-01  Invoke ... (GetModePID(01, 4D) - Tmp MIL on)
12:07:08| DoDad-01  Invoke ... (GetModePID(01, 4D) - Tmp MIL on)  (1157)
12:07:08| DoDad-01  CommandLog.Length ...
12:07:08| DoDad-01  CommandLog ... (0)
12:07:08| DoDad-01-CommandLog-Len:138 Siz:138 | iStart: 0
12:07:08| DoDad-01  SerialData.Length ... (320)
12:07:08| DoDad-01 | GetModePID(01, 4D) - Tmp MIL on-SLL:00320,00320-CF:F-DLLInfo:'DAD_DLL_VERSION_16.12.25.0 .. 3.0.7.0'
                    -  DAD_DLL_VERSION_16.12.25.0
                    -  437,TX MSG,KWPS8FE9,C2 33 F1 01 4D 
                    -  468,RX QRY,KWPS8FE9,Delay: 100
                    -  578,RX MSG,KWPS8FE9,
                    -  578,RX MSG,KWPS8FE9,83 F1 10 7F 01 12 
                    -  578,RX QRY,KWPS8FE9,Delay: 100
                    -  690,RX QRY,KWPS8FE9,Delay: 100
                    -  800,RX QRY,KWPS8FE9,Delay: 100
                    -  909,RX QRY,KWPS8FE9,Delay: 100
                    -  1019,RX QRY,KWPS8FE9,Delay: 100
                    (1.172 s,F) GetModePID(01, 4D) - Tmp MIL on | NoEOL
12:07:08| DECODE_Bus: DAD_DLL_VERSION_16.12.25.0
3.0.7.0

437,TX MSG,KWPS8FE9,C2 33 F1 01 4D 
578,RX MSG,KWPS8FE9,
578,RX MSG,KWPS8FE9,83 F1 10 7F 01 12 

12:07:08| sr | Tmp MIL on: 0 | 1
12:07:08|  
12:07:08| ... (01, 51) Tipo Combustible >>>-----------------------------------------------------------------------
12:07:08| ... SetupMyLastCommResult: ConditionsNotCorrect
12:07:08| ... DoDad | Action: System.Action | tag: GetModePID(01, 51) - Tipo Combustible
12:07:08| ... GetCallingProcedure | lVehiculoLink
12:07:08| ... GetCallingProcedure | VehiculoLink
12:07:08| ... GetCallingProcedure | VehTest
12:07:08| DoDad-01 | GetModePID(01, 51) - Tipo Combustible (Open:True,999.99 | lVehiculoLink,VehiculoLink,VehTest)
12:07:08| DoDad-01  ClearCommandLog ...
12:07:08| DoDad-01  Invoke ... (GetModePID(01, 51) - Tipo Combustible)
12:07:10| DoDad-01  Invoke ... (GetModePID(01, 51) - Tipo Combustible)  (1172)
12:07:10| DoDad-01  CommandLog.Length ...
12:07:10| DoDad-01  CommandLog ... (0)
12:07:10| DoDad-01-CommandLog-Len:138 Siz:138 | iStart: 0
12:07:10| DoDad-01  SerialData.Length ... (320)
12:07:10| DoDad-01 | GetModePID(01, 51) - Tipo Combustible-SLL:00320,00320-CF:F-DLLInfo:'DAD_DLL_VERSION_16.12.25.0 .. 3.0.7.0'
                    -  DAD_DLL_VERSION_16.12.25.0
                    -  437,TX MSG,KWPS8FE9,C2 33 F1 01 33 
                    -  468,RX QRY,KWPS8FE9,Delay: 100
                    -  578,RX MSG,KWPS8FE9,
                    -  578,RX MSG,KWPS8FE9,83 F1 10 7F 01 12 
                    -  578,RX QRY,KWPS8FE9,Delay: 100
                    -  687,RX QRY,KWPS8FE9,Delay: 100
                    -  796,RX QRY,KWPS8FE9,Delay: 100
                    -  906,RX QRY,KWPS8FE9,Delay: 100
                    -  1015,RX QRY,KWPS8FE9,Delay: 100
                    (1.172 s,F) GetModePID(01, 51) - Tipo Combustible | NoEOL
12:07:10| DECODE_Bus: DAD_DLL_VERSION_16.12.25.0
3.0.7.0

437,TX MSG,KWPS8FE9,C2 33 F1 01 33 
578,RX MSG,KWPS8FE9,
578,RX MSG,KWPS8FE9,83 F1 10 7F 01 12 

12:07:10| sr | Tipo Combustible: 0 | 1
12:07:10|  
12:07:10| ... (01, 7F) Tmp Marcha Motor >>>-----------------------------------------------------------------------
12:07:10| ... SetupMyLastCommResult: ConditionsNotCorrect
12:07:10| ... DoDad | Action: System.Action | tag: GetModePID(01, 7F) - Tmp Marcha Motor
12:07:10| ... GetCallingProcedure | lVehiculoLink
12:07:10| ... GetCallingProcedure | VehiculoLink
12:07:10| ... GetCallingProcedure | VehTest
12:07:10| DoDad-01 | GetModePID(01, 7F) - Tmp Marcha Motor (Open:True,999.99 | lVehiculoLink,VehiculoLink,VehTest)
12:07:10| DoDad-01  ClearCommandLog ...
12:07:10| DoDad-01  Invoke ... (GetModePID(01, 7F) - Tmp Marcha Motor)
12:07:11| DoDad-01  Invoke ... (GetModePID(01, 7F) - Tmp Marcha Motor)  (1156)
12:07:11| DoDad-01  CommandLog.Length ...
12:07:11| DoDad-01  CommandLog ... (0)
12:07:11| DoDad-01-CommandLog-Len:138 Siz:138 | iStart: 0
12:07:11| DoDad-01  SerialData.Length ... (320)
12:07:11| DoDad-01 | GetModePID(01, 7F) - Tmp Marcha Motor-SLL:00320,00320-CF:F-DLLInfo:'DAD_DLL_VERSION_16.12.25.0 .. 3.0.7.0'
                    -  DAD_DLL_VERSION_16.12.25.0
                    -  437,TX MSG,KWPS8FE9,C2 33 F1 01 7F 
                    -  476,RX QRY,KWPS8FE9,Delay: 100
                    -  580,RX MSG,KWPS8FE9,
                    -  580,RX MSG,KWPS8FE9,83 F1 10 7F 01 12 
                    -  580,RX QRY,KWPS8FE9,Delay: 100
                    -  690,RX QRY,KWPS8FE9,Delay: 100
                    -  799,RX QRY,KWPS8FE9,Delay: 100
                    -  908,RX QRY,KWPS8FE9,Delay: 100
                    -  1018,RX QRY,KWPS8FE9,Delay: 100
                    (1.175 s,F) GetModePID(01, 7F) - Tmp Marcha Motor | NoEOL
12:07:11| DECODE_Bus: DAD_DLL_VERSION_16.12.25.0
3.0.7.0

437,TX MSG,KWPS8FE9,C2 33 F1 01 7F 
580,RX MSG,KWPS8FE9,
580,RX MSG,KWPS8FE9,83 F1 10 7F 01 12 

12:07:11| sr | Tmp Marcha Motor: 0 | 1
12:07:11|  
12:07:11| ... (09, 04) Cal ID >>>-----------------------------------------------------------------------
12:07:11| ... SetupMyLastCommResult: ConditionsNotCorrect
12:07:11| ... DoDad | Action: System.Action | tag: GetModePID(09, 04) - Cal ID
12:07:11| ... GetCallingProcedure | lVehiculoLink
12:07:11| ... GetCallingProcedure | VehiculoLink
12:07:11| ... GetCallingProcedure | VehTest
12:07:11| DoDad-01 | GetModePID(09, 04) - Cal ID (Open:True,999.99 | lVehiculoLink,VehiculoLink,VehTest)
12:07:11| DoDad-01  ClearCommandLog ...
12:07:11| DoDad-01  Invoke ... (GetModePID(09, 04) - Cal ID)
12:07:12| DoDad-01  Invoke ... (GetModePID(09, 04) - Cal ID)  (1172)
12:07:12| DoDad-01  CommandLog.Length ...
12:07:12| DoDad-01  CommandLog ... (0)
12:07:12| DoDad-01-CommandLog-Len:373 Siz:373 | iStart: 0
12:07:12| DoDad-01  SerialData.Length ... (555)
12:07:12| DoDad-01 | GetModePID(09, 04) - Cal ID-SLL:00555,00555-CF:F-DLLInfo:'DAD_DLL_VERSION_16.12.25.0 .. 3.0.7.0'
                    -  DAD_DLL_VERSION_16.12.25.0
                    -  437,TX MSG,KWPS8FE9,C2 33 F1 09 04 
                    -  468,RX QRY,KWPS8FE9,Delay: 100
                    -  578,RX MSG,KWPS8FE9,
                    -  578,RX QRY,KWPS8FE9,Delay: 100
                    -  687,RX MSG,KWPS8FE9,87 F1 10 49 04 01 30 33 43 39 
                    -  687,RX MSG,KWPS8FE9,
                    -  687,RX QRY,KWPS8FE9,Delay: 100
                    -  797,RX MSG,KWPS8FE9,87 F1 10 49 04 02 30 36 30 31 
                    -  797,RX MSG,KWPS8FE9,
                    -  797,RX QRY,KWPS8FE9,Delay: 100
                    -  906,RX MSG,KWPS8FE9,87 F1 10 49 04 03 34 47 42 20 
                    -  906,RX MSG,KWPS8FE9,
                    -  906,RX QRY,KWPS8FE9,Delay: 100
                    -  1015,RX MSG,KWPS8FE9,87 F1 10 49 04 04 38 36 35 30 
                    -  1015,RX QRY,KWPS8FE9,Delay: 100
                    (1.172 s,F) GetModePID(09, 04) - Cal ID | NoEOL
12:07:12| DECODE_Bus: DAD_DLL_VERSION_16.12.25.0
3.0.7.0

437,TX MSG,KWPS8FE9,C2 33 F1 09 04 
578,RX MSG,KWPS8FE9,
687,RX MSG,KWPS8FE9,87 F1 10 49 04 01 30 33 43 39 
687,RX MSG,KWPS8FE9,
797,RX MSG,KWPS8FE9,87 F1 10 49 04 02 30 36 30 31 
797,RX MSG,KWPS8FE9,
906,RX MSG,KWPS8FE9,87 F1 10 49 04 03 34 47 42 20 
906,RX MSG,KWPS8FE9,
1015,RX MSG,KWPS8FE9,87 F1 10 49 04 04 38 36 35 30 

12:07:12| sr | Cal ID: 0 | 1
12:07:12|  
12:07:12| ... Get VIN >>>-----------------------------------------------------------------------
12:07:13| DAD_DLL_VERSION_16.12.25.0
3.0.7.0

437,TX MSG,KWPS8FE9,C2 33 F1 09 04 
578,RX MSG,KWPS8FE9,
687,RX MSG,KWPS8FE9,87 F1 10 49 04 01 30 33 43 39 
687,RX MSG,KWPS8FE9,
797,RX MSG,KWPS8FE9,87 F1 10 49 04 02 30 36 30 31 
797,RX MSG,KWPS8FE9,
906,RX MSG,KWPS8FE9,87 F1 10 49 04 03 34 47 42 20 
906,RX MSG,KWPS8FE9,
1015,RX MSG,KWPS8FE9,87 F1 10 49 04 04 38 36 35 30 
1640,TX MSG,KWPS8FE9,C2 33 F1 09 02 
1781,RX MSG,KWPS8FE9,
1781,RX MSG,KWPS8FE9,83 F1 10 7F 09 12 

12:07:13| SR: 0 | 1
12:07:13| ... GetEcuIdFromAddress
12:07:13| ... ByteArrayToHexString | 7F 09 12
12:07:13| GetVIN | ECU:10  DLen:003 (7F 09 12)
12:07:13| ... ByteArrayToHexString | 7F,09,12
12:07:13| ... CheckForNAK | Ret:True  Len:3  Buf:7F,09,12  SID:09  PID:02  Prot:'KWD 2000-S'
12:07:13| DECODE_Bus: DAD_DLL_VERSION_16.12.25.0
3.0.7.0

437,TX MSG,KWPS8FE9,C2 33 F1 09 04 
578,RX MSG,KWPS8FE9,
687,RX MSG,KWPS8FE9,87 F1 10 49 04 01 30 33 43 39 
687,RX MSG,KWPS8FE9,
797,RX MSG,KWPS8FE9,87 F1 10 49 04 02 30 36 30 31 
797,RX MSG,KWPS8FE9,
906,RX MSG,KWPS8FE9,87 F1 10 49 04 03 34 47 42 20 
906,RX MSG,KWPS8FE9,
1015,RX MSG,KWPS8FE9,87 F1 10 49 04 04 38 36 35 30 
1640,TX MSG,KWPS8FE9,C2 33 F1 09 02 
1781,RX MSG,KWPS8FE9,
1781,RX MSG,KWPS8FE9,83 F1 10 7F 09 12 

12:07:13|  
12:07:13| ... Get VOLTAJES >>>-----------------------------------------------------------------------
12:07:13| ... SetupMyLastCommResult: ConditionsNotCorrect
12:07:13| ... DoDad | Action: System.Action | tag: GetModePID(01, 42) - Voltaje
12:07:13| ... GetCallingProcedure | lVehiculoLink
12:07:13| ... GetCallingProcedure | VehiculoLink
12:07:13| ... GetCallingProcedure | VehTest
12:07:13| DoDad-01 | GetModePID(01, 42) - Voltaje (Open:True,999.99 | lVehiculoLink,VehiculoLink,VehTest)
12:07:13| DoDad-01  ClearCommandLog ...
12:07:13| DoDad-01  Invoke ... (GetModePID(01, 42) - Voltaje)
12:07:15| DoDad-01  Invoke ... (GetModePID(01, 42) - Voltaje)  (1156)
12:07:15| DoDad-01  CommandLog.Length ...
12:07:15| DoDad-01  CommandLog ... (0)
12:07:15| DoDad-01-CommandLog-Len:138 Siz:138 | iStart: 0
12:07:15| DoDad-01  SerialData.Length ... (320)
12:07:15| DoDad-01 | GetModePID(01, 42) - Voltaje-SLL:00320,00320-CF:F-DLLInfo:'DAD_DLL_VERSION_16.12.25.0 .. 3.0.7.0'
                    -  DAD_DLL_VERSION_16.12.25.0
                    -  437,TX MSG,KWPS8FE9,C2 33 F1 01 2A 
                    -  468,RX QRY,KWPS8FE9,Delay: 100
                    -  584,RX MSG,KWPS8FE9,
                    -  584,RX MSG,KWPS8FE9,83 F1 10 7F 01 12 
                    -  584,RX QRY,KWPS8FE9,Delay: 100
                    -  693,RX QRY,KWPS8FE9,Delay: 100
                    -  803,RX QRY,KWPS8FE9,Delay: 100
                    -  912,RX QRY,KWPS8FE9,Delay: 100
                    -  1022,RX QRY,KWPS8FE9,Delay: 100
                    (1.178 s,F) GetModePID(01, 42) - Voltaje | NoEOL
12:07:15| DECODE_Bus: DAD_DLL_VERSION_16.12.25.0
3.0.7.0

437,TX MSG,KWPS8FE9,C2 33 F1 01 2A 
584,RX MSG,KWPS8FE9,
584,RX MSG,KWPS8FE9,83 F1 10 7F 01 12 

12:07:15| sr | Get Voltaje: 0 | 1
12:07:15|  
12:07:15| ... Get RPM >>>-----------------------------------------------------------------------
12:07:15| ... SetupMyLastCommResult: ConditionsNotCorrect
12:07:15| ... DoDad | Action: System.Action | tag: GetModePID(01, 0C) - DTC count, MIL
12:07:15| ... GetCallingProcedure | lVehiculoLink
12:07:15| ... GetCallingProcedure | VehiculoLink
12:07:15| ... GetCallingProcedure | VehTest
12:07:15| DoDad-01 | GetModePID(01, 0C) - DTC count, MIL (Open:True,999.99 | lVehiculoLink,VehiculoLink,VehTest)
12:07:15| DoDad-01  ClearCommandLog ...
12:07:15| DoDad-01  Invoke ... (GetModePID(01, 0C) - DTC count, MIL)
12:07:16| DoDad-01  Invoke ... (GetModePID(01, 0C) - DTC count, MIL)  (1157)
12:07:16| DoDad-01  CommandLog.Length ...
12:07:16| DoDad-01  CommandLog ... (0)
12:07:16| DoDad-01-CommandLog-Len:141 Siz:141 | iStart: 0
12:07:16| DoDad-01  SerialData.Length ... (323)
12:07:16| DoDad-01 | GetModePID(01, 0C) - DTC count, MIL-SLL:00323,00323-CF:F-DLLInfo:'DAD_DLL_VERSION_16.12.25.0 .. 3.0.7.0'
                    -  DAD_DLL_VERSION_16.12.25.0
                    -  437,TX MSG,KWPS8FE9,C2 33 F1 01 0C 
                    -  468,RX QRY,KWPS8FE9,Delay: 100
                    -  578,RX MSG,KWPS8FE9,
                    -  578,RX MSG,KWPS8FE9,84 F1 10 41 0C 0C 6C 
                    -  578,RX QRY,KWPS8FE9,Delay: 100
                    -  687,RX QRY,KWPS8FE9,Delay: 100
                    -  796,RX QRY,KWPS8FE9,Delay: 100
                    -  906,RX QRY,KWPS8FE9,Delay: 100
                    -  1015,RX QRY,KWPS8FE9,Delay: 100
                    (1.172 s,F) GetModePID(01, 0C) - DTC count, MIL | NoEOL
12:07:16| DECODE_Bus: DAD_DLL_VERSION_16.12.25.0
3.0.7.0

437,TX MSG,KWPS8FE9,C2 33 F1 01 0C 
578,RX MSG,KWPS8FE9,
578,RX MSG,KWPS8FE9,84 F1 10 41 0C 0C 6C 

12:07:16| sr | Get RPM(1): 0 | 1
12:07:16| ... SetupMyLastCommResult: ConditionsNotCorrect
12:07:16| ... DoDad | Action: System.Action | tag: GetModePID(01, 0C) - DTC count, MIL
12:07:16| ... GetCallingProcedure | lVehiculoLink
12:07:16| ... GetCallingProcedure | VehiculoLink
12:07:16| ... GetCallingProcedure | VehTest
12:07:16| DoDad-01 | GetModePID(01, 0C) - DTC count, MIL (Open:True,999.99 | lVehiculoLink,VehiculoLink,VehTest)
12:07:16| DoDad-01  ClearCommandLog ...
12:07:16| DoDad-01  Invoke ... (GetModePID(01, 0C) - DTC count, MIL)
12:07:17| DoDad-01  Invoke ... (GetModePID(01, 0C) - DTC count, MIL)  (1156)
12:07:17| DoDad-01  CommandLog.Length ...
12:07:17| DoDad-01  CommandLog ... (0)
12:07:17| DoDad-01-CommandLog-Len:141 Siz:141 | iStart: 0
12:07:17| DoDad-01  SerialData.Length ... (323)
12:07:17| DoDad-01 | GetModePID(01, 0C) - DTC count, MIL-SLL:00323,00323-CF:F-DLLInfo:'DAD_DLL_VERSION_16.12.25.0 .. 3.0.7.0'
                    -  DAD_DLL_VERSION_16.12.25.0
                    -  437,TX MSG,KWPS8FE9,C2 33 F1 01 0C 
                    -  469,RX QRY,KWPS8FE9,Delay: 100
                    -  578,RX MSG,KWPS8FE9,
                    -  578,RX MSG,KWPS8FE9,84 F1 10 41 0C 0C 64 
                    -  578,RX QRY,KWPS8FE9,Delay: 100
                    -  687,RX QRY,KWPS8FE9,Delay: 100
                    -  797,RX QRY,KWPS8FE9,Delay: 100
                    -  906,RX QRY,KWPS8FE9,Delay: 100
                    -  1015,RX QRY,KWPS8FE9,Delay: 100
                    (1.150 s,F) GetModePID(01, 0C) - DTC count, MIL | NoEOL
12:07:17| DECODE_Bus: DAD_DLL_VERSION_16.12.25.0
3.0.7.0

437,TX MSG,KWPS8FE9,C2 33 F1 01 0C 
578,RX MSG,KWPS8FE9,
578,RX MSG,KWPS8FE9,84 F1 10 41 0C 0C 64 

12:07:17| sr | Get RPM(2): 0 | 1
12:07:17| ... SetupMyLastCommResult: ConditionsNotCorrect
12:07:17| ... DoDad | Action: System.Action | tag: GetModePID(01, 0C) - DTC count, MIL
12:07:17| ... GetCallingProcedure | lVehiculoLink
12:07:17| ... GetCallingProcedure | VehiculoLink
12:07:17| ... GetCallingProcedure | VehTest
12:07:17| DoDad-01 | GetModePID(01, 0C) - DTC count, MIL (Open:True,999.99 | lVehiculoLink,VehiculoLink,VehTest)
12:07:17| DoDad-01  ClearCommandLog ...
12:07:17| DoDad-01  Invoke ... (GetModePID(01, 0C) - DTC count, MIL)
12:07:18| DoDad-01  Invoke ... (GetModePID(01, 0C) - DTC count, MIL)  (1156)
12:07:18| DoDad-01  CommandLog.Length ...
12:07:18| DoDad-01  CommandLog ... (0)
12:07:18| DoDad-01-CommandLog-Len:141 Siz:141 | iStart: 0
12:07:18| DoDad-01  SerialData.Length ... (323)
12:07:18| DoDad-01 | GetModePID(01, 0C) - DTC count, MIL-SLL:00323,00323-CF:F-DLLInfo:'DAD_DLL_VERSION_16.12.25.0 .. 3.0.7.0'
                    -  DAD_DLL_VERSION_16.12.25.0
                    -  440,TX MSG,KWPS8FE9,C2 33 F1 01 0C 
                    -  471,RX QRY,KWPS8FE9,Delay: 100
                    -  580,RX MSG,KWPS8FE9,
                    -  580,RX MSG,KWPS8FE9,84 F1 10 41 0C 0C 58 
                    -  580,RX QRY,KWPS8FE9,Delay: 100
                    -  690,RX QRY,KWPS8FE9,Delay: 100
                    -  799,RX QRY,KWPS8FE9,Delay: 100
                    -  909,RX QRY,KWPS8FE9,Delay: 100
                    -  1018,RX QRY,KWPS8FE9,Delay: 100
                    (1.160 s,F) GetModePID(01, 0C) - DTC count, MIL | NoEOL
12:07:18| DECODE_Bus: DAD_DLL_VERSION_16.12.25.0
3.0.7.0

440,TX MSG,KWPS8FE9,C2 33 F1 01 0C 
580,RX MSG,KWPS8FE9,
580,RX MSG,KWPS8FE9,84 F1 10 41 0C 0C 58 

12:07:18| sr | Get RPM(3): 0 | 1
12:07:18| ... SetupMyLastCommResult: ConditionsNotCorrect
12:07:18| ... DoDad | Action: System.Action | tag: GetModePID(01, 0C) - DTC count, MIL
12:07:18| ... GetCallingProcedure | lVehiculoLink
12:07:18| ... GetCallingProcedure | VehiculoLink
12:07:18| ... GetCallingProcedure | VehTest
12:07:18| DoDad-01 | GetModePID(01, 0C) - DTC count, MIL (Open:True,999.99 | lVehiculoLink,VehiculoLink,VehTest)
12:07:18| DoDad-01  ClearCommandLog ...
12:07:18| DoDad-01  Invoke ... (GetModePID(01, 0C) - DTC count, MIL)
12:07:19| DoDad-01  Invoke ... (GetModePID(01, 0C) - DTC count, MIL)  (1171)
12:07:19| DoDad-01  CommandLog.Length ...
12:07:19| DoDad-01  CommandLog ... (0)
12:07:19| DoDad-01-CommandLog-Len:141 Siz:141 | iStart: 0
12:07:19| DoDad-01  SerialData.Length ... (323)
12:07:19| DoDad-01 | GetModePID(01, 0C) - DTC count, MIL-SLL:00323,00323-CF:F-DLLInfo:'DAD_DLL_VERSION_16.12.25.0 .. 3.0.7.0'
                    -  DAD_DLL_VERSION_16.12.25.0
                    -  437,TX MSG,KWPS8FE9,C2 33 F1 01 0C 
                    -  468,RX QRY,KWPS8FE9,Delay: 100
                    -  578,RX MSG,KWPS8FE9,
                    -  578,RX MSG,KWPS8FE9,84 F1 10 41 0C 0C 5C 
                    -  578,RX QRY,KWPS8FE9,Delay: 100
                    -  687,RX QRY,KWPS8FE9,Delay: 100
                    -  803,RX QRY,KWPS8FE9,Delay: 100
                    -  912,RX QRY,KWPS8FE9,Delay: 100
                    -  1022,RX QRY,KWPS8FE9,Delay: 100
                    (1.163 s,F) GetModePID(01, 0C) - DTC count, MIL | NoEOL
12:07:19| DECODE_Bus: DAD_DLL_VERSION_16.12.25.0
3.0.7.0

437,TX MSG,KWPS8FE9,C2 33 F1 01 0C 
578,RX MSG,KWPS8FE9,
578,RX MSG,KWPS8FE9,84 F1 10 41 0C 0C 5C 

12:07:19| sr | Get RPM(4): 0 | 1
12:07:20| Success
12:07:20| InitIMCleanDevice | DeviceVoltage:13.5
12:07:20| InitIMCleanDevice | DeviceVoltageDLC:14.1
12:07:20| ... >>>-----------------------------------------------------------------------
12:07:20| ... >>>-----------------------------------------------------------------------
12:07:20| VIN: 
12:07:20| MON: Mil:0| Msi:110 | Ccm:109 | Cmb:110 | O2s:109 | Cat:110 | Ccc:009 | Evs:110 | Sas:009 | Faa:009 | O2c:109
12:07:20| DTC: 
12:07:20| Voltage: 13.5
12:07:20| VoltageDLC: 14.1
12:07:20| Pid0101 : 86 F1 10 41 01 00 07 65 61
12:07:20| Pid0300 : 87 F1 10 43 00 00 00 00 00 00
12:07:20| Pid0121 : 84 F1 10 41 21 00 00
12:07:20| Pid0131 : Null
12:07:20| Pid0133 : Null
12:07:20| Pid011F : Null
12:07:20| Pid017F : Null
12:07:20| Pid014D : Null
12:07:20| Pid0951 : Null
12:07:20| Pid0902 : Null
12:07:20| Pid0904 : 87 F1 10 49 04 04 38 36 35 30
12:07:20| Pid010C: Null
12:07:20| RPM: 628 | 1: 628 | 2: 628 | 3: 628
12:07:20| ****** Posible Simulación de lecturas OBD detectada.
12:07:20| *** Connect ... EOF()
12:07:20| VehiculoLink: Pass: Inspección vehicular OBD concluido.
12:21:34|  
12:21:34| ... Connect_OBD ===================================================================================================================
12:21:34|  
12:21:34| ... GetCallingProcedure | lVehiculoLink
12:21:34| ... GetCallingProcedure | VehiculoLink
12:21:34| ... GetCallingProcedure | VehTest
12:21:34| ... IncrementActiveCount | 1
12:21:34| ... GetCallingProcedure | OpusIMCleanOBDdrv.Module1:Connect_OBD
12:21:34| ... GetCallingProcedure | OpusIMCleanOBDdrv.Module1:lVehiculoLink
12:21:34| ... GetCallingProcedure | OpusIMCleanOBDdrv.IMCleanOBD:VehiculoLink
12:21:34| ... MyDADStatus | LCR:ConditionsNotCorrect,Unknown
12:21:34| ... Connect | ---------------- Connect --------------- SC:'' (LCR:ConditionsNotCorrect,Unknown) (lVehiculoLink,VehiculoLink,VehTest)
12:21:34| GetDAD | Starting ... Cnt:00005,00 Opn:T (Connect)
12:21:34| GetDAD | Success ... Cnt:00005,01 Opn:T (Connect, Connect)
12:21:34| ... Connect | 1 | GetDAD =Connect
12:21:34| ... SetupMyLastCommResult: InvalidData
12:21:34| ... MyDad.Initialize 
12:21:34| ... DoDad | Action: System.Action | tag: Initialize
12:21:34| ... GetCallingProcedure | lVehiculoLink
12:21:34| ... GetCallingProcedure | VehiculoLink
12:21:34| ... GetCallingProcedure | VehTest
12:21:34| DoDad-01 | Initialize (Open:True,999.99 | lVehiculoLink,VehiculoLink,VehTest)
12:21:34| DoDad-01  ClearCommandLog ...
12:21:34| DoDad-01  Invoke ... (Initialize)
12:21:46| ... SetupVehicleIsLinked
12:21:46| ... GetCallingProcedure | SetupMyLastCommResult
12:21:46| ... GetCallingProcedure | _Lambda$__0
12:21:46| ... GetCallingProcedure | DoDad
12:21:46| ... SetupMyLastCommResult: Success
12:21:46| DoDad-01  Invoke ... (Initialize)  (11969)
12:21:46| DoDad-01  CommandLog.Length ...
12:21:46| DoDad-01  CommandLog ... (0)
12:21:46| DoDad-01-CommandLog-Len:369 Siz:369 | iStart: 0
12:21:46| DoDad-01  SerialData.Length ... (565)
12:21:46| DoDad-01 | Initialize-SLL:00565,00565-CF:F-DLLInfo:'DAD_DLL_VERSION_16.12.25.0 .. 3.0.7.0'
                    -  DAD_DLL_VERSION_16.12.25.0
                    -  609,TX MSG,JVPW1850,68 6A F1 01 00 
                    -  625,RX QRY,JVPW1850,Delay: 100
                    -  734,RX QRY,JVPW1850,Delay: 100
                    -  844,RX QRY,JVPW1850,Delay: 100
                    -  953,TX MSG,JPWM1850,61 6A F1 01 00 
                    -  969,TX MSG,I9148FE9,33 
                    -  5284,TX MSG,KWPF**,C1 33 F1 81 
                    -  11718,TX MSG,ICAN11bt500,00 00 07 DF 01 00 
                    -  11718,RX QRY,ICAN11bt500,Delay: 100
                    -  11827,RX MSG,ICAN11bt500,00 00 07 DF 
                    -  11827,RX MSG,ICAN11bt500,00 00 07 E8 41 00 BE 3E A8 13 
                    -  11827,RX MSG,ICAN11bt500,00 00 07 E9 41 00 98 18 80 01 
                    -  11827,RX QRY,ICAN11bt500,Delay: 100
                    -  11937,RX QRY,ICAN11bt500,Delay: 100
                    (11.984 s,F) Initialize | 
12:21:46| ... MyLastResult | Success,Unknown,True->True
12:21:46| Connect | Init-Rty:2 (Success,Unknown,True->True | 12.09) | lVehiculoLink,VehiculoLink,VehTest
12:21:46| ... MyDad.Initialize > Success
12:21:46| DrewProtocol2MyProtocol | In:'ICAN11bt500'  Out:'CAN11' (CAN:True)
12:21:46| ... GetCallingProcedure | Connect_OBD
12:21:46| ... GetCallingProcedure | lVehiculoLink
12:21:46| ... GetCallingProcedure | VehiculoLink
12:21:46| GetSupportedPIDs | Starting ... (Mode:1) (Connect_OBD,lVehiculoLink,VehiculoLink)
12:21:46| ... SetupMyLastCommResult: InvalidData
12:21:46| ... DoDad | Action: System.Action | tag: GetModePID(01, 00) - PID support mask
12:21:46| ... GetCallingProcedure | Connect_OBD
12:21:46| ... GetCallingProcedure | lVehiculoLink
12:21:46| ... GetCallingProcedure | VehiculoLink
12:21:46| DoDad-01 | GetModePID(01, 00) - PID support mask (Open:True,999.99 | Connect_OBD,lVehiculoLink,VehiculoLink)
12:21:46| DoDad-01  ClearCommandLog ...
12:21:46| DoDad-01  Invoke ... (GetModePID(01, 00) - PID support mask)
12:21:46| DoDad-01  Invoke ... (GetModePID(01, 00) - PID support mask)  (656)
12:21:46| DoDad-01  CommandLog.Length ...
12:21:46| DoDad-01  CommandLog ... (0)
12:21:46| DoDad-01-CommandLog-Len:237 Siz:237 | iStart: 0
12:21:46| DoDad-01  SerialData.Length ... (985)
12:21:46| DoDad-01 | GetModePID(01, 00) - PID support mask-SLL:00985,00985-CF:F-DLLInfo:'DAD_DLL_VERSION_16.12.25.0 .. 3.0.7.0'
                    -  DAD_DLL_VERSION_16.12.25.0
                    -  609,TX MSG,JVPW1850,68 6A F1 01 00 
                    -  625,RX QRY,JVPW1850,Delay: 100
                    -  734,RX QRY,JVPW1850,Delay: 100
                    -  844,RX QRY,JVPW1850,Delay: 100
                    -  953,TX MSG,JPWM1850,61 6A F1 01 00 
                    -  969,TX MSG,I9148FE9,33 
                    -  5284,TX MSG,KWPF**,C1 33 F1 81 
                    -  11718,TX MSG,ICAN11bt500,00 00 07 DF 01 00 
                    -  11718,RX QRY,ICAN11bt500,Delay: 100
                    -  11827,RX MSG,ICAN11bt500,00 00 07 DF 
                    -  11827,RX MSG,ICAN11bt500,00 00 07 E8 41 00 BE 3E A8 13 
                    -  11827,RX MSG,ICAN11bt500,00 00 07 E9 41 00 98 18 80 01 
                    -  11827,RX QRY,ICAN11bt500,Delay: 100
                    -  11937,RX QRY,ICAN11bt500,Delay: 100
                    -  12156,TX MSG,ICAN11bt500,00 00 07 DF 01 00 
                    -  12156,RX QRY,ICAN11bt500,Delay: 100
                    -  12265,RX MSG,ICAN11bt500,00 00 07 DF 
                    -  12265,RX MSG,ICAN11bt500,00 00 07 E8 41 00 BE 3E A8 13 
                    -  12265,RX MSG,ICAN11bt500,00 00 07 E9 41 00 98 18 80 01 
                    -  12265,RX QRY,ICAN11bt500,Delay: 100
                    -  12374,RX QRY,ICAN11bt500,Delay: 100
                    -  12484,RX QRY,ICAN11bt500,Delay: 100
                    -  12593,RX QRY,ICAN11bt500,Delay: 100
                    -  12703,RX QRY,ICAN11bt500,Delay: 100
                    (0.656 s,F) GetModePID(01, 00) - PID support mask | NoEOL
12:21:46| ... SetupVehicleIsLinked
12:21:46| ... GetCallingProcedure | SetupMyLastCommResult
12:21:46| ... GetCallingProcedure | GetSupportedPIDs
12:21:46| ... GetCallingProcedure | Connect_OBD
12:21:46| ... SetupMyLastCommResult: Success
12:21:46| ... MyLastResult | Success,Unknown,True->True
12:21:46|  (Result:Success,Unknown,True->True)
12:21:46| GetSupportedPIDs | PID00 RspCnt:2
12:21:46| ... GetEcuIdFromAddress
12:21:46| ... ByteArrayToHexString | 07E8
12:21:46| ... ByteArrayToHexString | BE3EA813
12:21:46| ... DT_DataToString | Adr:07E8,Mod:01,PID:00,Dat:BE3EA813
12:21:46| GetSupportedPIDS | Data-Adr:07E8,Mod:01,PID:00,Dat:BE3EA813
12:21:46| SSBAFOB | MdPID:01,00 ECU:E8 ...  InCnt:4 (BE,3E,A8,13,BC:017) SrtIdx:001
12:21:46| ... SetSupportedBitArrayFromObdBytes | BitAryLen:256  BitSetCnt:018  BAI:4-4,01,03,04,05,06,07,0B,0C,0D,0E,0F,11,13,15,1C,1F,20
12:21:47| 2 | GetSupportedPIDs | 1-E8-DBG3 -------------- 0,1,2,3,4,5,6,7, 8,9,A,B,C,D,E,F, G,H,I,J,K,L,M,N, O,P,Q,R,S,T,U,V
12:21:47| 2 | GetSupportedPIDs | 1-E8-DBG3 000-00_00-020: T,T,F,T,T,T,T,T, F,F,F,T,T,T,T,T, F,T,F,T,F,T,F,F, F,F,F,F,T,F,F,T
12:21:47| 2 | GetSupportedPIDs | 1-E8-DBG3 032-20_20-040: T,F,F,F,F,F,F,F, F,F,F,F,F,F,F,F, F,F,F,F,F,F,F,F, F,F,F,F,F,F,F,F
12:21:47| 2 | GetSupportedPIDs | 1-E8-DBG3 064-40_40-060: F,F,F,F,F,F,F,F, F,F,F,F,F,F,F,F, F,F,F,F,F,F,F,F, F,F,F,F,F,F,F,F
12:21:47| 2 | GetSupportedPIDs | 1-E8-DBG3 096-60_60-080: F,F,F,F,F,F,F,F, F,F,F,F,F,F,F,F, F,F,F,F,F,F,F,F, F,F,F,F,F,F,F,F
12:21:47| 2 | GetSupportedPIDs | 1-E8-DBG3 128-80_80-0A0: F,F,F,F,F,F,F,F, F,F,F,F,F,F,F,F, F,F,F,F,F,F,F,F, F,F,F,F,F,F,F,F
12:21:47| 2 | GetSupportedPIDs | 1-E8-DBG3 160-A0_A0-0C0: F,F,F,F,F,F,F,F, F,F,F,F,F,F,F,F, F,F,F,F,F,F,F,F, F,F,F,F,F,F,F,F
12:21:47| 2 | GetSupportedPIDs | 1-E8-DBG3 192-C0_C0-0E0: F,F,F,F,F,F,F,F, F,F,F,F,F,F,F,F, F,F,F,F,F,F,F,F, F,F,F,F,F,F,F,F
12:21:47| 2 | GetSupportedPIDs | 1-E8-DBG3 224-E0_E0-100: F,F,F,F,F,F,F,F, F,F,F,F,F,F,F,F, F,F,F,F,F,F,F,F, F,F,F,F,F,F,F,F  (T:018 F:238)
12:21:47| ... LogBitArray | 8
12:21:47| ... GetEcuIdFromAddress
12:21:47| ... ByteArrayToHexString | 07E9
12:21:47| ... ByteArrayToHexString | 98188001
12:21:47| ... DT_DataToString | Adr:07E9,Mod:01,PID:00,Dat:98188001
12:21:47| GetSupportedPIDS | Data-Adr:07E9,Mod:01,PID:00,Dat:98188001
12:21:47| SSBAFOB | MdPID:01,00 ECU:E9 ...  InCnt:4 (98,18,80,01,BC:007) SrtIdx:001
12:21:47| ... SetSupportedBitArrayFromObdBytes | BitAryLen:256  BitSetCnt:008  BAI:4-4,01,04,05,0C,0D,11,20
12:21:47| 2 | GetSupportedPIDs | 1-E9-DBG3 -------------- 0,1,2,3,4,5,6,7, 8,9,A,B,C,D,E,F, G,H,I,J,K,L,M,N, O,P,Q,R,S,T,U,V
12:21:47| 2 | GetSupportedPIDs | 1-E9-DBG3 000-00_00-020: T,T,F,F,T,T,F,F, F,F,F,F,T,T,F,F, F,T,F,F,F,F,F,F, F,F,F,F,F,F,F,F
12:21:47| 2 | GetSupportedPIDs | 1-E9-DBG3 032-20_20-040: T,F,F,F,F,F,F,F, F,F,F,F,F,F,F,F, F,F,F,F,F,F,F,F, F,F,F,F,F,F,F,F
12:21:47| 2 | GetSupportedPIDs | 1-E9-DBG3 064-40_40-060: F,F,F,F,F,F,F,F, F,F,F,F,F,F,F,F, F,F,F,F,F,F,F,F, F,F,F,F,F,F,F,F
12:21:47| 2 | GetSupportedPIDs | 1-E9-DBG3 096-60_60-080: F,F,F,F,F,F,F,F, F,F,F,F,F,F,F,F, F,F,F,F,F,F,F,F, F,F,F,F,F,F,F,F
12:21:47| 2 | GetSupportedPIDs | 1-E9-DBG3 128-80_80-0A0: F,F,F,F,F,F,F,F, F,F,F,F,F,F,F,F, F,F,F,F,F,F,F,F, F,F,F,F,F,F,F,F
12:21:47| 2 | GetSupportedPIDs | 1-E9-DBG3 160-A0_A0-0C0: F,F,F,F,F,F,F,F, F,F,F,F,F,F,F,F, F,F,F,F,F,F,F,F, F,F,F,F,F,F,F,F
12:21:47| 2 | GetSupportedPIDs | 1-E9-DBG3 192-C0_C0-0E0: F,F,F,F,F,F,F,F, F,F,F,F,F,F,F,F, F,F,F,F,F,F,F,F, F,F,F,F,F,F,F,F
12:21:47| 2 | GetSupportedPIDs | 1-E9-DBG3 224-E0_E0-100: F,F,F,F,F,F,F,F, F,F,F,F,F,F,F,F, F,F,F,F,F,F,F,F, F,F,F,F,F,F,F,F  (T:008 F:248)
12:21:47| ... LogBitArray | 8
12:21:47| ... SetupMyLastCommResult: InvalidData
12:21:47| ... DoDad | Action: System.Action | tag: GetModePID(01, 20) - PID support mask
12:21:47| ... GetCallingProcedure | Connect_OBD
12:21:47| ... GetCallingProcedure | lVehiculoLink
12:21:47| ... GetCallingProcedure | VehiculoLink
12:21:47| DoDad-01 | GetModePID(01, 20) - PID support mask (Open:True,999.99 | Connect_OBD,lVehiculoLink,VehiculoLink)
12:21:47| DoDad-01  ClearCommandLog ...
12:21:47| DoDad-01  Invoke ... (GetModePID(01, 20) - PID support mask)
12:21:47| DoDad-01  Invoke ... (GetModePID(01, 20) - PID support mask)  (672)
12:21:47| DoDad-01  CommandLog.Length ...
12:21:47| DoDad-01  CommandLog ... (0)
12:21:47| DoDad-01-CommandLog-Len:237 Siz:237 | iStart: 0
12:21:47| DoDad-01  SerialData.Length ... (1405)
12:21:47| DoDad-01 | GetModePID(01, 20) - PID support mask-SLL:01405,01405-CF:F-DLLInfo:'DAD_DLL_VERSION_16.12.25.0 .. 3.0.7.0'
                    -  DAD_DLL_VERSION_16.12.25.0
                    -  609,TX MSG,JVPW1850,68 6A F1 01 00 
                    -  625,RX QRY,JVPW1850,Delay: 100
                    -  734,RX QRY,JVPW1850,Delay: 100
                    -  844,RX QRY,JVPW1850,Delay: 100
                    -  953,TX MSG,JPWM1850,61 6A F1 01 00 
                    -  969,TX MSG,I9148FE9,33 
                    -  5284,TX MSG,KWPF**,C1 33 F1 81 
                    -  11718,TX MSG,ICAN11bt500,00 00 07 DF 01 00 
                    -  11718,RX QRY,ICAN11bt500,Delay: 100
                    -  11827,RX MSG,ICAN11bt500,00 00 07 DF 
                    -  11827,RX MSG,ICAN11bt500,00 00 07 E8 41 00 BE 3E A8 13 
                    -  11827,RX MSG,ICAN11bt500,00 00 07 E9 41 00 98 18 80 01 
                    -  11827,RX QRY,ICAN11bt500,Delay: 100
                    -  11937,RX QRY,ICAN11bt500,Delay: 100
                    -  12156,TX MSG,ICAN11bt500,00 00 07 DF 01 00 
                    -  12156,RX QRY,ICAN11bt500,Delay: 100
                    -  12265,RX MSG,ICAN11bt500,00 00 07 DF 
                    -  12265,RX MSG,ICAN11bt500,00 00 07 E8 41 00 BE 3E A8 13 
                    -  12265,RX MSG,ICAN11bt500,00 00 07 E9 41 00 98 18 80 01 
                    -  12265,RX QRY,ICAN11bt500,Delay: 100
                    -  12374,RX QRY,ICAN11bt500,Delay: 100
                    -  12484,RX QRY,ICAN11bt500,Delay: 100
                    -  12593,RX QRY,ICAN11bt500,Delay: 100
                    -  12703,RX QRY,ICAN11bt500,Delay: 100
                    -  13046,TX MSG,ICAN11bt500,00 00 07 DF 01 20 
                    -  13046,RX QRY,ICAN11bt500,Delay: 100
                    -  13156,RX MSG,ICAN11bt500,00 00 07 DF 
                    -  13156,RX MSG,ICAN11bt500,00 00 07 E8 41 20 A0 07 B0 11 
                    -  13156,RX MSG,ICAN11bt500,00 00 07 E9 41 20 00 00 00 01 
                    -  13156,RX QRY,ICAN11bt500,Delay: 100
                    -  13265,RX QRY,ICAN11bt500,Delay: 100
                    -  13375,RX QRY,ICAN11bt500,Delay: 100
                    -  13484,RX QRY,ICAN11bt500,Delay: 100
                    -  13593,RX QRY,ICAN11bt500,Delay: 100
                    (0.672 s,F) GetModePID(01, 20) - PID support mask | NoEOL
12:21:47| ... SetupVehicleIsLinked
12:21:47| ... GetCallingProcedure | SetupMyLastCommResult
12:21:47| ... GetCallingProcedure | GetSupportedPIDs
12:21:47| ... GetCallingProcedure | Connect_OBD
12:21:47| ... SetupMyLastCommResult: Success
12:21:47| ... MyLastResult | Success,Unknown,True->True
12:21:47|  (Result:Success,Unknown,True->True)
12:21:47| GetSupportedPIDs | PID20 RspCnt:2
12:21:47| ... GetEcuIdFromAddress
12:21:47| ... ByteArrayToHexString | 07E8
12:21:47| ... ByteArrayToHexString | A007B011
12:21:47| ... DT_DataToString | Adr:07E8,Mod:01,PID:20,Dat:A007B011
12:21:47| GetSupportedPIDS | Data-Adr:07E8,Mod:01,PID:20,Dat:A007B011
12:21:47| SSBAFOB | MdPID:01,20 ECU:E8 ...  InCnt:4 (A0,07,B0,11,BC:010) SrtIdx:033
12:21:47| ... SetSupportedBitArrayFromObdBytes | BitAryLen:256  BitSetCnt:028  BAI:4-4,21,23,2E,2F,30,31,33,34,3C,40
12:21:47| 2 | GetSupportedPIDs | 1-E8-DBG3 -------------- 0,1,2,3,4,5,6,7, 8,9,A,B,C,D,E,F, G,H,I,J,K,L,M,N, O,P,Q,R,S,T,U,V
12:21:47| 2 | GetSupportedPIDs | 1-E8-DBG3 000-00_00-020: T,T,F,T,T,T,T,T, F,F,F,T,T,T,T,T, F,T,F,T,F,T,F,F, F,F,F,F,T,F,F,T
12:21:47| 2 | GetSupportedPIDs | 1-E8-DBG3 032-20_20-040: T,T,F,T,F,F,F,F, F,F,F,F,F,F,T,T, T,T,F,T,T,F,F,F, F,F,F,F,T,F,F,F
12:21:47| 2 | GetSupportedPIDs | 1-E8-DBG3 064-40_40-060: T,F,F,F,F,F,F,F, F,F,F,F,F,F,F,F, F,F,F,F,F,F,F,F, F,F,F,F,F,F,F,F
12:21:47| 2 | GetSupportedPIDs | 1-E8-DBG3 096-60_60-080: F,F,F,F,F,F,F,F, F,F,F,F,F,F,F,F, F,F,F,F,F,F,F,F, F,F,F,F,F,F,F,F
12:21:47| 2 | GetSupportedPIDs | 1-E8-DBG3 128-80_80-0A0: F,F,F,F,F,F,F,F, F,F,F,F,F,F,F,F, F,F,F,F,F,F,F,F, F,F,F,F,F,F,F,F
12:21:47| 2 | GetSupportedPIDs | 1-E8-DBG3 160-A0_A0-0C0: F,F,F,F,F,F,F,F, F,F,F,F,F,F,F,F, F,F,F,F,F,F,F,F, F,F,F,F,F,F,F,F
12:21:47| 2 | GetSupportedPIDs | 1-E8-DBG3 192-C0_C0-0E0: F,F,F,F,F,F,F,F, F,F,F,F,F,F,F,F, F,F,F,F,F,F,F,F, F,F,F,F,F,F,F,F
12:21:47| 2 | GetSupportedPIDs | 1-E8-DBG3 224-E0_E0-100: F,F,F,F,F,F,F,F, F,F,F,F,F,F,F,F, F,F,F,F,F,F,F,F, F,F,F,F,F,F,F,F  (T:028 F:228)
12:21:47| ... LogBitArray | 8
12:21:47| ... GetEcuIdFromAddress
12:21:47| ... ByteArrayToHexString | 07E9
12:21:47| ... ByteArrayToHexString | 00000001
12:21:47| ... DT_DataToString | Adr:07E9,Mod:01,PID:20,Dat:00000001
12:21:47| GetSupportedPIDS | Data-Adr:07E9,Mod:01,PID:20,Dat:00000001
12:21:47| SSBAFOB | MdPID:01,20 ECU:E9 ...  InCnt:4 (00,00,00,01,BC:001) SrtIdx:033
12:21:47| ... SetSupportedBitArrayFromObdBytes | BitAryLen:256  BitSetCnt:009  BAI:4-4,40
12:21:47| 2 | GetSupportedPIDs | 1-E9-DBG3 -------------- 0,1,2,3,4,5,6,7, 8,9,A,B,C,D,E,F, G,H,I,J,K,L,M,N, O,P,Q,R,S,T,U,V
12:21:47| 2 | GetSupportedPIDs | 1-E9-DBG3 000-00_00-020: T,T,F,F,T,T,F,F, F,F,F,F,T,T,F,F, F,T,F,F,F,F,F,F, F,F,F,F,F,F,F,F
12:21:47| 2 | GetSupportedPIDs | 1-E9-DBG3 032-20_20-040: T,F,F,F,F,F,F,F, F,F,F,F,F,F,F,F, F,F,F,F,F,F,F,F, F,F,F,F,F,F,F,F
12:21:47| 2 | GetSupportedPIDs | 1-E9-DBG3 064-40_40-060: T,F,F,F,F,F,F,F, F,F,F,F,F,F,F,F, F,F,F,F,F,F,F,F, F,F,F,F,F,F,F,F
12:21:47| 2 | GetSupportedPIDs | 1-E9-DBG3 096-60_60-080: F,F,F,F,F,F,F,F, F,F,F,F,F,F,F,F, F,F,F,F,F,F,F,F, F,F,F,F,F,F,F,F
12:21:47| 2 | GetSupportedPIDs | 1-E9-DBG3 128-80_80-0A0: F,F,F,F,F,F,F,F, F,F,F,F,F,F,F,F, F,F,F,F,F,F,F,F, F,F,F,F,F,F,F,F
12:21:47| 2 | GetSupportedPIDs | 1-E9-DBG3 160-A0_A0-0C0: F,F,F,F,F,F,F,F, F,F,F,F,F,F,F,F, F,F,F,F,F,F,F,F, F,F,F,F,F,F,F,F
12:21:47| 2 | GetSupportedPIDs | 1-E9-DBG3 192-C0_C0-0E0: F,F,F,F,F,F,F,F, F,F,F,F,F,F,F,F, F,F,F,F,F,F,F,F, F,F,F,F,F,F,F,F
12:21:47| 2 | GetSupportedPIDs | 1-E9-DBG3 224-E0_E0-100: F,F,F,F,F,F,F,F, F,F,F,F,F,F,F,F, F,F,F,F,F,F,F,F, F,F,F,F,F,F,F,F  (T:009 F:247)
12:21:48| ... LogBitArray | 8
12:21:48| ... SetupMyLastCommResult: InvalidData
12:21:48| ... DoDad | Action: System.Action | tag: GetModePID(01, 40) - PID support mask
12:21:48| ... GetCallingProcedure | Connect_OBD
12:21:48| ... GetCallingProcedure | lVehiculoLink
12:21:48| ... GetCallingProcedure | VehiculoLink
12:21:48| DoDad-01 | GetModePID(01, 40) - PID support mask (Open:True,999.99 | Connect_OBD,lVehiculoLink,VehiculoLink)
12:21:48| DoDad-01  ClearCommandLog ...
12:21:48| DoDad-01  Invoke ... (GetModePID(01, 40) - PID support mask)
12:21:48| DoDad-01  Invoke ... (GetModePID(01, 40) - PID support mask)  (656)
12:21:48| DoDad-01  CommandLog.Length ...
12:21:48| DoDad-01  CommandLog ... (0)
12:21:48| DoDad-01-CommandLog-Len:237 Siz:237 | iStart: 0
12:21:48| DoDad-01  SerialData.Length ... (1825)
12:21:48| DoDad-01 | GetModePID(01, 40) - PID support mask-SLL:01825,01825-CF:F-DLLInfo:'DAD_DLL_VERSION_16.12.25.0 .. 3.0.7.0'
                    -  DAD_DLL_VERSION_16.12.25.0
                    -  609,TX MSG,JVPW1850,68 6A F1 01 00 
                    -  625,RX QRY,JVPW1850,Delay: 100
                    -  734,RX QRY,JVPW1850,Delay: 100
                    -  844,RX QRY,JVPW1850,Delay: 100
                    -  953,TX MSG,JPWM1850,61 6A F1 01 00 
                    -  969,TX MSG,I9148FE9,33 
                    -  5284,TX MSG,KWPF**,C1 33 F1 81 
                    -  11718,TX MSG,ICAN11bt500,00 00 07 DF 01 00 
                    -  11718,RX QRY,ICAN11bt500,Delay: 100
                    -  11827,RX MSG,ICAN11bt500,00 00 07 DF 
                    -  11827,RX MSG,ICAN11bt500,00 00 07 E8 41 00 BE 3E A8 13 
                    -  11827,RX MSG,ICAN11bt500,00 00 07 E9 41 00 98 18 80 01 
                    -  11827,RX QRY,ICAN11bt500,Delay: 100
                    -  11937,RX QRY,ICAN11bt500,Delay: 100
                    -  12156,TX MSG,ICAN11bt500,00 00 07 DF 01 00 
                    -  12156,RX QRY,ICAN11bt500,Delay: 100
                    -  12265,RX MSG,ICAN11bt500,00 00 07 DF 
                    -  12265,RX MSG,ICAN11bt500,00 00 07 E8 41 00 BE 3E A8 13 
                    -  12265,RX MSG,ICAN11bt500,00 00 07 E9 41 00 98 18 80 01 
                    -  12265,RX QRY,ICAN11bt500,Delay: 100
                    -  12374,RX QRY,ICAN11bt500,Delay: 100
                    -  12484,RX QRY,ICAN11bt500,Delay: 100
                    -  12593,RX QRY,ICAN11bt500,Delay: 100
                    -  12703,RX QRY,ICAN11bt500,Delay: 100
                    -  13046,TX MSG,ICAN11bt500,00 00 07 DF 01 20 
                    -  13046,RX QRY,ICAN11bt500,Delay: 100
                    -  13156,RX MSG,ICAN11bt500,00 00 07 DF 
                    -  13156,RX MSG,ICAN11bt500,00 00 07 E8 41 20 A0 07 B0 11 
                    -  13156,RX MSG,ICAN11bt500,00 00 07 E9 41 20 00 00 00 01 
                    -  13156,RX QRY,ICAN11bt500,Delay: 100
                    -  13265,RX QRY,ICAN11bt500,Delay: 100
                    -  13375,RX QRY,ICAN11bt500,Delay: 100
                    -  13484,RX QRY,ICAN11bt500,Delay: 100
                    -  13593,RX QRY,ICAN11bt500,Delay: 100
                    -  13937,TX MSG,ICAN11bt500,00 00 07 DF 01 40 
                    -  13937,RX QRY,ICAN11bt500,Delay: 100
                    -  14046,RX MSG,ICAN11bt500,00 00 07 DF 
                    -  14046,RX MSG,ICAN11bt500,00 00 07 E9 41 40 E0 80 00 00 
                    -  14046,RX MSG,ICAN11bt500,00 00 07 E8 41 40 FE D3 84 01 
                    -  14046,RX QRY,ICAN11bt500,Delay: 100
                    -  14156,RX QRY,ICAN11bt500,Delay: 100
                    -  14265,RX QRY,ICAN11bt500,Delay: 100
                    -  14374,RX QRY,ICAN11bt500,Delay: 100
                    -  14487,RX QRY,ICAN11bt500,Delay: 100
                    (0.675 s,F) GetModePID(01, 40) - PID support mask | NoEOL
12:21:48| ... SetupVehicleIsLinked
12:21:48| ... GetCallingProcedure | SetupMyLastCommResult
12:21:48| ... GetCallingProcedure | GetSupportedPIDs
12:21:48| ... GetCallingProcedure | Connect_OBD
12:21:48| ... SetupMyLastCommResult: Success
12:21:48| ... MyLastResult | Success,Unknown,True->True
12:21:48|  (Result:Success,Unknown,True->True)
12:21:48| GetSupportedPIDs | PID40 RspCnt:2
12:21:48| ... GetEcuIdFromAddress
12:21:48| ... ByteArrayToHexString | 07E9
12:21:48| ... ByteArrayToHexString | E0800000
12:21:48| ... DT_DataToString | Adr:07E9,Mod:01,PID:40,Dat:E0800000
12:21:48| GetSupportedPIDS | Data-Adr:07E9,Mod:01,PID:40,Dat:E0800000
12:21:48| SSBAFOB | MdPID:01,40 ECU:E9 ...  InCnt:4 (E0,80,00,00,BC:004) SrtIdx:065
12:21:48| ... SetSupportedBitArrayFromObdBytes | BitAryLen:256  BitSetCnt:013  BAI:4-4,41,42,43,49
12:21:48| 2 | GetSupportedPIDs | 1-E9-DBG3 -------------- 0,1,2,3,4,5,6,7, 8,9,A,B,C,D,E,F, G,H,I,J,K,L,M,N, O,P,Q,R,S,T,U,V
12:21:48| 2 | GetSupportedPIDs | 1-E9-DBG3 000-00_00-020: T,T,F,F,T,T,F,F, F,F,F,F,T,T,F,F, F,T,F,F,F,F,F,F, F,F,F,F,F,F,F,F
12:21:48| 2 | GetSupportedPIDs | 1-E9-DBG3 032-20_20-040: T,F,F,F,F,F,F,F, F,F,F,F,F,F,F,F, F,F,F,F,F,F,F,F, F,F,F,F,F,F,F,F
12:21:48| 2 | GetSupportedPIDs | 1-E9-DBG3 064-40_40-060: T,T,T,T,F,F,F,F, F,T,F,F,F,F,F,F, F,F,F,F,F,F,F,F, F,F,F,F,F,F,F,F
12:21:48| 2 | GetSupportedPIDs | 1-E9-DBG3 096-60_60-080: F,F,F,F,F,F,F,F, F,F,F,F,F,F,F,F, F,F,F,F,F,F,F,F, F,F,F,F,F,F,F,F
12:21:48| 2 | GetSupportedPIDs | 1-E9-DBG3 128-80_80-0A0: F,F,F,F,F,F,F,F, F,F,F,F,F,F,F,F, F,F,F,F,F,F,F,F, F,F,F,F,F,F,F,F
12:21:48| 2 | GetSupportedPIDs | 1-E9-DBG3 160-A0_A0-0C0: F,F,F,F,F,F,F,F, F,F,F,F,F,F,F,F, F,F,F,F,F,F,F,F, F,F,F,F,F,F,F,F
12:21:48| 2 | GetSupportedPIDs | 1-E9-DBG3 192-C0_C0-0E0: F,F,F,F,F,F,F,F, F,F,F,F,F,F,F,F, F,F,F,F,F,F,F,F, F,F,F,F,F,F,F,F
12:21:48| 2 | GetSupportedPIDs | 1-E9-DBG3 224-E0_E0-100: F,F,F,F,F,F,F,F, F,F,F,F,F,F,F,F, F,F,F,F,F,F,F,F, F,F,F,F,F,F,F,F  (T:013 F:243)
12:21:48| ... LogBitArray | 8
12:21:48| ... GetEcuIdFromAddress
12:21:48| ... ByteArrayToHexString | 07E8
12:21:48| ... ByteArrayToHexString | FED38401
12:21:48| ... DT_DataToString | Adr:07E8,Mod:01,PID:40,Dat:FED38401
12:21:48| GetSupportedPIDS | Data-Adr:07E8,Mod:01,PID:40,Dat:FED38401
12:21:48| SSBAFOB | MdPID:01,40 ECU:E8 ...  InCnt:4 (FE,D3,84,01,BC:015) SrtIdx:065
12:21:48| ... SetSupportedBitArrayFromObdBytes | BitAryLen:256  BitSetCnt:043  BAI:4-4,41,42,43,44,45,46,47,49,4A,4C,4F,50,51,56,60
12:21:48| 2 | GetSupportedPIDs | 1-E8-DBG3 -------------- 0,1,2,3,4,5,6,7, 8,9,A,B,C,D,E,F, G,H,I,J,K,L,M,N, O,P,Q,R,S,T,U,V
12:21:48| 2 | GetSupportedPIDs | 1-E8-DBG3 000-00_00-020: T,T,F,T,T,T,T,T, F,F,F,T,T,T,T,T, F,T,F,T,F,T,F,F, F,F,F,F,T,F,F,T
12:21:48| 2 | GetSupportedPIDs | 1-E8-DBG3 032-20_20-040: T,T,F,T,F,F,F,F, F,F,F,F,F,F,T,T, T,T,F,T,T,F,F,F, F,F,F,F,T,F,F,F
12:21:48| 2 | GetSupportedPIDs | 1-E8-DBG3 064-40_40-060: T,T,T,T,T,T,T,T, F,T,T,F,T,F,F,T, T,T,F,F,F,F,T,F, F,F,F,F,F,F,F,F
12:21:48| 2 | GetSupportedPIDs | 1-E8-DBG3 096-60_60-080: T,F,F,F,F,F,F,F, F,F,F,F,F,F,F,F, F,F,F,F,F,F,F,F, F,F,F,F,F,F,F,F
12:21:48| 2 | GetSupportedPIDs | 1-E8-DBG3 128-80_80-0A0: F,F,F,F,F,F,F,F, F,F,F,F,F,F,F,F, F,F,F,F,F,F,F,F, F,F,F,F,F,F,F,F
12:21:48| 2 | GetSupportedPIDs | 1-E8-DBG3 160-A0_A0-0C0: F,F,F,F,F,F,F,F, F,F,F,F,F,F,F,F, F,F,F,F,F,F,F,F, F,F,F,F,F,F,F,F
12:21:48| 2 | GetSupportedPIDs | 1-E8-DBG3 192-C0_C0-0E0: F,F,F,F,F,F,F,F, F,F,F,F,F,F,F,F, F,F,F,F,F,F,F,F, F,F,F,F,F,F,F,F
12:21:48| 2 | GetSupportedPIDs | 1-E8-DBG3 224-E0_E0-100: F,F,F,F,F,F,F,F, F,F,F,F,F,F,F,F, F,F,F,F,F,F,F,F, F,F,F,F,F,F,F,F  (T:043 F:213)
12:21:48| ... LogBitArray | 8
12:21:48| ... SetupMyLastCommResult: InvalidData
12:21:48| ... DoDad | Action: System.Action | tag: GetModePID(01, 60) - PID support mask
12:21:48| ... GetCallingProcedure | Connect_OBD
12:21:48| ... GetCallingProcedure | lVehiculoLink
12:21:48| ... GetCallingProcedure | VehiculoLink
12:21:48| DoDad-01 | GetModePID(01, 60) - PID support mask (Open:True,999.99 | Connect_OBD,lVehiculoLink,VehiculoLink)
12:21:48| DoDad-01  ClearCommandLog ...
12:21:48| DoDad-01  Invoke ... (GetModePID(01, 60) - PID support mask)
12:21:49| DoDad-01  Invoke ... (GetModePID(01, 60) - PID support mask)  (672)
12:21:49| DoDad-01  CommandLog.Length ...
12:21:49| DoDad-01  CommandLog ... (0)
12:21:49| DoDad-01-CommandLog-Len:180 Siz:180 | iStart: 0
12:21:49| DoDad-01  SerialData.Length ... (2188)
12:21:49| DoDad-01 | GetModePID(01, 60) - PID support mask-SLL:02188,02188-CF:F-DLLInfo:'DAD_DLL_VERSION_16.12.25.0 .. 3.0.7.0'
                    -  DAD_DLL_VERSION_16.12.25.0
                    -  609,TX MSG,JVPW1850,68 6A F1 01 00 
                    -  625,RX QRY,JVPW1850,Delay: 100
                    -  734,RX QRY,JVPW1850,Delay: 100
                    -  844,RX QRY,JVPW1850,Delay: 100
                    -  953,TX MSG,JPWM1850,61 6A F1 01 00 
                    -  969,TX MSG,I9148FE9,33 
                    -  5284,TX MSG,KWPF**,C1 33 F1 81 
                    -  11718,TX MSG,ICAN11bt500,00 00 07 DF 01 00 
                    -  11718,RX QRY,ICAN11bt500,Delay: 100
                    -  11827,RX MSG,ICAN11bt500,00 00 07 DF 
                    -  11827,RX MSG,ICAN11bt500,00 00 07 E8 41 00 BE 3E A8 13 
                    -  11827,RX MSG,ICAN11bt500,00 00 07 E9 41 00 98 18 80 01 
                    -  11827,RX QRY,ICAN11bt500,Delay: 100
                    -  11937,RX QRY,ICAN11bt500,Delay: 100
                    -  12156,TX MSG,ICAN11bt500,00 00 07 DF 01 00 
                    -  12156,RX QRY,ICAN11bt500,Delay: 100
                    -  12265,RX MSG,ICAN11bt500,00 00 07 DF 
                    -  12265,RX MSG,ICAN11bt500,00 00 07 E8 41 00 BE 3E A8 13 
                    -  12265,RX MSG,ICAN11bt500,00 00 07 E9 41 00 98 18 80 01 
                    -  12265,RX QRY,ICAN11bt500,Delay: 100
                    -  12374,RX QRY,ICAN11bt500,Delay: 100
                    -  12484,RX QRY,ICAN11bt500,Delay: 100
                    -  12593,RX QRY,ICAN11bt500,Delay: 100
                    -  12703,RX QRY,ICAN11bt500,Delay: 100
                    -  13046,TX MSG,ICAN11bt500,00 00 07 DF 01 20 
                    -  13046,RX QRY,ICAN11bt500,Delay: 100
                    -  13156,RX MSG,ICAN11bt500,00 00 07 DF 
                    -  13156,RX MSG,ICAN11bt500,00 00 07 E8 41 20 A0 07 B0 11 
                    -  13156,RX MSG,ICAN11bt500,00 00 07 E9 41 20 00 00 00 01 
                    -  13156,RX QRY,ICAN11bt500,Delay: 100
                    -  13265,RX QRY,ICAN11bt500,Delay: 100
                    -  13375,RX QRY,ICAN11bt500,Delay: 100
                    -  13484,RX QRY,ICAN11bt500,Delay: 100
                    -  13593,RX QRY,ICAN11bt500,Delay: 100
                    -  13937,TX MSG,ICAN11bt500,00 00 07 DF 01 40 
                    -  13937,RX QRY,ICAN11bt500,Delay: 100
                    -  14046,RX MSG,ICAN11bt500,00 00 07 DF 
                    -  14046,RX MSG,ICAN11bt500,00 00 07 E9 41 40 E0 80 00 00 
                    -  14046,RX MSG,ICAN11bt500,00 00 07 E8 41 40 FE D3 84 01 
                    -  14046,RX QRY,ICAN11bt500,Delay: 100
                    -  14156,RX QRY,ICAN11bt500,Delay: 100
                    -  14265,RX QRY,ICAN11bt500,Delay: 100
                    -  14374,RX QRY,ICAN11bt500,Delay: 100
                    -  14487,RX QRY,ICAN11bt500,Delay: 100
                    -  14831,TX MSG,ICAN11bt500,00 00 07 DF 01 60 
                    -  14831,RX QRY,ICAN11bt500,Delay: 100
                    -  14940,RX MSG,ICAN11bt500,00 00 07 DF 
                    -  14940,RX MSG,ICAN11bt500,00 00 07 E8 41 60 00 01 00 00 
                    -  14940,RX QRY,ICAN11bt500,Delay: 100
                    -  15050,RX QRY,ICAN11bt500,Delay: 100
                    -  15159,RX QRY,ICAN11bt500,Delay: 100
                    -  15268,RX QRY,ICAN11bt500,Delay: 100
                    -  15378,RX QRY,ICAN11bt500,Delay: 100
                    (0.675 s,F) GetModePID(01, 60) - PID support mask | NoEOL
12:21:49| ... SetupVehicleIsLinked
12:21:49| ... GetCallingProcedure | SetupMyLastCommResult
12:21:49| ... GetCallingProcedure | GetSupportedPIDs
12:21:49| ... GetCallingProcedure | Connect_OBD
12:21:49| ... SetupMyLastCommResult: Success
12:21:49| ... MyLastResult | Success,Unknown,True->True
12:21:49|  (Result:Success,Unknown,True->True)
12:21:49| GetSupportedPIDs | PID60 RspCnt:1
12:21:49| ... GetEcuIdFromAddress
12:21:49| ... ByteArrayToHexString | 07E8
12:21:49| ... ByteArrayToHexString | 00010000
12:21:49| ... DT_DataToString | Adr:07E8,Mod:01,PID:60,Dat:00010000
12:21:49| GetSupportedPIDS | Data-Adr:07E8,Mod:01,PID:60,Dat:00010000
12:21:49| SSBAFOB | MdPID:01,60 ECU:E8 ...  InCnt:4 (00,01,00,00,BC:001) SrtIdx:097
12:21:49| ... SetSupportedBitArrayFromObdBytes | BitAryLen:256  BitSetCnt:044  BAI:4-4,70
12:21:49| 2 | GetSupportedPIDs | 1-E8-DBG3 -------------- 0,1,2,3,4,5,6,7, 8,9,A,B,C,D,E,F, G,H,I,J,K,L,M,N, O,P,Q,R,S,T,U,V
12:21:49| 2 | GetSupportedPIDs | 1-E8-DBG3 000-00_00-020: T,T,F,T,T,T,T,T, F,F,F,T,T,T,T,T, F,T,F,T,F,T,F,F, F,F,F,F,T,F,F,T
12:21:49| 2 | GetSupportedPIDs | 1-E8-DBG3 032-20_20-040: T,T,F,T,F,F,F,F, F,F,F,F,F,F,T,T, T,T,F,T,T,F,F,F, F,F,F,F,T,F,F,F
12:21:49| 2 | GetSupportedPIDs | 1-E8-DBG3 064-40_40-060: T,T,T,T,T,T,T,T, F,T,T,F,T,F,F,T, T,T,F,F,F,F,T,F, F,F,F,F,F,F,F,F
12:21:49| 2 | GetSupportedPIDs | 1-E8-DBG3 096-60_60-080: T,F,F,F,F,F,F,F, F,F,F,F,F,F,F,F, T,F,F,F,F,F,F,F, F,F,F,F,F,F,F,F
12:21:49| 2 | GetSupportedPIDs | 1-E8-DBG3 128-80_80-0A0: F,F,F,F,F,F,F,F, F,F,F,F,F,F,F,F, F,F,F,F,F,F,F,F, F,F,F,F,F,F,F,F
12:21:49| 2 | GetSupportedPIDs | 1-E8-DBG3 160-A0_A0-0C0: F,F,F,F,F,F,F,F, F,F,F,F,F,F,F,F, F,F,F,F,F,F,F,F, F,F,F,F,F,F,F,F
12:21:49| 2 | GetSupportedPIDs | 1-E8-DBG3 192-C0_C0-0E0: F,F,F,F,F,F,F,F, F,F,F,F,F,F,F,F, F,F,F,F,F,F,F,F, F,F,F,F,F,F,F,F
12:21:49| 2 | GetSupportedPIDs | 1-E8-DBG3 224-E0_E0-100: F,F,F,F,F,F,F,F, F,F,F,F,F,F,F,F, F,F,F,F,F,F,F,F, F,F,F,F,F,F,F,F  (T:044 F:212)
12:21:49| ... LogBitArray | 8
12:21:49| GetSupportedPIDs | Mode:1 ECUCnt:2 PIDSupDicCnt:2
12:21:49| 4 | GetSupportedPIDS | Mode1-ECUE8:-------------- 0,1,2,3,4,5,6,7, 8,9,A,B,C,D,E,F, G,H,I,J,K,L,M,N, O,P,Q,R,S,T,U,V
12:21:49| 4 | GetSupportedPIDS | Mode1-ECUE8:000-00_00-020: T,T,F,T,T,T,T,T, F,F,F,T,T,T,T,T, F,T,F,T,F,T,F,F, F,F,F,F,T,F,F,T
12:21:49| 4 | GetSupportedPIDS | Mode1-ECUE8:032-20_20-040: T,T,F,T,F,F,F,F, F,F,F,F,F,F,T,T, T,T,F,T,T,F,F,F, F,F,F,F,T,F,F,F
12:21:49| 4 | GetSupportedPIDS | Mode1-ECUE8:064-40_40-060: T,T,T,T,T,T,T,T, F,T,T,F,T,F,F,T, T,T,F,F,F,F,T,F, F,F,F,F,F,F,F,F
12:21:49| 4 | GetSupportedPIDS | Mode1-ECUE8:096-60_60-080: T,F,F,F,F,F,F,F, F,F,F,F,F,F,F,F, T,F,F,F,F,F,F,F, F,F,F,F,F,F,F,F
12:21:49| 4 | GetSupportedPIDS | Mode1-ECUE8:128-80_80-0A0: F,F,F,F,F,F,F,F, F,F,F,F,F,F,F,F, F,F,F,F,F,F,F,F, F,F,F,F,F,F,F,F
12:21:49| 4 | GetSupportedPIDS | Mode1-ECUE8:160-A0_A0-0C0: F,F,F,F,F,F,F,F, F,F,F,F,F,F,F,F, F,F,F,F,F,F,F,F, F,F,F,F,F,F,F,F
12:21:49| 4 | GetSupportedPIDS | Mode1-ECUE8:192-C0_C0-0E0: F,F,F,F,F,F,F,F, F,F,F,F,F,F,F,F, F,F,F,F,F,F,F,F, F,F,F,F,F,F,F,F
12:21:49| 4 | GetSupportedPIDS | Mode1-ECUE8:224-E0_E0-100: F,F,F,F,F,F,F,F, F,F,F,F,F,F,F,F, F,F,F,F,F,F,F,F, F,F,F,F,F,F,F,F  (T:044 F:212)
12:21:49| ... LogBitArray | 8
12:21:49| 4 | GetSupportedPIDS | Mode1-ECUE9:-------------- 0,1,2,3,4,5,6,7, 8,9,A,B,C,D,E,F, G,H,I,J,K,L,M,N, O,P,Q,R,S,T,U,V
12:21:49| 4 | GetSupportedPIDS | Mode1-ECUE9:000-00_00-020: T,T,F,F,T,T,F,F, F,F,F,F,T,T,F,F, F,T,F,F,F,F,F,F, F,F,F,F,F,F,F,F
12:21:49| 4 | GetSupportedPIDS | Mode1-ECUE9:032-20_20-040: T,F,F,F,F,F,F,F, F,F,F,F,F,F,F,F, F,F,F,F,F,F,F,F, F,F,F,F,F,F,F,F
12:21:49| 4 | GetSupportedPIDS | Mode1-ECUE9:064-40_40-060: T,T,T,T,F,F,F,F, F,T,F,F,F,F,F,F, F,F,F,F,F,F,F,F, F,F,F,F,F,F,F,F
12:21:49| 4 | GetSupportedPIDS | Mode1-ECUE9:096-60_60-080: F,F,F,F,F,F,F,F, F,F,F,F,F,F,F,F, F,F,F,F,F,F,F,F, F,F,F,F,F,F,F,F
12:21:49| 4 | GetSupportedPIDS | Mode1-ECUE9:128-80_80-0A0: F,F,F,F,F,F,F,F, F,F,F,F,F,F,F,F, F,F,F,F,F,F,F,F, F,F,F,F,F,F,F,F
12:21:49| 4 | GetSupportedPIDS | Mode1-ECUE9:160-A0_A0-0C0: F,F,F,F,F,F,F,F, F,F,F,F,F,F,F,F, F,F,F,F,F,F,F,F, F,F,F,F,F,F,F,F
12:21:49| 4 | GetSupportedPIDS | Mode1-ECUE9:192-C0_C0-0E0: F,F,F,F,F,F,F,F, F,F,F,F,F,F,F,F, F,F,F,F,F,F,F,F, F,F,F,F,F,F,F,F
12:21:49| 4 | GetSupportedPIDS | Mode1-ECUE9:224-E0_E0-100: F,F,F,F,F,F,F,F, F,F,F,F,F,F,F,F, F,F,F,F,F,F,F,F, F,F,F,F,F,F,F,F  (T:013 F:243)
12:21:49| ... LogBitArray | 8
12:21:49| 2 | GetSupportedPIDs | 1-ECUxx -------------- 0,1,2,3,4,5,6,7, 8,9,A,B,C,D,E,F, G,H,I,J,K,L,M,N, O,P,Q,R,S,T,U,V
12:21:49| 2 | GetSupportedPIDs | 1-ECUxx 000-00_00-020: T,T,F,T,T,T,T,T, F,F,F,T,T,T,T,T, F,T,F,T,F,T,F,F, F,F,F,F,T,F,F,T
12:21:49| 2 | GetSupportedPIDs | 1-ECUxx 032-20_20-040: T,T,F,T,F,F,F,F, F,F,F,F,F,F,T,T, T,T,F,T,T,F,F,F, F,F,F,F,T,F,F,F
12:21:49| 2 | GetSupportedPIDs | 1-ECUxx 064-40_40-060: T,T,T,T,T,T,T,T, F,T,T,F,T,F,F,T, T,T,F,F,F,F,T,F, F,F,F,F,F,F,F,F
12:21:49| 2 | GetSupportedPIDs | 1-ECUxx 096-60_60-080: T,F,F,F,F,F,F,F, F,F,F,F,F,F,F,F, T,F,F,F,F,F,F,F, F,F,F,F,F,F,F,F
12:21:49| 2 | GetSupportedPIDs | 1-ECUxx 128-80_80-0A0: F,F,F,F,F,F,F,F, F,F,F,F,F,F,F,F, F,F,F,F,F,F,F,F, F,F,F,F,F,F,F,F
12:21:49| 2 | GetSupportedPIDs | 1-ECUxx 160-A0_A0-0C0: F,F,F,F,F,F,F,F, F,F,F,F,F,F,F,F, F,F,F,F,F,F,F,F, F,F,F,F,F,F,F,F
12:21:49| 2 | GetSupportedPIDs | 1-ECUxx 192-C0_C0-0E0: F,F,F,F,F,F,F,F, F,F,F,F,F,F,F,F, F,F,F,F,F,F,F,F, F,F,F,F,F,F,F,F
12:21:49| 2 | GetSupportedPIDs | 1-ECUxx 224-E0_E0-100: F,F,F,F,F,F,F,F, F,F,F,F,F,F,F,F, F,F,F,F,F,F,F,F, F,F,F,F,F,F,F,F  (T:044 F:212)
12:21:49| ... LogBitArray | 8
12:21:49| GetSupportedPIDs | PIDCnt-1-E8:044, E9:013  (TPC:44)
12:21:49| ... DictValueSortDesc
12:21:49| DVSD | E8:044,E9:013->E8:044,E9:013
12:21:49| GetSupportedPIDs | Mode:1 PIDs-'044:00 01 03 04 05 06 07 0B 0C 0D 0E 0F 11 13 15 1C 1F 20 21 23 2E 2F 30 31 33 34 3C 40 41 42 43 44 45 46 47 49 4A 4C 4F 50 51 56 60 70
12:21:49|  GetSupportedPIDs | Ending ... Success:TrueTrueTrueTrue 1-E8:044 1-E9:013
12:21:49| ReleaseDAD |  Starting ... Cnt:00005,01 (Connect)
12:21:49| ... ReleaseDAD | Success ... Cnt:00005,00 Opn:T (Connect, Connect)
12:21:49| ... Connect | 2
12:21:49| ... SetupVehicleIsLinked
12:21:49| ... GetCallingProcedure | Connect_OBD
12:21:49| ... GetCallingProcedure | lVehiculoLink
12:21:49| ... GetCallingProcedure | VehiculoLink
12:21:49| SVLI | VehicleIsLinked:'True'->'?'  (Connect_OBD,lVehiculoLink,VehiculoLink)
12:21:49| ... SetupVehicleIsLinked
12:21:49| ... GetCallingProcedure | Connect_OBD
12:21:49| ... GetCallingProcedure | lVehiculoLink
12:21:49| ... GetCallingProcedure | VehiculoLink
12:21:49| SVLI | VehicleIsLinked:'?'->'True'  (Connect_OBD,lVehiculoLink,VehiculoLink)
12:21:49| ... Connect | 3 | Connect_Succeeded = True
12:21:49| ... MyLastResult | Success,Unknown,?->True
12:21:49| Connect | Rslt:True EECUID:E8 ECUs:2-(E9:013,E8:044->E8:044,E9:013,) Prot:'CAN11', 'CAN11' PC:44  (Success,Unknown,?->True, 15.81) (lVehiculoLink,VehiculoLink,VehTest)
12:21:49| ... DecrementActiveCount | 0
12:21:49| ... GetCallingProcedure | OpusIMCleanOBDdrv.Module1:Connect_OBD
12:21:49| ... GetCallingProcedure | OpusIMCleanOBDdrv.Module1:lVehiculoLink
12:21:49| ... GetCallingProcedure | OpusIMCleanOBDdrv.IMCleanOBD:VehiculoLink
12:21:49| ... LocalDecrementActiveCount | 0
12:21:49|  
12:21:49| ... Get MON >>>-----------------------------------------------------------------------
12:21:49| ... SetupMyLastCommResult: ConditionsNotCorrect
12:21:49| ... DoDad | Action: System.Action | tag: GetModePID(01, 01) - Readiness, DTC count, MIL
12:21:49| ... GetCallingProcedure | lVehiculoLink
12:21:49| ... GetCallingProcedure | VehiculoLink
12:21:49| ... GetCallingProcedure | VehTest
12:21:49| DoDad-01 | GetModePID(01, 01) - Readiness, DTC count, MIL (Open:True,999.99 | lVehiculoLink,VehiculoLink,VehTest)
12:21:49| DoDad-01  ClearCommandLog ...
12:21:49| DoDad-01  Invoke ... (GetModePID(01, 01) - Readiness, DTC count, MIL)
12:21:50| DoDad-01  Invoke ... (GetModePID(01, 01) - Readiness, DTC count, MIL)  (672)
12:21:50| DoDad-01  CommandLog.Length ...
12:21:50| DoDad-01  CommandLog ... (0)
12:21:50| DoDad-01-CommandLog-Len:228 Siz:228 | iStart: 0
12:21:50| DoDad-01  SerialData.Length ... (426)
12:21:50| DoDad-01 | GetModePID(01, 01) - Readiness, DTC count, MIL-SLL:00426,00426-CF:F-DLLInfo:'DAD_DLL_VERSION_16.12.25.0 .. 3.0.7.0'
                    -  DAD_DLL_VERSION_16.12.25.0
                    -  46,TX MSG,ICAN11bt500,00 00 07 DF 01 01 
                    -  46,RX QRY,ICAN11bt500,Delay: 100
                    -  156,RX MSG,ICAN11bt500,00 00 07 DF 
                    -  156,RX MSG,ICAN11bt500,00 00 07 E8 41 01 00 07 E1 00 
                    -  156,RX MSG,ICAN11bt500,00 00 07 E9 41 01 00 04 00 00 
                    -  156,RX QRY,ICAN11bt500,Delay: 100
                    -  265,RX QRY,ICAN11bt500,Delay: 100
                    -  375,RX QRY,ICAN11bt500,Delay: 100
                    -  484,RX QRY,ICAN11bt500,Delay: 100
                    -  584,RX QRY,ICAN11bt500,Delay: 100
                    (0.663 s,F) GetModePID(01, 01) - Readiness, DTC count, MIL | NoEOL
12:21:50| DECODE_Bus: DAD_DLL_VERSION_16.12.25.0
3.0.7.0

46,TX MSG,ICAN11bt500,00 00 07 DF 01 01 
156,RX MSG,ICAN11bt500,00 00 07 DF 
156,RX MSG,ICAN11bt500,00 00 07 E8 41 01 00 07 E1 00 
156,RX MSG,ICAN11bt500,00 00 07 E9 41 01 00 04 00 00 

12:21:50| DECODE_MIL: 00 00 07 E8 41 01 00 07 E1 00
12:21:50| zipESP: 00 00 07 E8 41 01 00 07 E1 00 | 000007E841010007E100
12:21:50| DECODE_MIL dato: 0007E100
12:21:50| Status: 0007E100
12:21:50| A: 00 | 0 | 00000000
12:21:50| B: 07 | 7 | 00000111
12:21:50| C: E1 | 225 | 11100001
12:21:50| D: 00 | 0 | 00000000
12:21:50| sr | Get MON: 0 | 2
12:21:50|  
12:21:50| ... Get DTC >>>-----------------------------------------------------------------------
12:21:50| ... SetupMyLastCommResult: ConditionsNotCorrect
12:21:50| ... DoDad | Action: System.Action | tag: GetModePID(03, 00) - DTC count, MIL
12:21:50| ... GetCallingProcedure | lVehiculoLink
12:21:50| ... GetCallingProcedure | VehiculoLink
12:21:50| ... GetCallingProcedure | VehTest
12:21:50| DoDad-01 | GetModePID(03, 00) - DTC count, MIL (Open:True,999.99 | lVehiculoLink,VehiculoLink,VehTest)
12:21:50| DoDad-01  ClearCommandLog ...
12:21:50| DoDad-01  Invoke ... (GetModePID(03, 00) - DTC count, MIL)
12:21:51| DoDad-01  Invoke ... (GetModePID(03, 00) - DTC count, MIL)  (656)
12:21:51| DoDad-01  CommandLog.Length ...
12:21:51| DoDad-01  CommandLog ... (0)
12:21:51| DoDad-01-CommandLog-Len:201 Siz:201 | iStart: 0
12:21:51| DoDad-01  SerialData.Length ... (399)
12:21:51| DoDad-01 | GetModePID(03, 00) - DTC count, MIL-SLL:00399,00399-CF:F-DLLInfo:'DAD_DLL_VERSION_16.12.25.0 .. 3.0.7.0'
                    -  DAD_DLL_VERSION_16.12.25.0
                    -  31,TX MSG,ICAN11bt500,00 00 07 DF 03 
                    -  31,RX QRY,ICAN11bt500,Delay: 100
                    -  140,RX MSG,ICAN11bt500,00 00 07 DF 
                    -  140,RX MSG,ICAN11bt500,00 00 07 E9 43 00 
                    -  140,RX MSG,ICAN11bt500,00 00 07 E8 43 00 
                    -  140,RX QRY,ICAN11bt500,Delay: 100
                    -  250,RX QRY,ICAN11bt500,Delay: 100
                    -  359,RX QRY,ICAN11bt500,Delay: 100
                    -  469,RX QRY,ICAN11bt500,Delay: 100
                    -  578,RX QRY,ICAN11bt500,Delay: 100
                    (0.657 s,F) GetModePID(03, 00) - DTC count, MIL | NoEOL
12:21:51| DECODE_Bus: DAD_DLL_VERSION_16.12.25.0
3.0.7.0

31,TX MSG,ICAN11bt500,00 00 07 DF 03 
140,RX MSG,ICAN11bt500,00 00 07 DF 
140,RX MSG,ICAN11bt500,00 00 07 E9 43 00 
140,RX MSG,ICAN11bt500,00 00 07 E8 43 00 

12:21:51| ... DECODE_DTC: 00 00 07 E8 43 00
12:21:51| zipESP: 00 00 07 E8 43 00 | 000007E84300
12:21:51| sr | Get DTC: 0 | 2
12:21:51|  
12:21:51| ... (01, 1F) Tmp. Encendido >>>-----------------------------------------------------------------------
12:21:51| ... SetupMyLastCommResult: ConditionsNotCorrect
12:21:51| ... DoDad | Action: System.Action | tag: GetModePID(01, 1F) - Tmp. Encendido
12:21:51| ... GetCallingProcedure | lVehiculoLink
12:21:51| ... GetCallingProcedure | VehiculoLink
12:21:51| ... GetCallingProcedure | VehTest
12:21:51| DoDad-01 | GetModePID(01, 1F) - Tmp. Encendido (Open:True,999.99 | lVehiculoLink,VehiculoLink,VehTest)
12:21:51| DoDad-01  ClearCommandLog ...
12:21:51| DoDad-01  Invoke ... (GetModePID(01, 1F) - Tmp. Encendido)
12:21:52| DoDad-01  Invoke ... (GetModePID(01, 1F) - Tmp. Encendido)  (657)
12:21:52| DoDad-01  CommandLog.Length ...
12:21:52| DoDad-01  CommandLog ... (0)
12:21:52| DoDad-01-CommandLog-Len:167 Siz:167 | iStart: 0
12:21:52| DoDad-01  SerialData.Length ... (365)
12:21:52| DoDad-01 | GetModePID(01, 1F) - Tmp. Encendido-SLL:00365,00365-CF:F-DLLInfo:'DAD_DLL_VERSION_16.12.25.0 .. 3.0.7.0'
                    -  DAD_DLL_VERSION_16.12.25.0
                    -  31,TX MSG,ICAN11bt500,00 00 07 DF 01 1F 
                    -  31,RX QRY,ICAN11bt500,Delay: 100
                    -  140,RX MSG,ICAN11bt500,00 00 07 DF 
                    -  140,RX MSG,ICAN11bt500,00 00 07 E8 41 1F 00 1B 
                    -  140,RX QRY,ICAN11bt500,Delay: 100
                    -  250,RX QRY,ICAN11bt500,Delay: 100
                    -  359,RX QRY,ICAN11bt500,Delay: 100
                    -  468,RX QRY,ICAN11bt500,Delay: 100
                    -  578,RX QRY,ICAN11bt500,Delay: 100
                    (0.660 s,F) GetModePID(01, 1F) - Tmp. Encendido | NoEOL
12:21:52| DECODE_Bus: DAD_DLL_VERSION_16.12.25.0
3.0.7.0

31,TX MSG,ICAN11bt500,00 00 07 DF 01 1F 
140,RX MSG,ICAN11bt500,00 00 07 DF 
140,RX MSG,ICAN11bt500,00 00 07 E8 41 1F 00 1B 

12:21:52| sr | Tmp. Encendido: 0 | 1
12:21:52|  
12:21:52| ... (01, 21) Distancia MIL >>>-----------------------------------------------------------------------
12:21:52| ... SetupMyLastCommResult: ConditionsNotCorrect
12:21:52| ... DoDad | Action: System.Action | tag: GetModePID(01, 21) - Distancia MIL
12:21:52| ... GetCallingProcedure | lVehiculoLink
12:21:52| ... GetCallingProcedure | VehiculoLink
12:21:52| ... GetCallingProcedure | VehTest
12:21:52| DoDad-01 | GetModePID(01, 21) - Distancia MIL (Open:True,999.99 | lVehiculoLink,VehiculoLink,VehTest)
12:21:52| DoDad-01  ClearCommandLog ...
12:21:52| DoDad-01  Invoke ... (GetModePID(01, 21) - Distancia MIL)
12:21:52| DoDad-01  Invoke ... (GetModePID(01, 21) - Distancia MIL)  (672)
12:21:52| DoDad-01  CommandLog.Length ...
12:21:52| DoDad-01  CommandLog ... (0)
12:21:52| DoDad-01-CommandLog-Len:167 Siz:167 | iStart: 0
12:21:52| DoDad-01  SerialData.Length ... (365)
12:21:52| DoDad-01 | GetModePID(01, 21) - Distancia MIL-SLL:00365,00365-CF:F-DLLInfo:'DAD_DLL_VERSION_16.12.25.0 .. 3.0.7.0'
                    -  DAD_DLL_VERSION_16.12.25.0
                    -  31,TX MSG,ICAN11bt500,00 00 07 DF 01 15 
                    -  31,RX QRY,ICAN11bt500,Delay: 100
                    -  140,RX MSG,ICAN11bt500,00 00 07 DF 
                    -  140,RX MSG,ICAN11bt500,00 00 07 E8 41 15 99 FF 
                    -  140,RX QRY,ICAN11bt500,Delay: 100
                    -  250,RX QRY,ICAN11bt500,Delay: 100
                    -  362,RX QRY,ICAN11bt500,Delay: 100
                    -  472,RX QRY,ICAN11bt500,Delay: 100
                    -  581,RX QRY,ICAN11bt500,Delay: 100
                    (0.676 s,F) GetModePID(01, 21) - Distancia MIL | NoEOL
12:21:52| DECODE_Bus: DAD_DLL_VERSION_16.12.25.0
3.0.7.0

31,TX MSG,ICAN11bt500,00 00 07 DF 01 15 
140,RX MSG,ICAN11bt500,00 00 07 DF 
140,RX MSG,ICAN11bt500,00 00 07 E8 41 15 99 FF 

12:21:52| sr | Distancia MIL: 0 | 1
12:21:52|  
12:21:52| ... (01, 31) Distancia MIL Borrada >>>-----------------------------------------------------------------------
12:21:52| ... SetupMyLastCommResult: ConditionsNotCorrect
12:21:52| ... DoDad | Action: System.Action | tag: GetModePID(01, 31) - Distancia MIL Borrada
12:21:52| ... GetCallingProcedure | lVehiculoLink
12:21:52| ... GetCallingProcedure | VehiculoLink
12:21:52| ... GetCallingProcedure | VehTest
12:21:52| DoDad-01 | GetModePID(01, 31) - Distancia MIL Borrada (Open:True,999.99 | lVehiculoLink,VehiculoLink,VehTest)
12:21:52| DoDad-01  ClearCommandLog ...
12:21:52| DoDad-01  Invoke ... (GetModePID(01, 31) - Distancia MIL Borrada)
12:21:53| DoDad-01  Invoke ... (GetModePID(01, 31) - Distancia MIL Borrada)  (656)
12:21:53| DoDad-01  CommandLog.Length ...
12:21:53| DoDad-01  CommandLog ... (0)
12:21:53| DoDad-01-CommandLog-Len:167 Siz:167 | iStart: 0
12:21:53| DoDad-01  SerialData.Length ... (365)
12:21:53| DoDad-01 | GetModePID(01, 31) - Distancia MIL Borrada-SLL:00365,00365-CF:F-DLLInfo:'DAD_DLL_VERSION_16.12.25.0 .. 3.0.7.0'
                    -  DAD_DLL_VERSION_16.12.25.0
                    -  31,TX MSG,ICAN11bt500,00 00 07 DF 01 1F 
                    -  31,RX QRY,ICAN11bt500,Delay: 100
                    -  140,RX MSG,ICAN11bt500,00 00 07 DF 
                    -  140,RX MSG,ICAN11bt500,00 00 07 E8 41 1F 00 1D 
                    -  140,RX QRY,ICAN11bt500,Delay: 100
                    -  250,RX QRY,ICAN11bt500,Delay: 100
                    -  359,RX QRY,ICAN11bt500,Delay: 100
                    -  469,RX QRY,ICAN11bt500,Delay: 100
                    -  578,RX QRY,ICAN11bt500,Delay: 100
                    (0.672 s,F) GetModePID(01, 31) - Distancia MIL Borrada | NoEOL
12:21:53| DECODE_Bus: DAD_DLL_VERSION_16.12.25.0
3.0.7.0

31,TX MSG,ICAN11bt500,00 00 07 DF 01 1F 
140,RX MSG,ICAN11bt500,00 00 07 DF 
140,RX MSG,ICAN11bt500,00 00 07 E8 41 1F 00 1D 

12:21:53| sr | Distancia MIL Borrada: 0 | 1
12:21:53|  
12:21:53| ... (01, 33) Presion Barometrica Kpa >>>-----------------------------------------------------------------------
12:21:53| ... SetupMyLastCommResult: ConditionsNotCorrect
12:21:53| ... DoDad | Action: System.Action | tag: GetModePID(01, 33) - Presion Barometrica Kpa
12:21:53| ... GetCallingProcedure | lVehiculoLink
12:21:53| ... GetCallingProcedure | VehiculoLink
12:21:53| ... GetCallingProcedure | VehTest
12:21:53| DoDad-01 | GetModePID(01, 33) - Presion Barometrica Kpa (Open:True,999.99 | lVehiculoLink,VehiculoLink,VehTest)
12:21:53| DoDad-01  ClearCommandLog ...
12:21:53| DoDad-01  Invoke ... (GetModePID(01, 33) - Presion Barometrica Kpa)
12:21:54| DoDad-01  Invoke ... (GetModePID(01, 33) - Presion Barometrica Kpa)  (657)
12:21:54| DoDad-01  CommandLog.Length ...
12:21:54| DoDad-01  CommandLog ... (0)
12:21:54| DoDad-01-CommandLog-Len:167 Siz:167 | iStart: 0
12:21:54| DoDad-01  SerialData.Length ... (365)
12:21:54| DoDad-01 | GetModePID(01, 33) - Presion Barometrica Kpa-SLL:00365,00365-CF:F-DLLInfo:'DAD_DLL_VERSION_16.12.25.0 .. 3.0.7.0'
                    -  DAD_DLL_VERSION_16.12.25.0
                    -  31,TX MSG,ICAN11bt500,00 00 07 DF 01 21 
                    -  31,RX QRY,ICAN11bt500,Delay: 100
                    -  140,RX MSG,ICAN11bt500,00 00 07 DF 
                    -  140,RX MSG,ICAN11bt500,00 00 07 E8 41 21 00 00 
                    -  140,RX QRY,ICAN11bt500,Delay: 100
                    -  250,RX QRY,ICAN11bt500,Delay: 100
                    -  359,RX QRY,ICAN11bt500,Delay: 100
                    -  468,RX QRY,ICAN11bt500,Delay: 100
                    -  578,RX QRY,ICAN11bt500,Delay: 100
                    (0.656 s,F) GetModePID(01, 33) - Presion Barometrica Kpa | NoEOL
12:21:54| DECODE_Bus: DAD_DLL_VERSION_16.12.25.0
3.0.7.0

31,TX MSG,ICAN11bt500,00 00 07 DF 01 21 
140,RX MSG,ICAN11bt500,00 00 07 DF 
140,RX MSG,ICAN11bt500,00 00 07 E8 41 21 00 00 

12:21:54| sr | Presion Barometrica Kpa: 0 | 1
12:21:54|  
12:21:54| ... (01, 4D) Tmp MIL on >>>-----------------------------------------------------------------------
12:21:54| ... SetupMyLastCommResult: ConditionsNotCorrect
12:21:54| ... DoDad | Action: System.Action | tag: GetModePID(01, 4D) - Tmp MIL on
12:21:54| ... GetCallingProcedure | lVehiculoLink
12:21:54| ... GetCallingProcedure | VehiculoLink
12:21:54| ... GetCallingProcedure | VehTest
12:21:54| DoDad-01 | GetModePID(01, 4D) - Tmp MIL on (Open:True,999.99 | lVehiculoLink,VehiculoLink,VehTest)
12:21:54| DoDad-01  ClearCommandLog ...
12:21:54| DoDad-01  Invoke ... (GetModePID(01, 4D) - Tmp MIL on)
12:21:55| DoDad-01  Invoke ... (GetModePID(01, 4D) - Tmp MIL on)  (656)
12:21:55| DoDad-01  CommandLog.Length ...
12:21:55| DoDad-01  CommandLog ... (0)
12:21:55| DoDad-01-CommandLog-Len:118 Siz:118 | iStart: 0
12:21:55| DoDad-01  SerialData.Length ... (316)
12:21:55| DoDad-01 | GetModePID(01, 4D) - Tmp MIL on-SLL:00316,00316-CF:F-DLLInfo:'DAD_DLL_VERSION_16.12.25.0 .. 3.0.7.0'
                    -  DAD_DLL_VERSION_16.12.25.0
                    -  31,TX MSG,ICAN11bt500,00 00 07 DF 01 4D 
                    -  31,RX QRY,ICAN11bt500,Delay: 100
                    -  140,RX MSG,ICAN11bt500,00 00 07 DF 
                    -  140,RX QRY,ICAN11bt500,Delay: 100
                    -  250,RX QRY,ICAN11bt500,Delay: 100
                    -  363,RX QRY,ICAN11bt500,Delay: 100
                    -  472,RX QRY,ICAN11bt500,Delay: 100
                    -  581,RX QRY,ICAN11bt500,Delay: 100
                    (0.676 s,F) GetModePID(01, 4D) - Tmp MIL on | NoEOL
12:21:55|  
12:21:55| ... (01, 51) Tipo Combustible >>>-----------------------------------------------------------------------
12:21:55| ... SetupMyLastCommResult: ConditionsNotCorrect
12:21:55| ... DoDad | Action: System.Action | tag: GetModePID(01, 51) - Tipo Combustible
12:21:55| ... GetCallingProcedure | lVehiculoLink
12:21:55| ... GetCallingProcedure | VehiculoLink
12:21:55| ... GetCallingProcedure | VehTest
12:21:55| DoDad-01 | GetModePID(01, 51) - Tipo Combustible (Open:True,999.99 | lVehiculoLink,VehiculoLink,VehTest)
12:21:55| DoDad-01  ClearCommandLog ...
12:21:55| DoDad-01  Invoke ... (GetModePID(01, 51) - Tipo Combustible)
12:21:55| DoDad-01  Invoke ... (GetModePID(01, 51) - Tipo Combustible)  (656)
12:21:55| DoDad-01  CommandLog.Length ...
12:21:55| DoDad-01  CommandLog ... (0)
12:21:55| DoDad-01-CommandLog-Len:164 Siz:164 | iStart: 0
12:21:55| DoDad-01  SerialData.Length ... (362)
12:21:55| DoDad-01 | GetModePID(01, 51) - Tipo Combustible-SLL:00362,00362-CF:F-DLLInfo:'DAD_DLL_VERSION_16.12.25.0 .. 3.0.7.0'
                    -  DAD_DLL_VERSION_16.12.25.0
                    -  31,TX MSG,ICAN11bt500,00 00 07 DF 01 33 
                    -  31,RX QRY,ICAN11bt500,Delay: 100
                    -  140,RX MSG,ICAN11bt500,00 00 07 DF 
                    -  140,RX MSG,ICAN11bt500,00 00 07 E8 41 33 4E 
                    -  140,RX QRY,ICAN11bt500,Delay: 100
                    -  250,RX QRY,ICAN11bt500,Delay: 100
                    -  359,RX QRY,ICAN11bt500,Delay: 100
                    -  468,RX QRY,ICAN11bt500,Delay: 100
                    -  578,RX QRY,ICAN11bt500,Delay: 100
                    (0.657 s,F) GetModePID(01, 51) - Tipo Combustible | NoEOL
12:21:55| DECODE_Bus: DAD_DLL_VERSION_16.12.25.0
3.0.7.0

31,TX MSG,ICAN11bt500,00 00 07 DF 01 33 
140,RX MSG,ICAN11bt500,00 00 07 DF 
140,RX MSG,ICAN11bt500,00 00 07 E8 41 33 4E 

12:21:55| sr | Tipo Combustible: 0 | 1
12:21:55|  
12:21:55| ... (01, 7F) Tmp Marcha Motor >>>-----------------------------------------------------------------------
12:21:55| ... SetupMyLastCommResult: ConditionsNotCorrect
12:21:55| ... DoDad | Action: System.Action | tag: GetModePID(01, 7F) - Tmp Marcha Motor
12:21:55| ... GetCallingProcedure | lVehiculoLink
12:21:55| ... GetCallingProcedure | VehiculoLink
12:21:55| ... GetCallingProcedure | VehTest
12:21:55| DoDad-01 | GetModePID(01, 7F) - Tmp Marcha Motor (Open:True,999.99 | lVehiculoLink,VehiculoLink,VehTest)
12:21:55| DoDad-01  ClearCommandLog ...
12:21:55| DoDad-01  Invoke ... (GetModePID(01, 7F) - Tmp Marcha Motor)
12:21:56| DoDad-01  Invoke ... (GetModePID(01, 7F) - Tmp Marcha Motor)  (656)
12:21:56| DoDad-01  CommandLog.Length ...
12:21:56| DoDad-01  CommandLog ... (0)
12:21:56| DoDad-01-CommandLog-Len:118 Siz:118 | iStart: 0
12:21:56| DoDad-01  SerialData.Length ... (316)
12:21:56| DoDad-01 | GetModePID(01, 7F) - Tmp Marcha Motor-SLL:00316,00316-CF:F-DLLInfo:'DAD_DLL_VERSION_16.12.25.0 .. 3.0.7.0'
                    -  DAD_DLL_VERSION_16.12.25.0
                    -  31,TX MSG,ICAN11bt500,00 00 07 DF 01 7F 
                    -  31,RX QRY,ICAN11bt500,Delay: 100
                    -  140,RX MSG,ICAN11bt500,00 00 07 DF 
                    -  140,RX QRY,ICAN11bt500,Delay: 100
                    -  250,RX QRY,ICAN11bt500,Delay: 100
                    -  359,RX QRY,ICAN11bt500,Delay: 100
                    -  468,RX QRY,ICAN11bt500,Delay: 100
                    -  578,RX QRY,ICAN11bt500,Delay: 100
                    (0.672 s,F) GetModePID(01, 7F) - Tmp Marcha Motor | NoEOL
12:21:56|  
12:21:56| ... (09, 04) Cal ID >>>-----------------------------------------------------------------------
12:21:56| ... SetupMyLastCommResult: ConditionsNotCorrect
12:21:56| ... DoDad | Action: System.Action | tag: GetModePID(09, 04) - Cal ID
12:21:56| ... GetCallingProcedure | lVehiculoLink
12:21:56| ... GetCallingProcedure | VehiculoLink
12:21:56| ... GetCallingProcedure | VehTest
12:21:56| DoDad-01 | GetModePID(09, 04) - Cal ID (Open:True,999.99 | lVehiculoLink,VehiculoLink,VehTest)
12:21:56| DoDad-01  ClearCommandLog ...
12:21:56| DoDad-01  Invoke ... (GetModePID(09, 04) - Cal ID)
12:21:57| DoDad-01  Invoke ... (GetModePID(09, 04) - Cal ID)  (656)
12:21:57| DoDad-01  CommandLog.Length ...
12:21:57| DoDad-01  CommandLog ... (0)
12:21:57| DoDad-01-CommandLog-Len:380 Siz:380 | iStart: 0
12:21:57| DoDad-01  SerialData.Length ... (578)
12:21:57| DoDad-01 | GetModePID(09, 04) - Cal ID-SLL:00578,00578-CF:F-DLLInfo:'DAD_DLL_VERSION_16.12.25.0 .. 3.0.7.0'
                    -  DAD_DLL_VERSION_16.12.25.0
                    -  31,TX MSG,ICAN11bt500,00 00 07 DF 09 04 
                    -  31,RX QRY,ICAN11bt500,Delay: 100
                    -  140,RX MSG,ICAN11bt500,00 00 07 DF 
                    -  140,RX MSG,ICAN11bt500,00 00 07 E9 
                    -  140,RX MSG,ICAN11bt500,00 00 07 E8 
                    -  140,RX MSG,ICAN11bt500,00 00 07 E9 49 04 01 30 39 47 39 32 37 31 35 38 46 4B 20 33 37 38 33 
                    -  140,RX MSG,ICAN11bt500,00 00 07 E8 49 04 01 30 34 45 30 32 37 4E 48 31 34 30 38 41 44 41 41 
                    -  140,RX QRY,ICAN11bt500,Delay: 100
                    -  250,RX QRY,ICAN11bt500,Delay: 100
                    -  359,RX QRY,ICAN11bt500,Delay: 100
                    -  468,RX QRY,ICAN11bt500,Delay: 100
                    -  578,RX QRY,ICAN11bt500,Delay: 100
                    (0.656 s,F) GetModePID(09, 04) - Cal ID | NoEOL
12:21:57| DECODE_Bus: DAD_DLL_VERSION_16.12.25.0
3.0.7.0

31,TX MSG,ICAN11bt500,00 00 07 DF 09 04 
140,RX MSG,ICAN11bt500,00 00 07 DF 
140,RX MSG,ICAN11bt500,00 00 07 E9 
140,RX MSG,ICAN11bt500,00 00 07 E8 
140,RX MSG,ICAN11bt500,00 00 07 E9 49 04 01 30 39 47 39 32 37 31 35 38 46 4B 20 33 37 38 33 
140,RX MSG,ICAN11bt500,00 00 07 E8 49 04 01 30 34 45 30 32 37 4E 48 31 34 30 38 41 44 41 41 

12:21:57| sr | Cal ID: 0 | 2
12:21:57|  
12:21:57| ... Get VIN >>>-----------------------------------------------------------------------
12:21:57| DAD_DLL_VERSION_16.12.25.0
3.0.7.0

31,TX MSG,ICAN11bt500,00 00 07 DF 09 04 
140,RX MSG,ICAN11bt500,00 00 07 DF 
140,RX MSG,ICAN11bt500,00 00 07 E9 
140,RX MSG,ICAN11bt500,00 00 07 E8 
140,RX MSG,ICAN11bt500,00 00 07 E9 49 04 01 30 39 47 39 32 37 31 35 38 46 4B 20 33 37 38 33 
140,RX MSG,ICAN11bt500,00 00 07 E8 49 04 01 30 34 45 30 32 37 4E 48 31 34 30 38 41 44 41 41 
734,TX MSG,ICAN11bt500,00 00 07 DF 09 02 
843,RX MSG,ICAN11bt500,00 00 07 DF 
843,RX MSG,ICAN11bt500,00 00 07 E8 
843,RX MSG,ICAN11bt500,00 00 07 E8 49 02 01 33 56 56 48 42 36 42 32 39 4D 4D 30 30 37 30 34 36 

12:21:57| SR: 0 | 1
12:21:57| ... GetEcuIdFromAddress
12:21:57| ... ByteArrayToHexString | 01 33 56 56 48 42 36 42 32 39 4D 4D 30 30 37 30 34 36
12:21:57| GetVIN | ECU:E8  DLen:018 (01 33 56 56 48 42 36 42 32 39 4D 4D 30 30 37 30 34 36)
12:21:57| ... ByteArrayToHexString | 01,33,56,56,48,42,36,42,32,39,4D,4D,30,30,37,30,34,36
12:21:58| ... CheckForNAK | Ret:False  Len:18  Buf:01,33,56,56,48,42,36,42,32,39,4D,4D,30,30,37,30,34,36  SID:09  PID:02  Prot:'CAN11'
12:21:58| ... ByteArrayToString | 3VVHB6B29MM007046
12:21:58| GetVIN | ECU:E8  VIN: Null
12:21:58| DECODE_Bus: DAD_DLL_VERSION_16.12.25.0
3.0.7.0

31,TX MSG,ICAN11bt500,00 00 07 DF 09 04 
140,RX MSG,ICAN11bt500,00 00 07 DF 
140,RX MSG,ICAN11bt500,00 00 07 E9 
140,RX MSG,ICAN11bt500,00 00 07 E8 
140,RX MSG,ICAN11bt500,00 00 07 E9 49 04 01 30 39 47 39 32 37 31 35 38 46 4B 20 33 37 38 33 
140,RX MSG,ICAN11bt500,00 00 07 E8 49 04 01 30 34 45 30 32 37 4E 48 31 34 30 38 41 44 41 41 
734,TX MSG,ICAN11bt500,00 00 07 DF 09 02 
843,RX MSG,ICAN11bt500,00 00 07 DF 
843,RX MSG,ICAN11bt500,00 00 07 E8 
843,RX MSG,ICAN11bt500,00 00 07 E8 49 02 01 33 56 56 48 42 36 42 32 39 4D 4D 30 30 37 30 34 36 

12:21:58|  
12:21:58| ... Get VOLTAJES >>>-----------------------------------------------------------------------
12:21:58| ... SetupMyLastCommResult: ConditionsNotCorrect
12:21:58| ... DoDad | Action: System.Action | tag: GetModePID(01, 42) - Voltaje
12:21:58| ... GetCallingProcedure | lVehiculoLink
12:21:58| ... GetCallingProcedure | VehiculoLink
12:21:58| ... GetCallingProcedure | VehTest
12:21:58| DoDad-01 | GetModePID(01, 42) - Voltaje (Open:True,999.99 | lVehiculoLink,VehiculoLink,VehTest)
12:21:58| DoDad-01  ClearCommandLog ...
12:21:58| DoDad-01  Invoke ... (GetModePID(01, 42) - Voltaje)
12:21:58| DoDad-01  Invoke ... (GetModePID(01, 42) - Voltaje)  (656)
12:21:58| DoDad-01  CommandLog.Length ...
12:21:58| DoDad-01  CommandLog ... (0)
12:21:58| DoDad-01-CommandLog-Len:118 Siz:118 | iStart: 0
12:21:58| DoDad-01  SerialData.Length ... (316)
12:21:58| DoDad-01 | GetModePID(01, 42) - Voltaje-SLL:00316,00316-CF:F-DLLInfo:'DAD_DLL_VERSION_16.12.25.0 .. 3.0.7.0'
                    -  DAD_DLL_VERSION_16.12.25.0
                    -  31,TX MSG,ICAN11bt500,00 00 07 DF 01 2A 
                    -  31,RX QRY,ICAN11bt500,Delay: 100
                    -  140,RX MSG,ICAN11bt500,00 00 07 DF 
                    -  140,RX QRY,ICAN11bt500,Delay: 100
                    -  250,RX QRY,ICAN11bt500,Delay: 100
                    -  359,RX QRY,ICAN11bt500,Delay: 100
                    -  468,RX QRY,ICAN11bt500,Delay: 100
                    -  578,RX QRY,ICAN11bt500,Delay: 100
                    (0.656 s,F) GetModePID(01, 42) - Voltaje | NoEOL
12:21:58|  
12:21:58| ... Get RPM >>>-----------------------------------------------------------------------
12:21:58| ... SetupMyLastCommResult: ConditionsNotCorrect
12:21:58| ... DoDad | Action: System.Action | tag: GetModePID(01, 0C) - DTC count, MIL
12:21:58| ... GetCallingProcedure | lVehiculoLink
12:21:58| ... GetCallingProcedure | VehiculoLink
12:21:58| ... GetCallingProcedure | VehTest
12:21:58| DoDad-01 | GetModePID(01, 0C) - DTC count, MIL (Open:True,999.99 | lVehiculoLink,VehiculoLink,VehTest)
12:21:58| DoDad-01  ClearCommandLog ...
12:21:58| DoDad-01  Invoke ... (GetModePID(01, 0C) - DTC count, MIL)
12:21:59| DoDad-01  Invoke ... (GetModePID(01, 0C) - DTC count, MIL)  (671)
12:21:59| DoDad-01  CommandLog.Length ...
12:21:59| DoDad-01  CommandLog ... (0)
12:21:59| DoDad-01-CommandLog-Len:216 Siz:216 | iStart: 0
12:21:59| DoDad-01  SerialData.Length ... (414)
12:21:59| DoDad-01 | GetModePID(01, 0C) - DTC count, MIL-SLL:00414,00414-CF:F-DLLInfo:'DAD_DLL_VERSION_16.12.25.0 .. 3.0.7.0'
                    -  DAD_DLL_VERSION_16.12.25.0
                    -  31,TX MSG,ICAN11bt500,00 00 07 DF 01 0C 
                    -  31,RX QRY,ICAN11bt500,Delay: 100
                    -  140,RX MSG,ICAN11bt500,00 00 07 DF 
                    -  140,RX MSG,ICAN11bt500,00 00 07 E9 41 0C 0D 2E 
                    -  140,RX MSG,ICAN11bt500,00 00 07 E8 41 0C 0D 32 
                    -  140,RX QRY,ICAN11bt500,Delay: 100
                    -  250,RX QRY,ICAN11bt500,Delay: 100
                    -  359,RX QRY,ICAN11bt500,Delay: 100
                    -  468,RX QRY,ICAN11bt500,Delay: 100
                    -  578,RX QRY,ICAN11bt500,Delay: 100
                    (0.672 s,F) GetModePID(01, 0C) - DTC count, MIL | NoEOL
12:21:59| DECODE_Bus: DAD_DLL_VERSION_16.12.25.0
3.0.7.0

31,TX MSG,ICAN11bt500,00 00 07 DF 01 0C 
140,RX MSG,ICAN11bt500,00 00 07 DF 
140,RX MSG,ICAN11bt500,00 00 07 E9 41 0C 0D 2E 
140,RX MSG,ICAN11bt500,00 00 07 E8 41 0C 0D 32 

12:21:59| zipESP: 00 00 07 E8 41 0C 0D 32 | 000007E8410C0D32
12:21:59| DECODE_RPM: 000007E8410C0D32
12:21:59| sr | Get RPM(1): 0 | 2
12:21:59| ... SetupMyLastCommResult: ConditionsNotCorrect
12:21:59| ... DoDad | Action: System.Action | tag: GetModePID(01, 0C) - DTC count, MIL
12:21:59| ... GetCallingProcedure | lVehiculoLink
12:21:59| ... GetCallingProcedure | VehiculoLink
12:21:59| ... GetCallingProcedure | VehTest
12:21:59| DoDad-01 | GetModePID(01, 0C) - DTC count, MIL (Open:True,999.99 | lVehiculoLink,VehiculoLink,VehTest)
12:21:59| DoDad-01  ClearCommandLog ...
12:21:59| DoDad-01  Invoke ... (GetModePID(01, 0C) - DTC count, MIL)
12:22:00| DoDad-01  Invoke ... (GetModePID(01, 0C) - DTC count, MIL)  (672)
12:22:00| DoDad-01  CommandLog.Length ...
12:22:00| DoDad-01  CommandLog ... (0)
12:22:00| DoDad-01-CommandLog-Len:216 Siz:216 | iStart: 0
12:22:00| DoDad-01  SerialData.Length ... (414)
12:22:00| DoDad-01 | GetModePID(01, 0C) - DTC count, MIL-SLL:00414,00414-CF:F-DLLInfo:'DAD_DLL_VERSION_16.12.25.0 .. 3.0.7.0'
                    -  DAD_DLL_VERSION_16.12.25.0
                    -  31,TX MSG,ICAN11bt500,00 00 07 DF 01 0C 
                    -  31,RX QRY,ICAN11bt500,Delay: 100
                    -  140,RX MSG,ICAN11bt500,00 00 07 DF 
                    -  140,RX MSG,ICAN11bt500,00 00 07 E9 41 0C 0D 20 
                    -  140,RX MSG,ICAN11bt500,00 00 07 E8 41 0C 0D 02 
                    -  140,RX QRY,ICAN11bt500,Delay: 100
                    -  250,RX QRY,ICAN11bt500,Delay: 100
                    -  359,RX QRY,ICAN11bt500,Delay: 100
                    -  468,RX QRY,ICAN11bt500,Delay: 100
                    -  578,RX QRY,ICAN11bt500,Delay: 100
                    (0.672 s,F) GetModePID(01, 0C) - DTC count, MIL | NoEOL
12:22:00| DECODE_Bus: DAD_DLL_VERSION_16.12.25.0
3.0.7.0

31,TX MSG,ICAN11bt500,00 00 07 DF 01 0C 
140,RX MSG,ICAN11bt500,00 00 07 DF 
140,RX MSG,ICAN11bt500,00 00 07 E9 41 0C 0D 20 
140,RX MSG,ICAN11bt500,00 00 07 E8 41 0C 0D 02 

12:22:00| zipESP: 00 00 07 E8 41 0C 0D 02 | 000007E8410C0D02
12:22:00| DECODE_RPM: 000007E8410C0D02
12:22:00| sr | Get RPM(2): 0 | 2
12:22:00| ... SetupMyLastCommResult: ConditionsNotCorrect
12:22:00| ... DoDad | Action: System.Action | tag: GetModePID(01, 0C) - DTC count, MIL
12:22:00| ... GetCallingProcedure | lVehiculoLink
12:22:00| ... GetCallingProcedure | VehiculoLink
12:22:00| ... GetCallingProcedure | VehTest
12:22:00| DoDad-01 | GetModePID(01, 0C) - DTC count, MIL (Open:True,999.99 | lVehiculoLink,VehiculoLink,VehTest)
12:22:00| DoDad-01  ClearCommandLog ...
12:22:00| DoDad-01  Invoke ... (GetModePID(01, 0C) - DTC count, MIL)
12:22:00| DoDad-01  Invoke ... (GetModePID(01, 0C) - DTC count, MIL)  (672)
12:22:00| DoDad-01  CommandLog.Length ...
12:22:00| DoDad-01  CommandLog ... (0)
12:22:00| DoDad-01-CommandLog-Len:216 Siz:216 | iStart: 0
12:22:00| DoDad-01  SerialData.Length ... (414)
12:22:00| DoDad-01 | GetModePID(01, 0C) - DTC count, MIL-SLL:00414,00414-CF:F-DLLInfo:'DAD_DLL_VERSION_16.12.25.0 .. 3.0.7.0'
                    -  DAD_DLL_VERSION_16.12.25.0
                    -  31,TX MSG,ICAN11bt500,00 00 07 DF 01 0C 
                    -  31,RX QRY,ICAN11bt500,Delay: 100
                    -  140,RX MSG,ICAN11bt500,00 00 07 DF 
                    -  140,RX MSG,ICAN11bt500,00 00 07 E9 41 0C 0D 0C 
                    -  140,RX MSG,ICAN11bt500,00 00 07 E8 41 0C 0D 08 
                    -  140,RX QRY,ICAN11bt500,Delay: 100
                    -  250,RX QRY,ICAN11bt500,Delay: 100
                    -  362,RX QRY,ICAN11bt500,Delay: 100
                    -  472,RX QRY,ICAN11bt500,Delay: 100
                    -  585,RX QRY,ICAN11bt500,Delay: 100
                    (0.679 s,F) GetModePID(01, 0C) - DTC count, MIL | NoEOL
12:22:00| DECODE_Bus: DAD_DLL_VERSION_16.12.25.0
3.0.7.0

31,TX MSG,ICAN11bt500,00 00 07 DF 01 0C 
140,RX MSG,ICAN11bt500,00 00 07 DF 
140,RX MSG,ICAN11bt500,00 00 07 E9 41 0C 0D 0C 
140,RX MSG,ICAN11bt500,00 00 07 E8 41 0C 0D 08 

12:22:00| zipESP: 00 00 07 E8 41 0C 0D 08 | 000007E8410C0D08
12:22:00| DECODE_RPM: 000007E8410C0D08
12:22:00| sr | Get RPM(3): 0 | 2
12:22:00| ... SetupMyLastCommResult: ConditionsNotCorrect
12:22:00| ... DoDad | Action: System.Action | tag: GetModePID(01, 0C) - DTC count, MIL
12:22:00| ... GetCallingProcedure | lVehiculoLink
12:22:00| ... GetCallingProcedure | VehiculoLink
12:22:00| ... GetCallingProcedure | VehTest
12:22:00| DoDad-01 | GetModePID(01, 0C) - DTC count, MIL (Open:True,999.99 | lVehiculoLink,VehiculoLink,VehTest)
12:22:00| DoDad-01  ClearCommandLog ...
12:22:00| DoDad-01  Invoke ... (GetModePID(01, 0C) - DTC count, MIL)
12:22:01| DoDad-01  Invoke ... (GetModePID(01, 0C) - DTC count, MIL)  (672)
12:22:01| DoDad-01  CommandLog.Length ...
12:22:01| DoDad-01  CommandLog ... (0)
12:22:01| DoDad-01-CommandLog-Len:216 Siz:216 | iStart: 0
12:22:01| DoDad-01  SerialData.Length ... (414)
12:22:01| DoDad-01 | GetModePID(01, 0C) - DTC count, MIL-SLL:00414,00414-CF:F-DLLInfo:'DAD_DLL_VERSION_16.12.25.0 .. 3.0.7.0'
                    -  DAD_DLL_VERSION_16.12.25.0
                    -  31,TX MSG,ICAN11bt500,00 00 07 DF 01 0C 
                    -  31,RX QRY,ICAN11bt500,Delay: 100
                    -  140,RX MSG,ICAN11bt500,00 00 07 DF 
                    -  140,RX MSG,ICAN11bt500,00 00 07 E9 41 0C 0C EA 
                    -  140,RX MSG,ICAN11bt500,00 00 07 E8 41 0C 0C EC 
                    -  140,RX QRY,ICAN11bt500,Delay: 100
                    -  250,RX QRY,ICAN11bt500,Delay: 100
                    -  359,RX QRY,ICAN11bt500,Delay: 100
                    -  468,RX QRY,ICAN11bt500,Delay: 100
                    -  579,RX QRY,ICAN11bt500,Delay: 100
                    (0.673 s,F) GetModePID(01, 0C) - DTC count, MIL | NoEOL
12:22:01| DECODE_Bus: DAD_DLL_VERSION_16.12.25.0
3.0.7.0

31,TX MSG,ICAN11bt500,00 00 07 DF 01 0C 
140,RX MSG,ICAN11bt500,00 00 07 DF 
140,RX MSG,ICAN11bt500,00 00 07 E9 41 0C 0C EA 
140,RX MSG,ICAN11bt500,00 00 07 E8 41 0C 0C EC 

12:22:01| zipESP: 00 00 07 E8 41 0C 0C EC | 000007E8410C0CEC
12:22:01| DECODE_RPM: 000007E8410C0CEC
12:22:01| sr | Get RPM(4): 0 | 2
12:22:01| Success
12:22:01| InitIMCleanDevice | DeviceVoltage:13.5
12:22:01| InitIMCleanDevice | DeviceVoltageDLC:14
12:22:01| ... >>>-----------------------------------------------------------------------
12:22:01| ... >>>-----------------------------------------------------------------------
12:22:01| VIN: 3VVHB6B29MM007046
12:22:01| MON: Mil:0| Msi:110 | Ccm:110 | Cmb:110 | O2s:110 | Cat:110 | Ccc:009 | Evs:009 | Sas:009 | Faa:009 | O2c:110
12:22:01| DTC: 
12:22:01| Voltage: 13.5
12:22:01| VoltageDLC: 14
12:22:01| Pid0101 : 00 00 07 E8 41 01 00 07 E1 00
12:22:01| Pid0300 : 00 00 07 E8 43 00
12:22:01| Pid0121 : 00 00 07 E8 41 21 00 00
12:22:01| Pid0131 : Null
12:22:01| Pid0133 : 00 00 07 E8 41 33 4E
12:22:01| Pid011F : 00 00 07 E8 41 1F 00 1D
12:22:01| Pid017F : Null
12:22:01| Pid014D : Null
12:22:01| Pid0951 : Null
12:22:01| Pid0902 : 00 00 07 E8 49 02 01 33 56 56 48 42 36 42 32 39 4D 4D 30 30 37 30 34 36
12:22:01| Pid0904 : 00 00 07 E8 49 04 01 30 34 45 30 32 37 4E 48 31 34 30 38 41 44 41 41
12:22:01| Pid010C: 00 00 07 E8 41 0C 0C EC
12:22:01| RPM: 827 | 1: 844 | 2: 832 | 3: 834
12:22:01| *** Connect ... EOF()
12:22:01| VehiculoLink: Pass: Inspección vehicular OBD concluido.
01:09:13|  
01:09:13| ... Connect_OBD ===================================================================================================================
01:09:13|  
01:09:13| ... GetCallingProcedure | lVehiculoLink
01:09:13| ... GetCallingProcedure | VehiculoLink
01:09:13| ... GetCallingProcedure | VehTest
01:09:13| ... IncrementActiveCount | 1
01:09:13| ... GetCallingProcedure | OpusIMCleanOBDdrv.Module1:Connect_OBD
01:09:13| ... GetCallingProcedure | OpusIMCleanOBDdrv.Module1:lVehiculoLink
01:09:13| ... GetCallingProcedure | OpusIMCleanOBDdrv.IMCleanOBD:VehiculoLink
01:09:13| ... MyDADStatus | LCR:ConditionsNotCorrect,Unknown
01:09:13| ... Connect | ---------------- Connect --------------- SC:'' (LCR:ConditionsNotCorrect,Unknown) (lVehiculoLink,VehiculoLink,VehTest)
01:09:13| GetDAD | Starting ... Cnt:00006,00 Opn:T (Connect)
01:09:13| GetDAD | Success ... Cnt:00006,01 Opn:T (Connect, Connect)
01:09:13| ... Connect | 1 | GetDAD =Connect
01:09:13| ... SetupMyLastCommResult: InvalidData
01:09:13| ... MyDad.Initialize 
01:09:13| ... DoDad | Action: System.Action | tag: Initialize
01:09:13| ... GetCallingProcedure | lVehiculoLink
01:09:13| ... GetCallingProcedure | VehiculoLink
01:09:13| ... GetCallingProcedure | VehTest
01:09:13| DoDad-01 | Initialize (Open:True,999.99 | lVehiculoLink,VehiculoLink,VehTest)
01:09:13| DoDad-01  ClearCommandLog ...
01:09:13| DoDad-01  Invoke ... (Initialize)
01:09:25| ... SetupVehicleIsLinked
01:09:25| ... GetCallingProcedure | SetupMyLastCommResult
01:09:25| ... GetCallingProcedure | _Lambda$__0
01:09:25| ... GetCallingProcedure | DoDad
01:09:25| ... SetupMyLastCommResult: Success
01:09:25| DoDad-01  Invoke ... (Initialize)  (11968)
01:09:25| DoDad-01  CommandLog.Length ...
01:09:25| DoDad-01  CommandLog ... (0)
01:09:25| DoDad-01-CommandLog-Len:367 Siz:367 | iStart: 0
01:09:25| DoDad-01  SerialData.Length ... (563)
01:09:25| DoDad-01 | Initialize-SLL:00563,00563-CF:F-DLLInfo:'DAD_DLL_VERSION_16.12.25.0 .. 3.0.7.0'
                    -  DAD_DLL_VERSION_16.12.25.0
                    -  625,TX MSG,JVPW1850,68 6A F1 01 00 
                    -  625,RX QRY,JVPW1850,Delay: 100
                    -  734,RX QRY,JVPW1850,Delay: 100
                    -  844,RX QRY,JVPW1850,Delay: 100
                    -  944,TX MSG,JPWM1850,61 6A F1 01 00 
                    -  960,TX MSG,I914**,33 
                    -  5268,TX MSG,KWPF**,C1 33 F1 81 
                    -  11727,TX MSG,ICAN11bt500,00 00 07 DF 01 00 
                    -  11727,RX QRY,ICAN11bt500,Delay: 100
                    -  11837,RX MSG,ICAN11bt500,00 00 07 DF 
                    -  11837,RX MSG,ICAN11bt500,00 00 07 E9 41 00 80 08 00 01 
                    -  11837,RX MSG,ICAN11bt500,00 00 07 E8 41 00 BE 3F B8 13 
                    -  11837,RX QRY,ICAN11bt500,Delay: 100
                    -  11937,RX QRY,ICAN11bt500,Delay: 100
                    (12.000 s,F) Initialize | 
01:09:25| ... MyLastResult | Success,Unknown,True->True
01:09:25| Connect | Init-Rty:2 (Success,Unknown,True->True | 12.09) | lVehiculoLink,VehiculoLink,VehTest
01:09:25| ... MyDad.Initialize > Success
01:09:25| DrewProtocol2MyProtocol | In:'ICAN11bt500'  Out:'CAN11' (CAN:True)
01:09:25| ... GetCallingProcedure | Connect_OBD
01:09:25| ... GetCallingProcedure | lVehiculoLink
01:09:25| ... GetCallingProcedure | VehiculoLink
01:09:25| GetSupportedPIDs | Starting ... (Mode:1) (Connect_OBD,lVehiculoLink,VehiculoLink)
01:09:25| ... SetupMyLastCommResult: InvalidData
01:09:25| ... DoDad | Action: System.Action | tag: GetModePID(01, 00) - PID support mask
01:09:25| ... GetCallingProcedure | Connect_OBD
01:09:25| ... GetCallingProcedure | lVehiculoLink
01:09:25| ... GetCallingProcedure | VehiculoLink
01:09:25| DoDad-01 | GetModePID(01, 00) - PID support mask (Open:True,999.99 | Connect_OBD,lVehiculoLink,VehiculoLink)
01:09:25| DoDad-01  ClearCommandLog ...
01:09:25| DoDad-01  Invoke ... (GetModePID(01, 00) - PID support mask)
01:09:26| DoDad-01  Invoke ... (GetModePID(01, 00) - PID support mask)  (656)
01:09:26| DoDad-01  CommandLog.Length ...
01:09:26| DoDad-01  CommandLog ... (0)
01:09:26| DoDad-01-CommandLog-Len:237 Siz:237 | iStart: 0
01:09:26| DoDad-01  SerialData.Length ... (983)
01:09:26| DoDad-01 | GetModePID(01, 00) - PID support mask-SLL:00983,00983-CF:F-DLLInfo:'DAD_DLL_VERSION_16.12.25.0 .. 3.0.7.0'
                    -  DAD_DLL_VERSION_16.12.25.0
                    -  625,TX MSG,JVPW1850,68 6A F1 01 00 
                    -  625,RX QRY,JVPW1850,Delay: 100
                    -  734,RX QRY,JVPW1850,Delay: 100
                    -  844,RX QRY,JVPW1850,Delay: 100
                    -  944,TX MSG,JPWM1850,61 6A F1 01 00 
                    -  960,TX MSG,I914**,33 
                    -  5268,TX MSG,KWPF**,C1 33 F1 81 
                    -  11727,TX MSG,ICAN11bt500,00 00 07 DF 01 00 
                    -  11727,RX QRY,ICAN11bt500,Delay: 100
                    -  11837,RX MSG,ICAN11bt500,00 00 07 DF 
                    -  11837,RX MSG,ICAN11bt500,00 00 07 E9 41 00 80 08 00 01 
                    -  11837,RX MSG,ICAN11bt500,00 00 07 E8 41 00 BE 3F B8 13 
                    -  11837,RX QRY,ICAN11bt500,Delay: 100
                    -  11937,RX QRY,ICAN11bt500,Delay: 100
                    -  12156,TX MSG,ICAN11bt500,00 00 07 DF 01 00 
                    -  12156,RX QRY,ICAN11bt500,Delay: 100
                    -  12265,RX MSG,ICAN11bt500,00 00 07 DF 
                    -  12265,RX MSG,ICAN11bt500,00 00 07 E9 41 00 80 08 00 01 
                    -  12265,RX MSG,ICAN11bt500,00 00 07 E8 41 00 BE 3F B8 13 
                    -  12265,RX QRY,ICAN11bt500,Delay: 100
                    -  12374,RX QRY,ICAN11bt500,Delay: 100
                    -  12484,RX QRY,ICAN11bt500,Delay: 100
                    -  12593,RX QRY,ICAN11bt500,Delay: 100
                    -  12702,RX QRY,ICAN11bt500,Delay: 100
                    (0.656 s,F) GetModePID(01, 00) - PID support mask | NoEOL
01:09:26| ... SetupVehicleIsLinked
01:09:26| ... GetCallingProcedure | SetupMyLastCommResult
01:09:26| ... GetCallingProcedure | GetSupportedPIDs
01:09:26| ... GetCallingProcedure | Connect_OBD
01:09:26| ... SetupMyLastCommResult: Success
01:09:26| ... MyLastResult | Success,Unknown,True->True
01:09:26|  (Result:Success,Unknown,True->True)
01:09:26| GetSupportedPIDs | PID00 RspCnt:2
01:09:26| ... GetEcuIdFromAddress
01:09:26| ... ByteArrayToHexString | 07E9
01:09:26| ... ByteArrayToHexString | 80080001
01:09:26| ... DT_DataToString | Adr:07E9,Mod:01,PID:00,Dat:80080001
01:09:26| GetSupportedPIDS | Data-Adr:07E9,Mod:01,PID:00,Dat:80080001
01:09:26| SSBAFOB | MdPID:01,00 ECU:E9 ...  InCnt:4 (80,08,00,01,BC:003) SrtIdx:001
01:09:26| ... SetSupportedBitArrayFromObdBytes | BitAryLen:256  BitSetCnt:004  BAI:4-4,01,0D,20
01:09:26| 2 | GetSupportedPIDs | 1-E9-DBG3 -------------- 0,1,2,3,4,5,6,7, 8,9,A,B,C,D,E,F, G,H,I,J,K,L,M,N, O,P,Q,R,S,T,U,V
01:09:26| 2 | GetSupportedPIDs | 1-E9-DBG3 000-00_00-020: T,T,F,F,F,F,F,F, F,F,F,F,F,T,F,F, F,F,F,F,F,F,F,F, F,F,F,F,F,F,F,F
01:09:26| 2 | GetSupportedPIDs | 1-E9-DBG3 032-20_20-040: T,F,F,F,F,F,F,F, F,F,F,F,F,F,F,F, F,F,F,F,F,F,F,F, F,F,F,F,F,F,F,F
01:09:26| 2 | GetSupportedPIDs | 1-E9-DBG3 064-40_40-060: F,F,F,F,F,F,F,F, F,F,F,F,F,F,F,F, F,F,F,F,F,F,F,F, F,F,F,F,F,F,F,F
01:09:26| 2 | GetSupportedPIDs | 1-E9-DBG3 096-60_60-080: F,F,F,F,F,F,F,F, F,F,F,F,F,F,F,F, F,F,F,F,F,F,F,F, F,F,F,F,F,F,F,F
01:09:26| 2 | GetSupportedPIDs | 1-E9-DBG3 128-80_80-0A0: F,F,F,F,F,F,F,F, F,F,F,F,F,F,F,F, F,F,F,F,F,F,F,F, F,F,F,F,F,F,F,F
01:09:26| 2 | GetSupportedPIDs | 1-E9-DBG3 160-A0_A0-0C0: F,F,F,F,F,F,F,F, F,F,F,F,F,F,F,F, F,F,F,F,F,F,F,F, F,F,F,F,F,F,F,F
01:09:26| 2 | GetSupportedPIDs | 1-E9-DBG3 192-C0_C0-0E0: F,F,F,F,F,F,F,F, F,F,F,F,F,F,F,F, F,F,F,F,F,F,F,F, F,F,F,F,F,F,F,F
01:09:26| 2 | GetSupportedPIDs | 1-E9-DBG3 224-E0_E0-100: F,F,F,F,F,F,F,F, F,F,F,F,F,F,F,F, F,F,F,F,F,F,F,F, F,F,F,F,F,F,F,F  (T:004 F:252)
01:09:26| ... LogBitArray | 8
01:09:26| ... GetEcuIdFromAddress
01:09:26| ... ByteArrayToHexString | 07E8
01:09:26| ... ByteArrayToHexString | BE3FB813
01:09:26| ... DT_DataToString | Adr:07E8,Mod:01,PID:00,Dat:BE3FB813
01:09:26| GetSupportedPIDS | Data-Adr:07E8,Mod:01,PID:00,Dat:BE3FB813
01:09:26| SSBAFOB | MdPID:01,00 ECU:E8 ...  InCnt:4 (BE,3F,B8,13,BC:019) SrtIdx:001
01:09:26| ... SetSupportedBitArrayFromObdBytes | BitAryLen:256  BitSetCnt:020  BAI:4-4,01,03,04,05,06,07,0B,0C,0D,0E,0F,10,11,13,14,15,1C,1F,20
01:09:26| 2 | GetSupportedPIDs | 1-E8-DBG3 -------------- 0,1,2,3,4,5,6,7, 8,9,A,B,C,D,E,F, G,H,I,J,K,L,M,N, O,P,Q,R,S,T,U,V
01:09:26| 2 | GetSupportedPIDs | 1-E8-DBG3 000-00_00-020: T,T,F,T,T,T,T,T, F,F,F,T,T,T,T,T, T,T,F,T,T,T,F,F, F,F,F,F,T,F,F,T
01:09:26| 2 | GetSupportedPIDs | 1-E8-DBG3 032-20_20-040: T,F,F,F,F,F,F,F, F,F,F,F,F,F,F,F, F,F,F,F,F,F,F,F, F,F,F,F,F,F,F,F
01:09:26| 2 | GetSupportedPIDs | 1-E8-DBG3 064-40_40-060: F,F,F,F,F,F,F,F, F,F,F,F,F,F,F,F, F,F,F,F,F,F,F,F, F,F,F,F,F,F,F,F
01:09:26| 2 | GetSupportedPIDs | 1-E8-DBG3 096-60_60-080: F,F,F,F,F,F,F,F, F,F,F,F,F,F,F,F, F,F,F,F,F,F,F,F, F,F,F,F,F,F,F,F
01:09:26| 2 | GetSupportedPIDs | 1-E8-DBG3 128-80_80-0A0: F,F,F,F,F,F,F,F, F,F,F,F,F,F,F,F, F,F,F,F,F,F,F,F, F,F,F,F,F,F,F,F
01:09:26| 2 | GetSupportedPIDs | 1-E8-DBG3 160-A0_A0-0C0: F,F,F,F,F,F,F,F, F,F,F,F,F,F,F,F, F,F,F,F,F,F,F,F, F,F,F,F,F,F,F,F
01:09:26| 2 | GetSupportedPIDs | 1-E8-DBG3 192-C0_C0-0E0: F,F,F,F,F,F,F,F, F,F,F,F,F,F,F,F, F,F,F,F,F,F,F,F, F,F,F,F,F,F,F,F
01:09:26| 2 | GetSupportedPIDs | 1-E8-DBG3 224-E0_E0-100: F,F,F,F,F,F,F,F, F,F,F,F,F,F,F,F, F,F,F,F,F,F,F,F, F,F,F,F,F,F,F,F  (T:020 F:236)
01:09:26| ... LogBitArray | 8
01:09:26| ... SetupMyLastCommResult: InvalidData
01:09:26| ... DoDad | Action: System.Action | tag: GetModePID(01, 20) - PID support mask
01:09:26| ... GetCallingProcedure | Connect_OBD
01:09:26| ... GetCallingProcedure | lVehiculoLink
01:09:26| ... GetCallingProcedure | VehiculoLink
01:09:26| DoDad-01 | GetModePID(01, 20) - PID support mask (Open:True,999.99 | Connect_OBD,lVehiculoLink,VehiculoLink)
01:09:26| DoDad-01  ClearCommandLog ...
01:09:26| DoDad-01  Invoke ... (GetModePID(01, 20) - PID support mask)
01:09:27| DoDad-01  Invoke ... (GetModePID(01, 20) - PID support mask)  (672)
01:09:27| DoDad-01  CommandLog.Length ...
01:09:27| DoDad-01  CommandLog ... (0)
01:09:27| DoDad-01-CommandLog-Len:237 Siz:237 | iStart: 0
01:09:27| DoDad-01  SerialData.Length ... (1403)
01:09:27| DoDad-01 | GetModePID(01, 20) - PID support mask-SLL:01403,01403-CF:F-DLLInfo:'DAD_DLL_VERSION_16.12.25.0 .. 3.0.7.0'
                    -  DAD_DLL_VERSION_16.12.25.0
                    -  625,TX MSG,JVPW1850,68 6A F1 01 00 
                    -  625,RX QRY,JVPW1850,Delay: 100
                    -  734,RX QRY,JVPW1850,Delay: 100
                    -  844,RX QRY,JVPW1850,Delay: 100
                    -  944,TX MSG,JPWM1850,61 6A F1 01 00 
                    -  960,TX MSG,I914**,33 
                    -  5268,TX MSG,KWPF**,C1 33 F1 81 
                    -  11727,TX MSG,ICAN11bt500,00 00 07 DF 01 00 
                    -  11727,RX QRY,ICAN11bt500,Delay: 100
                    -  11837,RX MSG,ICAN11bt500,00 00 07 DF 
                    -  11837,RX MSG,ICAN11bt500,00 00 07 E9 41 00 80 08 00 01 
                    -  11837,RX MSG,ICAN11bt500,00 00 07 E8 41 00 BE 3F B8 13 
                    -  11837,RX QRY,ICAN11bt500,Delay: 100
                    -  11937,RX QRY,ICAN11bt500,Delay: 100
                    -  12156,TX MSG,ICAN11bt500,00 00 07 DF 01 00 
                    -  12156,RX QRY,ICAN11bt500,Delay: 100
                    -  12265,RX MSG,ICAN11bt500,00 00 07 DF 
                    -  12265,RX MSG,ICAN11bt500,00 00 07 E9 41 00 80 08 00 01 
                    -  12265,RX MSG,ICAN11bt500,00 00 07 E8 41 00 BE 3F B8 13 
                    -  12265,RX QRY,ICAN11bt500,Delay: 100
                    -  12374,RX QRY,ICAN11bt500,Delay: 100
                    -  12484,RX QRY,ICAN11bt500,Delay: 100
                    -  12593,RX QRY,ICAN11bt500,Delay: 100
                    -  12702,RX QRY,ICAN11bt500,Delay: 100
                    -  13046,TX MSG,ICAN11bt500,00 00 07 DF 01 20 
                    -  13046,RX QRY,ICAN11bt500,Delay: 100
                    -  13155,RX MSG,ICAN11bt500,00 00 07 DF 
                    -  13155,RX MSG,ICAN11bt500,00 00 07 E9 41 20 80 01 80 01 
                    -  13155,RX MSG,ICAN11bt500,00 00 07 E8 41 20 A0 05 A0 01 
                    -  13155,RX QRY,ICAN11bt500,Delay: 100
                    -  13265,RX QRY,ICAN11bt500,Delay: 100
                    -  13374,RX QRY,ICAN11bt500,Delay: 100
                    -  13484,RX QRY,ICAN11bt500,Delay: 100
                    -  13593,RX QRY,ICAN11bt500,Delay: 100
                    (0.672 s,F) GetModePID(01, 20) - PID support mask | NoEOL
01:09:27| ... SetupVehicleIsLinked
01:09:27| ... GetCallingProcedure | SetupMyLastCommResult
01:09:27| ... GetCallingProcedure | GetSupportedPIDs
01:09:27| ... GetCallingProcedure | Connect_OBD
01:09:27| ... SetupMyLastCommResult: Success
01:09:27| ... MyLastResult | Success,Unknown,True->True
01:09:27|  (Result:Success,Unknown,True->True)
01:09:27| GetSupportedPIDs | PID20 RspCnt:2
01:09:27| ... GetEcuIdFromAddress
01:09:27| ... ByteArrayToHexString | 07E9
01:09:27| ... ByteArrayToHexString | 80018001
01:09:27| ... DT_DataToString | Adr:07E9,Mod:01,PID:20,Dat:80018001
01:09:27| GetSupportedPIDS | Data-Adr:07E9,Mod:01,PID:20,Dat:80018001
01:09:27| SSBAFOB | MdPID:01,20 ECU:E9 ...  InCnt:4 (80,01,80,01,BC:004) SrtIdx:033
01:09:27| ... SetSupportedBitArrayFromObdBytes | BitAryLen:256  BitSetCnt:008  BAI:4-4,21,30,31,40
01:09:27| 2 | GetSupportedPIDs | 1-E9-DBG3 -------------- 0,1,2,3,4,5,6,7, 8,9,A,B,C,D,E,F, G,H,I,J,K,L,M,N, O,P,Q,R,S,T,U,V
01:09:27| 2 | GetSupportedPIDs | 1-E9-DBG3 000-00_00-020: T,T,F,F,F,F,F,F, F,F,F,F,F,T,F,F, F,F,F,F,F,F,F,F, F,F,F,F,F,F,F,F
01:09:27| 2 | GetSupportedPIDs | 1-E9-DBG3 032-20_20-040: T,T,F,F,F,F,F,F, F,F,F,F,F,F,F,F, T,T,F,F,F,F,F,F, F,F,F,F,F,F,F,F
01:09:27| 2 | GetSupportedPIDs | 1-E9-DBG3 064-40_40-060: T,F,F,F,F,F,F,F, F,F,F,F,F,F,F,F, F,F,F,F,F,F,F,F, F,F,F,F,F,F,F,F
01:09:27| 2 | GetSupportedPIDs | 1-E9-DBG3 096-60_60-080: F,F,F,F,F,F,F,F, F,F,F,F,F,F,F,F, F,F,F,F,F,F,F,F, F,F,F,F,F,F,F,F
01:09:27| 2 | GetSupportedPIDs | 1-E9-DBG3 128-80_80-0A0: F,F,F,F,F,F,F,F, F,F,F,F,F,F,F,F, F,F,F,F,F,F,F,F, F,F,F,F,F,F,F,F
01:09:27| 2 | GetSupportedPIDs | 1-E9-DBG3 160-A0_A0-0C0: F,F,F,F,F,F,F,F, F,F,F,F,F,F,F,F, F,F,F,F,F,F,F,F, F,F,F,F,F,F,F,F
01:09:27| 2 | GetSupportedPIDs | 1-E9-DBG3 192-C0_C0-0E0: F,F,F,F,F,F,F,F, F,F,F,F,F,F,F,F, F,F,F,F,F,F,F,F, F,F,F,F,F,F,F,F
01:09:27| 2 | GetSupportedPIDs | 1-E9-DBG3 224-E0_E0-100: F,F,F,F,F,F,F,F, F,F,F,F,F,F,F,F, F,F,F,F,F,F,F,F, F,F,F,F,F,F,F,F  (T:008 F:248)
01:09:27| ... LogBitArray | 8
01:09:27| ... GetEcuIdFromAddress
01:09:27| ... ByteArrayToHexString | 07E8
01:09:27| ... ByteArrayToHexString | A005A001
01:09:27| ... DT_DataToString | Adr:07E8,Mod:01,PID:20,Dat:A005A001
01:09:27| GetSupportedPIDS | Data-Adr:07E8,Mod:01,PID:20,Dat:A005A001
01:09:27| SSBAFOB | MdPID:01,20 ECU:E8 ...  InCnt:4 (A0,05,A0,01,BC:007) SrtIdx:033
01:09:27| ... SetSupportedBitArrayFromObdBytes | BitAryLen:256  BitSetCnt:027  BAI:4-4,21,23,2E,30,31,33,40
01:09:27| 2 | GetSupportedPIDs | 1-E8-DBG3 -------------- 0,1,2,3,4,5,6,7, 8,9,A,B,C,D,E,F, G,H,I,J,K,L,M,N, O,P,Q,R,S,T,U,V
01:09:27| 2 | GetSupportedPIDs | 1-E8-DBG3 000-00_00-020: T,T,F,T,T,T,T,T, F,F,F,T,T,T,T,T, T,T,F,T,T,T,F,F, F,F,F,F,T,F,F,T
01:09:27| 2 | GetSupportedPIDs | 1-E8-DBG3 032-20_20-040: T,T,F,T,F,F,F,F, F,F,F,F,F,F,T,F, T,T,F,T,F,F,F,F, F,F,F,F,F,F,F,F
01:09:27| 2 | GetSupportedPIDs | 1-E8-DBG3 064-40_40-060: T,F,F,F,F,F,F,F, F,F,F,F,F,F,F,F, F,F,F,F,F,F,F,F, F,F,F,F,F,F,F,F
01:09:27| 2 | GetSupportedPIDs | 1-E8-DBG3 096-60_60-080: F,F,F,F,F,F,F,F, F,F,F,F,F,F,F,F, F,F,F,F,F,F,F,F, F,F,F,F,F,F,F,F
01:09:27| 2 | GetSupportedPIDs | 1-E8-DBG3 128-80_80-0A0: F,F,F,F,F,F,F,F, F,F,F,F,F,F,F,F, F,F,F,F,F,F,F,F, F,F,F,F,F,F,F,F
01:09:27| 2 | GetSupportedPIDs | 1-E8-DBG3 160-A0_A0-0C0: F,F,F,F,F,F,F,F, F,F,F,F,F,F,F,F, F,F,F,F,F,F,F,F, F,F,F,F,F,F,F,F
01:09:27| 2 | GetSupportedPIDs | 1-E8-DBG3 192-C0_C0-0E0: F,F,F,F,F,F,F,F, F,F,F,F,F,F,F,F, F,F,F,F,F,F,F,F, F,F,F,F,F,F,F,F
01:09:27| 2 | GetSupportedPIDs | 1-E8-DBG3 224-E0_E0-100: F,F,F,F,F,F,F,F, F,F,F,F,F,F,F,F, F,F,F,F,F,F,F,F, F,F,F,F,F,F,F,F  (T:027 F:229)
01:09:27| ... LogBitArray | 8
01:09:27| ... SetupMyLastCommResult: InvalidData
01:09:27| ... DoDad | Action: System.Action | tag: GetModePID(01, 40) - PID support mask
01:09:27| ... GetCallingProcedure | Connect_OBD
01:09:27| ... GetCallingProcedure | lVehiculoLink
01:09:27| ... GetCallingProcedure | VehiculoLink
01:09:27| DoDad-01 | GetModePID(01, 40) - PID support mask (Open:True,999.99 | Connect_OBD,lVehiculoLink,VehiculoLink)
01:09:27| DoDad-01  ClearCommandLog ...
01:09:27| DoDad-01  Invoke ... (GetModePID(01, 40) - PID support mask)
01:09:28| DoDad-01  Invoke ... (GetModePID(01, 40) - PID support mask)  (657)
01:09:28| DoDad-01  CommandLog.Length ...
01:09:28| DoDad-01  CommandLog ... (0)
01:09:28| DoDad-01-CommandLog-Len:237 Siz:237 | iStart: 0
01:09:28| DoDad-01  SerialData.Length ... (1823)
01:09:28| DoDad-01 | GetModePID(01, 40) - PID support mask-SLL:01823,01823-CF:F-DLLInfo:'DAD_DLL_VERSION_16.12.25.0 .. 3.0.7.0'
                    -  DAD_DLL_VERSION_16.12.25.0
                    -  625,TX MSG,JVPW1850,68 6A F1 01 00 
                    -  625,RX QRY,JVPW1850,Delay: 100
                    -  734,RX QRY,JVPW1850,Delay: 100
                    -  844,RX QRY,JVPW1850,Delay: 100
                    -  944,TX MSG,JPWM1850,61 6A F1 01 00 
                    -  960,TX MSG,I914**,33 
                    -  5268,TX MSG,KWPF**,C1 33 F1 81 
                    -  11727,TX MSG,ICAN11bt500,00 00 07 DF 01 00 
                    -  11727,RX QRY,ICAN11bt500,Delay: 100
                    -  11837,RX MSG,ICAN11bt500,00 00 07 DF 
                    -  11837,RX MSG,ICAN11bt500,00 00 07 E9 41 00 80 08 00 01 
                    -  11837,RX MSG,ICAN11bt500,00 00 07 E8 41 00 BE 3F B8 13 
                    -  11837,RX QRY,ICAN11bt500,Delay: 100
                    -  11937,RX QRY,ICAN11bt500,Delay: 100
                    -  12156,TX MSG,ICAN11bt500,00 00 07 DF 01 00 
                    -  12156,RX QRY,ICAN11bt500,Delay: 100
                    -  12265,RX MSG,ICAN11bt500,00 00 07 DF 
                    -  12265,RX MSG,ICAN11bt500,00 00 07 E9 41 00 80 08 00 01 
                    -  12265,RX MSG,ICAN11bt500,00 00 07 E8 41 00 BE 3F B8 13 
                    -  12265,RX QRY,ICAN11bt500,Delay: 100
                    -  12374,RX QRY,ICAN11bt500,Delay: 100
                    -  12484,RX QRY,ICAN11bt500,Delay: 100
                    -  12593,RX QRY,ICAN11bt500,Delay: 100
                    -  12702,RX QRY,ICAN11bt500,Delay: 100
                    -  13046,TX MSG,ICAN11bt500,00 00 07 DF 01 20 
                    -  13046,RX QRY,ICAN11bt500,Delay: 100
                    -  13155,RX MSG,ICAN11bt500,00 00 07 DF 
                    -  13155,RX MSG,ICAN11bt500,00 00 07 E9 41 20 80 01 80 01 
                    -  13155,RX MSG,ICAN11bt500,00 00 07 E8 41 20 A0 05 A0 01 
                    -  13155,RX QRY,ICAN11bt500,Delay: 100
                    -  13265,RX QRY,ICAN11bt500,Delay: 100
                    -  13374,RX QRY,ICAN11bt500,Delay: 100
                    -  13484,RX QRY,ICAN11bt500,Delay: 100
                    -  13593,RX QRY,ICAN11bt500,Delay: 100
                    -  13937,TX MSG,ICAN11bt500,00 00 07 DF 01 40 
                    -  13937,RX QRY,ICAN11bt500,Delay: 100
                    -  14046,RX MSG,ICAN11bt500,00 00 07 DF 
                    -  14046,RX MSG,ICAN11bt500,00 00 07 E9 41 40 40 00 00 00 
                    -  14046,RX MSG,ICAN11bt500,00 00 07 E8 41 40 6A D0 00 00 
                    -  14046,RX QRY,ICAN11bt500,Delay: 100
                    -  14155,RX QRY,ICAN11bt500,Delay: 100
                    -  14265,RX QRY,ICAN11bt500,Delay: 100
                    -  14374,RX QRY,ICAN11bt500,Delay: 100
                    -  14483,RX QRY,ICAN11bt500,Delay: 100
                    (0.672 s,F) GetModePID(01, 40) - PID support mask | NoEOL
01:09:28| ... SetupVehicleIsLinked
01:09:28| ... GetCallingProcedure | SetupMyLastCommResult
01:09:28| ... GetCallingProcedure | GetSupportedPIDs
01:09:28| ... GetCallingProcedure | Connect_OBD
01:09:28| ... SetupMyLastCommResult: Success
01:09:28| ... MyLastResult | Success,Unknown,True->True
01:09:28|  (Result:Success,Unknown,True->True)
01:09:28| GetSupportedPIDs | PID40 RspCnt:2
01:09:28| ... GetEcuIdFromAddress
01:09:28| ... ByteArrayToHexString | 07E9
01:09:28| ... ByteArrayToHexString | 40000000
01:09:28| ... DT_DataToString | Adr:07E9,Mod:01,PID:40,Dat:40000000
01:09:28| GetSupportedPIDS | Data-Adr:07E9,Mod:01,PID:40,Dat:40000000
01:09:28| SSBAFOB | MdPID:01,40 ECU:E9 ...  InCnt:4 (40,00,00,00,BC:001) SrtIdx:065
01:09:28| ... SetSupportedBitArrayFromObdBytes | BitAryLen:256  BitSetCnt:009  BAI:4-4,42
01:09:28| 2 | GetSupportedPIDs | 1-E9-DBG3 -------------- 0,1,2,3,4,5,6,7, 8,9,A,B,C,D,E,F, G,H,I,J,K,L,M,N, O,P,Q,R,S,T,U,V
01:09:28| 2 | GetSupportedPIDs | 1-E9-DBG3 000-00_00-020: T,T,F,F,F,F,F,F, F,F,F,F,F,T,F,F, F,F,F,F,F,F,F,F, F,F,F,F,F,F,F,F
01:09:28| 2 | GetSupportedPIDs | 1-E9-DBG3 032-20_20-040: T,T,F,F,F,F,F,F, F,F,F,F,F,F,F,F, T,T,F,F,F,F,F,F, F,F,F,F,F,F,F,F
01:09:28| 2 | GetSupportedPIDs | 1-E9-DBG3 064-40_40-060: T,F,T,F,F,F,F,F, F,F,F,F,F,F,F,F, F,F,F,F,F,F,F,F, F,F,F,F,F,F,F,F
01:09:28| 2 | GetSupportedPIDs | 1-E9-DBG3 096-60_60-080: F,F,F,F,F,F,F,F, F,F,F,F,F,F,F,F, F,F,F,F,F,F,F,F, F,F,F,F,F,F,F,F
01:09:28| 2 | GetSupportedPIDs | 1-E9-DBG3 128-80_80-0A0: F,F,F,F,F,F,F,F, F,F,F,F,F,F,F,F, F,F,F,F,F,F,F,F, F,F,F,F,F,F,F,F
01:09:28| 2 | GetSupportedPIDs | 1-E9-DBG3 160-A0_A0-0C0: F,F,F,F,F,F,F,F, F,F,F,F,F,F,F,F, F,F,F,F,F,F,F,F, F,F,F,F,F,F,F,F
01:09:28| 2 | GetSupportedPIDs | 1-E9-DBG3 192-C0_C0-0E0: F,F,F,F,F,F,F,F, F,F,F,F,F,F,F,F, F,F,F,F,F,F,F,F, F,F,F,F,F,F,F,F
01:09:28| 2 | GetSupportedPIDs | 1-E9-DBG3 224-E0_E0-100: F,F,F,F,F,F,F,F, F,F,F,F,F,F,F,F, F,F,F,F,F,F,F,F, F,F,F,F,F,F,F,F  (T:009 F:247)
01:09:28| ... LogBitArray | 8
01:09:28| ... GetEcuIdFromAddress
01:09:28| ... ByteArrayToHexString | 07E8
01:09:28| ... ByteArrayToHexString | 6AD00000
01:09:28| ... DT_DataToString | Adr:07E8,Mod:01,PID:40,Dat:6AD00000
01:09:28| GetSupportedPIDS | Data-Adr:07E8,Mod:01,PID:40,Dat:6AD00000
01:09:28| SSBAFOB | MdPID:01,40 ECU:E8 ...  InCnt:4 (6A,D0,00,00,BC:007) SrtIdx:065
01:09:28| ... SetSupportedBitArrayFromObdBytes | BitAryLen:256  BitSetCnt:034  BAI:4-4,42,43,45,47,49,4A,4C
01:09:28| 2 | GetSupportedPIDs | 1-E8-DBG3 -------------- 0,1,2,3,4,5,6,7, 8,9,A,B,C,D,E,F, G,H,I,J,K,L,M,N, O,P,Q,R,S,T,U,V
01:09:28| 2 | GetSupportedPIDs | 1-E8-DBG3 000-00_00-020: T,T,F,T,T,T,T,T, F,F,F,T,T,T,T,T, T,T,F,T,T,T,F,F, F,F,F,F,T,F,F,T
01:09:28| 2 | GetSupportedPIDs | 1-E8-DBG3 032-20_20-040: T,T,F,T,F,F,F,F, F,F,F,F,F,F,T,F, T,T,F,T,F,F,F,F, F,F,F,F,F,F,F,F
01:09:28| 2 | GetSupportedPIDs | 1-E8-DBG3 064-40_40-060: T,F,T,T,F,T,F,T, F,T,T,F,T,F,F,F, F,F,F,F,F,F,F,F, F,F,F,F,F,F,F,F
01:09:28| 2 | GetSupportedPIDs | 1-E8-DBG3 096-60_60-080: F,F,F,F,F,F,F,F, F,F,F,F,F,F,F,F, F,F,F,F,F,F,F,F, F,F,F,F,F,F,F,F
01:09:28| 2 | GetSupportedPIDs | 1-E8-DBG3 128-80_80-0A0: F,F,F,F,F,F,F,F, F,F,F,F,F,F,F,F, F,F,F,F,F,F,F,F, F,F,F,F,F,F,F,F
01:09:28| 2 | GetSupportedPIDs | 1-E8-DBG3 160-A0_A0-0C0: F,F,F,F,F,F,F,F, F,F,F,F,F,F,F,F, F,F,F,F,F,F,F,F, F,F,F,F,F,F,F,F
01:09:28| 2 | GetSupportedPIDs | 1-E8-DBG3 192-C0_C0-0E0: F,F,F,F,F,F,F,F, F,F,F,F,F,F,F,F, F,F,F,F,F,F,F,F, F,F,F,F,F,F,F,F
01:09:28| 2 | GetSupportedPIDs | 1-E8-DBG3 224-E0_E0-100: F,F,F,F,F,F,F,F, F,F,F,F,F,F,F,F, F,F,F,F,F,F,F,F, F,F,F,F,F,F,F,F  (T:034 F:222)
01:09:28| ... LogBitArray | 8
01:09:28| GetSupportedPIDs | Mode:1 ECUCnt:2 PIDSupDicCnt:2
01:09:28| 4 | GetSupportedPIDS | Mode1-ECUE9:-------------- 0,1,2,3,4,5,6,7, 8,9,A,B,C,D,E,F, G,H,I,J,K,L,M,N, O,P,Q,R,S,T,U,V
01:09:28| 4 | GetSupportedPIDS | Mode1-ECUE9:000-00_00-020: T,T,F,F,F,F,F,F, F,F,F,F,F,T,F,F, F,F,F,F,F,F,F,F, F,F,F,F,F,F,F,F
01:09:28| 4 | GetSupportedPIDS | Mode1-ECUE9:032-20_20-040: T,T,F,F,F,F,F,F, F,F,F,F,F,F,F,F, T,T,F,F,F,F,F,F, F,F,F,F,F,F,F,F
01:09:28| 4 | GetSupportedPIDS | Mode1-ECUE9:064-40_40-060: T,F,T,F,F,F,F,F, F,F,F,F,F,F,F,F, F,F,F,F,F,F,F,F, F,F,F,F,F,F,F,F
01:09:28| 4 | GetSupportedPIDS | Mode1-ECUE9:096-60_60-080: F,F,F,F,F,F,F,F, F,F,F,F,F,F,F,F, F,F,F,F,F,F,F,F, F,F,F,F,F,F,F,F
01:09:28| 4 | GetSupportedPIDS | Mode1-ECUE9:128-80_80-0A0: F,F,F,F,F,F,F,F, F,F,F,F,F,F,F,F, F,F,F,F,F,F,F,F, F,F,F,F,F,F,F,F
01:09:28| 4 | GetSupportedPIDS | Mode1-ECUE9:160-A0_A0-0C0: F,F,F,F,F,F,F,F, F,F,F,F,F,F,F,F, F,F,F,F,F,F,F,F, F,F,F,F,F,F,F,F
01:09:28| 4 | GetSupportedPIDS | Mode1-ECUE9:192-C0_C0-0E0: F,F,F,F,F,F,F,F, F,F,F,F,F,F,F,F, F,F,F,F,F,F,F,F, F,F,F,F,F,F,F,F
01:09:28| 4 | GetSupportedPIDS | Mode1-ECUE9:224-E0_E0-100: F,F,F,F,F,F,F,F, F,F,F,F,F,F,F,F, F,F,F,F,F,F,F,F, F,F,F,F,F,F,F,F  (T:009 F:247)
01:09:28| ... LogBitArray | 8
01:09:28| 4 | GetSupportedPIDS | Mode1-ECUE8:-------------- 0,1,2,3,4,5,6,7, 8,9,A,B,C,D,E,F, G,H,I,J,K,L,M,N, O,P,Q,R,S,T,U,V
01:09:28| 4 | GetSupportedPIDS | Mode1-ECUE8:000-00_00-020: T,T,F,T,T,T,T,T, F,F,F,T,T,T,T,T, T,T,F,T,T,T,F,F, F,F,F,F,T,F,F,T
01:09:28| 4 | GetSupportedPIDS | Mode1-ECUE8:032-20_20-040: T,T,F,T,F,F,F,F, F,F,F,F,F,F,T,F, T,T,F,T,F,F,F,F, F,F,F,F,F,F,F,F
01:09:28| 4 | GetSupportedPIDS | Mode1-ECUE8:064-40_40-060: T,F,T,T,F,T,F,T, F,T,T,F,T,F,F,F, F,F,F,F,F,F,F,F, F,F,F,F,F,F,F,F
01:09:28| 4 | GetSupportedPIDS | Mode1-ECUE8:096-60_60-080: F,F,F,F,F,F,F,F, F,F,F,F,F,F,F,F, F,F,F,F,F,F,F,F, F,F,F,F,F,F,F,F
01:09:28| 4 | GetSupportedPIDS | Mode1-ECUE8:128-80_80-0A0: F,F,F,F,F,F,F,F, F,F,F,F,F,F,F,F, F,F,F,F,F,F,F,F, F,F,F,F,F,F,F,F
01:09:28| 4 | GetSupportedPIDS | Mode1-ECUE8:160-A0_A0-0C0: F,F,F,F,F,F,F,F, F,F,F,F,F,F,F,F, F,F,F,F,F,F,F,F, F,F,F,F,F,F,F,F
01:09:28| 4 | GetSupportedPIDS | Mode1-ECUE8:192-C0_C0-0E0: F,F,F,F,F,F,F,F, F,F,F,F,F,F,F,F, F,F,F,F,F,F,F,F, F,F,F,F,F,F,F,F
01:09:28| 4 | GetSupportedPIDS | Mode1-ECUE8:224-E0_E0-100: F,F,F,F,F,F,F,F, F,F,F,F,F,F,F,F, F,F,F,F,F,F,F,F, F,F,F,F,F,F,F,F  (T:034 F:222)
01:09:28| ... LogBitArray | 8
01:09:28| 2 | GetSupportedPIDs | 1-ECUxx -------------- 0,1,2,3,4,5,6,7, 8,9,A,B,C,D,E,F, G,H,I,J,K,L,M,N, O,P,Q,R,S,T,U,V
01:09:28| 2 | GetSupportedPIDs | 1-ECUxx 000-00_00-020: T,T,F,T,T,T,T,T, F,F,F,T,T,T,T,T, T,T,F,T,T,T,F,F, F,F,F,F,T,F,F,T
01:09:28| 2 | GetSupportedPIDs | 1-ECUxx 032-20_20-040: T,T,F,T,F,F,F,F, F,F,F,F,F,F,T,F, T,T,F,T,F,F,F,F, F,F,F,F,F,F,F,F
01:09:28| 2 | GetSupportedPIDs | 1-ECUxx 064-40_40-060: T,F,T,T,F,T,F,T, F,T,T,F,T,F,F,F, F,F,F,F,F,F,F,F, F,F,F,F,F,F,F,F
01:09:28| 2 | GetSupportedPIDs | 1-ECUxx 096-60_60-080: F,F,F,F,F,F,F,F, F,F,F,F,F,F,F,F, F,F,F,F,F,F,F,F, F,F,F,F,F,F,F,F
01:09:28| 2 | GetSupportedPIDs | 1-ECUxx 128-80_80-0A0: F,F,F,F,F,F,F,F, F,F,F,F,F,F,F,F, F,F,F,F,F,F,F,F, F,F,F,F,F,F,F,F
01:09:28| 2 | GetSupportedPIDs | 1-ECUxx 160-A0_A0-0C0: F,F,F,F,F,F,F,F, F,F,F,F,F,F,F,F, F,F,F,F,F,F,F,F, F,F,F,F,F,F,F,F
01:09:28| 2 | GetSupportedPIDs | 1-ECUxx 192-C0_C0-0E0: F,F,F,F,F,F,F,F, F,F,F,F,F,F,F,F, F,F,F,F,F,F,F,F, F,F,F,F,F,F,F,F
01:09:28| 2 | GetSupportedPIDs | 1-ECUxx 224-E0_E0-100: F,F,F,F,F,F,F,F, F,F,F,F,F,F,F,F, F,F,F,F,F,F,F,F, F,F,F,F,F,F,F,F  (T:034 F:222)
01:09:28| ... LogBitArray | 8
01:09:28| GetSupportedPIDs | PIDCnt-1-E9:009, E8:034  (TPC:34)
01:09:28| ... DictValueSortDesc
01:09:28| DVSD | E9:009,E8:034->E8:034,E9:009
01:09:28| GetSupportedPIDs | Mode:1 PIDs-'034:00 01 03 04 05 06 07 0B 0C 0D 0E 0F 10 11 13 14 15 1C 1F 20 21 23 2E 30 31 33 40 42 43 45 47 49 4A 4C
01:09:28|  GetSupportedPIDs | Ending ... Success:TrueTrueTrue 1-E8:034 1-E9:009
01:09:28| ReleaseDAD |  Starting ... Cnt:00006,01 (Connect)
01:09:28| ... ReleaseDAD | Success ... Cnt:00006,00 Opn:T (Connect, Connect)
01:09:28| ... Connect | 2
01:09:28| ... SetupVehicleIsLinked
01:09:28| ... GetCallingProcedure | Connect_OBD
01:09:28| ... GetCallingProcedure | lVehiculoLink
01:09:28| ... GetCallingProcedure | VehiculoLink
01:09:28| SVLI | VehicleIsLinked:'True'->'?'  (Connect_OBD,lVehiculoLink,VehiculoLink)
01:09:28| ... SetupVehicleIsLinked
01:09:28| ... GetCallingProcedure | Connect_OBD
01:09:28| ... GetCallingProcedure | lVehiculoLink
01:09:28| ... GetCallingProcedure | VehiculoLink
01:09:28| SVLI | VehicleIsLinked:'?'->'True'  (Connect_OBD,lVehiculoLink,VehiculoLink)
01:09:28| ... Connect | 3 | Connect_Succeeded = True
01:09:28| ... MyLastResult | Success,Unknown,?->True
01:09:28| Connect | Rslt:True EECUID:E8 ECUs:2-(E9:009,E8:034->E8:034,E9:009,) Prot:'CAN11', 'CAN11' PC:34  (Success,Unknown,?->True, 15.02) (lVehiculoLink,VehiculoLink,VehTest)
01:09:28| ... DecrementActiveCount | 0
01:09:28| ... GetCallingProcedure | OpusIMCleanOBDdrv.Module1:Connect_OBD
01:09:28| ... GetCallingProcedure | OpusIMCleanOBDdrv.Module1:lVehiculoLink
01:09:28| ... GetCallingProcedure | OpusIMCleanOBDdrv.IMCleanOBD:VehiculoLink
01:09:28| ... LocalDecrementActiveCount | 0
01:09:28|  
01:09:28| ... Get MON >>>-----------------------------------------------------------------------
01:09:28| ... SetupMyLastCommResult: ConditionsNotCorrect
01:09:28| ... DoDad | Action: System.Action | tag: GetModePID(01, 01) - Readiness, DTC count, MIL
01:09:28| ... GetCallingProcedure | lVehiculoLink
01:09:28| ... GetCallingProcedure | VehiculoLink
01:09:28| ... GetCallingProcedure | VehTest
01:09:28| DoDad-01 | GetModePID(01, 01) - Readiness, DTC count, MIL (Open:True,999.99 | lVehiculoLink,VehiculoLink,VehTest)
01:09:28| DoDad-01  ClearCommandLog ...
01:09:28| DoDad-01  Invoke ... (GetModePID(01, 01) - Readiness, DTC count, MIL)
01:09:29| DoDad-01  Invoke ... (GetModePID(01, 01) - Readiness, DTC count, MIL)  (656)
01:09:29| DoDad-01  CommandLog.Length ...
01:09:29| DoDad-01  CommandLog ... (0)
01:09:29| DoDad-01-CommandLog-Len:228 Siz:228 | iStart: 0
01:09:29| DoDad-01  SerialData.Length ... (426)
01:09:29| DoDad-01 | GetModePID(01, 01) - Readiness, DTC count, MIL-SLL:00426,00426-CF:F-DLLInfo:'DAD_DLL_VERSION_16.12.25.0 .. 3.0.7.0'
                    -  DAD_DLL_VERSION_16.12.25.0
                    -  31,TX MSG,ICAN11bt500,00 00 07 DF 01 01 
                    -  31,RX QRY,ICAN11bt500,Delay: 100
                    -  140,RX MSG,ICAN11bt500,00 00 07 DF 
                    -  140,RX MSG,ICAN11bt500,00 00 07 E8 41 01 00 07 E1 00 
                    -  140,RX MSG,ICAN11bt500,00 00 07 E9 41 01 00 04 00 00 
                    -  140,RX QRY,ICAN11bt500,Delay: 100
                    -  250,RX QRY,ICAN11bt500,Delay: 100
                    -  359,RX QRY,ICAN11bt500,Delay: 100
                    -  468,RX QRY,ICAN11bt500,Delay: 100
                    -  578,RX QRY,ICAN11bt500,Delay: 100
                    (0.672 s,F) GetModePID(01, 01) - Readiness, DTC count, MIL | NoEOL
01:09:29| DECODE_Bus: DAD_DLL_VERSION_16.12.25.0
3.0.7.0

31,TX MSG,ICAN11bt500,00 00 07 DF 01 01 
140,RX MSG,ICAN11bt500,00 00 07 DF 
140,RX MSG,ICAN11bt500,00 00 07 E8 41 01 00 07 E1 00 
140,RX MSG,ICAN11bt500,00 00 07 E9 41 01 00 04 00 00 

01:09:29| DECODE_MIL: 00 00 07 E8 41 01 00 07 E1 00
01:09:29| zipESP: 00 00 07 E8 41 01 00 07 E1 00 | 000007E841010007E100
01:09:29| DECODE_MIL dato: 0007E100
01:09:29| Status: 0007E100
01:09:29| A: 00 | 0 | 00000000
01:09:29| B: 07 | 7 | 00000111
01:09:29| C: E1 | 225 | 11100001
01:09:29| D: 00 | 0 | 00000000
01:09:29| sr | Get MON: 0 | 2
01:09:29|  
01:09:29| ... Get DTC >>>-----------------------------------------------------------------------
01:09:29| ... SetupMyLastCommResult: ConditionsNotCorrect
01:09:29| ... DoDad | Action: System.Action | tag: GetModePID(03, 00) - DTC count, MIL
01:09:29| ... GetCallingProcedure | lVehiculoLink
01:09:29| ... GetCallingProcedure | VehiculoLink
01:09:29| ... GetCallingProcedure | VehTest
01:09:29| DoDad-01 | GetModePID(03, 00) - DTC count, MIL (Open:True,999.99 | lVehiculoLink,VehiculoLink,VehTest)
01:09:29| DoDad-01  ClearCommandLog ...
01:09:29| DoDad-01  Invoke ... (GetModePID(03, 00) - DTC count, MIL)
01:09:30| DoDad-01  Invoke ... (GetModePID(03, 00) - DTC count, MIL)  (656)
01:09:30| DoDad-01  CommandLog.Length ...
01:09:30| DoDad-01  CommandLog ... (0)
01:09:30| DoDad-01-CommandLog-Len:201 Siz:201 | iStart: 0
01:09:30| DoDad-01  SerialData.Length ... (399)
01:09:30| DoDad-01 | GetModePID(03, 00) - DTC count, MIL-SLL:00399,00399-CF:F-DLLInfo:'DAD_DLL_VERSION_16.12.25.0 .. 3.0.7.0'
                    -  DAD_DLL_VERSION_16.12.25.0
                    -  31,TX MSG,ICAN11bt500,00 00 07 DF 03 
                    -  31,RX QRY,ICAN11bt500,Delay: 100
                    -  133,RX MSG,ICAN11bt500,00 00 07 DF 
                    -  133,RX MSG,ICAN11bt500,00 00 07 E9 43 00 
                    -  133,RX MSG,ICAN11bt500,00 00 07 E8 43 00 
                    -  133,RX QRY,ICAN11bt500,Delay: 100
                    -  243,RX QRY,ICAN11bt500,Delay: 100
                    -  353,RX QRY,ICAN11bt500,Delay: 100
                    -  462,RX QRY,ICAN11bt500,Delay: 100
                    -  572,RX QRY,ICAN11bt500,Delay: 100
                    (0.646 s,F) GetModePID(03, 00) - DTC count, MIL | NoEOL
01:09:30| DECODE_Bus: DAD_DLL_VERSION_16.12.25.0
3.0.7.0

31,TX MSG,ICAN11bt500,00 00 07 DF 03 
133,RX MSG,ICAN11bt500,00 00 07 DF 
133,RX MSG,ICAN11bt500,00 00 07 E9 43 00 
133,RX MSG,ICAN11bt500,00 00 07 E8 43 00 

01:09:30| ... DECODE_DTC: 00 00 07 E8 43 00
01:09:30| zipESP: 00 00 07 E8 43 00 | 000007E84300
01:09:30| sr | Get DTC: 0 | 2
01:09:30|  
01:09:30| ... (01, 1F) Tmp. Encendido >>>-----------------------------------------------------------------------
01:09:30| ... SetupMyLastCommResult: ConditionsNotCorrect
01:09:30| ... DoDad | Action: System.Action | tag: GetModePID(01, 1F) - Tmp. Encendido
01:09:30| ... GetCallingProcedure | lVehiculoLink
01:09:30| ... GetCallingProcedure | VehiculoLink
01:09:30| ... GetCallingProcedure | VehTest
01:09:30| DoDad-01 | GetModePID(01, 1F) - Tmp. Encendido (Open:True,999.99 | lVehiculoLink,VehiculoLink,VehTest)
01:09:30| DoDad-01  ClearCommandLog ...
01:09:30| DoDad-01  Invoke ... (GetModePID(01, 1F) - Tmp. Encendido)
01:09:30| DoDad-01  Invoke ... (GetModePID(01, 1F) - Tmp. Encendido)  (656)
01:09:30| DoDad-01  CommandLog.Length ...
01:09:30| DoDad-01  CommandLog ... (0)
01:09:30| DoDad-01-CommandLog-Len:167 Siz:167 | iStart: 0
01:09:30| DoDad-01  SerialData.Length ... (365)
01:09:30| DoDad-01 | GetModePID(01, 1F) - Tmp. Encendido-SLL:00365,00365-CF:F-DLLInfo:'DAD_DLL_VERSION_16.12.25.0 .. 3.0.7.0'
                    -  DAD_DLL_VERSION_16.12.25.0
                    -  31,TX MSG,ICAN11bt500,00 00 07 DF 01 1F 
                    -  31,RX QRY,ICAN11bt500,Delay: 100
                    -  140,RX MSG,ICAN11bt500,00 00 07 DF 
                    -  140,RX MSG,ICAN11bt500,00 00 07 E8 41 1F 04 A5 
                    -  140,RX QRY,ICAN11bt500,Delay: 100
                    -  250,RX QRY,ICAN11bt500,Delay: 100
                    -  359,RX QRY,ICAN11bt500,Delay: 100
                    -  468,RX QRY,ICAN11bt500,Delay: 100
                    -  578,RX QRY,ICAN11bt500,Delay: 100
                    (0.656 s,F) GetModePID(01, 1F) - Tmp. Encendido | NoEOL
01:09:30| DECODE_Bus: DAD_DLL_VERSION_16.12.25.0
3.0.7.0

31,TX MSG,ICAN11bt500,00 00 07 DF 01 1F 
140,RX MSG,ICAN11bt500,00 00 07 DF 
140,RX MSG,ICAN11bt500,00 00 07 E8 41 1F 04 A5 

01:09:30| sr | Tmp. Encendido: 0 | 1
01:09:30|  
01:09:30| ... (01, 21) Distancia MIL >>>-----------------------------------------------------------------------
01:09:30| ... SetupMyLastCommResult: ConditionsNotCorrect
01:09:30| ... DoDad | Action: System.Action | tag: GetModePID(01, 21) - Distancia MIL
01:09:30| ... GetCallingProcedure | lVehiculoLink
01:09:30| ... GetCallingProcedure | VehiculoLink
01:09:30| ... GetCallingProcedure | VehTest
01:09:30| DoDad-01 | GetModePID(01, 21) - Distancia MIL (Open:True,999.99 | lVehiculoLink,VehiculoLink,VehTest)
01:09:30| DoDad-01  ClearCommandLog ...
01:09:30| DoDad-01  Invoke ... (GetModePID(01, 21) - Distancia MIL)
01:09:31| DoDad-01  Invoke ... (GetModePID(01, 21) - Distancia MIL)  (672)
01:09:31| DoDad-01  CommandLog.Length ...
01:09:31| DoDad-01  CommandLog ... (0)
01:09:31| DoDad-01-CommandLog-Len:167 Siz:167 | iStart: 0
01:09:31| DoDad-01  SerialData.Length ... (365)
01:09:31| DoDad-01 | GetModePID(01, 21) - Distancia MIL-SLL:00365,00365-CF:F-DLLInfo:'DAD_DLL_VERSION_16.12.25.0 .. 3.0.7.0'
                    -  DAD_DLL_VERSION_16.12.25.0
                    -  31,TX MSG,ICAN11bt500,00 00 07 DF 01 15 
                    -  31,RX QRY,ICAN11bt500,Delay: 100
                    -  140,RX MSG,ICAN11bt500,00 00 07 DF 
                    -  140,RX MSG,ICAN11bt500,00 00 07 E8 41 15 A3 FF 
                    -  140,RX QRY,ICAN11bt500,Delay: 100
                    -  250,RX QRY,ICAN11bt500,Delay: 100
                    -  359,RX QRY,ICAN11bt500,Delay: 100
                    -  468,RX QRY,ICAN11bt500,Delay: 100
                    -  578,RX QRY,ICAN11bt500,Delay: 100
                    (0.672 s,F) GetModePID(01, 21) - Distancia MIL | NoEOL
01:09:31| DECODE_Bus: DAD_DLL_VERSION_16.12.25.0
3.0.7.0

31,TX MSG,ICAN11bt500,00 00 07 DF 01 15 
140,RX MSG,ICAN11bt500,00 00 07 DF 
140,RX MSG,ICAN11bt500,00 00 07 E8 41 15 A3 FF 

01:09:31| sr | Distancia MIL: 0 | 1
01:09:31|  
01:09:31| ... (01, 31) Distancia MIL Borrada >>>-----------------------------------------------------------------------
01:09:31| ... SetupMyLastCommResult: ConditionsNotCorrect
01:09:31| ... DoDad | Action: System.Action | tag: GetModePID(01, 31) - Distancia MIL Borrada
01:09:31| ... GetCallingProcedure | lVehiculoLink
01:09:31| ... GetCallingProcedure | VehiculoLink
01:09:31| ... GetCallingProcedure | VehTest
01:09:31| DoDad-01 | GetModePID(01, 31) - Distancia MIL Borrada (Open:True,999.99 | lVehiculoLink,VehiculoLink,VehTest)
01:09:31| DoDad-01  ClearCommandLog ...
01:09:31| DoDad-01  Invoke ... (GetModePID(01, 31) - Distancia MIL Borrada)
01:09:32| DoDad-01  Invoke ... (GetModePID(01, 31) - Distancia MIL Borrada)  (672)
01:09:32| DoDad-01  CommandLog.Length ...
01:09:32| DoDad-01  CommandLog ... (0)
01:09:32| DoDad-01-CommandLog-Len:167 Siz:167 | iStart: 0
01:09:32| DoDad-01  SerialData.Length ... (365)
01:09:32| DoDad-01 | GetModePID(01, 31) - Distancia MIL Borrada-SLL:00365,00365-CF:F-DLLInfo:'DAD_DLL_VERSION_16.12.25.0 .. 3.0.7.0'
                    -  DAD_DLL_VERSION_16.12.25.0
                    -  31,TX MSG,ICAN11bt500,00 00 07 DF 01 1F 
                    -  31,RX QRY,ICAN11bt500,Delay: 100
                    -  140,RX MSG,ICAN11bt500,00 00 07 DF 
                    -  140,RX MSG,ICAN11bt500,00 00 07 E8 41 1F 04 A7 
                    -  140,RX QRY,ICAN11bt500,Delay: 100
                    -  250,RX QRY,ICAN11bt500,Delay: 100
                    -  359,RX QRY,ICAN11bt500,Delay: 100
                    -  469,RX QRY,ICAN11bt500,Delay: 100
                    -  578,RX QRY,ICAN11bt500,Delay: 100
                    (0.672 s,F) GetModePID(01, 31) - Distancia MIL Borrada | NoEOL
01:09:32| DECODE_Bus: DAD_DLL_VERSION_16.12.25.0
3.0.7.0

31,TX MSG,ICAN11bt500,00 00 07 DF 01 1F 
140,RX MSG,ICAN11bt500,00 00 07 DF 
140,RX MSG,ICAN11bt500,00 00 07 E8 41 1F 04 A7 

01:09:32| sr | Distancia MIL Borrada: 0 | 1
01:09:32|  
01:09:32| ... (01, 33) Presion Barometrica Kpa >>>-----------------------------------------------------------------------
01:09:32| ... SetupMyLastCommResult: ConditionsNotCorrect
01:09:32| ... DoDad | Action: System.Action | tag: GetModePID(01, 33) - Presion Barometrica Kpa
01:09:32| ... GetCallingProcedure | lVehiculoLink
01:09:32| ... GetCallingProcedure | VehiculoLink
01:09:32| ... GetCallingProcedure | VehTest
01:09:32| DoDad-01 | GetModePID(01, 33) - Presion Barometrica Kpa (Open:True,999.99 | lVehiculoLink,VehiculoLink,VehTest)
01:09:32| DoDad-01  ClearCommandLog ...
01:09:32| DoDad-01  Invoke ... (GetModePID(01, 33) - Presion Barometrica Kpa)
01:09:32| DoDad-01  Invoke ... (GetModePID(01, 33) - Presion Barometrica Kpa)  (641)
01:09:32| DoDad-01  CommandLog.Length ...
01:09:32| DoDad-01  CommandLog ... (0)
01:09:32| DoDad-01-CommandLog-Len:216 Siz:216 | iStart: 0
01:09:32| DoDad-01  SerialData.Length ... (414)
01:09:32| DoDad-01 | GetModePID(01, 33) - Presion Barometrica Kpa-SLL:00414,00414-CF:F-DLLInfo:'DAD_DLL_VERSION_16.12.25.0 .. 3.0.7.0'
                    -  DAD_DLL_VERSION_16.12.25.0
                    -  31,TX MSG,ICAN11bt500,00 00 07 DF 01 21 
                    -  31,RX QRY,ICAN11bt500,Delay: 100
                    -  140,RX MSG,ICAN11bt500,00 00 07 DF 
                    -  140,RX MSG,ICAN11bt500,00 00 07 E8 41 21 00 00 
                    -  140,RX MSG,ICAN11bt500,00 00 07 E9 41 21 00 00 
                    -  140,RX QRY,ICAN11bt500,Delay: 100
                    -  250,RX QRY,ICAN11bt500,Delay: 100
                    -  359,RX QRY,ICAN11bt500,Delay: 100
                    -  468,RX QRY,ICAN11bt500,Delay: 100
                    -  578,RX QRY,ICAN11bt500,Delay: 100
                    (0.664 s,F) GetModePID(01, 33) - Presion Barometrica Kpa | NoEOL
01:09:32| DECODE_Bus: DAD_DLL_VERSION_16.12.25.0
3.0.7.0

31,TX MSG,ICAN11bt500,00 00 07 DF 01 21 
140,RX MSG,ICAN11bt500,00 00 07 DF 
140,RX MSG,ICAN11bt500,00 00 07 E8 41 21 00 00 
140,RX MSG,ICAN11bt500,00 00 07 E9 41 21 00 00 

01:09:32| sr | Presion Barometrica Kpa: 0 | 2
01:09:32|  
01:09:32| ... (01, 4D) Tmp MIL on >>>-----------------------------------------------------------------------
01:09:32| ... SetupMyLastCommResult: ConditionsNotCorrect
01:09:32| ... DoDad | Action: System.Action | tag: GetModePID(01, 4D) - Tmp MIL on
01:09:32| ... GetCallingProcedure | lVehiculoLink
01:09:32| ... GetCallingProcedure | VehiculoLink
01:09:32| ... GetCallingProcedure | VehTest
01:09:32| DoDad-01 | GetModePID(01, 4D) - Tmp MIL on (Open:True,999.99 | lVehiculoLink,VehiculoLink,VehTest)
01:09:32| DoDad-01  ClearCommandLog ...
01:09:33| DoDad-01  Invoke ... (GetModePID(01, 4D) - Tmp MIL on)
01:09:33| DoDad-01  Invoke ... (GetModePID(01, 4D) - Tmp MIL on)  (656)
01:09:33| DoDad-01  CommandLog.Length ...
01:09:33| DoDad-01  CommandLog ... (0)
01:09:33| DoDad-01-CommandLog-Len:118 Siz:118 | iStart: 0
01:09:33| DoDad-01  SerialData.Length ... (316)
01:09:33| DoDad-01 | GetModePID(01, 4D) - Tmp MIL on-SLL:00316,00316-CF:F-DLLInfo:'DAD_DLL_VERSION_16.12.25.0 .. 3.0.7.0'
                    -  DAD_DLL_VERSION_16.12.25.0
                    -  31,TX MSG,ICAN11bt500,00 00 07 DF 01 4D 
                    -  31,RX QRY,ICAN11bt500,Delay: 100
                    -  140,RX MSG,ICAN11bt500,00 00 07 DF 
                    -  140,RX QRY,ICAN11bt500,Delay: 100
                    -  250,RX QRY,ICAN11bt500,Delay: 100
                    -  359,RX QRY,ICAN11bt500,Delay: 100
                    -  468,RX QRY,ICAN11bt500,Delay: 100
                    -  581,RX QRY,ICAN11bt500,Delay: 100
                    (0.675 s,F) GetModePID(01, 4D) - Tmp MIL on | NoEOL
01:09:33|  
01:09:33| ... (01, 51) Tipo Combustible >>>-----------------------------------------------------------------------
01:09:33| ... SetupMyLastCommResult: ConditionsNotCorrect
01:09:33| ... DoDad | Action: System.Action | tag: GetModePID(01, 51) - Tipo Combustible
01:09:33| ... GetCallingProcedure | lVehiculoLink
01:09:33| ... GetCallingProcedure | VehiculoLink
01:09:33| ... GetCallingProcedure | VehTest
01:09:33| DoDad-01 | GetModePID(01, 51) - Tipo Combustible (Open:True,999.99 | lVehiculoLink,VehiculoLink,VehTest)
01:09:33| DoDad-01  ClearCommandLog ...
01:09:33| DoDad-01  Invoke ... (GetModePID(01, 51) - Tipo Combustible)
01:09:34| DoDad-01  Invoke ... (GetModePID(01, 51) - Tipo Combustible)  (656)
01:09:34| DoDad-01  CommandLog.Length ...
01:09:34| DoDad-01  CommandLog ... (0)
01:09:34| DoDad-01-CommandLog-Len:164 Siz:164 | iStart: 0
01:09:34| DoDad-01  SerialData.Length ... (362)
01:09:34| DoDad-01 | GetModePID(01, 51) - Tipo Combustible-SLL:00362,00362-CF:F-DLLInfo:'DAD_DLL_VERSION_16.12.25.0 .. 3.0.7.0'
                    -  DAD_DLL_VERSION_16.12.25.0
                    -  31,TX MSG,ICAN11bt500,00 00 07 DF 01 33 
                    -  31,RX QRY,ICAN11bt500,Delay: 100
                    -  140,RX MSG,ICAN11bt500,00 00 07 DF 
                    -  140,RX MSG,ICAN11bt500,00 00 07 E8 41 33 4E 
                    -  140,RX QRY,ICAN11bt500,Delay: 100
                    -  241,RX QRY,ICAN11bt500,Delay: 100
                    -  351,RX QRY,ICAN11bt500,Delay: 100
                    -  460,RX QRY,ICAN11bt500,Delay: 100
                    -  570,RX QRY,ICAN11bt500,Delay: 100
                    (0.648 s,F) GetModePID(01, 51) - Tipo Combustible | NoEOL
01:09:34| DECODE_Bus: DAD_DLL_VERSION_16.12.25.0
3.0.7.0

31,TX MSG,ICAN11bt500,00 00 07 DF 01 33 
140,RX MSG,ICAN11bt500,00 00 07 DF 
140,RX MSG,ICAN11bt500,00 00 07 E8 41 33 4E 

01:09:34| sr | Tipo Combustible: 0 | 1
01:09:34|  
01:09:34| ... (01, 7F) Tmp Marcha Motor >>>-----------------------------------------------------------------------
01:09:34| ... SetupMyLastCommResult: ConditionsNotCorrect
01:09:34| ... DoDad | Action: System.Action | tag: GetModePID(01, 7F) - Tmp Marcha Motor
01:09:34| ... GetCallingProcedure | lVehiculoLink
01:09:34| ... GetCallingProcedure | VehiculoLink
01:09:34| ... GetCallingProcedure | VehTest
01:09:34| DoDad-01 | GetModePID(01, 7F) - Tmp Marcha Motor (Open:True,999.99 | lVehiculoLink,VehiculoLink,VehTest)
01:09:34| DoDad-01  ClearCommandLog ...
01:09:34| DoDad-01  Invoke ... (GetModePID(01, 7F) - Tmp Marcha Motor)
01:09:35| DoDad-01  Invoke ... (GetModePID(01, 7F) - Tmp Marcha Motor)  (672)
01:09:35| DoDad-01  CommandLog.Length ...
01:09:35| DoDad-01  CommandLog ... (0)
01:09:35| DoDad-01-CommandLog-Len:118 Siz:118 | iStart: 0
01:09:35| DoDad-01  SerialData.Length ... (316)
01:09:35| DoDad-01 | GetModePID(01, 7F) - Tmp Marcha Motor-SLL:00316,00316-CF:F-DLLInfo:'DAD_DLL_VERSION_16.12.25.0 .. 3.0.7.0'
                    -  DAD_DLL_VERSION_16.12.25.0
                    -  31,TX MSG,ICAN11bt500,00 00 07 DF 01 7F 
                    -  31,RX QRY,ICAN11bt500,Delay: 100
                    -  140,RX MSG,ICAN11bt500,00 00 07 DF 
                    -  140,RX QRY,ICAN11bt500,Delay: 100
                    -  250,RX QRY,ICAN11bt500,Delay: 100
                    -  359,RX QRY,ICAN11bt500,Delay: 100
                    -  468,RX QRY,ICAN11bt500,Delay: 100
                    -  578,RX QRY,ICAN11bt500,Delay: 100
                    (0.672 s,F) GetModePID(01, 7F) - Tmp Marcha Motor | NoEOL
01:09:35|  
01:09:35| ... (09, 04) Cal ID >>>-----------------------------------------------------------------------
01:09:35| ... SetupMyLastCommResult: ConditionsNotCorrect
01:09:35| ... DoDad | Action: System.Action | tag: GetModePID(09, 04) - Cal ID
01:09:35| ... GetCallingProcedure | lVehiculoLink
01:09:35| ... GetCallingProcedure | VehiculoLink
01:09:35| ... GetCallingProcedure | VehTest
01:09:35| DoDad-01 | GetModePID(09, 04) - Cal ID (Open:True,999.99 | lVehiculoLink,VehiculoLink,VehTest)
01:09:35| DoDad-01  ClearCommandLog ...
01:09:35| DoDad-01  Invoke ... (GetModePID(09, 04) - Cal ID)
01:09:35| DoDad-01  Invoke ... (GetModePID(09, 04) - Cal ID)  (656)
01:09:35| DoDad-01  CommandLog.Length ...
01:09:35| DoDad-01  CommandLog ... (0)
01:09:35| DoDad-01-CommandLog-Len:380 Siz:380 | iStart: 0
01:09:35| DoDad-01  SerialData.Length ... (578)
01:09:35| DoDad-01 | GetModePID(09, 04) - Cal ID-SLL:00578,00578-CF:F-DLLInfo:'DAD_DLL_VERSION_16.12.25.0 .. 3.0.7.0'
                    -  DAD_DLL_VERSION_16.12.25.0
                    -  31,TX MSG,ICAN11bt500,00 00 07 DF 09 04 
                    -  31,RX QRY,ICAN11bt500,Delay: 100
                    -  140,RX MSG,ICAN11bt500,00 00 07 DF 
                    -  140,RX MSG,ICAN11bt500,00 00 07 E9 
                    -  140,RX MSG,ICAN11bt500,00 00 07 E8 
                    -  140,RX MSG,ICAN11bt500,00 00 07 E9 49 04 01 33 45 31 32 30 2D 35 33 53 33 2A 30 30 30 30 30 
                    -  140,RX MSG,ICAN11bt500,00 00 07 E8 49 04 01 33 33 39 38 30 2D 35 33 53 42 2A 30 30 30 30 30 
                    -  140,RX QRY,ICAN11bt500,Delay: 100
                    -  250,RX QRY,ICAN11bt500,Delay: 100
                    -  359,RX QRY,ICAN11bt500,Delay: 100
                    -  468,RX QRY,ICAN11bt500,Delay: 100
                    -  578,RX QRY,ICAN11bt500,Delay: 100
                    (0.656 s,F) GetModePID(09, 04) - Cal ID | NoEOL
01:09:35| DECODE_Bus: DAD_DLL_VERSION_16.12.25.0
3.0.7.0

31,TX MSG,ICAN11bt500,00 00 07 DF 09 04 
140,RX MSG,ICAN11bt500,00 00 07 DF 
140,RX MSG,ICAN11bt500,00 00 07 E9 
140,RX MSG,ICAN11bt500,00 00 07 E8 
140,RX MSG,ICAN11bt500,00 00 07 E9 49 04 01 33 45 31 32 30 2D 35 33 53 33 2A 30 30 30 30 30 
140,RX MSG,ICAN11bt500,00 00 07 E8 49 04 01 33 33 39 38 30 2D 35 33 53 42 2A 30 30 30 30 30 

01:09:35| sr | Cal ID: 0 | 2
01:09:35|  
01:09:35| ... Get VIN >>>-----------------------------------------------------------------------
01:09:36| DAD_DLL_VERSION_16.12.25.0
3.0.7.0

31,TX MSG,ICAN11bt500,00 00 07 DF 09 04 
140,RX MSG,ICAN11bt500,00 00 07 DF 
140,RX MSG,ICAN11bt500,00 00 07 E9 
140,RX MSG,ICAN11bt500,00 00 07 E8 
140,RX MSG,ICAN11bt500,00 00 07 E9 49 04 01 33 45 31 32 30 2D 35 33 53 33 2A 30 30 30 30 30 
140,RX MSG,ICAN11bt500,00 00 07 E8 49 04 01 33 33 39 38 30 2D 35 33 53 42 2A 30 30 30 30 30 
734,TX MSG,ICAN11bt500,00 00 07 DF 09 02 
843,RX MSG,ICAN11bt500,00 00 07 DF 

01:09:36|  
01:09:36| ... Get VOLTAJES >>>-----------------------------------------------------------------------
01:09:36| ... SetupMyLastCommResult: ConditionsNotCorrect
01:09:36| ... DoDad | Action: System.Action | tag: GetModePID(01, 42) - Voltaje
01:09:36| ... GetCallingProcedure | lVehiculoLink
01:09:36| ... GetCallingProcedure | VehiculoLink
01:09:36| ... GetCallingProcedure | VehTest
01:09:36| DoDad-01 | GetModePID(01, 42) - Voltaje (Open:True,999.99 | lVehiculoLink,VehiculoLink,VehTest)
01:09:36| DoDad-01  ClearCommandLog ...
01:09:36| DoDad-01  Invoke ... (GetModePID(01, 42) - Voltaje)
01:09:37| DoDad-01  Invoke ... (GetModePID(01, 42) - Voltaje)  (656)
01:09:37| DoDad-01  CommandLog.Length ...
01:09:37| DoDad-01  CommandLog ... (0)
01:09:37| DoDad-01-CommandLog-Len:118 Siz:118 | iStart: 0
01:09:37| DoDad-01  SerialData.Length ... (316)
01:09:37| DoDad-01 | GetModePID(01, 42) - Voltaje-SLL:00316,00316-CF:F-DLLInfo:'DAD_DLL_VERSION_16.12.25.0 .. 3.0.7.0'
                    -  DAD_DLL_VERSION_16.12.25.0
                    -  31,TX MSG,ICAN11bt500,00 00 07 DF 01 2A 
                    -  31,RX QRY,ICAN11bt500,Delay: 100
                    -  140,RX MSG,ICAN11bt500,00 00 07 DF 
                    -  140,RX QRY,ICAN11bt500,Delay: 100
                    -  250,RX QRY,ICAN11bt500,Delay: 100
                    -  359,RX QRY,ICAN11bt500,Delay: 100
                    -  468,RX QRY,ICAN11bt500,Delay: 100
                    -  578,RX QRY,ICAN11bt500,Delay: 100
                    (0.672 s,F) GetModePID(01, 42) - Voltaje | NoEOL
01:09:37|  
01:09:37| ... Get RPM >>>-----------------------------------------------------------------------
01:09:37| ... SetupMyLastCommResult: ConditionsNotCorrect
01:09:37| ... DoDad | Action: System.Action | tag: GetModePID(01, 0C) - DTC count, MIL
01:09:37| ... GetCallingProcedure | lVehiculoLink
01:09:37| ... GetCallingProcedure | VehiculoLink
01:09:37| ... GetCallingProcedure | VehTest
01:09:37| DoDad-01 | GetModePID(01, 0C) - DTC count, MIL (Open:True,999.99 | lVehiculoLink,VehiculoLink,VehTest)
01:09:37| DoDad-01  ClearCommandLog ...
01:09:37| DoDad-01  Invoke ... (GetModePID(01, 0C) - DTC count, MIL)
01:09:37| DoDad-01  Invoke ... (GetModePID(01, 0C) - DTC count, MIL)  (656)
01:09:37| DoDad-01  CommandLog.Length ...
01:09:37| DoDad-01  CommandLog ... (0)
01:09:37| DoDad-01-CommandLog-Len:167 Siz:167 | iStart: 0
01:09:37| DoDad-01  SerialData.Length ... (365)
01:09:37| DoDad-01 | GetModePID(01, 0C) - DTC count, MIL-SLL:00365,00365-CF:F-DLLInfo:'DAD_DLL_VERSION_16.12.25.0 .. 3.0.7.0'
                    -  DAD_DLL_VERSION_16.12.25.0
                    -  31,TX MSG,ICAN11bt500,00 00 07 DF 01 0C 
                    -  31,RX QRY,ICAN11bt500,Delay: 100
                    -  140,RX MSG,ICAN11bt500,00 00 07 DF 
                    -  140,RX MSG,ICAN11bt500,00 00 07 E8 41 0C 0C 76 
                    -  140,RX QRY,ICAN11bt500,Delay: 100
                    -  250,RX QRY,ICAN11bt500,Delay: 100
                    -  359,RX QRY,ICAN11bt500,Delay: 100
                    -  469,RX QRY,ICAN11bt500,Delay: 100
                    -  578,RX QRY,ICAN11bt500,Delay: 100
                    (0.657 s,F) GetModePID(01, 0C) - DTC count, MIL | NoEOL
01:09:37| DECODE_Bus: DAD_DLL_VERSION_16.12.25.0
3.0.7.0

31,TX MSG,ICAN11bt500,00 00 07 DF 01 0C 
140,RX MSG,ICAN11bt500,00 00 07 DF 
140,RX MSG,ICAN11bt500,00 00 07 E8 41 0C 0C 76 

01:09:37| zipESP: 00 00 07 E8 41 0C 0C 76 | 000007E8410C0C76
01:09:37| DECODE_RPM: 000007E8410C0C76
01:09:37| sr | Get RPM(1): 0 | 1
01:09:38| ... SetupMyLastCommResult: ConditionsNotCorrect
01:09:38| ... DoDad | Action: System.Action | tag: GetModePID(01, 0C) - DTC count, MIL
01:09:38| ... GetCallingProcedure | lVehiculoLink
01:09:38| ... GetCallingProcedure | VehiculoLink
01:09:38| ... GetCallingProcedure | VehTest
01:09:38| DoDad-01 | GetModePID(01, 0C) - DTC count, MIL (Open:True,999.99 | lVehiculoLink,VehiculoLink,VehTest)
01:09:38| DoDad-01  ClearCommandLog ...
01:09:38| DoDad-01  Invoke ... (GetModePID(01, 0C) - DTC count, MIL)
01:09:38| DoDad-01  Invoke ... (GetModePID(01, 0C) - DTC count, MIL)  (656)
01:09:38| DoDad-01  CommandLog.Length ...
01:09:38| DoDad-01  CommandLog ... (0)
01:09:38| DoDad-01-CommandLog-Len:167 Siz:167 | iStart: 0
01:09:38| DoDad-01  SerialData.Length ... (365)
01:09:38| DoDad-01 | GetModePID(01, 0C) - DTC count, MIL-SLL:00365,00365-CF:F-DLLInfo:'DAD_DLL_VERSION_16.12.25.0 .. 3.0.7.0'
                    -  DAD_DLL_VERSION_16.12.25.0
                    -  31,TX MSG,ICAN11bt500,00 00 07 DF 01 0C 
                    -  31,RX QRY,ICAN11bt500,Delay: 100
                    -  140,RX MSG,ICAN11bt500,00 00 07 DF 
                    -  140,RX MSG,ICAN11bt500,00 00 07 E8 41 0C 0C 84 
                    -  140,RX QRY,ICAN11bt500,Delay: 100
                    -  250,RX QRY,ICAN11bt500,Delay: 100
                    -  359,RX QRY,ICAN11bt500,Delay: 100
                    -  473,RX QRY,ICAN11bt500,Delay: 100
                    -  582,RX QRY,ICAN11bt500,Delay: 100
                    (0.677 s,F) GetModePID(01, 0C) - DTC count, MIL | NoEOL
01:09:38| DECODE_Bus: DAD_DLL_VERSION_16.12.25.0
3.0.7.0

31,TX MSG,ICAN11bt500,00 00 07 DF 01 0C 
140,RX MSG,ICAN11bt500,00 00 07 DF 
140,RX MSG,ICAN11bt500,00 00 07 E8 41 0C 0C 84 

01:09:38| zipESP: 00 00 07 E8 41 0C 0C 84 | 000007E8410C0C84
01:09:38| DECODE_RPM: 000007E8410C0C84
01:09:38| sr | Get RPM(2): 0 | 1
01:09:38| ... SetupMyLastCommResult: ConditionsNotCorrect
01:09:38| ... DoDad | Action: System.Action | tag: GetModePID(01, 0C) - DTC count, MIL
01:09:38| ... GetCallingProcedure | lVehiculoLink
01:09:38| ... GetCallingProcedure | VehiculoLink
01:09:38| ... GetCallingProcedure | VehTest
01:09:38| DoDad-01 | GetModePID(01, 0C) - DTC count, MIL (Open:True,999.99 | lVehiculoLink,VehiculoLink,VehTest)
01:09:38| DoDad-01  ClearCommandLog ...
01:09:38| DoDad-01  Invoke ... (GetModePID(01, 0C) - DTC count, MIL)
01:09:39| DoDad-01  Invoke ... (GetModePID(01, 0C) - DTC count, MIL)  (672)
01:09:39| DoDad-01  CommandLog.Length ...
01:09:39| DoDad-01  CommandLog ... (0)
01:09:39| DoDad-01-CommandLog-Len:167 Siz:167 | iStart: 0
01:09:39| DoDad-01  SerialData.Length ... (365)
01:09:39| DoDad-01 | GetModePID(01, 0C) - DTC count, MIL-SLL:00365,00365-CF:F-DLLInfo:'DAD_DLL_VERSION_16.12.25.0 .. 3.0.7.0'
                    -  DAD_DLL_VERSION_16.12.25.0
                    -  31,TX MSG,ICAN11bt500,00 00 07 DF 01 0C 
                    -  31,RX QRY,ICAN11bt500,Delay: 100
                    -  140,RX MSG,ICAN11bt500,00 00 07 DF 
                    -  140,RX MSG,ICAN11bt500,00 00 07 E8 41 0C 0C 72 
                    -  140,RX QRY,ICAN11bt500,Delay: 100
                    -  250,RX QRY,ICAN11bt500,Delay: 100
                    -  359,RX QRY,ICAN11bt500,Delay: 100
                    -  468,RX QRY,ICAN11bt500,Delay: 100
                    -  578,RX QRY,ICAN11bt500,Delay: 100
                    (0.672 s,F) GetModePID(01, 0C) - DTC count, MIL | NoEOL
01:09:39| DECODE_Bus: DAD_DLL_VERSION_16.12.25.0
3.0.7.0

31,TX MSG,ICAN11bt500,00 00 07 DF 01 0C 
140,RX MSG,ICAN11bt500,00 00 07 DF 
140,RX MSG,ICAN11bt500,00 00 07 E8 41 0C 0C 72 

01:09:39| zipESP: 00 00 07 E8 41 0C 0C 72 | 000007E8410C0C72
01:09:39| DECODE_RPM: 000007E8410C0C72
01:09:39| sr | Get RPM(3): 0 | 1
01:09:39| ... SetupMyLastCommResult: ConditionsNotCorrect
01:09:39| ... DoDad | Action: System.Action | tag: GetModePID(01, 0C) - DTC count, MIL
01:09:39| ... GetCallingProcedure | lVehiculoLink
01:09:39| ... GetCallingProcedure | VehiculoLink
01:09:39| ... GetCallingProcedure | VehTest
01:09:39| DoDad-01 | GetModePID(01, 0C) - DTC count, MIL (Open:True,999.99 | lVehiculoLink,VehiculoLink,VehTest)
01:09:39| DoDad-01  ClearCommandLog ...
01:09:39| DoDad-01  Invoke ... (GetModePID(01, 0C) - DTC count, MIL)
01:09:40| DoDad-01  Invoke ... (GetModePID(01, 0C) - DTC count, MIL)  (672)
01:09:40| DoDad-01  CommandLog.Length ...
01:09:40| DoDad-01  CommandLog ... (0)
01:09:40| DoDad-01-CommandLog-Len:167 Siz:167 | iStart: 0
01:09:40| DoDad-01  SerialData.Length ... (365)
01:09:40| DoDad-01 | GetModePID(01, 0C) - DTC count, MIL-SLL:00365,00365-CF:F-DLLInfo:'DAD_DLL_VERSION_16.12.25.0 .. 3.0.7.0'
                    -  DAD_DLL_VERSION_16.12.25.0
                    -  31,TX MSG,ICAN11bt500,00 00 07 DF 01 0C 
                    -  31,RX QRY,ICAN11bt500,Delay: 100
                    -  140,RX MSG,ICAN11bt500,00 00 07 DF 
                    -  140,RX MSG,ICAN11bt500,00 00 07 E8 41 0C 0C 8A 
                    -  140,RX QRY,ICAN11bt500,Delay: 100
                    -  249,RX QRY,ICAN11bt500,Delay: 100
                    -  359,RX QRY,ICAN11bt500,Delay: 100
                    -  464,RX QRY,ICAN11bt500,Delay: 100
                    -  574,RX QRY,ICAN11bt500,Delay: 100
                    (0.668 s,F) GetModePID(01, 0C) - DTC count, MIL | NoEOL
01:09:40| DECODE_Bus: DAD_DLL_VERSION_16.12.25.0
3.0.7.0

31,TX MSG,ICAN11bt500,00 00 07 DF 01 0C 
140,RX MSG,ICAN11bt500,00 00 07 DF 
140,RX MSG,ICAN11bt500,00 00 07 E8 41 0C 0C 8A 

01:09:40| zipESP: 00 00 07 E8 41 0C 0C 8A | 000007E8410C0C8A
01:09:40| DECODE_RPM: 000007E8410C0C8A
01:09:40| sr | Get RPM(4): 0 | 1
01:09:40| Success
01:09:40| InitIMCleanDevice | DeviceVoltage:13.3
01:09:40| InitIMCleanDevice | DeviceVoltageDLC:13.8
01:09:40| ... >>>-----------------------------------------------------------------------
01:09:40| ... >>>-----------------------------------------------------------------------
01:09:40| VIN: 
01:09:40| MON: Mil:0| Msi:110 | Ccm:110 | Cmb:110 | O2s:110 | Cat:110 | Ccc:009 | Evs:009 | Sas:009 | Faa:009 | O2c:110
01:09:40| DTC: 
01:09:40| Voltage: 13.3
01:09:40| VoltageDLC: 13.8
01:09:40| Pid0101 : 00 00 07 E8 41 01 00 07 E1 00
01:09:40| Pid0300 : 00 00 07 E8 43 00
01:09:40| Pid0121 : 00 00 07 E8 41 21 00 00
01:09:40| Pid0131 : Null
01:09:40| Pid0133 : 00 00 07 E8 41 33 4E
01:09:40| Pid011F : 00 00 07 E8 41 1F 04 A7
01:09:40| Pid017F : Null
01:09:40| Pid014D : Null
01:09:40| Pid0951 : Null
01:09:40| Pid0902 : Null
01:09:40| Pid0904 : 00 00 07 E8 49 04 01 33 33 39 38 30 2D 35 33 53 42 2A 30 30 30 30 30
01:09:40| Pid010C: 00 00 07 E8 41 0C 0C 8A
01:09:40| RPM: 802 | 1: 798 | 2: 801 | 3: 796
01:09:40| *** Connect ... EOF()
01:09:40| VehiculoLink: Pass: Inspección vehicular OBD concluido.
01:51:18|  
01:51:18| ... Connect_OBD ===================================================================================================================
01:51:18|  
01:51:18| ... GetCallingProcedure | lVehiculoLink
01:51:18| ... GetCallingProcedure | VehiculoLink
01:51:18| ... GetCallingProcedure | VehTest
01:51:18| ... IncrementActiveCount | 1
01:51:19| ... GetCallingProcedure | OpusIMCleanOBDdrv.Module1:Connect_OBD
01:51:19| ... GetCallingProcedure | OpusIMCleanOBDdrv.Module1:lVehiculoLink
01:51:19| ... GetCallingProcedure | OpusIMCleanOBDdrv.IMCleanOBD:VehiculoLink
01:51:19| ... MyDADStatus | LCR:ConditionsNotCorrect,Unknown
01:51:19| ... Connect | ---------------- Connect --------------- SC:'' (LCR:ConditionsNotCorrect,Unknown) (lVehiculoLink,VehiculoLink,VehTest)
01:51:19| GetDAD | Starting ... Cnt:00007,00 Opn:T (Connect)
01:51:19| GetDAD | Success ... Cnt:00007,01 Opn:T (Connect, Connect)
01:51:19| ... Connect | 1 | GetDAD =Connect
01:51:19| ... SetupMyLastCommResult: InvalidData
01:51:19| ... MyDad.Initialize 
01:51:19| ... DoDad | Action: System.Action | tag: Initialize
01:51:19| ... GetCallingProcedure | lVehiculoLink
01:51:19| ... GetCallingProcedure | VehiculoLink
01:51:19| ... GetCallingProcedure | VehTest
01:51:19| DoDad-01 | Initialize (Open:True,999.99 | lVehiculoLink,VehiculoLink,VehTest)
01:51:19| DoDad-01  ClearCommandLog ...
01:51:19| DoDad-01  Invoke ... (Initialize)
01:51:31| ... SetupVehicleIsLinked
01:51:31| ... GetCallingProcedure | SetupMyLastCommResult
01:51:31| ... GetCallingProcedure | _Lambda$__0
01:51:31| ... GetCallingProcedure | DoDad
01:51:31| SVLI | VehicleIsLinked:'True'->'False'  (SetupMyLastCommResult,_Lambda$__0,DoDad)
01:51:31| ... SetupMyLastCommResult: VehicleNotConnected
01:51:31| DoDad-01  Invoke ... (Initialize)  (12204)
01:51:31| DoDad-01  CommandLog.Length ...
01:51:31| DoDad-01  CommandLog ... (0)
01:51:31| DoDad-01-CommandLog-Len:316 Siz:316 | iStart: 0
01:51:31| DoDad-01  SerialData.Length ... (512)
01:51:31| DoDad-01 | Initialize-SLL:00512,00512-CF:F-DLLInfo:'DAD_DLL_VERSION_16.12.25.0 .. 3.0.7.0'
                    -  DAD_DLL_VERSION_16.12.25.0
                    -  628,TX MSG,JVPW1850,68 6A F1 01 00 
                    -  628,RX QRY,JVPW1850,Delay: 100
                    -  737,RX QRY,JVPW1850,Delay: 100
                    -  847,RX QRY,JVPW1850,Delay: 100
                    -  956,TX MSG,JPWM1850,61 6A F1 01 00 
                    -  972,TX MSG,I914**,33 
                    -  5291,TX MSG,KWPF**,C1 33 F1 81 
                    -  11731,TX MSG,ICAN11bt500,00 00 07 DF 01 00 
                    -  11731,RX QRY,ICAN11bt500,Delay: 100
                    -  11840,RX MSG,ICAN11bt500,00 00 07 DF 
                    -  11840,RX QRY,ICAN11bt500,Delay: 100
                    -  11949,RX QRY,ICAN11bt500,Delay: 100
                    -  12059,TX MSG,ICAN29bt500,18 DB 33 F1 02 01 00 00 00 00 00 00
                    (12.200 s,F) Initialize | 
01:51:31| ... MyLastResult | VehicleNotConnected,Unknown,True->False
01:51:31| Connect | Init-Rty:2 (VehicleNotConnected,Unknown,True->False | 12.33) | lVehiculoLink,VehiculoLink,VehTest
01:51:31| ... MyDad.Initialize > NOT Success
01:51:31| ReleaseDAD |  Starting ... Cnt:00007,01 (Connect)
01:51:31| ... ReleaseDAD | Success ... Cnt:00007,00 Opn:T (Connect, Connect)
01:51:31| ... Connect | 2
01:51:31| ... SetupVehicleIsLinked
01:51:31| ... GetCallingProcedure | Connect_OBD
01:51:31| ... GetCallingProcedure | lVehiculoLink
01:51:31| ... GetCallingProcedure | VehiculoLink
01:51:31| SVLI | VehicleIsLinked:'False'->'?'  (Connect_OBD,lVehiculoLink,VehiculoLink)
01:51:31| ... MyLastResult | VehicleNotConnected,Unknown,False->?
01:51:31| Connect | Rslt:False EECUID:00 ECUs:0-() Prot:'None', 'None' PC:0  (VehicleNotConnected,Unknown,False->?, 12.38) (lVehiculoLink,VehiculoLink,VehTest)
01:51:31| ... DecrementActiveCount | 0
01:51:31| ... GetCallingProcedure | OpusIMCleanOBDdrv.Module1:Connect_OBD
01:51:31| ... GetCallingProcedure | OpusIMCleanOBDdrv.Module1:lVehiculoLink
01:51:31| ... GetCallingProcedure | OpusIMCleanOBDdrv.IMCleanOBD:VehiculoLink
01:51:31| ... LocalDecrementActiveCount | 0
01:51:31|  
01:51:31| ... Get MON >>>-----------------------------------------------------------------------
01:51:31| ... SetupMyLastCommResult: ConditionsNotCorrect
01:51:31| ... DoDad | Action: System.Action | tag: GetModePID(01, 01) - Readiness, DTC count, MIL
01:51:31| ... GetCallingProcedure | lVehiculoLink
01:51:31| ... GetCallingProcedure | VehiculoLink
01:51:31| ... GetCallingProcedure | VehTest
01:51:31| DoDad-01 | GetModePID(01, 01) - Readiness, DTC count, MIL (Open:True,999.99 | lVehiculoLink,VehiculoLink,VehTest)
01:51:31| DoDad-01  ClearCommandLog ...
01:51:31| DoDad-01  Invoke ... (GetModePID(01, 01) - Readiness, DTC count, MIL)
01:51:31| DoDad-01  Invoke ... (GetModePID(01, 01) - Readiness, DTC count, MIL)  (000)
01:51:31| DoDad-01  CommandLog.Length ...
01:51:31| DoDad-01  CommandLog ... (0)
01:51:31| DoDad-01-CommandLog-Len:83 Siz:83 | iStart: 0
01:51:31| DoDad-01  SerialData.Length ... (72)
01:51:31| DoDad-01 | GetModePID(01, 01) - Readiness, DTC count, MIL-SLL:00072,00072-CF:F-DLLInfo:'DAD_DLL_VERSION_16.12.25.0 .. 3.0.7.0'
                    -  DAD_DLL_VERSION_16.12.25.0
                    -  31,TX MSG,Invalid Protocol,68 6A F1 01 01
                    (0.000 s,F) GetModePID(01, 01) - Readiness, DTC count, MIL | NoEOL
01:51:31|  
01:51:31| ... Get DTC >>>-----------------------------------------------------------------------
01:51:31| ... SetupMyLastCommResult: ConditionsNotCorrect
01:51:31| ... DoDad | Action: System.Action | tag: GetModePID(03, 00) - DTC count, MIL
01:51:31| ... GetCallingProcedure | lVehiculoLink
01:51:31| ... GetCallingProcedure | VehiculoLink
01:51:31| ... GetCallingProcedure | VehTest
01:51:31| DoDad-01 | GetModePID(03, 00) - DTC count, MIL (Open:True,999.99 | lVehiculoLink,VehiculoLink,VehTest)
01:51:31| DoDad-01  ClearCommandLog ...
01:51:31| DoDad-01  Invoke ... (GetModePID(03, 00) - DTC count, MIL)
01:51:31| DoDad-01  Invoke ... (GetModePID(03, 00) - DTC count, MIL)  (000)
01:51:31| DoDad-01  CommandLog.Length ...
01:51:31| DoDad-01  CommandLog ... (0)
01:51:31| DoDad-01-CommandLog-Len:80 Siz:80 | iStart: 0
01:51:31| DoDad-01  SerialData.Length ... (69)
01:51:31| DoDad-01 | GetModePID(03, 00) - DTC count, MIL-SLL:00069,00069-CF:F-DLLInfo:'DAD_DLL_VERSION_16.12.25.0 .. 3.0.7.0'
                    -  DAD_DLL_VERSION_16.12.25.0
                    -  31,TX MSG,Invalid Protocol,68 6A F1 03
                    (0.016 s,F) GetModePID(03, 00) - DTC count, MIL | NoEOL
01:51:31|  
01:51:31| ... (01, 1F) Tmp. Encendido >>>-----------------------------------------------------------------------
01:51:31| ... SetupMyLastCommResult: ConditionsNotCorrect
01:51:31| ... DoDad | Action: System.Action | tag: GetModePID(01, 1F) - Tmp. Encendido
01:51:31| ... GetCallingProcedure | lVehiculoLink
01:51:31| ... GetCallingProcedure | VehiculoLink
01:51:31| ... GetCallingProcedure | VehTest
01:51:31| DoDad-01 | GetModePID(01, 1F) - Tmp. Encendido (Open:True,999.99 | lVehiculoLink,VehiculoLink,VehTest)
01:51:31| DoDad-01  ClearCommandLog ...
01:51:31| DoDad-01  Invoke ... (GetModePID(01, 1F) - Tmp. Encendido)
01:51:31| DoDad-01  Invoke ... (GetModePID(01, 1F) - Tmp. Encendido)  (016)
01:51:31| DoDad-01  CommandLog.Length ...
01:51:31| DoDad-01  CommandLog ... (0)
01:51:31| DoDad-01-CommandLog-Len:83 Siz:83 | iStart: 0
01:51:31| DoDad-01  SerialData.Length ... (72)
01:51:31| DoDad-01 | GetModePID(01, 1F) - Tmp. Encendido-SLL:00072,00072-CF:F-DLLInfo:'DAD_DLL_VERSION_16.12.25.0 .. 3.0.7.0'
                    -  DAD_DLL_VERSION_16.12.25.0
                    -  31,TX MSG,Invalid Protocol,68 6A F1 01 1F
                    (0.016 s,F) GetModePID(01, 1F) - Tmp. Encendido | NoEOL
01:51:31|  
01:51:31| ... (01, 21) Distancia MIL >>>-----------------------------------------------------------------------
01:51:31| ... SetupMyLastCommResult: ConditionsNotCorrect
01:51:31| ... DoDad | Action: System.Action | tag: GetModePID(01, 21) - Distancia MIL
01:51:31| ... GetCallingProcedure | lVehiculoLink
01:51:31| ... GetCallingProcedure | VehiculoLink
01:51:31| ... GetCallingProcedure | VehTest
01:51:31| DoDad-01 | GetModePID(01, 21) - Distancia MIL (Open:True,999.99 | lVehiculoLink,VehiculoLink,VehTest)
01:51:31| DoDad-01  ClearCommandLog ...
01:51:31| DoDad-01  Invoke ... (GetModePID(01, 21) - Distancia MIL)
01:51:31| DoDad-01  Invoke ... (GetModePID(01, 21) - Distancia MIL)  (015)
01:51:31| DoDad-01  CommandLog.Length ...
01:51:31| DoDad-01  CommandLog ... (0)
01:51:31| DoDad-01-CommandLog-Len:83 Siz:83 | iStart: 0
01:51:31| DoDad-01  SerialData.Length ... (72)
01:51:31| DoDad-01 | GetModePID(01, 21) - Distancia MIL-SLL:00072,00072-CF:F-DLLInfo:'DAD_DLL_VERSION_16.12.25.0 .. 3.0.7.0'
                    -  DAD_DLL_VERSION_16.12.25.0
                    -  31,TX MSG,Invalid Protocol,68 6A F1 01 15
                    (0.016 s,F) GetModePID(01, 21) - Distancia MIL | NoEOL
01:51:31|  
01:51:31| ... (01, 31) Distancia MIL Borrada >>>-----------------------------------------------------------------------
01:51:31| ... SetupMyLastCommResult: ConditionsNotCorrect
01:51:31| ... DoDad | Action: System.Action | tag: GetModePID(01, 31) - Distancia MIL Borrada
01:51:31| ... GetCallingProcedure | lVehiculoLink
01:51:31| ... GetCallingProcedure | VehiculoLink
01:51:31| ... GetCallingProcedure | VehTest
01:51:31| DoDad-01 | GetModePID(01, 31) - Distancia MIL Borrada (Open:True,999.99 | lVehiculoLink,VehiculoLink,VehTest)
01:51:31| DoDad-01  ClearCommandLog ...
01:51:31| DoDad-01  Invoke ... (GetModePID(01, 31) - Distancia MIL Borrada)
01:51:31| DoDad-01  Invoke ... (GetModePID(01, 31) - Distancia MIL Borrada)  (000)
01:51:31| DoDad-01  CommandLog.Length ...
01:51:31| DoDad-01  CommandLog ... (0)
01:51:31| DoDad-01-CommandLog-Len:83 Siz:83 | iStart: 0
01:51:31| DoDad-01  SerialData.Length ... (72)
01:51:31| DoDad-01 | GetModePID(01, 31) - Distancia MIL Borrada-SLL:00072,00072-CF:F-DLLInfo:'DAD_DLL_VERSION_16.12.25.0 .. 3.0.7.0'
                    -  DAD_DLL_VERSION_16.12.25.0
                    -  31,TX MSG,Invalid Protocol,68 6A F1 01 1F
                    (0.016 s,F) GetModePID(01, 31) - Distancia MIL Borrada | NoEOL
01:51:31|  
01:51:31| ... (01, 33) Presion Barometrica Kpa >>>-----------------------------------------------------------------------
01:51:31| ... SetupMyLastCommResult: ConditionsNotCorrect
01:51:31| ... DoDad | Action: System.Action | tag: GetModePID(01, 33) - Presion Barometrica Kpa
01:51:31| ... GetCallingProcedure | lVehiculoLink
01:51:31| ... GetCallingProcedure | VehiculoLink
01:51:31| ... GetCallingProcedure | VehTest
01:51:31| DoDad-01 | GetModePID(01, 33) - Presion Barometrica Kpa (Open:True,999.99 | lVehiculoLink,VehiculoLink,VehTest)
01:51:31| DoDad-01  ClearCommandLog ...
01:51:31| DoDad-01  Invoke ... (GetModePID(01, 33) - Presion Barometrica Kpa)
01:51:31| DoDad-01  Invoke ... (GetModePID(01, 33) - Presion Barometrica Kpa)  (000)
01:51:31| DoDad-01  CommandLog.Length ...
01:51:31| DoDad-01  CommandLog ... (0)
01:51:31| DoDad-01-CommandLog-Len:83 Siz:83 | iStart: 0
01:51:31| DoDad-01  SerialData.Length ... (72)
01:51:31| DoDad-01 | GetModePID(01, 33) - Presion Barometrica Kpa-SLL:00072,00072-CF:F-DLLInfo:'DAD_DLL_VERSION_16.12.25.0 .. 3.0.7.0'
                    -  DAD_DLL_VERSION_16.12.25.0
                    -  31,TX MSG,Invalid Protocol,68 6A F1 01 21
                    (0.016 s,F) GetModePID(01, 33) - Presion Barometrica Kpa | NoEOL
01:51:31|  
01:51:31| ... (01, 4D) Tmp MIL on >>>-----------------------------------------------------------------------
01:51:31| ... SetupMyLastCommResult: ConditionsNotCorrect
01:51:31| ... DoDad | Action: System.Action | tag: GetModePID(01, 4D) - Tmp MIL on
01:51:31| ... GetCallingProcedure | lVehiculoLink
01:51:31| ... GetCallingProcedure | VehiculoLink
01:51:31| ... GetCallingProcedure | VehTest
01:51:31| DoDad-01 | GetModePID(01, 4D) - Tmp MIL on (Open:True,999.99 | lVehiculoLink,VehiculoLink,VehTest)
01:51:31| DoDad-01  ClearCommandLog ...
01:51:31| DoDad-01  Invoke ... (GetModePID(01, 4D) - Tmp MIL on)
01:51:31| DoDad-01  Invoke ... (GetModePID(01, 4D) - Tmp MIL on)  (000)
01:51:31| DoDad-01  CommandLog.Length ...
01:51:31| DoDad-01  CommandLog ... (0)
01:51:31| DoDad-01-CommandLog-Len:83 Siz:83 | iStart: 0
01:51:31| DoDad-01  SerialData.Length ... (72)
01:51:31| DoDad-01 | GetModePID(01, 4D) - Tmp MIL on-SLL:00072,00072-CF:F-DLLInfo:'DAD_DLL_VERSION_16.12.25.0 .. 3.0.7.0'
                    -  DAD_DLL_VERSION_16.12.25.0
                    -  31,TX MSG,Invalid Protocol,68 6A F1 01 4D
                    (0.000 s,F) GetModePID(01, 4D) - Tmp MIL on | NoEOL
01:51:31|  
01:51:31| ... (01, 51) Tipo Combustible >>>-----------------------------------------------------------------------
01:51:31| ... SetupMyLastCommResult: ConditionsNotCorrect
01:51:31| ... DoDad | Action: System.Action | tag: GetModePID(01, 51) - Tipo Combustible
01:51:31| ... GetCallingProcedure | lVehiculoLink
01:51:31| ... GetCallingProcedure | VehiculoLink
01:51:31| ... GetCallingProcedure | VehTest
01:51:31| DoDad-01 | GetModePID(01, 51) - Tipo Combustible (Open:True,999.99 | lVehiculoLink,VehiculoLink,VehTest)
01:51:31| DoDad-01  ClearCommandLog ...
01:51:31| DoDad-01  Invoke ... (GetModePID(01, 51) - Tipo Combustible)
01:51:31| DoDad-01  Invoke ... (GetModePID(01, 51) - Tipo Combustible)  (016)
01:51:31| DoDad-01  CommandLog.Length ...
01:51:31| DoDad-01  CommandLog ... (0)
01:51:31| DoDad-01-CommandLog-Len:83 Siz:83 | iStart: 0
01:51:31| DoDad-01  SerialData.Length ... (72)
01:51:31| DoDad-01 | GetModePID(01, 51) - Tipo Combustible-SLL:00072,00072-CF:F-DLLInfo:'DAD_DLL_VERSION_16.12.25.0 .. 3.0.7.0'
                    -  DAD_DLL_VERSION_16.12.25.0
                    -  46,TX MSG,Invalid Protocol,68 6A F1 01 33
                    (0.016 s,F) GetModePID(01, 51) - Tipo Combustible | NoEOL
01:51:31|  
01:51:31| ... (01, 7F) Tmp Marcha Motor >>>-----------------------------------------------------------------------
01:51:31| ... SetupMyLastCommResult: ConditionsNotCorrect
01:51:31| ... DoDad | Action: System.Action | tag: GetModePID(01, 7F) - Tmp Marcha Motor
01:51:31| ... GetCallingProcedure | lVehiculoLink
01:51:31| ... GetCallingProcedure | VehiculoLink
01:51:31| ... GetCallingProcedure | VehTest
01:51:31| DoDad-01 | GetModePID(01, 7F) - Tmp Marcha Motor (Open:True,999.99 | lVehiculoLink,VehiculoLink,VehTest)
01:51:31| DoDad-01  ClearCommandLog ...
01:51:31| DoDad-01  Invoke ... (GetModePID(01, 7F) - Tmp Marcha Motor)
01:51:31| DoDad-01  Invoke ... (GetModePID(01, 7F) - Tmp Marcha Motor)  (000)
01:51:31| DoDad-01  CommandLog.Length ...
01:51:31| DoDad-01  CommandLog ... (0)
01:51:31| DoDad-01-CommandLog-Len:83 Siz:83 | iStart: 0
01:51:31| DoDad-01  SerialData.Length ... (72)
01:51:31| DoDad-01 | GetModePID(01, 7F) - Tmp Marcha Motor-SLL:00072,00072-CF:F-DLLInfo:'DAD_DLL_VERSION_16.12.25.0 .. 3.0.7.0'
                    -  DAD_DLL_VERSION_16.12.25.0
                    -  31,TX MSG,Invalid Protocol,68 6A F1 01 7F
                    (0.016 s,F) GetModePID(01, 7F) - Tmp Marcha Motor | NoEOL
01:51:31|  
01:51:31| ... (09, 04) Cal ID >>>-----------------------------------------------------------------------
01:51:31| ... SetupMyLastCommResult: ConditionsNotCorrect
01:51:31| ... DoDad | Action: System.Action | tag: GetModePID(09, 04) - Cal ID
01:51:31| ... GetCallingProcedure | lVehiculoLink
01:51:31| ... GetCallingProcedure | VehiculoLink
01:51:31| ... GetCallingProcedure | VehTest
01:51:31| DoDad-01 | GetModePID(09, 04) - Cal ID (Open:True,999.99 | lVehiculoLink,VehiculoLink,VehTest)
01:51:32| DoDad-01  ClearCommandLog ...
01:51:32| DoDad-01  Invoke ... (GetModePID(09, 04) - Cal ID)
01:51:32| DoDad-01  Invoke ... (GetModePID(09, 04) - Cal ID)  (000)
01:51:32| DoDad-01  CommandLog.Length ...
01:51:32| DoDad-01  CommandLog ... (0)
01:51:32| DoDad-01-CommandLog-Len:83 Siz:83 | iStart: 0
01:51:32| DoDad-01  SerialData.Length ... (72)
01:51:32| DoDad-01 | GetModePID(09, 04) - Cal ID-SLL:00072,00072-CF:F-DLLInfo:'DAD_DLL_VERSION_16.12.25.0 .. 3.0.7.0'
                    -  DAD_DLL_VERSION_16.12.25.0
                    -  31,TX MSG,Invalid Protocol,68 6A F1 09 04
                    (0.000 s,F) GetModePID(09, 04) - Cal ID | NoEOL
01:51:32|  
01:51:32| ... Get VIN >>>-----------------------------------------------------------------------
01:51:32| DAD_DLL_VERSION_16.12.25.0
3.0.7.0

31,TX MSG,Invalid Protocol,68 6A F1 09 04 
62,TX MSG,Invalid Protocol,68 6A F1 09 02 

01:51:32|  
01:51:32| ... Get VOLTAJES >>>-----------------------------------------------------------------------
01:51:32| ... SetupMyLastCommResult: ConditionsNotCorrect
01:51:32| ... DoDad | Action: System.Action | tag: GetModePID(01, 42) - Voltaje
01:51:32| ... GetCallingProcedure | lVehiculoLink
01:51:32| ... GetCallingProcedure | VehiculoLink
01:51:32| ... GetCallingProcedure | VehTest
01:51:32| DoDad-01 | GetModePID(01, 42) - Voltaje (Open:True,999.99 | lVehiculoLink,VehiculoLink,VehTest)
01:51:32| DoDad-01  ClearCommandLog ...
01:51:32| DoDad-01  Invoke ... (GetModePID(01, 42) - Voltaje)
01:51:32| DoDad-01  Invoke ... (GetModePID(01, 42) - Voltaje)  (016)
01:51:32| DoDad-01  CommandLog.Length ...
01:51:32| DoDad-01  CommandLog ... (0)
01:51:32| DoDad-01-CommandLog-Len:83 Siz:83 | iStart: 0
01:51:32| DoDad-01  SerialData.Length ... (72)
01:51:32| DoDad-01 | GetModePID(01, 42) - Voltaje-SLL:00072,00072-CF:F-DLLInfo:'DAD_DLL_VERSION_16.12.25.0 .. 3.0.7.0'
                    -  DAD_DLL_VERSION_16.12.25.0
                    -  46,TX MSG,Invalid Protocol,68 6A F1 01 2A
                    (0.016 s,F) GetModePID(01, 42) - Voltaje | NoEOL
01:51:32|  
01:51:32| ... Get RPM >>>-----------------------------------------------------------------------
01:51:32| ... SetupMyLastCommResult: ConditionsNotCorrect
01:51:32| ... DoDad | Action: System.Action | tag: GetModePID(01, 0C) - DTC count, MIL
01:51:32| ... GetCallingProcedure | lVehiculoLink
01:51:32| ... GetCallingProcedure | VehiculoLink
01:51:32| ... GetCallingProcedure | VehTest
01:51:32| DoDad-01 | GetModePID(01, 0C) - DTC count, MIL (Open:True,999.99 | lVehiculoLink,VehiculoLink,VehTest)
01:51:32| DoDad-01  ClearCommandLog ...
01:51:32| DoDad-01  Invoke ... (GetModePID(01, 0C) - DTC count, MIL)
01:51:32| DoDad-01  Invoke ... (GetModePID(01, 0C) - DTC count, MIL)  (000)
01:51:32| DoDad-01  CommandLog.Length ...
01:51:32| DoDad-01  CommandLog ... (0)
01:51:32| DoDad-01-CommandLog-Len:83 Siz:83 | iStart: 0
01:51:32| DoDad-01  SerialData.Length ... (72)
01:51:32| DoDad-01 | GetModePID(01, 0C) - DTC count, MIL-SLL:00072,00072-CF:F-DLLInfo:'DAD_DLL_VERSION_16.12.25.0 .. 3.0.7.0'
                    -  DAD_DLL_VERSION_16.12.25.0
                    -  31,TX MSG,Invalid Protocol,68 6A F1 01 0C
                    (0.016 s,F) GetModePID(01, 0C) - DTC count, MIL | NoEOL
01:51:32| Success
01:51:32| InitIMCleanDevice | DeviceVoltage:14.5
01:51:32| InitIMCleanDevice | DeviceVoltageDLC:14.9
01:51:32| ... >>>-----------------------------------------------------------------------
01:51:32| ... >>>-----------------------------------------------------------------------
01:51:32| VIN: 
01:51:32| MON: 
01:51:32| DTC: 
01:51:32| Voltage: 14.5
01:51:32| VoltageDLC: 14.9
01:51:32| Pid0101 : Null
01:51:32| Pid0300 : Null
01:51:32| Pid0121 : Null
01:51:32| Pid0131 : Null
01:51:32| Pid0133 : Null
01:51:32| Pid011F : Null
01:51:32| Pid017F : Null
01:51:32| Pid014D : Null
01:51:32| Pid0951 : Null
01:51:32| Pid0902 : Null
01:51:32| Pid0904 : Null
01:51:32| Pid010C: Null
01:51:32| RPM: 802 | 1: 0 | 2: 0 | 3: 0
01:51:32| *** Connect ... EOF()
01:51:32| VehiculoLink: Pass: Inspección vehicular OBD concluido.
