10:29:51| CFD | Dev:'IMclean' ID:'USB' HID:'' Cntrl:'' Starting ...
10:29:52| CFD | Search:'SELECT * FROM Win32_PNPEntity WHERE ( Name Like '%IMclean%' OR Description Like  '%IMclean%')  AND (  DeviceID Like '%USB%') | 
10:29:52| CFD | Search_Result_Count:1
10:29:52| ... GetPropertyValueAsString: USB\VID_18E1&PID_02A1\IEXFM0000207393E
10:29:52| ... GetObjectArrayAsString | USB\VID_18E1&PID_02A1&REV_0110|USB\VID_18E1&PID_02A1
10:29:52| ... GetPropertyValueAsString: USB\VID_18E1&PID_02A1&REV_0110|USB\VID_18E1&PID_02A1
10:29:52| ... GetPropertyValueAsString: Drew Technologies, Inc.
10:29:52| ... GetPropertyValueAsString: USB\VID_18E1&PID_02A1\IEXFM0000207393E
10:29:52| ... GetPropertyValueAsString: VehiclePassThru
10:29:52| ... GetPropertyValueAsString: IMClean DAD GEN 4
10:29:52| ... GetPropertyValueAsString: IMClean DAD GEN 4
10:29:52| ... GetPropertyValueAsString: Win32_PnPEntity
10:29:52| ... GetPropertyValueAsString: IMClean DAD GEN 4
10:29:52| Dev_001 Nam:'IMClean DAD GEN 4  PNPID:'USB\VID_18E1&PID_02A1\IEXFM0000207393E  HWID:'USB\VID_18E1&PID_02A1&REV_0110|USB\VID_18E1&PID_02A1  ID:'USB\VID_18E1&PID_02A1\IEXFM0000207393E  Cap:'IMClean DAD GEN 4  Cls:'Win32_PnPEntity  Des:'IMClean DAD GEN 4  Drv:'  Man:'Drew Technologies, Inc.  PN:'
10:29:52| ... CheckForDevice |1
10:29:52| Pass:FindUSBDevices.
10:29:52| getOpusKeyFile: Pass:Opus IMClean OBD Licencia valida.
10:29:52| facNS: IEXFM0000207393E -> 13417
10:29:52| facFH: 23122025 -> 2553
10:32:04| Success
10:32:04| InitIMCleanDevice | FirmwareVersion:4.0.0.0
10:32:04| InitIMCleanDevice | DeviceType:4171
10:32:04| InitIMCleanDevice | DeviceVoltage:13.6
10:32:04| InitIMCleanDevice | DeviceVoltageDLC:13.9
10:32:23|  
10:32:23| ... Connect_OBD ===================================================================================================================
10:32:23|  
10:32:23| ... GetCallingProcedure | lVehiculoLink
10:32:23| ... GetCallingProcedure | VehiculoLink
10:32:23| ... GetCallingProcedure | VehTest
10:32:23| ... IncrementActiveCount | 1
10:32:23| ... GetCallingProcedure | OpusIMCleanOBDdrv.Module1:Connect_OBD
10:32:23| ... GetCallingProcedure | OpusIMCleanOBDdrv.Module1:lVehiculoLink
10:32:23| ... GetCallingProcedure | OpusIMCleanOBDdrv.IMCleanOBD:VehiculoLink
10:32:23| ... MyDADStatus | LCR:ConditionsNotCorrect,Unknown
10:32:23| ... Connect | ---------------- Connect --------------- SC:'' (LCR:ConditionsNotCorrect,Unknown) (lVehiculoLink,VehiculoLink,VehTest)
10:32:23| GetDAD | Starting ... Cnt:00001,00 Opn:F (Connect)
10:32:23| GetDAD | Success ... Cnt:00001,01 Opn:F (Connect, )
10:32:23| ... Connect | 1 | GetDAD =Connect
10:32:23| ... SetupMyLastCommResult: InvalidData
10:32:23| ... MyDad.Initialize 
10:32:23| ... DoDad | Action: System.Action | tag: Initialize
10:32:23| ... GetCallingProcedure | lVehiculoLink
10:32:23| ... GetCallingProcedure | VehiculoLink
10:32:23| ... GetCallingProcedure | VehTest
10:32:23| DoDad-01 | Initialize (Open:False | lVehiculoLink,VehiculoLink,VehTest)
10:32:23| DoDad-MyDoDADSemaphore-01 | Initialize ... Attempting Open
10:32:23| OpenDAD_If_Needed | Attempting to open DAD ... DoDad-Initialize (lVehiculoLink,VehiculoLink,VehTest)
10:32:23| ... SetupMyLastCommResult: Success
10:32:23| ... IsCommResultSuccess | True
10:32:23| OpenDAD_If_Needed | DAD_Open:True ... (Success | 0.02) DoDad-Initialize (lVehiculoLink,VehiculoLink,VehTest)
10:32:23| ... OpenDAD_If_Needed | True
10:32:23| DoDad-MyDeviceLogClear-01  ClearLogs ...
10:32:23| DoDad-01  ClearCommandLog ...
10:32:23| DoDad-01  Invoke ... (Initialize)
10:32:31| ... SetupVehicleIsLinked
10:32:31| ... GetCallingProcedure | SetupMyLastCommResult
10:32:31| ... GetCallingProcedure | _Lambda$__0
10:32:31| ... GetCallingProcedure | DoDad
10:32:31| SVLI | VehicleIsLinked:'?'->'True'  (SetupMyLastCommResult,_Lambda$__0,DoDad)
10:32:31| ... SetupMyLastCommResult: Success
10:32:31| DoDad-01  Invoke ... (Initialize)  (8000)
10:32:31| DoDad-01  CommandLog.Length ...
10:32:31| DoDad-01  CommandLog ... (0)
10:32:31| DoDad-01-CommandLog-Len:353 Siz:353 | iStart: 0
10:32:31| DoDad-01  SerialData.Length ... (570)
10:32:31| DoDad-01 | Initialize-SLL:00570,00570-CF:T-DLLInfo:'DAD_DLL_VERSION_16.12.25.0 .. 3.0.7.0'
                    -  DAD_DLL_VERSION_16.12.25.0
                    -  531,TX MSG,JVPW1850,68 6A F1 01 00 
                    -  531,RX QRY,JVPW1850,Delay: 100
                    -  644,RX QRY,JVPW1850,Delay: 100
                    -  753,RX QRY,JVPW1850,Delay: 100
                    -  862,TX MSG,JPWM1850,61 6A F1 01 00 
                    -  878,TX MSG,I914**,33 
                    -  5206,TX MSG,KWPF**,C1 33 F1 81 
                    -  6620,TX MSG,KWPF8FEF,C2 33 F1 01 00 
                    -  6666,RX QRY,KWPF8FEF,Delay: 100
                    -  6776,RX MSG,KWPF8FEF,
                    -  6776,RX MSG,KWPF8FEF,86 F1 11 41 00 BE 3E B8 11 
                    -  6776,RX QRY,KWPF8FEF,Delay: 100
                    -  6885,RX QRY,KWPF8FEF,Delay: 100
                    -  7057,RX QRY,KWPF8FEF,Delay: 512
                    -  7579,RX MSG,KWPF8FEF,
                    -  7579,RX MSG,KWPF8FEF,86 F1 11 41 00 BE 3E B8 11
                    (8.033 s,F) Initialize | 
10:32:31| ... MyLastResult | Success,Unknown,?->True
10:32:31| Connect | Init-Rty:2 (Success,Unknown,?->True | 8.13) | lVehiculoLink,VehiculoLink,VehTest
10:32:31| ... MyDad.Initialize > Success
10:32:31| DrewProtocol2MyProtocol | In:'KWPF8FEF'  Out:'KWD 2000-F' (CAN:False)
10:32:31| ... GetCallingProcedure | Connect_OBD
10:32:31| ... GetCallingProcedure | lVehiculoLink
10:32:31| ... GetCallingProcedure | VehiculoLink
10:32:31| GetSupportedPIDs | Starting ... (Mode:1) (Connect_OBD,lVehiculoLink,VehiculoLink)
10:32:31| ... SetupMyLastCommResult: InvalidData
10:32:31| ... DoDad | Action: System.Action | tag: GetModePID(01, 00) - PID support mask
10:32:31| ... GetCallingProcedure | Connect_OBD
10:32:31| ... GetCallingProcedure | lVehiculoLink
10:32:31| ... GetCallingProcedure | VehiculoLink
10:32:31| DoDad-01 | GetModePID(01, 00) - PID support mask (Open:True,008.10 | Connect_OBD,lVehiculoLink,VehiculoLink)
10:32:31| DoDad-01  ClearCommandLog ...
10:32:31| DoDad-01  Invoke ... (GetModePID(01, 00) - PID support mask)
10:32:32| DoDad-01  Invoke ... (GetModePID(01, 00) - PID support mask)  (1156)
10:32:32| DoDad-01  CommandLog.Length ...
10:32:32| DoDad-01  CommandLog ... (0)
10:32:32| DoDad-01-CommandLog-Len:150 Siz:150 | iStart: 0
10:32:32| DoDad-01  SerialData.Length ... (879)
10:32:32| DoDad-01 | GetModePID(01, 00) - PID support mask-SLL:00879,00879-CF:F-DLLInfo:'DAD_DLL_VERSION_16.12.25.0 .. 3.0.7.0'
                    -  DAD_DLL_VERSION_16.12.25.0
                    -  531,TX MSG,JVPW1850,68 6A F1 01 00 
                    -  531,RX QRY,JVPW1850,Delay: 100
                    -  644,RX QRY,JVPW1850,Delay: 100
                    -  753,RX QRY,JVPW1850,Delay: 100
                    -  862,TX MSG,JPWM1850,61 6A F1 01 00 
                    -  878,TX MSG,I914**,33 
                    -  5206,TX MSG,KWPF**,C1 33 F1 81 
                    -  6620,TX MSG,KWPF8FEF,C2 33 F1 01 00 
                    -  6666,RX QRY,KWPF8FEF,Delay: 100
                    -  6776,RX MSG,KWPF8FEF,
                    -  6776,RX MSG,KWPF8FEF,86 F1 11 41 00 BE 3E B8 11 
                    -  6776,RX QRY,KWPF8FEF,Delay: 100
                    -  6885,RX QRY,KWPF8FEF,Delay: 100
                    -  7057,RX QRY,KWPF8FEF,Delay: 512
                    -  7579,RX MSG,KWPF8FEF,
                    -  7579,RX MSG,KWPF8FEF,86 F1 11 41 00 BE 3E B8 11 
                    -  8485,TX MSG,KWPF8FEF,C2 33 F1 01 00 
                    -  8517,RX QRY,KWPF8FEF,Delay: 100
                    -  8626,RX MSG,KWPF8FEF,
                    -  8626,RX MSG,KWPF8FEF,86 F1 11 41 00 BE 3E B8 11 
                    -  8626,RX QRY,KWPF8FEF,Delay: 100
                    -  8735,RX QRY,KWPF8FEF,Delay: 100
                    -  8845,RX QRY,KWPF8FEF,Delay: 100
                    -  8954,RX QRY,KWPF8FEF,Delay: 100
                    -  9064,RX QRY,KWPF8FEF,Delay: 100
                    (1.172 s,F) GetModePID(01, 00) - PID support mask | NoEOL
10:32:32| ... SetupVehicleIsLinked
10:32:32| ... GetCallingProcedure | SetupMyLastCommResult
10:32:32| ... GetCallingProcedure | GetSupportedPIDs
10:32:32| ... GetCallingProcedure | Connect_OBD
10:32:32| ... SetupMyLastCommResult: Success
10:32:32| ... MyLastResult | Success,Unknown,True->True
10:32:32|  (Result:Success,Unknown,True->True)
10:32:32| GetSupportedPIDs | PID00 RspCnt:1
10:32:32| ... GetEcuIdFromAddress
10:32:32| ... ByteArrayToHexString | 11
10:32:32| ... ByteArrayToHexString | BE3EB811
10:32:32| ... DT_DataToString | Adr:11,Mod:01,PID:00,Dat:BE3EB811
10:32:32| GetSupportedPIDS | Data-Adr:11,Mod:01,PID:00,Dat:BE3EB811
10:32:32| SSBAFOB | MdPID:01,00 ECU:11 ...  InCnt:4 (BE,3E,B8,11,BC:017) SrtIdx:001
10:32:32| ... SetSupportedBitArrayFromObdBytes | BitAryLen:256  BitSetCnt:018  BAI:4-4,01,03,04,05,06,07,0B,0C,0D,0E,0F,11,13,14,15,1C,20
10:32:32| 2 | GetSupportedPIDs | 1-11-DBG3 -------------- 0,1,2,3,4,5,6,7, 8,9,A,B,C,D,E,F, G,H,I,J,K,L,M,N, O,P,Q,R,S,T,U,V
10:32:32| 2 | GetSupportedPIDs | 1-11-DBG3 000-00_00-020: T,T,F,T,T,T,T,T, F,F,F,T,T,T,T,T, F,T,F,T,T,T,F,F, F,F,F,F,T,F,F,F
10:32:32| 2 | GetSupportedPIDs | 1-11-DBG3 032-20_20-040: T,F,F,F,F,F,F,F, F,F,F,F,F,F,F,F, F,F,F,F,F,F,F,F, F,F,F,F,F,F,F,F
10:32:32| 2 | GetSupportedPIDs | 1-11-DBG3 064-40_40-060: F,F,F,F,F,F,F,F, F,F,F,F,F,F,F,F, F,F,F,F,F,F,F,F, F,F,F,F,F,F,F,F
10:32:32| 2 | GetSupportedPIDs | 1-11-DBG3 096-60_60-080: F,F,F,F,F,F,F,F, F,F,F,F,F,F,F,F, F,F,F,F,F,F,F,F, F,F,F,F,F,F,F,F
10:32:32| 2 | GetSupportedPIDs | 1-11-DBG3 128-80_80-0A0: F,F,F,F,F,F,F,F, F,F,F,F,F,F,F,F, F,F,F,F,F,F,F,F, F,F,F,F,F,F,F,F
10:32:32| 2 | GetSupportedPIDs | 1-11-DBG3 160-A0_A0-0C0: F,F,F,F,F,F,F,F, F,F,F,F,F,F,F,F, F,F,F,F,F,F,F,F, F,F,F,F,F,F,F,F
10:32:32| 2 | GetSupportedPIDs | 1-11-DBG3 192-C0_C0-0E0: F,F,F,F,F,F,F,F, F,F,F,F,F,F,F,F, F,F,F,F,F,F,F,F, F,F,F,F,F,F,F,F
10:32:32| 2 | GetSupportedPIDs | 1-11-DBG3 224-E0_E0-100: F,F,F,F,F,F,F,F, F,F,F,F,F,F,F,F, F,F,F,F,F,F,F,F, F,F,F,F,F,F,F,F  (T:018 F:238)
10:32:32| ... LogBitArray | 8
10:32:32| ... SetupMyLastCommResult: InvalidData
10:32:32| ... DoDad | Action: System.Action | tag: GetModePID(01, 20) - PID support mask
10:32:32| ... GetCallingProcedure | Connect_OBD
10:32:32| ... GetCallingProcedure | lVehiculoLink
10:32:32| ... GetCallingProcedure | VehiculoLink
10:32:32| DoDad-01 | GetModePID(01, 20) - PID support mask (Open:True,009.43 | Connect_OBD,lVehiculoLink,VehiculoLink)
10:32:32| DoDad-01  ClearCommandLog ...
10:32:32| DoDad-01  Invoke ... (GetModePID(01, 20) - PID support mask)
10:32:33| DoDad-01  Invoke ... (GetModePID(01, 20) - PID support mask)  (1157)
10:32:33| DoDad-01  CommandLog.Length ...
10:32:33| DoDad-01  CommandLog ... (0)
10:32:33| DoDad-01-CommandLog-Len:150 Siz:150 | iStart: 0
10:32:33| DoDad-01  SerialData.Length ... (1192)
10:32:33| DoDad-01 | GetModePID(01, 20) - PID support mask-SLL:01192,01192-CF:F-DLLInfo:'DAD_DLL_VERSION_16.12.25.0 .. 3.0.7.0'
                    -  DAD_DLL_VERSION_16.12.25.0
                    -  531,TX MSG,JVPW1850,68 6A F1 01 00 
                    -  531,RX QRY,JVPW1850,Delay: 100
                    -  644,RX QRY,JVPW1850,Delay: 100
                    -  753,RX QRY,JVPW1850,Delay: 100
                    -  862,TX MSG,JPWM1850,61 6A F1 01 00 
                    -  878,TX MSG,I914**,33 
                    -  5206,TX MSG,KWPF**,C1 33 F1 81 
                    -  6620,TX MSG,KWPF8FEF,C2 33 F1 01 00 
                    -  6666,RX QRY,KWPF8FEF,Delay: 100
                    -  6776,RX MSG,KWPF8FEF,
                    -  6776,RX MSG,KWPF8FEF,86 F1 11 41 00 BE 3E B8 11 
                    -  6776,RX QRY,KWPF8FEF,Delay: 100
                    -  6885,RX QRY,KWPF8FEF,Delay: 100
                    -  7057,RX QRY,KWPF8FEF,Delay: 512
                    -  7579,RX MSG,KWPF8FEF,
                    -  7579,RX MSG,KWPF8FEF,86 F1 11 41 00 BE 3E B8 11 
                    -  8485,TX MSG,KWPF8FEF,C2 33 F1 01 00 
                    -  8517,RX QRY,KWPF8FEF,Delay: 100
                    -  8626,RX MSG,KWPF8FEF,
                    -  8626,RX MSG,KWPF8FEF,86 F1 11 41 00 BE 3E B8 11 
                    -  8626,RX QRY,KWPF8FEF,Delay: 100
                    -  8735,RX QRY,KWPF8FEF,Delay: 100
                    -  8845,RX QRY,KWPF8FEF,Delay: 100
                    -  8954,RX QRY,KWPF8FEF,Delay: 100
                    -  9064,RX QRY,KWPF8FEF,Delay: 100
                    -  9805,TX MSG,KWPF8FEF,C2 33 F1 01 20 
                    -  9837,RX QRY,KWPF8FEF,Delay: 100
                    -  9946,RX MSG,KWPF8FEF,
                    -  9946,RX MSG,KWPF8FEF,86 F1 11 41 20 80 00 00 00 
                    -  9946,RX QRY,KWPF8FEF,Delay: 100
                    -  10055,RX QRY,KWPF8FEF,Delay: 100
                    -  10165,RX QRY,KWPF8FEF,Delay: 100
                    -  10274,RX QRY,KWPF8FEF,Delay: 100
                    -  10381,RX QRY,KWPF8FEF,Delay: 100
                    (1.157 s,F) GetModePID(01, 20) - PID support mask | NoEOL
10:32:33| ... SetupVehicleIsLinked
10:32:33| ... GetCallingProcedure | SetupMyLastCommResult
10:32:33| ... GetCallingProcedure | GetSupportedPIDs
10:32:33| ... GetCallingProcedure | Connect_OBD
10:32:33| ... SetupMyLastCommResult: Success
10:32:33| ... MyLastResult | Success,Unknown,True->True
10:32:33|  (Result:Success,Unknown,True->True)
10:32:33| GetSupportedPIDs | PID20 RspCnt:1
10:32:33| ... GetEcuIdFromAddress
10:32:33| ... ByteArrayToHexString | 11
10:32:33| ... ByteArrayToHexString | 80000000
10:32:33| ... DT_DataToString | Adr:11,Mod:01,PID:20,Dat:80000000
10:32:33| GetSupportedPIDS | Data-Adr:11,Mod:01,PID:20,Dat:80000000
10:32:33| SSBAFOB | MdPID:01,20 ECU:11 ...  InCnt:4 (80,00,00,00,BC:001) SrtIdx:033
10:32:33| ... SetSupportedBitArrayFromObdBytes | BitAryLen:256  BitSetCnt:019  BAI:4-4,21
10:32:33| 2 | GetSupportedPIDs | 1-11-DBG3 -------------- 0,1,2,3,4,5,6,7, 8,9,A,B,C,D,E,F, G,H,I,J,K,L,M,N, O,P,Q,R,S,T,U,V
10:32:33| 2 | GetSupportedPIDs | 1-11-DBG3 000-00_00-020: T,T,F,T,T,T,T,T, F,F,F,T,T,T,T,T, F,T,F,T,T,T,F,F, F,F,F,F,T,F,F,F
10:32:33| 2 | GetSupportedPIDs | 1-11-DBG3 032-20_20-040: T,T,F,F,F,F,F,F, F,F,F,F,F,F,F,F, F,F,F,F,F,F,F,F, F,F,F,F,F,F,F,F
10:32:33| 2 | GetSupportedPIDs | 1-11-DBG3 064-40_40-060: F,F,F,F,F,F,F,F, F,F,F,F,F,F,F,F, F,F,F,F,F,F,F,F, F,F,F,F,F,F,F,F
10:32:33| 2 | GetSupportedPIDs | 1-11-DBG3 096-60_60-080: F,F,F,F,F,F,F,F, F,F,F,F,F,F,F,F, F,F,F,F,F,F,F,F, F,F,F,F,F,F,F,F
10:32:33| 2 | GetSupportedPIDs | 1-11-DBG3 128-80_80-0A0: F,F,F,F,F,F,F,F, F,F,F,F,F,F,F,F, F,F,F,F,F,F,F,F, F,F,F,F,F,F,F,F
10:32:33| 2 | GetSupportedPIDs | 1-11-DBG3 160-A0_A0-0C0: F,F,F,F,F,F,F,F, F,F,F,F,F,F,F,F, F,F,F,F,F,F,F,F, F,F,F,F,F,F,F,F
10:32:34| 2 | GetSupportedPIDs | 1-11-DBG3 192-C0_C0-0E0: F,F,F,F,F,F,F,F, F,F,F,F,F,F,F,F, F,F,F,F,F,F,F,F, F,F,F,F,F,F,F,F
10:32:34| 2 | GetSupportedPIDs | 1-11-DBG3 224-E0_E0-100: F,F,F,F,F,F,F,F, F,F,F,F,F,F,F,F, F,F,F,F,F,F,F,F, F,F,F,F,F,F,F,F  (T:019 F:237)
10:32:34| ... LogBitArray | 8
10:32:34| GetSupportedPIDs | Mode:1 ECUCnt:1 PIDSupDicCnt:1
10:32:34| 4 | GetSupportedPIDS | Mode1-ECU11:-------------- 0,1,2,3,4,5,6,7, 8,9,A,B,C,D,E,F, G,H,I,J,K,L,M,N, O,P,Q,R,S,T,U,V
10:32:34| 4 | GetSupportedPIDS | Mode1-ECU11:000-00_00-020: T,T,F,T,T,T,T,T, F,F,F,T,T,T,T,T, F,T,F,T,T,T,F,F, F,F,F,F,T,F,F,F
10:32:34| 4 | GetSupportedPIDS | Mode1-ECU11:032-20_20-040: T,T,F,F,F,F,F,F, F,F,F,F,F,F,F,F, F,F,F,F,F,F,F,F, F,F,F,F,F,F,F,F
10:32:34| 4 | GetSupportedPIDS | Mode1-ECU11:064-40_40-060: F,F,F,F,F,F,F,F, F,F,F,F,F,F,F,F, F,F,F,F,F,F,F,F, F,F,F,F,F,F,F,F
10:32:34| 4 | GetSupportedPIDS | Mode1-ECU11:096-60_60-080: F,F,F,F,F,F,F,F, F,F,F,F,F,F,F,F, F,F,F,F,F,F,F,F, F,F,F,F,F,F,F,F
10:32:34| 4 | GetSupportedPIDS | Mode1-ECU11:128-80_80-0A0: F,F,F,F,F,F,F,F, F,F,F,F,F,F,F,F, F,F,F,F,F,F,F,F, F,F,F,F,F,F,F,F
10:32:34| 4 | GetSupportedPIDS | Mode1-ECU11:160-A0_A0-0C0: F,F,F,F,F,F,F,F, F,F,F,F,F,F,F,F, F,F,F,F,F,F,F,F, F,F,F,F,F,F,F,F
10:32:34| 4 | GetSupportedPIDS | Mode1-ECU11:192-C0_C0-0E0: F,F,F,F,F,F,F,F, F,F,F,F,F,F,F,F, F,F,F,F,F,F,F,F, F,F,F,F,F,F,F,F
10:32:34| 4 | GetSupportedPIDS | Mode1-ECU11:224-E0_E0-100: F,F,F,F,F,F,F,F, F,F,F,F,F,F,F,F, F,F,F,F,F,F,F,F, F,F,F,F,F,F,F,F  (T:019 F:237)
10:32:34| ... LogBitArray | 8
10:32:34| 2 | GetSupportedPIDs | 1-ECUxx -------------- 0,1,2,3,4,5,6,7, 8,9,A,B,C,D,E,F, G,H,I,J,K,L,M,N, O,P,Q,R,S,T,U,V
10:32:34| 2 | GetSupportedPIDs | 1-ECUxx 000-00_00-020: T,T,F,T,T,T,T,T, F,F,F,T,T,T,T,T, F,T,F,T,T,T,F,F, F,F,F,F,T,F,F,F
10:32:34| 2 | GetSupportedPIDs | 1-ECUxx 032-20_20-040: T,T,F,F,F,F,F,F, F,F,F,F,F,F,F,F, F,F,F,F,F,F,F,F, F,F,F,F,F,F,F,F
10:32:34| 2 | GetSupportedPIDs | 1-ECUxx 064-40_40-060: F,F,F,F,F,F,F,F, F,F,F,F,F,F,F,F, F,F,F,F,F,F,F,F, F,F,F,F,F,F,F,F
10:32:34| 2 | GetSupportedPIDs | 1-ECUxx 096-60_60-080: F,F,F,F,F,F,F,F, F,F,F,F,F,F,F,F, F,F,F,F,F,F,F,F, F,F,F,F,F,F,F,F
10:32:34| 2 | GetSupportedPIDs | 1-ECUxx 128-80_80-0A0: F,F,F,F,F,F,F,F, F,F,F,F,F,F,F,F, F,F,F,F,F,F,F,F, F,F,F,F,F,F,F,F
10:32:34| 2 | GetSupportedPIDs | 1-ECUxx 160-A0_A0-0C0: F,F,F,F,F,F,F,F, F,F,F,F,F,F,F,F, F,F,F,F,F,F,F,F, F,F,F,F,F,F,F,F
10:32:34| 2 | GetSupportedPIDs | 1-ECUxx 192-C0_C0-0E0: F,F,F,F,F,F,F,F, F,F,F,F,F,F,F,F, F,F,F,F,F,F,F,F, F,F,F,F,F,F,F,F
10:32:34| 2 | GetSupportedPIDs | 1-ECUxx 224-E0_E0-100: F,F,F,F,F,F,F,F, F,F,F,F,F,F,F,F, F,F,F,F,F,F,F,F, F,F,F,F,F,F,F,F  (T:019 F:237)
10:32:34| ... LogBitArray | 8
10:32:34| GetSupportedPIDs | PIDCnt-1-11:019  (TPC:19)
10:32:34| ... DictValueSortDesc
10:32:34| DVSD | 11:019->11:019
10:32:34| GetSupportedPIDs | Mode:1 PIDs-'019:00 01 03 04 05 06 07 0B 0C 0D 0E 0F 11 13 14 15 1C 20 21
10:32:34|  GetSupportedPIDs | Ending ... Success:TrueTrue 1-11:019
10:32:34| ReleaseDAD |  Starting ... Cnt:00001,01 (Connect)
10:32:34| ... ReleaseDAD | Success ... Cnt:00001,00 Opn:T (Connect, Connect)
10:32:34| ... Connect | 2
10:32:34| ... SetupVehicleIsLinked
10:32:34| ... GetCallingProcedure | Connect_OBD
10:32:34| ... GetCallingProcedure | lVehiculoLink
10:32:34| ... GetCallingProcedure | VehiculoLink
10:32:34| SVLI | VehicleIsLinked:'True'->'?'  (Connect_OBD,lVehiculoLink,VehiculoLink)
10:32:34| ... SetupVehicleIsLinked
10:32:34| ... GetCallingProcedure | Connect_OBD
10:32:34| ... GetCallingProcedure | lVehiculoLink
10:32:34| ... GetCallingProcedure | VehiculoLink
10:32:34| SVLI | VehicleIsLinked:'?'->'True'  (Connect_OBD,lVehiculoLink,VehiculoLink)
10:32:34| ... Connect | 3 | Connect_Succeeded = True
10:32:34| ... MyLastResult | Success,Unknown,?->True
10:32:34| Connect | Rslt:True EECUID:11 ECUs:1-(11:019->11:019,) Prot:'KWD 2000-F', 'KWD 2000-F' PC:19  (Success,Unknown,?->True, 10.95) (lVehiculoLink,VehiculoLink,VehTest)
10:32:34| ... DecrementActiveCount | 0
10:32:34| ... GetCallingProcedure | OpusIMCleanOBDdrv.Module1:Connect_OBD
10:32:34| ... GetCallingProcedure | OpusIMCleanOBDdrv.Module1:lVehiculoLink
10:32:34| ... GetCallingProcedure | OpusIMCleanOBDdrv.IMCleanOBD:VehiculoLink
10:32:34| ... LocalDecrementActiveCount | 0
10:32:34|  
10:32:34| ... Get MON >>>-----------------------------------------------------------------------
10:32:34| ... SetupMyLastCommResult: ConditionsNotCorrect
10:32:34| ... DoDad | Action: System.Action | tag: GetModePID(01, 01) - Readiness, DTC count, MIL
10:32:34| ... GetCallingProcedure | lVehiculoLink
10:32:34| ... GetCallingProcedure | VehiculoLink
10:32:34| ... GetCallingProcedure | VehTest
10:32:34| DoDad-01 | GetModePID(01, 01) - Readiness, DTC count, MIL (Open:True,010.93 | lVehiculoLink,VehiculoLink,VehTest)
10:32:34| DoDad-01  ClearCommandLog ...
10:32:34| DoDad-01  Invoke ... (GetModePID(01, 01) - Readiness, DTC count, MIL)
10:32:35| DoDad-01  Invoke ... (GetModePID(01, 01) - Readiness, DTC count, MIL)  (1157)
10:32:35| DoDad-01  CommandLog.Length ...
10:32:35| DoDad-01  CommandLog ... (0)
10:32:35| DoDad-01-CommandLog-Len:147 Siz:147 | iStart: 0
10:32:35| DoDad-01  SerialData.Length ... (329)
10:32:35| DoDad-01 | GetModePID(01, 01) - Readiness, DTC count, MIL-SLL:00329,00329-CF:F-DLLInfo:'DAD_DLL_VERSION_16.12.25.0 .. 3.0.7.0'
                    -  DAD_DLL_VERSION_16.12.25.0
                    -  437,TX MSG,KWPF8FEF,C2 33 F1 01 01 
                    -  469,RX QRY,KWPF8FEF,Delay: 100
                    -  578,RX MSG,KWPF8FEF,
                    -  578,RX MSG,KWPF8FEF,86 F1 11 41 01 00 07 E1 E1 
                    -  578,RX QRY,KWPF8FEF,Delay: 100
                    -  687,RX QRY,KWPF8FEF,Delay: 100
                    -  797,RX QRY,KWPF8FEF,Delay: 100
                    -  906,RX QRY,KWPF8FEF,Delay: 100
                    -  1015,RX QRY,KWPF8FEF,Delay: 100
                    (1.163 s,F) GetModePID(01, 01) - Readiness, DTC count, MIL | NoEOL
10:32:35| DECODE_Bus: DAD_DLL_VERSION_16.12.25.0
3.0.7.0

437,TX MSG,KWPF8FEF,C2 33 F1 01 01 
578,RX MSG,KWPF8FEF,
578,RX MSG,KWPF8FEF,86 F1 11 41 01 00 07 E1 E1 

10:32:35| sr | Get MON: 0 | 1
10:32:35|  
10:32:35| ... Get DTC >>>-----------------------------------------------------------------------
10:32:35| ... SetupMyLastCommResult: ConditionsNotCorrect
10:32:35| ... DoDad | Action: System.Action | tag: GetModePID(03, 00) - DTC count, MIL
10:32:35| ... GetCallingProcedure | lVehiculoLink
10:32:35| ... GetCallingProcedure | VehiculoLink
10:32:35| ... GetCallingProcedure | VehTest
10:32:35| DoDad-01 | GetModePID(03, 00) - DTC count, MIL (Open:True,012.15 | lVehiculoLink,VehiculoLink,VehTest)
10:32:35| DoDad-01  ClearCommandLog ...
10:32:35| DoDad-01  Invoke ... (GetModePID(03, 00) - DTC count, MIL)
10:32:36| DoDad-01  Invoke ... (GetModePID(03, 00) - DTC count, MIL)  (1172)
10:32:36| DoDad-01  CommandLog.Length ...
10:32:36| DoDad-01  CommandLog ... (0)
10:32:36| DoDad-01-CommandLog-Len:147 Siz:147 | iStart: 0
10:32:36| DoDad-01  SerialData.Length ... (329)
10:32:36| DoDad-01 | GetModePID(03, 00) - DTC count, MIL-SLL:00329,00329-CF:F-DLLInfo:'DAD_DLL_VERSION_16.12.25.0 .. 3.0.7.0'
                    -  DAD_DLL_VERSION_16.12.25.0
                    -  440,TX MSG,KWPF8FEF,C1 33 F1 03 
                    -  471,RX QRY,KWPF8FEF,Delay: 100
                    -  584,RX MSG,KWPF8FEF,
                    -  584,RX MSG,KWPF8FEF,87 F1 11 43 00 00 00 00 00 00 
                    -  584,RX QRY,KWPF8FEF,Delay: 100
                    -  694,RX QRY,KWPF8FEF,Delay: 100
                    -  803,RX QRY,KWPF8FEF,Delay: 100
                    -  912,RX QRY,KWPF8FEF,Delay: 100
                    -  1022,RX QRY,KWPF8FEF,Delay: 100
                    (1.163 s,F) GetModePID(03, 00) - DTC count, MIL | NoEOL
10:32:36| DECODE_Bus: DAD_DLL_VERSION_16.12.25.0
3.0.7.0

440,TX MSG,KWPF8FEF,C1 33 F1 03 
584,RX MSG,KWPF8FEF,
584,RX MSG,KWPF8FEF,87 F1 11 43 00 00 00 00 00 00 

10:32:36| sr | Get DTC: 0 | 1
10:32:36|  
10:32:36| ... (01, 1F) Tmp. Encendido >>>-----------------------------------------------------------------------
10:32:36| ... SetupMyLastCommResult: ConditionsNotCorrect
10:32:36| ... DoDad | Action: System.Action | tag: GetModePID(01, 1F) - Tmp. Encendido
10:32:36| ... GetCallingProcedure | lVehiculoLink
10:32:36| ... GetCallingProcedure | VehiculoLink
10:32:36| ... GetCallingProcedure | VehTest
10:32:36| DoDad-01 | GetModePID(01, 1F) - Tmp. Encendido (Open:True,013.37 | lVehiculoLink,VehiculoLink,VehTest)
10:32:36| DoDad-01  ClearCommandLog ...
10:32:36| DoDad-01  Invoke ... (GetModePID(01, 1F) - Tmp. Encendido)
10:32:37| DoDad-01  Invoke ... (GetModePID(01, 1F) - Tmp. Encendido)  (1141)
10:32:37| DoDad-01  CommandLog.Length ...
10:32:37| DoDad-01  CommandLog ... (0)
10:32:37| DoDad-01-CommandLog-Len:138 Siz:138 | iStart: 0
10:32:37| DoDad-01  SerialData.Length ... (320)
10:32:37| DoDad-01 | GetModePID(01, 1F) - Tmp. Encendido-SLL:00320,00320-CF:F-DLLInfo:'DAD_DLL_VERSION_16.12.25.0 .. 3.0.7.0'
                    -  DAD_DLL_VERSION_16.12.25.0
                    -  433,TX MSG,KWPF8FEF,C2 33 F1 01 1F 
                    -  465,RX QRY,KWPF8FEF,Delay: 100
                    -  574,RX MSG,KWPF8FEF,
                    -  574,RX MSG,KWPF8FEF,83 F1 11 7F 01 12 
                    -  574,RX QRY,KWPF8FEF,Delay: 100
                    -  683,RX QRY,KWPF8FEF,Delay: 100
                    -  793,RX QRY,KWPF8FEF,Delay: 100
                    -  902,RX QRY,KWPF8FEF,Delay: 100
                    -  1012,RX QRY,KWPF8FEF,Delay: 100
                    (1.153 s,F) GetModePID(01, 1F) - Tmp. Encendido | NoEOL
10:32:37| DECODE_Bus: DAD_DLL_VERSION_16.12.25.0
3.0.7.0

433,TX MSG,KWPF8FEF,C2 33 F1 01 1F 
574,RX MSG,KWPF8FEF,
574,RX MSG,KWPF8FEF,83 F1 11 7F 01 12 

10:32:37| sr | Tmp. Encendido: 0 | 1
10:32:37|  
10:32:37| ... (01, 21) Distancia MIL >>>-----------------------------------------------------------------------
10:32:37| ... SetupMyLastCommResult: ConditionsNotCorrect
10:32:37| ... DoDad | Action: System.Action | tag: GetModePID(01, 21) - Distancia MIL
10:32:37| ... GetCallingProcedure | lVehiculoLink
10:32:37| ... GetCallingProcedure | VehiculoLink
10:32:37| ... GetCallingProcedure | VehTest
10:32:37| DoDad-01 | GetModePID(01, 21) - Distancia MIL (Open:True,014.58 | lVehiculoLink,VehiculoLink,VehTest)
10:32:37| DoDad-01  ClearCommandLog ...
10:32:37| DoDad-01  Invoke ... (GetModePID(01, 21) - Distancia MIL)
10:32:39| DoDad-01  Invoke ... (GetModePID(01, 21) - Distancia MIL)  (1156)
10:32:39| DoDad-01  CommandLog.Length ...
10:32:39| DoDad-01  CommandLog ... (0)
10:32:39| DoDad-01-CommandLog-Len:141 Siz:141 | iStart: 0
10:32:39| DoDad-01  SerialData.Length ... (323)
10:32:39| DoDad-01 | GetModePID(01, 21) - Distancia MIL-SLL:00323,00323-CF:F-DLLInfo:'DAD_DLL_VERSION_16.12.25.0 .. 3.0.7.0'
                    -  DAD_DLL_VERSION_16.12.25.0
                    -  440,TX MSG,KWPF8FEF,C2 33 F1 01 15 
                    -  471,RX QRY,KWPF8FEF,Delay: 100
                    -  581,RX MSG,KWPF8FEF,
                    -  581,RX MSG,KWPF8FEF,84 F1 11 41 15 A1 80 
                    -  581,RX QRY,KWPF8FEF,Delay: 100
                    -  690,RX QRY,KWPF8FEF,Delay: 100
                    -  800,RX QRY,KWPF8FEF,Delay: 100
                    -  909,RX QRY,KWPF8FEF,Delay: 100
                    -  1018,RX QRY,KWPF8FEF,Delay: 100
                    (1.159 s,F) GetModePID(01, 21) - Distancia MIL | NoEOL
10:32:39| DECODE_Bus: DAD_DLL_VERSION_16.12.25.0
3.0.7.0

440,TX MSG,KWPF8FEF,C2 33 F1 01 15 
581,RX MSG,KWPF8FEF,
581,RX MSG,KWPF8FEF,84 F1 11 41 15 A1 80 

10:32:39| sr | Distancia MIL: 0 | 1
10:32:39|  
10:32:39| ... (01, 31) Distancia MIL Borrada >>>-----------------------------------------------------------------------
10:32:39| ... SetupMyLastCommResult: ConditionsNotCorrect
10:32:39| ... DoDad | Action: System.Action | tag: GetModePID(01, 31) - Distancia MIL Borrada
10:32:39| ... GetCallingProcedure | lVehiculoLink
10:32:39| ... GetCallingProcedure | VehiculoLink
10:32:39| ... GetCallingProcedure | VehTest
10:32:39| DoDad-01 | GetModePID(01, 31) - Distancia MIL Borrada (Open:True,015.82 | lVehiculoLink,VehiculoLink,VehTest)
10:32:39| DoDad-01  ClearCommandLog ...
10:32:39| DoDad-01  Invoke ... (GetModePID(01, 31) - Distancia MIL Borrada)
10:32:40| DoDad-01  Invoke ... (GetModePID(01, 31) - Distancia MIL Borrada)  (1156)
10:32:40| DoDad-01  CommandLog.Length ...
10:32:40| DoDad-01  CommandLog ... (0)
10:32:40| DoDad-01-CommandLog-Len:138 Siz:138 | iStart: 0
10:32:40| DoDad-01  SerialData.Length ... (320)
10:32:40| DoDad-01 | GetModePID(01, 31) - Distancia MIL Borrada-SLL:00320,00320-CF:F-DLLInfo:'DAD_DLL_VERSION_16.12.25.0 .. 3.0.7.0'
                    -  DAD_DLL_VERSION_16.12.25.0
                    -  437,TX MSG,KWPF8FEF,C2 33 F1 01 1F 
                    -  468,RX QRY,KWPF8FEF,Delay: 100
                    -  578,RX MSG,KWPF8FEF,
                    -  578,RX MSG,KWPF8FEF,83 F1 11 7F 01 12 
                    -  578,RX QRY,KWPF8FEF,Delay: 100
                    -  687,RX QRY,KWPF8FEF,Delay: 100
                    -  796,RX QRY,KWPF8FEF,Delay: 100
                    -  906,RX QRY,KWPF8FEF,Delay: 100
                    -  1015,RX QRY,KWPF8FEF,Delay: 100
                    (1.156 s,F) GetModePID(01, 31) - Distancia MIL Borrada | NoEOL
10:32:40| DECODE_Bus: DAD_DLL_VERSION_16.12.25.0
3.0.7.0

437,TX MSG,KWPF8FEF,C2 33 F1 01 1F 
578,RX MSG,KWPF8FEF,
578,RX MSG,KWPF8FEF,83 F1 11 7F 01 12 

10:32:40| sr | Distancia MIL Borrada: 0 | 1
10:32:40|  
10:32:40| ... (01, 33) Presion Barometrica Kpa >>>-----------------------------------------------------------------------
10:32:40| ... SetupMyLastCommResult: ConditionsNotCorrect
10:32:40| ... DoDad | Action: System.Action | tag: GetModePID(01, 33) - Presion Barometrica Kpa
10:32:40| ... GetCallingProcedure | lVehiculoLink
10:32:40| ... GetCallingProcedure | VehiculoLink
10:32:40| ... GetCallingProcedure | VehTest
10:32:40| DoDad-01 | GetModePID(01, 33) - Presion Barometrica Kpa (Open:True,017.04 | lVehiculoLink,VehiculoLink,VehTest)
10:32:40| DoDad-01  ClearCommandLog ...
10:32:40| DoDad-01  Invoke ... (GetModePID(01, 33) - Presion Barometrica Kpa)
10:32:41| DoDad-01  Invoke ... (GetModePID(01, 33) - Presion Barometrica Kpa)  (1156)
10:32:41| DoDad-01  CommandLog.Length ...
10:32:41| DoDad-01  CommandLog ... (0)
10:32:41| DoDad-01-CommandLog-Len:141 Siz:141 | iStart: 0
10:32:41| DoDad-01  SerialData.Length ... (323)
10:32:41| DoDad-01 | GetModePID(01, 33) - Presion Barometrica Kpa-SLL:00323,00323-CF:F-DLLInfo:'DAD_DLL_VERSION_16.12.25.0 .. 3.0.7.0'
                    -  DAD_DLL_VERSION_16.12.25.0
                    -  437,TX MSG,KWPF8FEF,C2 33 F1 01 21 
                    -  468,RX QRY,KWPF8FEF,Delay: 100
                    -  578,RX MSG,KWPF8FEF,
                    -  578,RX MSG,KWPF8FEF,84 F1 11 41 21 00 00 
                    -  578,RX QRY,KWPF8FEF,Delay: 100
                    -  692,RX QRY,KWPF8FEF,Delay: 100
                    -  801,RX QRY,KWPF8FEF,Delay: 100
                    -  911,RX QRY,KWPF8FEF,Delay: 100
                    -  1020,RX QRY,KWPF8FEF,Delay: 100
                    (1.161 s,F) GetModePID(01, 33) - Presion Barometrica Kpa | NoEOL
10:32:41| DECODE_Bus: DAD_DLL_VERSION_16.12.25.0
3.0.7.0

437,TX MSG,KWPF8FEF,C2 33 F1 01 21 
578,RX MSG,KWPF8FEF,
578,RX MSG,KWPF8FEF,84 F1 11 41 21 00 00 

10:32:41| sr | Presion Barometrica Kpa: 0 | 1
10:32:41|  
10:32:41| ... (01, 4D) Tmp MIL on >>>-----------------------------------------------------------------------
10:32:41| ... SetupMyLastCommResult: ConditionsNotCorrect
10:32:41| ... DoDad | Action: System.Action | tag: GetModePID(01, 4D) - Tmp MIL on
10:32:41| ... GetCallingProcedure | lVehiculoLink
10:32:41| ... GetCallingProcedure | VehiculoLink
10:32:41| ... GetCallingProcedure | VehTest
10:32:41| DoDad-01 | GetModePID(01, 4D) - Tmp MIL on (Open:True,018.26 | lVehiculoLink,VehiculoLink,VehTest)
10:32:41| DoDad-01  ClearCommandLog ...
10:32:41| DoDad-01  Invoke ... (GetModePID(01, 4D) - Tmp MIL on)
10:32:42| DoDad-01  Invoke ... (GetModePID(01, 4D) - Tmp MIL on)  (1157)
10:32:42| DoDad-01  CommandLog.Length ...
10:32:42| DoDad-01  CommandLog ... (0)
10:32:42| DoDad-01-CommandLog-Len:138 Siz:138 | iStart: 0
10:32:42| DoDad-01  SerialData.Length ... (320)
10:32:42| DoDad-01 | GetModePID(01, 4D) - Tmp MIL on-SLL:00320,00320-CF:F-DLLInfo:'DAD_DLL_VERSION_16.12.25.0 .. 3.0.7.0'
                    -  DAD_DLL_VERSION_16.12.25.0
                    -  433,TX MSG,KWPF8FEF,C2 33 F1 01 4D 
                    -  465,RX QRY,KWPF8FEF,Delay: 100
                    -  574,RX MSG,KWPF8FEF,
                    -  574,RX MSG,KWPF8FEF,83 F1 11 7F 01 12 
                    -  574,RX QRY,KWPF8FEF,Delay: 100
                    -  683,RX QRY,KWPF8FEF,Delay: 100
                    -  793,RX QRY,KWPF8FEF,Delay: 100
                    -  902,RX QRY,KWPF8FEF,Delay: 100
                    -  1011,RX QRY,KWPF8FEF,Delay: 100
                    (1.152 s,F) GetModePID(01, 4D) - Tmp MIL on | NoEOL
10:32:42| DECODE_Bus: DAD_DLL_VERSION_16.12.25.0
3.0.7.0

433,TX MSG,KWPF8FEF,C2 33 F1 01 4D 
574,RX MSG,KWPF8FEF,
574,RX MSG,KWPF8FEF,83 F1 11 7F 01 12 

10:32:42| sr | Tmp MIL on: 0 | 1
10:32:42|  
10:32:42| ... (01, 51) Tipo Combustible >>>-----------------------------------------------------------------------
10:32:42| ... SetupMyLastCommResult: ConditionsNotCorrect
10:32:42| ... DoDad | Action: System.Action | tag: GetModePID(01, 51) - Tipo Combustible
10:32:42| ... GetCallingProcedure | lVehiculoLink
10:32:42| ... GetCallingProcedure | VehiculoLink
10:32:42| ... GetCallingProcedure | VehTest
10:32:42| DoDad-01 | GetModePID(01, 51) - Tipo Combustible (Open:True,019.46 | lVehiculoLink,VehiculoLink,VehTest)
10:32:42| DoDad-01  ClearCommandLog ...
10:32:42| DoDad-01  Invoke ... (GetModePID(01, 51) - Tipo Combustible)
10:32:43| DoDad-01  Invoke ... (GetModePID(01, 51) - Tipo Combustible)  (1156)
10:32:43| DoDad-01  CommandLog.Length ...
10:32:43| DoDad-01  CommandLog ... (0)
10:32:43| DoDad-01-CommandLog-Len:138 Siz:138 | iStart: 0
10:32:43| DoDad-01  SerialData.Length ... (320)
10:32:43| DoDad-01 | GetModePID(01, 51) - Tipo Combustible-SLL:00320,00320-CF:F-DLLInfo:'DAD_DLL_VERSION_16.12.25.0 .. 3.0.7.0'
                    -  DAD_DLL_VERSION_16.12.25.0
                    -  437,TX MSG,KWPF8FEF,C2 33 F1 01 33 
                    -  468,RX QRY,KWPF8FEF,Delay: 100
                    -  578,RX MSG,KWPF8FEF,
                    -  578,RX MSG,KWPF8FEF,83 F1 11 7F 01 12 
                    -  578,RX QRY,KWPF8FEF,Delay: 100
                    -  687,RX QRY,KWPF8FEF,Delay: 100
                    -  796,RX QRY,KWPF8FEF,Delay: 100
                    -  906,RX QRY,KWPF8FEF,Delay: 100
                    -  1015,RX QRY,KWPF8FEF,Delay: 100
                    (1.156 s,F) GetModePID(01, 51) - Tipo Combustible | NoEOL
10:32:43| DECODE_Bus: DAD_DLL_VERSION_16.12.25.0
3.0.7.0

437,TX MSG,KWPF8FEF,C2 33 F1 01 33 
578,RX MSG,KWPF8FEF,
578,RX MSG,KWPF8FEF,83 F1 11 7F 01 12 

10:32:43| sr | Tipo Combustible: 0 | 1
10:32:43|  
10:32:43| ... (01, 7F) Tmp Marcha Motor >>>-----------------------------------------------------------------------
10:32:43| ... SetupMyLastCommResult: ConditionsNotCorrect
10:32:43| ... DoDad | Action: System.Action | tag: GetModePID(01, 7F) - Tmp Marcha Motor
10:32:43| ... GetCallingProcedure | lVehiculoLink
10:32:43| ... GetCallingProcedure | VehiculoLink
10:32:43| ... GetCallingProcedure | VehTest
10:32:44| DoDad-01 | GetModePID(01, 7F) - Tmp Marcha Motor (Open:True,020.70 | lVehiculoLink,VehiculoLink,VehTest)
10:32:44| DoDad-01  ClearCommandLog ...
10:32:44| DoDad-01  Invoke ... (GetModePID(01, 7F) - Tmp Marcha Motor)
10:32:45| DoDad-01  Invoke ... (GetModePID(01, 7F) - Tmp Marcha Motor)  (1156)
10:32:45| DoDad-01  CommandLog.Length ...
10:32:45| DoDad-01  CommandLog ... (0)
10:32:45| DoDad-01-CommandLog-Len:138 Siz:138 | iStart: 0
10:32:45| DoDad-01  SerialData.Length ... (320)
10:32:45| DoDad-01 | GetModePID(01, 7F) - Tmp Marcha Motor-SLL:00320,00320-CF:F-DLLInfo:'DAD_DLL_VERSION_16.12.25.0 .. 3.0.7.0'
                    -  DAD_DLL_VERSION_16.12.25.0
                    -  437,TX MSG,KWPF8FEF,C2 33 F1 01 7F 
                    -  468,RX QRY,KWPF8FEF,Delay: 100
                    -  578,RX MSG,KWPF8FEF,
                    -  578,RX MSG,KWPF8FEF,83 F1 11 7F 01 12 
                    -  578,RX QRY,KWPF8FEF,Delay: 100
                    -  687,RX QRY,KWPF8FEF,Delay: 100
                    -  796,RX QRY,KWPF8FEF,Delay: 100
                    -  906,RX QRY,KWPF8FEF,Delay: 100
                    -  1015,RX QRY,KWPF8FEF,Delay: 100
                    (1.153 s,F) GetModePID(01, 7F) - Tmp Marcha Motor | NoEOL
10:32:45| DECODE_Bus: DAD_DLL_VERSION_16.12.25.0
3.0.7.0

437,TX MSG,KWPF8FEF,C2 33 F1 01 7F 
578,RX MSG,KWPF8FEF,
578,RX MSG,KWPF8FEF,83 F1 11 7F 01 12 

10:32:45| sr | Tmp Marcha Motor: 0 | 1
10:32:45|  
10:32:45| ... (09, 04) Cal ID >>>-----------------------------------------------------------------------
10:32:45| ... SetupMyLastCommResult: ConditionsNotCorrect
10:32:45| ... DoDad | Action: System.Action | tag: GetModePID(09, 04) - Cal ID
10:32:45| ... GetCallingProcedure | lVehiculoLink
10:32:45| ... GetCallingProcedure | VehiculoLink
10:32:45| ... GetCallingProcedure | VehTest
10:32:45| DoDad-01 | GetModePID(09, 04) - Cal ID (Open:True,021.91 | lVehiculoLink,VehiculoLink,VehTest)
10:32:45| DoDad-01  ClearCommandLog ...
10:32:45| DoDad-01  Invoke ... (GetModePID(09, 04) - Cal ID)
10:32:46| DoDad-01  Invoke ... (GetModePID(09, 04) - Cal ID)  (1156)
10:32:46| DoDad-01  CommandLog.Length ...
10:32:46| DoDad-01  CommandLog ... (0)
10:32:46| DoDad-01-CommandLog-Len:372 Siz:372 | iStart: 0
10:32:46| DoDad-01  SerialData.Length ... (554)
10:32:46| DoDad-01 | GetModePID(09, 04) - Cal ID-SLL:00554,00554-CF:F-DLLInfo:'DAD_DLL_VERSION_16.12.25.0 .. 3.0.7.0'
                    -  DAD_DLL_VERSION_16.12.25.0
                    -  441,TX MSG,KWPF8FEF,C2 33 F1 09 04 
                    -  472,RX QRY,KWPF8FEF,Delay: 100
                    -  581,RX MSG,KWPF8FEF,
                    -  581,RX MSG,KWPF8FEF,87 F1 11 49 04 01 46 32 30 35 
                    -  581,RX MSG,KWPF8FEF,
                    -  581,RX MSG,KWPF8FEF,87 F1 11 49 04 02 53 44 33 35 
                    -  581,RX QRY,KWPF8FEF,Delay: 100
                    -  691,RX MSG,KWPF8FEF,
                    -  691,RX MSG,KWPF8FEF,87 F1 11 49 04 03 00 00 00 00 
                    -  691,RX MSG,KWPF8FEF,
                    -  691,RX MSG,KWPF8FEF,87 F1 11 49 04 04 00 00 00 00 
                    -  691,RX QRY,KWPF8FEF,Delay: 100
                    -  800,RX QRY,KWPF8FEF,Delay: 100
                    -  910,RX QRY,KWPF8FEF,Delay: 100
                    -  1019,RX QRY,KWPF8FEF,Delay: 100
                    (1.160 s,F) GetModePID(09, 04) - Cal ID | NoEOL
10:32:46| DECODE_Bus: DAD_DLL_VERSION_16.12.25.0
3.0.7.0

441,TX MSG,KWPF8FEF,C2 33 F1 09 04 
581,RX MSG,KWPF8FEF,
581,RX MSG,KWPF8FEF,87 F1 11 49 04 01 46 32 30 35 
581,RX MSG,KWPF8FEF,
581,RX MSG,KWPF8FEF,87 F1 11 49 04 02 53 44 33 35 
691,RX MSG,KWPF8FEF,
691,RX MSG,KWPF8FEF,87 F1 11 49 04 03 00 00 00 00 
691,RX MSG,KWPF8FEF,
691,RX MSG,KWPF8FEF,87 F1 11 49 04 04 00 00 00 00 

10:32:46| sr | Cal ID: 0 | 1
10:32:46|  
10:32:46| ... Get VIN >>>-----------------------------------------------------------------------
10:32:47| DAD_DLL_VERSION_16.12.25.0
3.0.7.0

441,TX MSG,KWPF8FEF,C2 33 F1 09 04 
581,RX MSG,KWPF8FEF,
581,RX MSG,KWPF8FEF,87 F1 11 49 04 01 46 32 30 35 
581,RX MSG,KWPF8FEF,
581,RX MSG,KWPF8FEF,87 F1 11 49 04 02 53 44 33 35 
691,RX MSG,KWPF8FEF,
691,RX MSG,KWPF8FEF,87 F1 11 49 04 03 00 00 00 00 
691,RX MSG,KWPF8FEF,
691,RX MSG,KWPF8FEF,87 F1 11 49 04 04 00 00 00 00 
1628,TX MSG,KWPF8FEF,C2 33 F1 09 02 
1760,RX MSG,KWPF8FEF,
1760,RX MSG,KWPF8FEF,87 F1 11 49 02 01 00 00 00 4D 
1760,RX MSG,KWPF8FEF,
1760,RX MSG,KWPF8FEF,87 F1 11 49 02 02 41 36 43 42 
1870,RX MSG,KWPF8FEF,
1870,RX MSG,KWPF8FEF,87 F1 11 49 02 03 36 43 44 35 
1870,RX MSG,KWPF8FEF,
1870,RX MSG,KWPF8FEF,87 F1 11 49 02 04 4A 54 30 31 
1870,RX MSG,KWPF8FEF,
1870,RX MSG,KWPF8FEF,87 F1 11 49 02 05 32 37 30 34 

10:32:47| SR: 0 | 1
10:32:47| ... GetEcuIdFromAddress
10:32:47| ... ByteArrayToHexString | 00 00 00 4D 41 36 43 42 36 43 44 35 4A 54 30 31 32 37 30 34
10:32:47| GetVIN | ECU:11  DLen:020 (00 00 00 4D 41 36 43 42 36 43 44 35 4A 54 30 31 32 37 30 34)
10:32:47| ... ByteArrayToHexString | 00,00,00,4D,41,36,43,42,36,43,44,35,4A,54,30,31,32,37,30,34
10:32:47| ... CheckForNAK | Ret:False  Len:20  Buf:00,00,00,4D,41,36,43,42,36,43,44,35,4A,54,30,31,32,37,30,34  SID:09  PID:02  Prot:'KWD 2000-F'
10:32:47| ... ByteArrayToString | MA6CB6CD5JT012704
10:32:47| GetVIN | ECU:11  VIN: Null
10:32:47| DECODE_Bus: DAD_DLL_VERSION_16.12.25.0
3.0.7.0

441,TX MSG,KWPF8FEF,C2 33 F1 09 04 
581,RX MSG,KWPF8FEF,
581,RX MSG,KWPF8FEF,87 F1 11 49 04 01 46 32 30 35 
581,RX MSG,KWPF8FEF,
581,RX MSG,KWPF8FEF,87 F1 11 49 04 02 53 44 33 35 
691,RX MSG,KWPF8FEF,
691,RX MSG,KWPF8FEF,87 F1 11 49 04 03 00 00 00 00 
691,RX MSG,KWPF8FEF,
691,RX MSG,KWPF8FEF,87 F1 11 49 04 04 00 00 00 00 
1628,TX MSG,KWPF8FEF,C2 33 F1 09 02 
1760,RX MSG,KWPF8FEF,
1760,RX MSG,KWPF8FEF,87 F1 11 49 02 01 00 00 00 4D 
1760,RX MSG,KWPF8FEF,
1760,RX MSG,KWPF8FEF,87 F1 11 49 02 02 41 36 43 42 
1870,RX MSG,KWPF8FEF,
1870,RX MSG,KWPF8FEF,87 F1 11 49 02 03 36 43 44 35 
1870,RX MSG,KWPF8FEF,
1870,RX MSG,KWPF8FEF,87 F1 11 49 02 04 4A 54 30 31 
1870,RX MSG,KWPF8FEF,
1870,RX MSG,KWPF8FEF,87 F1 11 49 02 05 32 37 30 34 

10:32:47|  
10:32:47| ... Get VOLTAJES >>>-----------------------------------------------------------------------
10:32:47| ... SetupMyLastCommResult: ConditionsNotCorrect
10:32:47| ... DoDad | Action: System.Action | tag: GetModePID(01, 42) - Voltaje
10:32:47| ... GetCallingProcedure | lVehiculoLink
10:32:47| ... GetCallingProcedure | VehiculoLink
10:32:47| ... GetCallingProcedure | VehTest
10:32:47| DoDad-01 | GetModePID(01, 42) - Voltaje (Open:True,024.31 | lVehiculoLink,VehiculoLink,VehTest)
10:32:47| DoDad-01  ClearCommandLog ...
10:32:47| DoDad-01  Invoke ... (GetModePID(01, 42) - Voltaje)
10:32:48| DoDad-01  Invoke ... (GetModePID(01, 42) - Voltaje)  (1172)
10:32:48| DoDad-01  CommandLog.Length ...
10:32:48| DoDad-01  CommandLog ... (0)
10:32:48| DoDad-01-CommandLog-Len:138 Siz:138 | iStart: 0
10:32:48| DoDad-01  SerialData.Length ... (320)
10:32:48| DoDad-01 | GetModePID(01, 42) - Voltaje-SLL:00320,00320-CF:F-DLLInfo:'DAD_DLL_VERSION_16.12.25.0 .. 3.0.7.0'
                    -  DAD_DLL_VERSION_16.12.25.0
                    -  444,TX MSG,KWPF8FEF,C2 33 F1 01 2A 
                    -  475,RX QRY,KWPF8FEF,Delay: 100
                    -  584,RX MSG,KWPF8FEF,
                    -  584,RX MSG,KWPF8FEF,83 F1 11 7F 01 12 
                    -  584,RX QRY,KWPF8FEF,Delay: 100
                    -  697,RX QRY,KWPF8FEF,Delay: 100
                    -  807,RX QRY,KWPF8FEF,Delay: 100
                    -  916,RX QRY,KWPF8FEF,Delay: 100
                    -  1025,RX QRY,KWPF8FEF,Delay: 100
                    (1.186 s,F) GetModePID(01, 42) - Voltaje | NoEOL
10:32:48| DECODE_Bus: DAD_DLL_VERSION_16.12.25.0
3.0.7.0

444,TX MSG,KWPF8FEF,C2 33 F1 01 2A 
584,RX MSG,KWPF8FEF,
584,RX MSG,KWPF8FEF,83 F1 11 7F 01 12 

10:32:48| sr | Get Voltaje: 0 | 1
10:32:48|  
10:32:48| ... Get RPM >>>-----------------------------------------------------------------------
10:32:48| ... SetupMyLastCommResult: ConditionsNotCorrect
10:32:48| ... DoDad | Action: System.Action | tag: GetModePID(01, 0C) - DTC count, MIL
10:32:48| ... GetCallingProcedure | lVehiculoLink
10:32:48| ... GetCallingProcedure | VehiculoLink
10:32:48| ... GetCallingProcedure | VehTest
10:32:48| DoDad-01 | GetModePID(01, 0C) - DTC count, MIL (Open:True,025.57 | lVehiculoLink,VehiculoLink,VehTest)
10:32:48| DoDad-01  ClearCommandLog ...
10:32:48| DoDad-01  Invoke ... (GetModePID(01, 0C) - DTC count, MIL)
10:32:50| DoDad-01  Invoke ... (GetModePID(01, 0C) - DTC count, MIL)  (1172)
10:32:50| DoDad-01  CommandLog.Length ...
10:32:50| DoDad-01  CommandLog ... (0)
10:32:50| DoDad-01-CommandLog-Len:141 Siz:141 | iStart: 0
10:32:50| DoDad-01  SerialData.Length ... (323)
10:32:50| DoDad-01 | GetModePID(01, 0C) - DTC count, MIL-SLL:00323,00323-CF:F-DLLInfo:'DAD_DLL_VERSION_16.12.25.0 .. 3.0.7.0'
                    -  DAD_DLL_VERSION_16.12.25.0
                    -  442,TX MSG,KWPF8FEF,C2 33 F1 01 0C 
                    -  473,RX QRY,KWPF8FEF,Delay: 100
                    -  583,RX MSG,KWPF8FEF,
                    -  583,RX MSG,KWPF8FEF,84 F1 11 41 0C 0A C4 
                    -  583,RX QRY,KWPF8FEF,Delay: 100
                    -  696,RX QRY,KWPF8FEF,Delay: 100
                    -  805,RX QRY,KWPF8FEF,Delay: 100
                    -  914,RX QRY,KWPF8FEF,Delay: 100
                    -  1028,RX QRY,KWPF8FEF,Delay: 100
                    (1.167 s,F) GetModePID(01, 0C) - DTC count, MIL | NoEOL
10:32:50| DECODE_Bus: DAD_DLL_VERSION_16.12.25.0
3.0.7.0

442,TX MSG,KWPF8FEF,C2 33 F1 01 0C 
583,RX MSG,KWPF8FEF,
583,RX MSG,KWPF8FEF,84 F1 11 41 0C 0A C4 

10:32:50| sr | Get RPM(1): 0 | 1
10:32:50| ... SetupMyLastCommResult: ConditionsNotCorrect
10:32:50| ... DoDad | Action: System.Action | tag: GetModePID(01, 0C) - DTC count, MIL
10:32:50| ... GetCallingProcedure | lVehiculoLink
10:32:50| ... GetCallingProcedure | VehiculoLink
10:32:50| ... GetCallingProcedure | VehTest
10:32:50| DoDad-01 | GetModePID(01, 0C) - DTC count, MIL (Open:True,026.78 | lVehiculoLink,VehiculoLink,VehTest)
10:32:50| DoDad-01  ClearCommandLog ...
10:32:50| DoDad-01  Invoke ... (GetModePID(01, 0C) - DTC count, MIL)
10:32:51| DoDad-01  Invoke ... (GetModePID(01, 0C) - DTC count, MIL)  (1156)
10:32:51| DoDad-01  CommandLog.Length ...
10:32:51| DoDad-01  CommandLog ... (0)
10:32:51| DoDad-01-CommandLog-Len:141 Siz:141 | iStart: 0
10:32:51| DoDad-01  SerialData.Length ... (323)
10:32:51| DoDad-01 | GetModePID(01, 0C) - DTC count, MIL-SLL:00323,00323-CF:F-DLLInfo:'DAD_DLL_VERSION_16.12.25.0 .. 3.0.7.0'
                    -  DAD_DLL_VERSION_16.12.25.0
                    -  444,TX MSG,KWPF8FEF,C2 33 F1 01 0C 
                    -  475,RX QRY,KWPF8FEF,Delay: 100
                    -  584,RX MSG,KWPF8FEF,
                    -  584,RX MSG,KWPF8FEF,84 F1 11 41 0C 0A BC 
                    -  584,RX QRY,KWPF8FEF,Delay: 100
                    -  694,RX QRY,KWPF8FEF,Delay: 100
                    -  797,RX QRY,KWPF8FEF,Delay: 100
                    -  906,RX QRY,KWPF8FEF,Delay: 100
                    -  1016,RX QRY,KWPF8FEF,Delay: 100
                    (1.172 s,F) GetModePID(01, 0C) - DTC count, MIL | NoEOL
10:32:51| DECODE_Bus: DAD_DLL_VERSION_16.12.25.0
3.0.7.0

444,TX MSG,KWPF8FEF,C2 33 F1 01 0C 
584,RX MSG,KWPF8FEF,
584,RX MSG,KWPF8FEF,84 F1 11 41 0C 0A BC 

10:32:51| sr | Get RPM(2): 0 | 1
10:32:51| ... SetupMyLastCommResult: ConditionsNotCorrect
10:32:51| ... DoDad | Action: System.Action | tag: GetModePID(01, 0C) - DTC count, MIL
10:32:51| ... GetCallingProcedure | lVehiculoLink
10:32:51| ... GetCallingProcedure | VehiculoLink
10:32:51| ... GetCallingProcedure | VehTest
10:32:51| DoDad-01 | GetModePID(01, 0C) - DTC count, MIL (Open:True,028.00 | lVehiculoLink,VehiculoLink,VehTest)
10:32:51| DoDad-01  ClearCommandLog ...
10:32:51| DoDad-01  Invoke ... (GetModePID(01, 0C) - DTC count, MIL)
10:32:52| DoDad-01  Invoke ... (GetModePID(01, 0C) - DTC count, MIL)  (1172)
10:32:52| DoDad-01  CommandLog.Length ...
10:32:52| DoDad-01  CommandLog ... (0)
10:32:52| DoDad-01-CommandLog-Len:141 Siz:141 | iStart: 0
10:32:52| DoDad-01  SerialData.Length ... (323)
10:32:52| DoDad-01 | GetModePID(01, 0C) - DTC count, MIL-SLL:00323,00323-CF:F-DLLInfo:'DAD_DLL_VERSION_16.12.25.0 .. 3.0.7.0'
                    -  DAD_DLL_VERSION_16.12.25.0
                    -  443,TX MSG,KWPF8FEF,C2 33 F1 01 0C 
                    -  474,RX QRY,KWPF8FEF,Delay: 100
                    -  584,RX MSG,KWPF8FEF,
                    -  584,RX MSG,KWPF8FEF,84 F1 11 41 0C 0B 18 
                    -  584,RX QRY,KWPF8FEF,Delay: 100
                    -  696,RX QRY,KWPF8FEF,Delay: 100
                    -  806,RX QRY,KWPF8FEF,Delay: 100
                    -  915,RX QRY,KWPF8FEF,Delay: 100
                    -  1025,RX QRY,KWPF8FEF,Delay: 100
                    (1.181 s,F) GetModePID(01, 0C) - DTC count, MIL | NoEOL
10:32:52| DECODE_Bus: DAD_DLL_VERSION_16.12.25.0
3.0.7.0

443,TX MSG,KWPF8FEF,C2 33 F1 01 0C 
584,RX MSG,KWPF8FEF,
584,RX MSG,KWPF8FEF,84 F1 11 41 0C 0B 18 

10:32:52| sr | Get RPM(3): 0 | 1
10:32:52| ... SetupMyLastCommResult: ConditionsNotCorrect
10:32:52| ... DoDad | Action: System.Action | tag: GetModePID(01, 0C) - DTC count, MIL
10:32:52| ... GetCallingProcedure | lVehiculoLink
10:32:52| ... GetCallingProcedure | VehiculoLink
10:32:52| ... GetCallingProcedure | VehTest
10:32:52| DoDad-01 | GetModePID(01, 0C) - DTC count, MIL (Open:True,029.23 | lVehiculoLink,VehiculoLink,VehTest)
10:32:52| DoDad-01  ClearCommandLog ...
10:32:52| DoDad-01  Invoke ... (GetModePID(01, 0C) - DTC count, MIL)
10:32:53| DoDad-01  Invoke ... (GetModePID(01, 0C) - DTC count, MIL)  (1156)
10:32:53| DoDad-01  CommandLog.Length ...
10:32:53| DoDad-01  CommandLog ... (0)
10:32:53| DoDad-01-CommandLog-Len:141 Siz:141 | iStart: 0
10:32:53| DoDad-01  SerialData.Length ... (323)
10:32:53| DoDad-01 | GetModePID(01, 0C) - DTC count, MIL-SLL:00323,00323-CF:F-DLLInfo:'DAD_DLL_VERSION_16.12.25.0 .. 3.0.7.0'
                    -  DAD_DLL_VERSION_16.12.25.0
                    -  441,TX MSG,KWPF8FEF,C2 33 F1 01 0C 
                    -  472,RX QRY,KWPF8FEF,Delay: 100
                    -  581,RX MSG,KWPF8FEF,
                    -  581,RX MSG,KWPF8FEF,84 F1 11 41 0C 0A F8 
                    -  581,RX QRY,KWPF8FEF,Delay: 100
                    -  690,RX QRY,KWPF8FEF,Delay: 100
                    -  800,RX QRY,KWPF8FEF,Delay: 100
                    -  909,RX QRY,KWPF8FEF,Delay: 100
                    -  1019,RX QRY,KWPF8FEF,Delay: 100
                    (1.175 s,F) GetModePID(01, 0C) - DTC count, MIL | NoEOL
10:32:53| DECODE_Bus: DAD_DLL_VERSION_16.12.25.0
3.0.7.0

441,TX MSG,KWPF8FEF,C2 33 F1 01 0C 
581,RX MSG,KWPF8FEF,
581,RX MSG,KWPF8FEF,84 F1 11 41 0C 0A F8 

10:32:53| sr | Get RPM(4): 0 | 1
10:32:54| Success
10:32:54| InitIMCleanDevice | DeviceVoltage:13.6
10:32:54| InitIMCleanDevice | DeviceVoltageDLC:13.9
10:32:54| ... >>>-----------------------------------------------------------------------
10:32:54| ... >>>-----------------------------------------------------------------------
10:32:54| VIN: MA6CB6CD5JT012704
10:32:54| MON: 
10:32:54| DTC: 
10:32:54| Voltage: 13.6
10:32:54| VoltageDLC: 13.9
10:32:54| Pid0101 : Null
10:32:54| Pid0300 : Null
10:32:54| Pid0121 : Null
10:32:54| Pid0131 : Null
10:32:54| Pid0133 : Null
10:32:54| Pid011F : Null
10:32:54| Pid017F : Null
10:32:54| Pid014D : Null
10:32:54| Pid0951 : Null
10:32:54| Pid0902 : Null
10:32:54| Pid0904 : Null
10:32:54| Pid010C: Null
10:32:54| RPM: 0 | 1: 0 | 2: 0 | 3: 0
10:32:54| ****** Posible Simulación de lecturas OBD detectada.
10:32:54| *** Connect ... EOF()
10:32:54| VehiculoLink: Pass: Inspección vehicular OBD concluido.
10:45:20|  
10:45:20| ... Connect_OBD ===================================================================================================================
10:45:20|  
10:45:20| ... GetCallingProcedure | lVehiculoLink
10:45:20| ... GetCallingProcedure | VehiculoLink
10:45:20| ... GetCallingProcedure | VehTest
10:45:20| ... IncrementActiveCount | 1
10:45:20| ... GetCallingProcedure | OpusIMCleanOBDdrv.Module1:Connect_OBD
10:45:20| ... GetCallingProcedure | OpusIMCleanOBDdrv.Module1:lVehiculoLink
10:45:20| ... GetCallingProcedure | OpusIMCleanOBDdrv.IMCleanOBD:VehiculoLink
10:45:20| ... MyDADStatus | LCR:ConditionsNotCorrect,Unknown
10:45:20| ... Connect | ---------------- Connect --------------- SC:'' (LCR:ConditionsNotCorrect,Unknown) (lVehiculoLink,VehiculoLink,VehTest)
10:45:20| GetDAD | Starting ... Cnt:00002,00 Opn:T (Connect)
10:45:20| GetDAD | Success ... Cnt:00002,01 Opn:T (Connect, Connect)
10:45:21| ... Connect | 1 | GetDAD =Connect
10:45:21| ... SetupMyLastCommResult: InvalidData
10:45:21| ... MyDad.Initialize 
10:45:21| ... DoDad | Action: System.Action | tag: Initialize
10:45:21| ... GetCallingProcedure | lVehiculoLink
10:45:21| ... GetCallingProcedure | VehiculoLink
10:45:21| ... GetCallingProcedure | VehTest
10:45:21| DoDad-01 | Initialize (Open:True,777.71 | lVehiculoLink,VehiculoLink,VehTest)
10:45:21| DoDad-01  ClearCommandLog ...
10:45:21| DoDad-01  Invoke ... (Initialize)
10:45:33| ... SetupVehicleIsLinked
10:45:33| ... GetCallingProcedure | SetupMyLastCommResult
10:45:33| ... GetCallingProcedure | _Lambda$__0
10:45:33| ... GetCallingProcedure | DoDad
10:45:33| ... SetupMyLastCommResult: Success
10:45:33| DoDad-01  Invoke ... (Initialize)  (12641)
10:45:33| DoDad-01  CommandLog.Length ...
10:45:33| DoDad-01  CommandLog ... (0)
10:45:33| DoDad-01-CommandLog-Len:459 Siz:459 | iStart: 0
10:45:33| DoDad-01  SerialData.Length ... (803)
10:45:33| DoDad-01 | Initialize-SLL:00803,00803-CF:F-DLLInfo:'DAD_DLL_VERSION_16.12.25.0 .. 3.0.7.0'
                    -  DAD_DLL_VERSION_16.12.25.0
                    -  609,TX MSG,JVPW1850,68 6A F1 01 00 
                    -  609,RX QRY,JVPW1850,Delay: 100
                    -  718,RX QRY,JVPW1850,Delay: 100
                    -  828,RX QRY,JVPW1850,Delay: 100
                    -  945,TX MSG,JPWM1850,61 6A F1 01 00 
                    -  960,TX MSG,I9148FEF,33 
                    -  5273,TX MSG,KWPF**,C1 33 F1 81 
                    -  11737,TX MSG,ICAN11bt500,00 00 07 DF 01 00 
                    -  11737,RX QRY,ICAN11bt500,Delay: 100
                    -  11847,RX MSG,ICAN11bt500,00 00 07 DF 
                    -  11847,RX QRY,ICAN11bt500,Delay: 100
                    -  11960,RX QRY,ICAN11bt500,Delay: 100
                    -  12069,TX MSG,ICAN29bt500,18 DB 33 F1 02 01 00 00 00 00 00 00 
                    -  12272,TX MSG,ICAN29bt500,18 DB 33 F1 01 00 
                    -  12272,RX QRY,ICAN29bt500,Delay: 100
                    -  12382,RX MSG,ICAN29bt500,18 DB 33 F1 
                    -  12382,RX MSG,ICAN29bt500,18 DA F1 0E 41 00 BE 3F A8 13 
                    -  12382,RX QRY,ICAN29bt500,Delay: 100
                    -  12491,RX QRY,ICAN29bt500,Delay: 100
                    -  12600,RX QRY,ICAN29bt500,Delay: 100
                    (12.644 s,F) Initialize | 
10:45:33| ... MyLastResult | Success,Unknown,True->True
10:45:33| Connect | Init-Rty:2 (Success,Unknown,True->True | 12.75) | lVehiculoLink,VehiculoLink,VehTest
10:45:33| ... MyDad.Initialize > Success
10:45:33| DrewProtocol2MyProtocol | In:'ICAN29bt500'  Out:'CAN29' (CAN:True)
10:45:33| ... GetCallingProcedure | Connect_OBD
10:45:33| ... GetCallingProcedure | lVehiculoLink
10:45:33| ... GetCallingProcedure | VehiculoLink
10:45:33| GetSupportedPIDs | Starting ... (Mode:1) (Connect_OBD,lVehiculoLink,VehiculoLink)
10:45:33| ... SetupMyLastCommResult: InvalidData
10:45:33| ... DoDad | Action: System.Action | tag: GetModePID(01, 00) - PID support mask
10:45:33| ... GetCallingProcedure | Connect_OBD
10:45:33| ... GetCallingProcedure | lVehiculoLink
10:45:33| ... GetCallingProcedure | VehiculoLink
10:45:33| DoDad-01 | GetModePID(01, 00) - PID support mask (Open:True,790.45 | Connect_OBD,lVehiculoLink,VehiculoLink)
10:45:33| DoDad-01  ClearCommandLog ...
10:45:33| DoDad-01  Invoke ... (GetModePID(01, 00) - PID support mask)
10:45:34| DoDad-01  Invoke ... (GetModePID(01, 00) - PID support mask)  (781)
10:45:34| DoDad-01  CommandLog.Length ...
10:45:34| DoDad-01  CommandLog ... (0)
10:45:34| DoDad-01-CommandLog-Len:180 Siz:180 | iStart: 0
10:45:34| DoDad-01  SerialData.Length ... (1203)
10:45:34| DoDad-01 | GetModePID(01, 00) - PID support mask-SLL:01203,01203-CF:F-DLLInfo:'DAD_DLL_VERSION_16.12.25.0 .. 3.0.7.0'
                    -  DAD_DLL_VERSION_16.12.25.0
                    -  609,TX MSG,JVPW1850,68 6A F1 01 00 
                    -  609,RX QRY,JVPW1850,Delay: 100
                    -  718,RX QRY,JVPW1850,Delay: 100
                    -  828,RX QRY,JVPW1850,Delay: 100
                    -  945,TX MSG,JPWM1850,61 6A F1 01 00 
                    -  960,TX MSG,I9148FEF,33 
                    -  5273,TX MSG,KWPF**,C1 33 F1 81 
                    -  11737,TX MSG,ICAN11bt500,00 00 07 DF 01 00 
                    -  11737,RX QRY,ICAN11bt500,Delay: 100
                    -  11847,RX MSG,ICAN11bt500,00 00 07 DF 
                    -  11847,RX QRY,ICAN11bt500,Delay: 100
                    -  11960,RX QRY,ICAN11bt500,Delay: 100
                    -  12069,TX MSG,ICAN29bt500,18 DB 33 F1 02 01 00 00 00 00 00 00 
                    -  12272,TX MSG,ICAN29bt500,18 DB 33 F1 01 00 
                    -  12272,RX QRY,ICAN29bt500,Delay: 100
                    -  12382,RX MSG,ICAN29bt500,18 DB 33 F1 
                    -  12382,RX MSG,ICAN29bt500,18 DA F1 0E 41 00 BE 3F A8 13 
                    -  12382,RX QRY,ICAN29bt500,Delay: 100
                    -  12491,RX QRY,ICAN29bt500,Delay: 100
                    -  12600,RX QRY,ICAN29bt500,Delay: 100
                    -  12815,TX MSG,ICAN29bt500,18 DB 33 F1 01 00 
                    -  12815,RX QRY,ICAN29bt500,Delay: 100
                    -  12925,RX MSG,ICAN29bt500,18 DB 33 F1 
                    -  12925,RX MSG,ICAN29bt500,18 DA F1 0E 41 00 BE 3F A8 13 
                    -  12925,RX QRY,ICAN29bt500,Delay: 100
                    -  13034,RX QRY,ICAN29bt500,Delay: 100
                    -  13143,RX QRY,ICAN29bt500,Delay: 100
                    -  13253,RX QRY,ICAN29bt500,Delay: 100
                    -  13363,RX QRY,ICAN29bt500,Delay: 100
                    -  13469,RX QRY,ICAN29bt500,Delay: 100
                    (0.779 s,F) GetModePID(01, 00) - PID support mask | NoEOL
10:45:34| ... SetupVehicleIsLinked
10:45:34| ... GetCallingProcedure | SetupMyLastCommResult
10:45:34| ... GetCallingProcedure | GetSupportedPIDs
10:45:34| ... GetCallingProcedure | Connect_OBD
10:45:34| ... SetupMyLastCommResult: Success
10:45:34| ... MyLastResult | Success,Unknown,True->True
10:45:34|  (Result:Success,Unknown,True->True)
10:45:34| GetSupportedPIDs | PID00 RspCnt:1
10:45:34| ... GetEcuIdFromAddress
10:45:34| ... ByteArrayToHexString | 0E
10:45:34| ... ByteArrayToHexString | BE3FA813
10:45:34| ... DT_DataToString | Adr:0E,Mod:01,PID:00,Dat:BE3FA813
10:45:34| GetSupportedPIDS | Data-Adr:0E,Mod:01,PID:00,Dat:BE3FA813
10:45:34| SSBAFOB | MdPID:01,00 ECU:0E ...  InCnt:4 (BE,3F,A8,13,BC:018) SrtIdx:001
10:45:34| ... SetSupportedBitArrayFromObdBytes | BitAryLen:256  BitSetCnt:019  BAI:4-4,01,03,04,05,06,07,0B,0C,0D,0E,0F,10,11,13,15,1C,1F,20
10:45:34| 2 | GetSupportedPIDs | 1-0E-DBG3 -------------- 0,1,2,3,4,5,6,7, 8,9,A,B,C,D,E,F, G,H,I,J,K,L,M,N, O,P,Q,R,S,T,U,V
10:45:34| 2 | GetSupportedPIDs | 1-0E-DBG3 000-00_00-020: T,T,F,T,T,T,T,T, F,F,F,T,T,T,T,T, T,T,F,T,F,T,F,F, F,F,F,F,T,F,F,T
10:45:34| 2 | GetSupportedPIDs | 1-0E-DBG3 032-20_20-040: T,F,F,F,F,F,F,F, F,F,F,F,F,F,F,F, F,F,F,F,F,F,F,F, F,F,F,F,F,F,F,F
10:45:34| 2 | GetSupportedPIDs | 1-0E-DBG3 064-40_40-060: F,F,F,F,F,F,F,F, F,F,F,F,F,F,F,F, F,F,F,F,F,F,F,F, F,F,F,F,F,F,F,F
10:45:34| 2 | GetSupportedPIDs | 1-0E-DBG3 096-60_60-080: F,F,F,F,F,F,F,F, F,F,F,F,F,F,F,F, F,F,F,F,F,F,F,F, F,F,F,F,F,F,F,F
10:45:34| 2 | GetSupportedPIDs | 1-0E-DBG3 128-80_80-0A0: F,F,F,F,F,F,F,F, F,F,F,F,F,F,F,F, F,F,F,F,F,F,F,F, F,F,F,F,F,F,F,F
10:45:34| 2 | GetSupportedPIDs | 1-0E-DBG3 160-A0_A0-0C0: F,F,F,F,F,F,F,F, F,F,F,F,F,F,F,F, F,F,F,F,F,F,F,F, F,F,F,F,F,F,F,F
10:45:34| 2 | GetSupportedPIDs | 1-0E-DBG3 192-C0_C0-0E0: F,F,F,F,F,F,F,F, F,F,F,F,F,F,F,F, F,F,F,F,F,F,F,F, F,F,F,F,F,F,F,F
10:45:34| 2 | GetSupportedPIDs | 1-0E-DBG3 224-E0_E0-100: F,F,F,F,F,F,F,F, F,F,F,F,F,F,F,F, F,F,F,F,F,F,F,F, F,F,F,F,F,F,F,F  (T:019 F:237)
10:45:34| ... LogBitArray | 8
10:45:34| ... SetupMyLastCommResult: InvalidData
10:45:34| ... DoDad | Action: System.Action | tag: GetModePID(01, 20) - PID support mask
10:45:34| ... GetCallingProcedure | Connect_OBD
10:45:34| ... GetCallingProcedure | lVehiculoLink
10:45:34| ... GetCallingProcedure | VehiculoLink
10:45:34| DoDad-01 | GetModePID(01, 20) - PID support mask (Open:True,791.37 | Connect_OBD,lVehiculoLink,VehiculoLink)
10:45:34| DoDad-01  ClearCommandLog ...
10:45:34| DoDad-01  Invoke ... (GetModePID(01, 20) - PID support mask)
10:45:35| DoDad-01  Invoke ... (GetModePID(01, 20) - PID support mask)  (781)
10:45:35| DoDad-01  CommandLog.Length ...
10:45:35| DoDad-01  CommandLog ... (0)
10:45:35| DoDad-01-CommandLog-Len:180 Siz:180 | iStart: 0
10:45:35| DoDad-01  SerialData.Length ... (1603)
10:45:35| DoDad-01 | GetModePID(01, 20) - PID support mask-SLL:01603,01603-CF:F-DLLInfo:'DAD_DLL_VERSION_16.12.25.0 .. 3.0.7.0'
                    -  DAD_DLL_VERSION_16.12.25.0
                    -  609,TX MSG,JVPW1850,68 6A F1 01 00 
                    -  609,RX QRY,JVPW1850,Delay: 100
                    -  718,RX QRY,JVPW1850,Delay: 100
                    -  828,RX QRY,JVPW1850,Delay: 100
                    -  945,TX MSG,JPWM1850,61 6A F1 01 00 
                    -  960,TX MSG,I9148FEF,33 
                    -  5273,TX MSG,KWPF**,C1 33 F1 81 
                    -  11737,TX MSG,ICAN11bt500,00 00 07 DF 01 00 
                    -  11737,RX QRY,ICAN11bt500,Delay: 100
                    -  11847,RX MSG,ICAN11bt500,00 00 07 DF 
                    -  11847,RX QRY,ICAN11bt500,Delay: 100
                    -  11960,RX QRY,ICAN11bt500,Delay: 100
                    -  12069,TX MSG,ICAN29bt500,18 DB 33 F1 02 01 00 00 00 00 00 00 
                    -  12272,TX MSG,ICAN29bt500,18 DB 33 F1 01 00 
                    -  12272,RX QRY,ICAN29bt500,Delay: 100
                    -  12382,RX MSG,ICAN29bt500,18 DB 33 F1 
                    -  12382,RX MSG,ICAN29bt500,18 DA F1 0E 41 00 BE 3F A8 13 
                    -  12382,RX QRY,ICAN29bt500,Delay: 100
                    -  12491,RX QRY,ICAN29bt500,Delay: 100
                    -  12600,RX QRY,ICAN29bt500,Delay: 100
                    -  12815,TX MSG,ICAN29bt500,18 DB 33 F1 01 00 
                    -  12815,RX QRY,ICAN29bt500,Delay: 100
                    -  12925,RX MSG,ICAN29bt500,18 DB 33 F1 
                    -  12925,RX MSG,ICAN29bt500,18 DA F1 0E 41 00 BE 3F A8 13 
                    -  12925,RX QRY,ICAN29bt500,Delay: 100
                    -  13034,RX QRY,ICAN29bt500,Delay: 100
                    -  13143,RX QRY,ICAN29bt500,Delay: 100
                    -  13253,RX QRY,ICAN29bt500,Delay: 100
                    -  13363,RX QRY,ICAN29bt500,Delay: 100
                    -  13469,RX QRY,ICAN29bt500,Delay: 100
                    -  13719,TX MSG,ICAN29bt500,18 DB 33 F1 01 20 
                    -  13735,RX QRY,ICAN29bt500,Delay: 100
                    -  13844,RX MSG,ICAN29bt500,18 DB 33 F1 
                    -  13844,RX MSG,ICAN29bt500,18 DA F1 0E 41 20 80 1D B0 11 
                    -  13844,RX QRY,ICAN29bt500,Delay: 100
                    -  13953,RX QRY,ICAN29bt500,Delay: 100
                    -  14066,RX QRY,ICAN29bt500,Delay: 100
                    -  14175,RX QRY,ICAN29bt500,Delay: 100
                    -  14285,RX QRY,ICAN29bt500,Delay: 100
                    -  14394,RX QRY,ICAN29bt500,Delay: 100
                    (0.781 s,F) GetModePID(01, 20) - PID support mask | NoEOL
10:45:35| ... SetupVehicleIsLinked
10:45:35| ... GetCallingProcedure | SetupMyLastCommResult
10:45:35| ... GetCallingProcedure | GetSupportedPIDs
10:45:35| ... GetCallingProcedure | Connect_OBD
10:45:35| ... SetupMyLastCommResult: Success
10:45:35| ... MyLastResult | Success,Unknown,True->True
10:45:35|  (Result:Success,Unknown,True->True)
10:45:35| GetSupportedPIDs | PID20 RspCnt:1
10:45:35| ... GetEcuIdFromAddress
10:45:35| ... ByteArrayToHexString | 0E
10:45:35| ... ByteArrayToHexString | 801DB011
10:45:35| ... DT_DataToString | Adr:0E,Mod:01,PID:20,Dat:801DB011
10:45:35| GetSupportedPIDS | Data-Adr:0E,Mod:01,PID:20,Dat:801DB011
10:45:35| SSBAFOB | MdPID:01,20 ECU:0E ...  InCnt:4 (80,1D,B0,11,BC:010) SrtIdx:033
10:45:35| ... SetSupportedBitArrayFromObdBytes | BitAryLen:256  BitSetCnt:029  BAI:4-4,21,2C,2D,2E,30,31,33,34,3C,40
10:45:35| 2 | GetSupportedPIDs | 1-0E-DBG3 -------------- 0,1,2,3,4,5,6,7, 8,9,A,B,C,D,E,F, G,H,I,J,K,L,M,N, O,P,Q,R,S,T,U,V
10:45:35| 2 | GetSupportedPIDs | 1-0E-DBG3 000-00_00-020: T,T,F,T,T,T,T,T, F,F,F,T,T,T,T,T, T,T,F,T,F,T,F,F, F,F,F,F,T,F,F,T
10:45:35| 2 | GetSupportedPIDs | 1-0E-DBG3 032-20_20-040: T,T,F,F,F,F,F,F, F,F,F,F,T,T,T,F, T,T,F,T,T,F,F,F, F,F,F,F,T,F,F,F
10:45:35| 2 | GetSupportedPIDs | 1-0E-DBG3 064-40_40-060: T,F,F,F,F,F,F,F, F,F,F,F,F,F,F,F, F,F,F,F,F,F,F,F, F,F,F,F,F,F,F,F
10:45:35| 2 | GetSupportedPIDs | 1-0E-DBG3 096-60_60-080: F,F,F,F,F,F,F,F, F,F,F,F,F,F,F,F, F,F,F,F,F,F,F,F, F,F,F,F,F,F,F,F
10:45:35| 2 | GetSupportedPIDs | 1-0E-DBG3 128-80_80-0A0: F,F,F,F,F,F,F,F, F,F,F,F,F,F,F,F, F,F,F,F,F,F,F,F, F,F,F,F,F,F,F,F
10:45:35| 2 | GetSupportedPIDs | 1-0E-DBG3 160-A0_A0-0C0: F,F,F,F,F,F,F,F, F,F,F,F,F,F,F,F, F,F,F,F,F,F,F,F, F,F,F,F,F,F,F,F
10:45:35| 2 | GetSupportedPIDs | 1-0E-DBG3 192-C0_C0-0E0: F,F,F,F,F,F,F,F, F,F,F,F,F,F,F,F, F,F,F,F,F,F,F,F, F,F,F,F,F,F,F,F
10:45:35| 2 | GetSupportedPIDs | 1-0E-DBG3 224-E0_E0-100: F,F,F,F,F,F,F,F, F,F,F,F,F,F,F,F, F,F,F,F,F,F,F,F, F,F,F,F,F,F,F,F  (T:029 F:227)
10:45:35| ... LogBitArray | 8
10:45:35| ... SetupMyLastCommResult: InvalidData
10:45:35| ... DoDad | Action: System.Action | tag: GetModePID(01, 40) - PID support mask
10:45:35| ... GetCallingProcedure | Connect_OBD
10:45:35| ... GetCallingProcedure | lVehiculoLink
10:45:35| ... GetCallingProcedure | VehiculoLink
10:45:35| DoDad-01 | GetModePID(01, 40) - PID support mask (Open:True,792.29 | Connect_OBD,lVehiculoLink,VehiculoLink)
10:45:35| DoDad-01  ClearCommandLog ...
10:45:35| DoDad-01  Invoke ... (GetModePID(01, 40) - PID support mask)
10:45:36| DoDad-01  Invoke ... (GetModePID(01, 40) - PID support mask)  (750)
10:45:36| DoDad-01  CommandLog.Length ...
10:45:36| DoDad-01  CommandLog ... (0)
10:45:36| DoDad-01-CommandLog-Len:180 Siz:180 | iStart: 0
10:45:36| DoDad-01  SerialData.Length ... (2003)
10:45:36| DoDad-01 | GetModePID(01, 40) - PID support mask-SLL:02003,02003-CF:F-DLLInfo:'DAD_DLL_VERSION_16.12.25.0 .. 3.0.7.0'
                    -  DAD_DLL_VERSION_16.12.25.0
                    -  609,TX MSG,JVPW1850,68 6A F1 01 00 
                    -  609,RX QRY,JVPW1850,Delay: 100
                    -  718,RX QRY,JVPW1850,Delay: 100
                    -  828,RX QRY,JVPW1850,Delay: 100
                    -  945,TX MSG,JPWM1850,61 6A F1 01 00 
                    -  960,TX MSG,I9148FEF,33 
                    -  5273,TX MSG,KWPF**,C1 33 F1 81 
                    -  11737,TX MSG,ICAN11bt500,00 00 07 DF 01 00 
                    -  11737,RX QRY,ICAN11bt500,Delay: 100
                    -  11847,RX MSG,ICAN11bt500,00 00 07 DF 
                    -  11847,RX QRY,ICAN11bt500,Delay: 100
                    -  11960,RX QRY,ICAN11bt500,Delay: 100
                    -  12069,TX MSG,ICAN29bt500,18 DB 33 F1 02 01 00 00 00 00 00 00 
                    -  12272,TX MSG,ICAN29bt500,18 DB 33 F1 01 00 
                    -  12272,RX QRY,ICAN29bt500,Delay: 100
                    -  12382,RX MSG,ICAN29bt500,18 DB 33 F1 
                    -  12382,RX MSG,ICAN29bt500,18 DA F1 0E 41 00 BE 3F A8 13 
                    -  12382,RX QRY,ICAN29bt500,Delay: 100
                    -  12491,RX QRY,ICAN29bt500,Delay: 100
                    -  12600,RX QRY,ICAN29bt500,Delay: 100
                    -  12815,TX MSG,ICAN29bt500,18 DB 33 F1 01 00 
                    -  12815,RX QRY,ICAN29bt500,Delay: 100
                    -  12925,RX MSG,ICAN29bt500,18 DB 33 F1 
                    -  12925,RX MSG,ICAN29bt500,18 DA F1 0E 41 00 BE 3F A8 13 
                    -  12925,RX QRY,ICAN29bt500,Delay: 100
                    -  13034,RX QRY,ICAN29bt500,Delay: 100
                    -  13143,RX QRY,ICAN29bt500,Delay: 100
                    -  13253,RX QRY,ICAN29bt500,Delay: 100
                    -  13363,RX QRY,ICAN29bt500,Delay: 100
                    -  13469,RX QRY,ICAN29bt500,Delay: 100
                    -  13719,TX MSG,ICAN29bt500,18 DB 33 F1 01 20 
                    -  13735,RX QRY,ICAN29bt500,Delay: 100
                    -  13844,RX MSG,ICAN29bt500,18 DB 33 F1 
                    -  13844,RX MSG,ICAN29bt500,18 DA F1 0E 41 20 80 1D B0 11 
                    -  13844,RX QRY,ICAN29bt500,Delay: 100
                    -  13953,RX QRY,ICAN29bt500,Delay: 100
                    -  14066,RX QRY,ICAN29bt500,Delay: 100
                    -  14175,RX QRY,ICAN29bt500,Delay: 100
                    -  14285,RX QRY,ICAN29bt500,Delay: 100
                    -  14394,RX QRY,ICAN29bt500,Delay: 100
                    -  14641,TX MSG,ICAN29bt500,18 DB 33 F1 01 40 
                    -  14641,RX QRY,ICAN29bt500,Delay: 100
                    -  14753,RX MSG,ICAN29bt500,18 DB 33 F1 
                    -  14753,RX MSG,ICAN29bt500,18 DA F1 0E 41 40 7A D0 80 00 
                    -  14753,RX QRY,ICAN29bt500,Delay: 100
                    -  14862,RX QRY,ICAN29bt500,Delay: 100
                    -  14972,RX QRY,ICAN29bt500,Delay: 100
                    -  15075,RX QRY,ICAN29bt500,Delay: 100
                    -  15184,RX QRY,ICAN29bt500,Delay: 100
                    -  15294,RX QRY,ICAN29bt500,Delay: 100
                    (0.762 s,F) GetModePID(01, 40) - PID support mask | NoEOL
10:45:36| ... SetupVehicleIsLinked
10:45:36| ... GetCallingProcedure | SetupMyLastCommResult
10:45:36| ... GetCallingProcedure | GetSupportedPIDs
10:45:36| ... GetCallingProcedure | Connect_OBD
10:45:36| ... SetupMyLastCommResult: Success
10:45:36| ... MyLastResult | Success,Unknown,True->True
10:45:36|  (Result:Success,Unknown,True->True)
10:45:36| GetSupportedPIDs | PID40 RspCnt:1
10:45:36| ... GetEcuIdFromAddress
10:45:36| ... ByteArrayToHexString | 0E
10:45:36| ... ByteArrayToHexString | 7AD08000
10:45:36| ... DT_DataToString | Adr:0E,Mod:01,PID:40,Dat:7AD08000
10:45:36| GetSupportedPIDS | Data-Adr:0E,Mod:01,PID:40,Dat:7AD08000
10:45:36| SSBAFOB | MdPID:01,40 ECU:0E ...  InCnt:4 (7A,D0,80,00,BC:009) SrtIdx:065
10:45:36| ... SetSupportedBitArrayFromObdBytes | BitAryLen:256  BitSetCnt:038  BAI:4-4,42,43,44,45,47,49,4A,4C,51
10:45:36| 2 | GetSupportedPIDs | 1-0E-DBG3 -------------- 0,1,2,3,4,5,6,7, 8,9,A,B,C,D,E,F, G,H,I,J,K,L,M,N, O,P,Q,R,S,T,U,V
10:45:36| 2 | GetSupportedPIDs | 1-0E-DBG3 000-00_00-020: T,T,F,T,T,T,T,T, F,F,F,T,T,T,T,T, T,T,F,T,F,T,F,F, F,F,F,F,T,F,F,T
10:45:36| 2 | GetSupportedPIDs | 1-0E-DBG3 032-20_20-040: T,T,F,F,F,F,F,F, F,F,F,F,T,T,T,F, T,T,F,T,T,F,F,F, F,F,F,F,T,F,F,F
10:45:36| 2 | GetSupportedPIDs | 1-0E-DBG3 064-40_40-060: T,F,T,T,T,T,F,T, F,T,T,F,T,F,F,F, F,T,F,F,F,F,F,F, F,F,F,F,F,F,F,F
10:45:36| 2 | GetSupportedPIDs | 1-0E-DBG3 096-60_60-080: F,F,F,F,F,F,F,F, F,F,F,F,F,F,F,F, F,F,F,F,F,F,F,F, F,F,F,F,F,F,F,F
10:45:36| 2 | GetSupportedPIDs | 1-0E-DBG3 128-80_80-0A0: F,F,F,F,F,F,F,F, F,F,F,F,F,F,F,F, F,F,F,F,F,F,F,F, F,F,F,F,F,F,F,F
10:45:36| 2 | GetSupportedPIDs | 1-0E-DBG3 160-A0_A0-0C0: F,F,F,F,F,F,F,F, F,F,F,F,F,F,F,F, F,F,F,F,F,F,F,F, F,F,F,F,F,F,F,F
10:45:36| 2 | GetSupportedPIDs | 1-0E-DBG3 192-C0_C0-0E0: F,F,F,F,F,F,F,F, F,F,F,F,F,F,F,F, F,F,F,F,F,F,F,F, F,F,F,F,F,F,F,F
10:45:36| 2 | GetSupportedPIDs | 1-0E-DBG3 224-E0_E0-100: F,F,F,F,F,F,F,F, F,F,F,F,F,F,F,F, F,F,F,F,F,F,F,F, F,F,F,F,F,F,F,F  (T:038 F:218)
10:45:36| ... LogBitArray | 8
10:45:36| GetSupportedPIDs | Mode:1 ECUCnt:1 PIDSupDicCnt:1
10:45:36| 4 | GetSupportedPIDS | Mode1-ECU0E:-------------- 0,1,2,3,4,5,6,7, 8,9,A,B,C,D,E,F, G,H,I,J,K,L,M,N, O,P,Q,R,S,T,U,V
10:45:36| 4 | GetSupportedPIDS | Mode1-ECU0E:000-00_00-020: T,T,F,T,T,T,T,T, F,F,F,T,T,T,T,T, T,T,F,T,F,T,F,F, F,F,F,F,T,F,F,T
10:45:36| 4 | GetSupportedPIDS | Mode1-ECU0E:032-20_20-040: T,T,F,F,F,F,F,F, F,F,F,F,T,T,T,F, T,T,F,T,T,F,F,F, F,F,F,F,T,F,F,F
10:45:36| 4 | GetSupportedPIDS | Mode1-ECU0E:064-40_40-060: T,F,T,T,T,T,F,T, F,T,T,F,T,F,F,F, F,T,F,F,F,F,F,F, F,F,F,F,F,F,F,F
10:45:36| 4 | GetSupportedPIDS | Mode1-ECU0E:096-60_60-080: F,F,F,F,F,F,F,F, F,F,F,F,F,F,F,F, F,F,F,F,F,F,F,F, F,F,F,F,F,F,F,F
10:45:36| 4 | GetSupportedPIDS | Mode1-ECU0E:128-80_80-0A0: F,F,F,F,F,F,F,F, F,F,F,F,F,F,F,F, F,F,F,F,F,F,F,F, F,F,F,F,F,F,F,F
10:45:36| 4 | GetSupportedPIDS | Mode1-ECU0E:160-A0_A0-0C0: F,F,F,F,F,F,F,F, F,F,F,F,F,F,F,F, F,F,F,F,F,F,F,F, F,F,F,F,F,F,F,F
10:45:36| 4 | GetSupportedPIDS | Mode1-ECU0E:192-C0_C0-0E0: F,F,F,F,F,F,F,F, F,F,F,F,F,F,F,F, F,F,F,F,F,F,F,F, F,F,F,F,F,F,F,F
10:45:36| 4 | GetSupportedPIDS | Mode1-ECU0E:224-E0_E0-100: F,F,F,F,F,F,F,F, F,F,F,F,F,F,F,F, F,F,F,F,F,F,F,F, F,F,F,F,F,F,F,F  (T:038 F:218)
10:45:36| ... LogBitArray | 8
10:45:36| 2 | GetSupportedPIDs | 1-ECUxx -------------- 0,1,2,3,4,5,6,7, 8,9,A,B,C,D,E,F, G,H,I,J,K,L,M,N, O,P,Q,R,S,T,U,V
10:45:36| 2 | GetSupportedPIDs | 1-ECUxx 000-00_00-020: T,T,F,T,T,T,T,T, F,F,F,T,T,T,T,T, T,T,F,T,F,T,F,F, F,F,F,F,T,F,F,T
10:45:36| 2 | GetSupportedPIDs | 1-ECUxx 032-20_20-040: T,T,F,F,F,F,F,F, F,F,F,F,T,T,T,F, T,T,F,T,T,F,F,F, F,F,F,F,T,F,F,F
10:45:36| 2 | GetSupportedPIDs | 1-ECUxx 064-40_40-060: T,F,T,T,T,T,F,T, F,T,T,F,T,F,F,F, F,T,F,F,F,F,F,F, F,F,F,F,F,F,F,F
10:45:36| 2 | GetSupportedPIDs | 1-ECUxx 096-60_60-080: F,F,F,F,F,F,F,F, F,F,F,F,F,F,F,F, F,F,F,F,F,F,F,F, F,F,F,F,F,F,F,F
10:45:36| 2 | GetSupportedPIDs | 1-ECUxx 128-80_80-0A0: F,F,F,F,F,F,F,F, F,F,F,F,F,F,F,F, F,F,F,F,F,F,F,F, F,F,F,F,F,F,F,F
10:45:36| 2 | GetSupportedPIDs | 1-ECUxx 160-A0_A0-0C0: F,F,F,F,F,F,F,F, F,F,F,F,F,F,F,F, F,F,F,F,F,F,F,F, F,F,F,F,F,F,F,F
10:45:36| 2 | GetSupportedPIDs | 1-ECUxx 192-C0_C0-0E0: F,F,F,F,F,F,F,F, F,F,F,F,F,F,F,F, F,F,F,F,F,F,F,F, F,F,F,F,F,F,F,F
10:45:36| 2 | GetSupportedPIDs | 1-ECUxx 224-E0_E0-100: F,F,F,F,F,F,F,F, F,F,F,F,F,F,F,F, F,F,F,F,F,F,F,F, F,F,F,F,F,F,F,F  (T:038 F:218)
10:45:36| ... LogBitArray | 8
10:45:36| GetSupportedPIDs | PIDCnt-1-0E:038  (TPC:38)
10:45:36| ... DictValueSortDesc
10:45:36| DVSD | 0E:038->0E:038
10:45:36| GetSupportedPIDs | Mode:1 PIDs-'038:00 01 03 04 05 06 07 0B 0C 0D 0E 0F 10 11 13 15 1C 1F 20 21 2C 2D 2E 30 31 33 34 3C 40 42 43 44 45 47 49 4A 4C 51
10:45:36|  GetSupportedPIDs | Ending ... Success:TrueTrueTrue 1-0E:038
10:45:36| ReleaseDAD |  Starting ... Cnt:00002,01 (Connect)
10:45:36| ... ReleaseDAD | Success ... Cnt:00002,00 Opn:T (Connect, Connect)
10:45:36| ... Connect | 2
10:45:36| ... SetupVehicleIsLinked
10:45:36| ... GetCallingProcedure | Connect_OBD
10:45:36| ... GetCallingProcedure | lVehiculoLink
10:45:36| ... GetCallingProcedure | VehiculoLink
10:45:36| SVLI | VehicleIsLinked:'True'->'?'  (Connect_OBD,lVehiculoLink,VehiculoLink)
10:45:36| ... SetupVehicleIsLinked
10:45:36| ... GetCallingProcedure | Connect_OBD
10:45:36| ... GetCallingProcedure | lVehiculoLink
10:45:36| ... GetCallingProcedure | VehiculoLink
10:45:36| SVLI | VehicleIsLinked:'?'->'True'  (Connect_OBD,lVehiculoLink,VehiculoLink)
10:45:36| ... Connect | 3 | Connect_Succeeded = True
10:45:36| ... MyLastResult | Success,Unknown,?->True
10:45:36| Connect | Rslt:True EECUID:0E ECUs:1-(0E:038->0E:038,) Prot:'CAN29', 'CAN29' PC:38  (Success,Unknown,?->True, 15.66) (lVehiculoLink,VehiculoLink,VehTest)
10:45:36| ... DecrementActiveCount | 0
10:45:36| ... GetCallingProcedure | OpusIMCleanOBDdrv.Module1:Connect_OBD
10:45:36| ... GetCallingProcedure | OpusIMCleanOBDdrv.Module1:lVehiculoLink
10:45:36| ... GetCallingProcedure | OpusIMCleanOBDdrv.IMCleanOBD:VehiculoLink
10:45:36| ... LocalDecrementActiveCount | 0
10:45:36|  
10:45:36| ... Get MON >>>-----------------------------------------------------------------------
10:45:36| ... SetupMyLastCommResult: ConditionsNotCorrect
10:45:36| ... DoDad | Action: System.Action | tag: GetModePID(01, 01) - Readiness, DTC count, MIL
10:45:36| ... GetCallingProcedure | lVehiculoLink
10:45:36| ... GetCallingProcedure | VehiculoLink
10:45:36| ... GetCallingProcedure | VehTest
10:45:36| DoDad-01 | GetModePID(01, 01) - Readiness, DTC count, MIL (Open:True,793.36 | lVehiculoLink,VehiculoLink,VehTest)
10:45:36| DoDad-01  ClearCommandLog ...
10:45:36| DoDad-01  Invoke ... (GetModePID(01, 01) - Readiness, DTC count, MIL)
10:45:37| DoDad-01  Invoke ... (GetModePID(01, 01) - Readiness, DTC count, MIL)  (797)
10:45:37| DoDad-01  CommandLog.Length ...
10:45:37| DoDad-01  CommandLog ... (0)
10:45:37| DoDad-01-CommandLog-Len:173 Siz:173 | iStart: 0
10:45:37| DoDad-01  SerialData.Length ... (406)
10:45:37| DoDad-01 | GetModePID(01, 01) - Readiness, DTC count, MIL-SLL:00406,00406-CF:F-DLLInfo:'DAD_DLL_VERSION_16.12.25.0 .. 3.0.7.0'
                    -  DAD_DLL_VERSION_16.12.25.0
                    -  31,TX MSG,ICAN29bt500,18 DB 33 F1 01 01 
                    -  31,RX QRY,ICAN29bt500,Delay: 100
                    -  140,RX MSG,ICAN29bt500,18 DB 33 F1 
                    -  140,RX MSG,ICAN29bt500,18 DA F1 0E 41 01 00 07 E1 00 
                    -  140,RX QRY,ICAN29bt500,Delay: 100
                    -  250,RX QRY,ICAN29bt500,Delay: 100
                    -  363,RX QRY,ICAN29bt500,Delay: 100
                    -  472,RX QRY,ICAN29bt500,Delay: 100
                    -  581,RX QRY,ICAN29bt500,Delay: 100
                    -  691,RX QRY,ICAN29bt500,Delay: 100
                    (0.785 s,F) GetModePID(01, 01) - Readiness, DTC count, MIL | NoEOL
10:45:37| DECODE_Bus: DAD_DLL_VERSION_16.12.25.0
3.0.7.0

31,TX MSG,ICAN29bt500,18 DB 33 F1 01 01 
140,RX MSG,ICAN29bt500,18 DB 33 F1 
140,RX MSG,ICAN29bt500,18 DA F1 0E 41 01 00 07 E1 00 

10:45:37| sr | Get MON: 0 | 1
10:45:37|  
10:45:37| ... Get DTC >>>-----------------------------------------------------------------------
10:45:37| ... SetupMyLastCommResult: ConditionsNotCorrect
10:45:37| ... DoDad | Action: System.Action | tag: GetModePID(03, 00) - DTC count, MIL
10:45:37| ... GetCallingProcedure | lVehiculoLink
10:45:37| ... GetCallingProcedure | VehiculoLink
10:45:37| ... GetCallingProcedure | VehTest
10:45:37| DoDad-01 | GetModePID(03, 00) - DTC count, MIL (Open:True,794.21 | lVehiculoLink,VehiculoLink,VehTest)
10:45:37| DoDad-01  ClearCommandLog ...
10:45:37| DoDad-01  Invoke ... (GetModePID(03, 00) - DTC count, MIL)
10:45:38| DoDad-01  Invoke ... (GetModePID(03, 00) - DTC count, MIL)  (766)
10:45:38| DoDad-01  CommandLog.Length ...
10:45:38| DoDad-01  CommandLog ... (0)
10:45:38| DoDad-01-CommandLog-Len:158 Siz:158 | iStart: 0
10:45:38| DoDad-01  SerialData.Length ... (391)
10:45:38| DoDad-01 | GetModePID(03, 00) - DTC count, MIL-SLL:00391,00391-CF:F-DLLInfo:'DAD_DLL_VERSION_16.12.25.0 .. 3.0.7.0'
                    -  DAD_DLL_VERSION_16.12.25.0
                    -  31,TX MSG,ICAN29bt500,18 DB 33 F1 03 
                    -  31,RX QRY,ICAN29bt500,Delay: 100
                    -  140,RX MSG,ICAN29bt500,18 DB 33 F1 
                    -  140,RX MSG,ICAN29bt500,18 DA F1 0E 43 00 
                    -  140,RX QRY,ICAN29bt500,Delay: 100
                    -  250,RX QRY,ICAN29bt500,Delay: 100
                    -  362,RX QRY,ICAN29bt500,Delay: 100
                    -  476,RX QRY,ICAN29bt500,Delay: 100
                    -  585,RX QRY,ICAN29bt500,Delay: 100
                    -  695,RX QRY,ICAN29bt500,Delay: 100
                    (0.789 s,F) GetModePID(03, 00) - DTC count, MIL | NoEOL
10:45:38| DECODE_Bus: DAD_DLL_VERSION_16.12.25.0
3.0.7.0

31,TX MSG,ICAN29bt500,18 DB 33 F1 03 
140,RX MSG,ICAN29bt500,18 DB 33 F1 
140,RX MSG,ICAN29bt500,18 DA F1 0E 43 00 

10:45:38| sr | Get DTC: 0 | 1
10:45:38|  
10:45:38| ... (01, 1F) Tmp. Encendido >>>-----------------------------------------------------------------------
10:45:38| ... SetupMyLastCommResult: ConditionsNotCorrect
10:45:38| ... DoDad | Action: System.Action | tag: GetModePID(01, 1F) - Tmp. Encendido
10:45:38| ... GetCallingProcedure | lVehiculoLink
10:45:38| ... GetCallingProcedure | VehiculoLink
10:45:38| ... GetCallingProcedure | VehTest
10:45:38| DoDad-01 | GetModePID(01, 1F) - Tmp. Encendido (Open:True,795.05 | lVehiculoLink,VehiculoLink,VehTest)
10:45:38| DoDad-01  ClearCommandLog ...
10:45:38| DoDad-01  Invoke ... (GetModePID(01, 1F) - Tmp. Encendido)
10:45:39| DoDad-01  Invoke ... (GetModePID(01, 1F) - Tmp. Encendido)  (782)
10:45:39| DoDad-01  CommandLog.Length ...
10:45:39| DoDad-01  CommandLog ... (0)
10:45:39| DoDad-01-CommandLog-Len:167 Siz:167 | iStart: 0
10:45:39| DoDad-01  SerialData.Length ... (400)
10:45:39| DoDad-01 | GetModePID(01, 1F) - Tmp. Encendido-SLL:00400,00400-CF:F-DLLInfo:'DAD_DLL_VERSION_16.12.25.0 .. 3.0.7.0'
                    -  DAD_DLL_VERSION_16.12.25.0
                    -  34,TX MSG,ICAN29bt500,18 DB 33 F1 01 1F 
                    -  34,RX QRY,ICAN29bt500,Delay: 100
                    -  144,RX MSG,ICAN29bt500,18 DB 33 F1 
                    -  144,RX MSG,ICAN29bt500,18 DA F1 0E 41 1F 00 1B 
                    -  144,RX QRY,ICAN29bt500,Delay: 100
                    -  258,RX QRY,ICAN29bt500,Delay: 100
                    -  370,RX QRY,ICAN29bt500,Delay: 100
                    -  479,RX QRY,ICAN29bt500,Delay: 100
                    -  589,RX QRY,ICAN29bt500,Delay: 100
                    -  698,RX QRY,ICAN29bt500,Delay: 100
                    (0.789 s,F) GetModePID(01, 1F) - Tmp. Encendido | NoEOL
10:45:39| DECODE_Bus: DAD_DLL_VERSION_16.12.25.0
3.0.7.0

34,TX MSG,ICAN29bt500,18 DB 33 F1 01 1F 
144,RX MSG,ICAN29bt500,18 DB 33 F1 
144,RX MSG,ICAN29bt500,18 DA F1 0E 41 1F 00 1B 

10:45:39| sr | Tmp. Encendido: 0 | 1
10:45:39|  
10:45:39| ... (01, 21) Distancia MIL >>>-----------------------------------------------------------------------
10:45:39| ... SetupMyLastCommResult: ConditionsNotCorrect
10:45:39| ... DoDad | Action: System.Action | tag: GetModePID(01, 21) - Distancia MIL
10:45:39| ... GetCallingProcedure | lVehiculoLink
10:45:39| ... GetCallingProcedure | VehiculoLink
10:45:39| ... GetCallingProcedure | VehTest
10:45:39| DoDad-01 | GetModePID(01, 21) - Distancia MIL (Open:True,795.90 | lVehiculoLink,VehiculoLink,VehTest)
10:45:39| DoDad-01  ClearCommandLog ...
10:45:39| DoDad-01  Invoke ... (GetModePID(01, 21) - Distancia MIL)
10:45:39| DoDad-01  Invoke ... (GetModePID(01, 21) - Distancia MIL)  (766)
10:45:39| DoDad-01  CommandLog.Length ...
10:45:39| DoDad-01  CommandLog ... (0)
10:45:39| DoDad-01-CommandLog-Len:167 Siz:167 | iStart: 0
10:45:39| DoDad-01  SerialData.Length ... (400)
10:45:39| DoDad-01 | GetModePID(01, 21) - Distancia MIL-SLL:00400,00400-CF:F-DLLInfo:'DAD_DLL_VERSION_16.12.25.0 .. 3.0.7.0'
                    -  DAD_DLL_VERSION_16.12.25.0
                    -  31,TX MSG,ICAN29bt500,18 DB 33 F1 01 15 
                    -  31,RX QRY,ICAN29bt500,Delay: 100
                    -  140,RX MSG,ICAN29bt500,18 DB 33 F1 
                    -  140,RX MSG,ICAN29bt500,18 DA F1 0E 41 15 96 7A 
                    -  140,RX QRY,ICAN29bt500,Delay: 100
                    -  250,RX QRY,ICAN29bt500,Delay: 100
                    -  359,RX QRY,ICAN29bt500,Delay: 100
                    -  468,RX QRY,ICAN29bt500,Delay: 100
                    -  578,RX QRY,ICAN29bt500,Delay: 100
                    -  687,RX QRY,ICAN29bt500,Delay: 100
                    (0.766 s,F) GetModePID(01, 21) - Distancia MIL | NoEOL
10:45:39| DECODE_Bus: DAD_DLL_VERSION_16.12.25.0
3.0.7.0

31,TX MSG,ICAN29bt500,18 DB 33 F1 01 15 
140,RX MSG,ICAN29bt500,18 DB 33 F1 
140,RX MSG,ICAN29bt500,18 DA F1 0E 41 15 96 7A 

10:45:40| sr | Distancia MIL: 0 | 1
10:45:40|  
10:45:40| ... (01, 31) Distancia MIL Borrada >>>-----------------------------------------------------------------------
10:45:40| ... SetupMyLastCommResult: ConditionsNotCorrect
10:45:40| ... DoDad | Action: System.Action | tag: GetModePID(01, 31) - Distancia MIL Borrada
10:45:40| ... GetCallingProcedure | lVehiculoLink
10:45:40| ... GetCallingProcedure | VehiculoLink
10:45:40| ... GetCallingProcedure | VehTest
10:45:40| DoDad-01 | GetModePID(01, 31) - Distancia MIL Borrada (Open:True,796.71 | lVehiculoLink,VehiculoLink,VehTest)
10:45:40| DoDad-01  ClearCommandLog ...
10:45:40| DoDad-01  Invoke ... (GetModePID(01, 31) - Distancia MIL Borrada)
10:45:40| DoDad-01  Invoke ... (GetModePID(01, 31) - Distancia MIL Borrada)  (766)
10:45:40| DoDad-01  CommandLog.Length ...
10:45:40| DoDad-01  CommandLog ... (0)
10:45:40| DoDad-01-CommandLog-Len:167 Siz:167 | iStart: 0
10:45:40| DoDad-01  SerialData.Length ... (400)
10:45:40| DoDad-01 | GetModePID(01, 31) - Distancia MIL Borrada-SLL:00400,00400-CF:F-DLLInfo:'DAD_DLL_VERSION_16.12.25.0 .. 3.0.7.0'
                    -  DAD_DLL_VERSION_16.12.25.0
                    -  31,TX MSG,ICAN29bt500,18 DB 33 F1 01 1F 
                    -  31,RX QRY,ICAN29bt500,Delay: 100
                    -  140,RX MSG,ICAN29bt500,18 DB 33 F1 
                    -  140,RX MSG,ICAN29bt500,18 DA F1 0E 41 1F 00 1C 
                    -  140,RX QRY,ICAN29bt500,Delay: 100
                    -  250,RX QRY,ICAN29bt500,Delay: 100
                    -  359,RX QRY,ICAN29bt500,Delay: 100
                    -  468,RX QRY,ICAN29bt500,Delay: 100
                    -  578,RX QRY,ICAN29bt500,Delay: 100
                    -  687,RX QRY,ICAN29bt500,Delay: 100
                    (0.766 s,F) GetModePID(01, 31) - Distancia MIL Borrada | NoEOL
10:45:40| DECODE_Bus: DAD_DLL_VERSION_16.12.25.0
3.0.7.0

31,TX MSG,ICAN29bt500,18 DB 33 F1 01 1F 
140,RX MSG,ICAN29bt500,18 DB 33 F1 
140,RX MSG,ICAN29bt500,18 DA F1 0E 41 1F 00 1C 

10:45:40| sr | Distancia MIL Borrada: 0 | 1
10:45:40|  
10:45:40| ... (01, 33) Presion Barometrica Kpa >>>-----------------------------------------------------------------------
10:45:40| ... SetupMyLastCommResult: ConditionsNotCorrect
10:45:40| ... DoDad | Action: System.Action | tag: GetModePID(01, 33) - Presion Barometrica Kpa
10:45:40| ... GetCallingProcedure | lVehiculoLink
10:45:40| ... GetCallingProcedure | VehiculoLink
10:45:40| ... GetCallingProcedure | VehTest
10:45:40| DoDad-01 | GetModePID(01, 33) - Presion Barometrica Kpa (Open:True,797.54 | lVehiculoLink,VehiculoLink,VehTest)
10:45:40| DoDad-01  ClearCommandLog ...
10:45:40| DoDad-01  Invoke ... (GetModePID(01, 33) - Presion Barometrica Kpa)
10:45:41| DoDad-01  Invoke ... (GetModePID(01, 33) - Presion Barometrica Kpa)  (766)
10:45:41| DoDad-01  CommandLog.Length ...
10:45:41| DoDad-01  CommandLog ... (0)
10:45:41| DoDad-01-CommandLog-Len:167 Siz:167 | iStart: 0
10:45:41| DoDad-01  SerialData.Length ... (400)
10:45:41| DoDad-01 | GetModePID(01, 33) - Presion Barometrica Kpa-SLL:00400,00400-CF:F-DLLInfo:'DAD_DLL_VERSION_16.12.25.0 .. 3.0.7.0'
                    -  DAD_DLL_VERSION_16.12.25.0
                    -  31,TX MSG,ICAN29bt500,18 DB 33 F1 01 21 
                    -  31,RX QRY,ICAN29bt500,Delay: 100
                    -  140,RX MSG,ICAN29bt500,18 DB 33 F1 
                    -  140,RX MSG,ICAN29bt500,18 DA F1 0E 41 21 00 00 
                    -  140,RX QRY,ICAN29bt500,Delay: 100
                    -  250,RX QRY,ICAN29bt500,Delay: 100
                    -  359,RX QRY,ICAN29bt500,Delay: 100
                    -  468,RX QRY,ICAN29bt500,Delay: 100
                    -  578,RX QRY,ICAN29bt500,Delay: 100
                    -  687,RX QRY,ICAN29bt500,Delay: 100
                    (0.766 s,F) GetModePID(01, 33) - Presion Barometrica Kpa | NoEOL
10:45:41| DECODE_Bus: DAD_DLL_VERSION_16.12.25.0
3.0.7.0

31,TX MSG,ICAN29bt500,18 DB 33 F1 01 21 
140,RX MSG,ICAN29bt500,18 DB 33 F1 
140,RX MSG,ICAN29bt500,18 DA F1 0E 41 21 00 00 

10:45:41| sr | Presion Barometrica Kpa: 0 | 1
10:45:41|  
10:45:41| ... (01, 4D) Tmp MIL on >>>-----------------------------------------------------------------------
10:45:41| ... SetupMyLastCommResult: ConditionsNotCorrect
10:45:41| ... DoDad | Action: System.Action | tag: GetModePID(01, 4D) - Tmp MIL on
10:45:41| ... GetCallingProcedure | lVehiculoLink
10:45:41| ... GetCallingProcedure | VehiculoLink
10:45:41| ... GetCallingProcedure | VehTest
10:45:41| DoDad-01 | GetModePID(01, 4D) - Tmp MIL on (Open:True,798.37 | lVehiculoLink,VehiculoLink,VehTest)
10:45:41| DoDad-01  ClearCommandLog ...
10:45:41| DoDad-01  Invoke ... (GetModePID(01, 4D) - Tmp MIL on)
10:45:42| DoDad-01  Invoke ... (GetModePID(01, 4D) - Tmp MIL on)  (657)
10:45:42| DoDad-01  CommandLog.Length ...
10:45:42| DoDad-01  CommandLog ... (0)
10:45:42| DoDad-01-CommandLog-Len:118 Siz:118 | iStart: 0
10:45:42| DoDad-01  SerialData.Length ... (316)
10:45:42| DoDad-01 | GetModePID(01, 4D) - Tmp MIL on-SLL:00316,00316-CF:F-DLLInfo:'DAD_DLL_VERSION_16.12.25.0 .. 3.0.7.0'
                    -  DAD_DLL_VERSION_16.12.25.0
                    -  31,TX MSG,ICAN29bt500,18 DB 33 F1 01 4D 
                    -  31,RX QRY,ICAN29bt500,Delay: 100
                    -  140,RX MSG,ICAN29bt500,18 DB 33 F1 
                    -  140,RX QRY,ICAN29bt500,Delay: 100
                    -  253,RX QRY,ICAN29bt500,Delay: 100
                    -  362,RX QRY,ICAN29bt500,Delay: 100
                    -  472,RX QRY,ICAN29bt500,Delay: 100
                    -  581,RX QRY,ICAN29bt500,Delay: 100
                    (0.660 s,F) GetModePID(01, 4D) - Tmp MIL on | NoEOL
10:45:42|  
10:45:42| ... (01, 51) Tipo Combustible >>>-----------------------------------------------------------------------
10:45:42| ... SetupMyLastCommResult: ConditionsNotCorrect
10:45:42| ... DoDad | Action: System.Action | tag: GetModePID(01, 51) - Tipo Combustible
10:45:42| ... GetCallingProcedure | lVehiculoLink
10:45:42| ... GetCallingProcedure | VehiculoLink
10:45:42| ... GetCallingProcedure | VehTest
10:45:42| DoDad-01 | GetModePID(01, 51) - Tipo Combustible (Open:True,799.09 | lVehiculoLink,VehiculoLink,VehTest)
10:45:42| DoDad-01  ClearCommandLog ...
10:45:42| DoDad-01  Invoke ... (GetModePID(01, 51) - Tipo Combustible)
10:45:43| DoDad-01  Invoke ... (GetModePID(01, 51) - Tipo Combustible)  (766)
10:45:43| DoDad-01  CommandLog.Length ...
10:45:43| DoDad-01  CommandLog ... (0)
10:45:43| DoDad-01-CommandLog-Len:164 Siz:164 | iStart: 0
10:45:43| DoDad-01  SerialData.Length ... (397)
10:45:43| DoDad-01 | GetModePID(01, 51) - Tipo Combustible-SLL:00397,00397-CF:F-DLLInfo:'DAD_DLL_VERSION_16.12.25.0 .. 3.0.7.0'
                    -  DAD_DLL_VERSION_16.12.25.0
                    -  31,TX MSG,ICAN29bt500,18 DB 33 F1 01 33 
                    -  31,RX QRY,ICAN29bt500,Delay: 100
                    -  140,RX MSG,ICAN29bt500,18 DB 33 F1 
                    -  140,RX MSG,ICAN29bt500,18 DA F1 0E 41 33 4E 
                    -  140,RX QRY,ICAN29bt500,Delay: 100
                    -  249,RX QRY,ICAN29bt500,Delay: 100
                    -  359,RX QRY,ICAN29bt500,Delay: 100
                    -  472,RX QRY,ICAN29bt500,Delay: 100
                    -  581,RX QRY,ICAN29bt500,Delay: 100
                    -  691,RX QRY,ICAN29bt500,Delay: 100
                    (0.770 s,F) GetModePID(01, 51) - Tipo Combustible | NoEOL
10:45:43| DECODE_Bus: DAD_DLL_VERSION_16.12.25.0
3.0.7.0

31,TX MSG,ICAN29bt500,18 DB 33 F1 01 33 
140,RX MSG,ICAN29bt500,18 DB 33 F1 
140,RX MSG,ICAN29bt500,18 DA F1 0E 41 33 4E 

10:45:43| sr | Tipo Combustible: 0 | 1
10:45:43|  
10:45:43| ... (01, 7F) Tmp Marcha Motor >>>-----------------------------------------------------------------------
10:45:43| ... SetupMyLastCommResult: ConditionsNotCorrect
10:45:43| ... DoDad | Action: System.Action | tag: GetModePID(01, 7F) - Tmp Marcha Motor
10:45:43| ... GetCallingProcedure | lVehiculoLink
10:45:43| ... GetCallingProcedure | VehiculoLink
10:45:43| ... GetCallingProcedure | VehTest
10:45:43| DoDad-01 | GetModePID(01, 7F) - Tmp Marcha Motor (Open:True,799.92 | lVehiculoLink,VehiculoLink,VehTest)
10:45:43| DoDad-01  ClearCommandLog ...
10:45:43| DoDad-01  Invoke ... (GetModePID(01, 7F) - Tmp Marcha Motor)
10:45:43| DoDad-01  Invoke ... (GetModePID(01, 7F) - Tmp Marcha Motor)  (657)
10:45:43| DoDad-01  CommandLog.Length ...
10:45:43| DoDad-01  CommandLog ... (0)
10:45:43| DoDad-01-CommandLog-Len:118 Siz:118 | iStart: 0
10:45:43| DoDad-01  SerialData.Length ... (316)
10:45:43| DoDad-01 | GetModePID(01, 7F) - Tmp Marcha Motor-SLL:00316,00316-CF:F-DLLInfo:'DAD_DLL_VERSION_16.12.25.0 .. 3.0.7.0'
                    -  DAD_DLL_VERSION_16.12.25.0
                    -  31,TX MSG,ICAN29bt500,18 DB 33 F1 01 7F 
                    -  31,RX QRY,ICAN29bt500,Delay: 100
                    -  140,RX MSG,ICAN29bt500,18 DB 33 F1 
                    -  140,RX QRY,ICAN29bt500,Delay: 100
                    -  246,RX QRY,ICAN29bt500,Delay: 100
                    -  356,RX QRY,ICAN29bt500,Delay: 100
                    -  465,RX QRY,ICAN29bt500,Delay: 100
                    -  574,RX QRY,ICAN29bt500,Delay: 100
                    (0.657 s,F) GetModePID(01, 7F) - Tmp Marcha Motor | NoEOL
10:45:43|  
10:45:43| ... (09, 04) Cal ID >>>-----------------------------------------------------------------------
10:45:43| ... SetupMyLastCommResult: ConditionsNotCorrect
10:45:43| ... DoDad | Action: System.Action | tag: GetModePID(09, 04) - Cal ID
10:45:43| ... GetCallingProcedure | lVehiculoLink
10:45:43| ... GetCallingProcedure | VehiculoLink
10:45:43| ... GetCallingProcedure | VehTest
10:45:43| DoDad-01 | GetModePID(09, 04) - Cal ID (Open:True,800.64 | lVehiculoLink,VehiculoLink,VehTest)
10:45:43| DoDad-01  ClearCommandLog ...
10:45:43| DoDad-01  Invoke ... (GetModePID(09, 04) - Cal ID)
10:45:44| DoDad-01  Invoke ... (GetModePID(09, 04) - Cal ID)  (797)
10:45:44| DoDad-01  CommandLog.Length ...
10:45:44| DoDad-01  CommandLog ... (0)
10:45:44| DoDad-01-CommandLog-Len:249 Siz:249 | iStart: 0
10:45:44| DoDad-01  SerialData.Length ... (482)
10:45:44| DoDad-01 | GetModePID(09, 04) - Cal ID-SLL:00482,00482-CF:F-DLLInfo:'DAD_DLL_VERSION_16.12.25.0 .. 3.0.7.0'
                    -  DAD_DLL_VERSION_16.12.25.0
                    -  31,TX MSG,ICAN29bt500,18 DB 33 F1 09 04 
                    -  31,RX QRY,ICAN29bt500,Delay: 100
                    -  140,RX MSG,ICAN29bt500,18 DB 33 F1 
                    -  140,RX MSG,ICAN29bt500,18 DA F1 0E 
                    -  140,RX MSG,ICAN29bt500,18 DA F1 0E 49 04 01 33 37 38 30 35 2D 35 48 50 2D 58 35 32 30 00 00 
                    -  140,RX QRY,ICAN29bt500,Delay: 100
                    -  257,RX QRY,ICAN29bt500,Delay: 100
                    -  366,RX QRY,ICAN29bt500,Delay: 100
                    -  481,RX QRY,ICAN29bt500,Delay: 100
                    -  590,RX QRY,ICAN29bt500,Delay: 100
                    -  699,RX QRY,ICAN29bt500,Delay: 100
                    (0.794 s,F) GetModePID(09, 04) - Cal ID | NoEOL
10:45:44| DECODE_Bus: DAD_DLL_VERSION_16.12.25.0
3.0.7.0

31,TX MSG,ICAN29bt500,18 DB 33 F1 09 04 
140,RX MSG,ICAN29bt500,18 DB 33 F1 
140,RX MSG,ICAN29bt500,18 DA F1 0E 
140,RX MSG,ICAN29bt500,18 DA F1 0E 49 04 01 33 37 38 30 35 2D 35 48 50 2D 58 35 32 30 00 00 

10:45:44| sr | Cal ID: 0 | 1
10:45:44|  
10:45:44| ... Get VIN >>>-----------------------------------------------------------------------
10:45:45| DAD_DLL_VERSION_16.12.25.0
3.0.7.0

31,TX MSG,ICAN29bt500,18 DB 33 F1 09 04 
140,RX MSG,ICAN29bt500,18 DB 33 F1 
140,RX MSG,ICAN29bt500,18 DA F1 0E 
140,RX MSG,ICAN29bt500,18 DA F1 0E 49 04 01 33 37 38 30 35 2D 35 48 50 2D 58 35 32 30 00 00 
840,TX MSG,ICAN29bt500,18 DB 33 F1 09 02 
949,RX MSG,ICAN29bt500,18 DB 33 F1 
949,RX MSG,ICAN29bt500,18 DA F1 0E 
949,RX MSG,ICAN29bt500,18 DA F1 0E 49 02 01 33 48 47 52 55 35 38 33 38 4A 4D 30 30 39 39 37 33 

10:45:45| SR: 0 | 1
10:45:45| ... GetEcuIdFromAddress
10:45:45| ... ByteArrayToHexString | 01 33 48 47 52 55 35 38 33 38 4A 4D 30 30 39 39 37 33
10:45:45| GetVIN | ECU:0E  DLen:018 (01 33 48 47 52 55 35 38 33 38 4A 4D 30 30 39 39 37 33)
10:45:45| ... ByteArrayToHexString | 01,33,48,47,52,55,35,38,33,38,4A,4D,30,30,39,39,37,33
10:45:45| ... CheckForNAK | Ret:False  Len:18  Buf:01,33,48,47,52,55,35,38,33,38,4A,4D,30,30,39,39,37,33  SID:09  PID:02  Prot:'CAN29'
10:45:45| ... ByteArrayToString | 3HGRU5838JM009973
10:45:45| GetVIN | ECU:0E  VIN: Null
10:45:45| DECODE_Bus: DAD_DLL_VERSION_16.12.25.0
3.0.7.0

31,TX MSG,ICAN29bt500,18 DB 33 F1 09 04 
140,RX MSG,ICAN29bt500,18 DB 33 F1 
140,RX MSG,ICAN29bt500,18 DA F1 0E 
140,RX MSG,ICAN29bt500,18 DA F1 0E 49 04 01 33 37 38 30 35 2D 35 48 50 2D 58 35 32 30 00 00 
840,TX MSG,ICAN29bt500,18 DB 33 F1 09 02 
949,RX MSG,ICAN29bt500,18 DB 33 F1 
949,RX MSG,ICAN29bt500,18 DA F1 0E 
949,RX MSG,ICAN29bt500,18 DA F1 0E 49 02 01 33 48 47 52 55 35 38 33 38 4A 4D 30 30 39 39 37 33 

10:45:45|  
10:45:45| ... Get VOLTAJES >>>-----------------------------------------------------------------------
10:45:45| ... SetupMyLastCommResult: ConditionsNotCorrect
10:45:45| ... DoDad | Action: System.Action | tag: GetModePID(01, 42) - Voltaje
10:45:45| ... GetCallingProcedure | lVehiculoLink
10:45:45| ... GetCallingProcedure | VehiculoLink
10:45:45| ... GetCallingProcedure | VehTest
10:45:45| DoDad-01 | GetModePID(01, 42) - Voltaje (Open:True,802.30 | lVehiculoLink,VehiculoLink,VehTest)
10:45:45| DoDad-01  ClearCommandLog ...
10:45:45| DoDad-01  Invoke ... (GetModePID(01, 42) - Voltaje)
10:45:46| DoDad-01  Invoke ... (GetModePID(01, 42) - Voltaje)  (672)
10:45:46| DoDad-01  CommandLog.Length ...
10:45:46| DoDad-01  CommandLog ... (0)
10:45:46| DoDad-01-CommandLog-Len:118 Siz:118 | iStart: 0
10:45:46| DoDad-01  SerialData.Length ... (316)
10:45:46| DoDad-01 | GetModePID(01, 42) - Voltaje-SLL:00316,00316-CF:F-DLLInfo:'DAD_DLL_VERSION_16.12.25.0 .. 3.0.7.0'
                    -  DAD_DLL_VERSION_16.12.25.0
                    -  31,TX MSG,ICAN29bt500,18 DB 33 F1 01 2A 
                    -  31,RX QRY,ICAN29bt500,Delay: 100
                    -  140,RX MSG,ICAN29bt500,18 DB 33 F1 
                    -  140,RX QRY,ICAN29bt500,Delay: 100
                    -  250,RX QRY,ICAN29bt500,Delay: 100
                    -  359,RX QRY,ICAN29bt500,Delay: 100
                    -  469,RX QRY,ICAN29bt500,Delay: 100
                    -  578,RX QRY,ICAN29bt500,Delay: 100
                    (0.672 s,F) GetModePID(01, 42) - Voltaje | NoEOL
10:45:46|  
10:45:46| ... Get RPM >>>-----------------------------------------------------------------------
10:45:46| ... SetupMyLastCommResult: ConditionsNotCorrect
10:45:46| ... DoDad | Action: System.Action | tag: GetModePID(01, 0C) - DTC count, MIL
10:45:46| ... GetCallingProcedure | lVehiculoLink
10:45:46| ... GetCallingProcedure | VehiculoLink
10:45:46| ... GetCallingProcedure | VehTest
10:45:46| DoDad-01 | GetModePID(01, 0C) - DTC count, MIL (Open:True,803.02 | lVehiculoLink,VehiculoLink,VehTest)
10:45:46| DoDad-01  ClearCommandLog ...
10:45:46| DoDad-01  Invoke ... (GetModePID(01, 0C) - DTC count, MIL)
10:45:47| DoDad-01  Invoke ... (GetModePID(01, 0C) - DTC count, MIL)  (765)
10:45:47| DoDad-01  CommandLog.Length ...
10:45:47| DoDad-01  CommandLog ... (0)
10:45:47| DoDad-01-CommandLog-Len:167 Siz:167 | iStart: 0
10:45:47| DoDad-01  SerialData.Length ... (400)
10:45:47| DoDad-01 | GetModePID(01, 0C) - DTC count, MIL-SLL:00400,00400-CF:F-DLLInfo:'DAD_DLL_VERSION_16.12.25.0 .. 3.0.7.0'
                    -  DAD_DLL_VERSION_16.12.25.0
                    -  31,TX MSG,ICAN29bt500,18 DB 33 F1 01 0C 
                    -  31,RX QRY,ICAN29bt500,Delay: 100
                    -  140,RX MSG,ICAN29bt500,18 DB 33 F1 
                    -  140,RX MSG,ICAN29bt500,18 DA F1 0E 41 0C 0A A0 
                    -  140,RX QRY,ICAN29bt500,Delay: 100
                    -  250,RX QRY,ICAN29bt500,Delay: 100
                    -  359,RX QRY,ICAN29bt500,Delay: 100
                    -  468,RX QRY,ICAN29bt500,Delay: 100
                    -  578,RX QRY,ICAN29bt500,Delay: 100
                    -  694,RX QRY,ICAN29bt500,Delay: 100
                    (0.788 s,F) GetModePID(01, 0C) - DTC count, MIL | NoEOL
10:45:47| DECODE_Bus: DAD_DLL_VERSION_16.12.25.0
3.0.7.0

31,TX MSG,ICAN29bt500,18 DB 33 F1 01 0C 
140,RX MSG,ICAN29bt500,18 DB 33 F1 
140,RX MSG,ICAN29bt500,18 DA F1 0E 41 0C 0A A0 

10:45:47| sr | Get RPM(1): 0 | 1
10:45:47| ... SetupMyLastCommResult: ConditionsNotCorrect
10:45:47| ... DoDad | Action: System.Action | tag: GetModePID(01, 0C) - DTC count, MIL
10:45:47| ... GetCallingProcedure | lVehiculoLink
10:45:47| ... GetCallingProcedure | VehiculoLink
10:45:47| ... GetCallingProcedure | VehTest
10:45:47| DoDad-01 | GetModePID(01, 0C) - DTC count, MIL (Open:True,803.86 | lVehiculoLink,VehiculoLink,VehTest)
10:45:47| DoDad-01  ClearCommandLog ...
10:45:47| DoDad-01  Invoke ... (GetModePID(01, 0C) - DTC count, MIL)
10:45:47| DoDad-01  Invoke ... (GetModePID(01, 0C) - DTC count, MIL)  (781)
10:45:47| DoDad-01  CommandLog.Length ...
10:45:47| DoDad-01  CommandLog ... (0)
10:45:47| DoDad-01-CommandLog-Len:167 Siz:167 | iStart: 0
10:45:47| DoDad-01  SerialData.Length ... (400)
10:45:47| DoDad-01 | GetModePID(01, 0C) - DTC count, MIL-SLL:00400,00400-CF:F-DLLInfo:'DAD_DLL_VERSION_16.12.25.0 .. 3.0.7.0'
                    -  DAD_DLL_VERSION_16.12.25.0
                    -  31,TX MSG,ICAN29bt500,18 DB 33 F1 01 0C 
                    -  31,RX QRY,ICAN29bt500,Delay: 100
                    -  140,RX MSG,ICAN29bt500,18 DB 33 F1 
                    -  140,RX MSG,ICAN29bt500,18 DA F1 0E 41 0C 0A 94 
                    -  140,RX QRY,ICAN29bt500,Delay: 100
                    -  250,RX QRY,ICAN29bt500,Delay: 100
                    -  359,RX QRY,ICAN29bt500,Delay: 100
                    -  469,RX QRY,ICAN29bt500,Delay: 100
                    -  578,RX QRY,ICAN29bt500,Delay: 100
                    -  688,RX QRY,ICAN29bt500,Delay: 100
                    (0.782 s,F) GetModePID(01, 0C) - DTC count, MIL | NoEOL
10:45:47| DECODE_Bus: DAD_DLL_VERSION_16.12.25.0
3.0.7.0

31,TX MSG,ICAN29bt500,18 DB 33 F1 01 0C 
140,RX MSG,ICAN29bt500,18 DB 33 F1 
140,RX MSG,ICAN29bt500,18 DA F1 0E 41 0C 0A 94 

10:45:47| sr | Get RPM(2): 0 | 1
10:45:47| ... SetupMyLastCommResult: ConditionsNotCorrect
10:45:47| ... DoDad | Action: System.Action | tag: GetModePID(01, 0C) - DTC count, MIL
10:45:47| ... GetCallingProcedure | lVehiculoLink
10:45:47| ... GetCallingProcedure | VehiculoLink
10:45:47| ... GetCallingProcedure | VehTest
10:45:47| DoDad-01 | GetModePID(01, 0C) - DTC count, MIL (Open:True,804.68 | lVehiculoLink,VehiculoLink,VehTest)
10:45:47| DoDad-01  ClearCommandLog ...
10:45:47| DoDad-01  Invoke ... (GetModePID(01, 0C) - DTC count, MIL)
10:45:48| DoDad-01  Invoke ... (GetModePID(01, 0C) - DTC count, MIL)  (782)
10:45:48| DoDad-01  CommandLog.Length ...
10:45:48| DoDad-01  CommandLog ... (0)
10:45:48| DoDad-01-CommandLog-Len:167 Siz:167 | iStart: 0
10:45:48| DoDad-01  SerialData.Length ... (400)
10:45:48| DoDad-01 | GetModePID(01, 0C) - DTC count, MIL-SLL:00400,00400-CF:F-DLLInfo:'DAD_DLL_VERSION_16.12.25.0 .. 3.0.7.0'
                    -  DAD_DLL_VERSION_16.12.25.0
                    -  31,TX MSG,ICAN29bt500,18 DB 33 F1 01 0C 
                    -  31,RX QRY,ICAN29bt500,Delay: 100
                    -  140,RX MSG,ICAN29bt500,18 DB 33 F1 
                    -  140,RX MSG,ICAN29bt500,18 DA F1 0E 41 0C 0A 88 
                    -  140,RX QRY,ICAN29bt500,Delay: 100
                    -  250,RX QRY,ICAN29bt500,Delay: 100
                    -  359,RX QRY,ICAN29bt500,Delay: 100
                    -  468,RX QRY,ICAN29bt500,Delay: 100
                    -  578,RX QRY,ICAN29bt500,Delay: 100
                    -  687,RX QRY,ICAN29bt500,Delay: 100
                    (0.781 s,F) GetModePID(01, 0C) - DTC count, MIL | NoEOL
10:45:48| DECODE_Bus: DAD_DLL_VERSION_16.12.25.0
3.0.7.0

31,TX MSG,ICAN29bt500,18 DB 33 F1 01 0C 
140,RX MSG,ICAN29bt500,18 DB 33 F1 
140,RX MSG,ICAN29bt500,18 DA F1 0E 41 0C 0A 88 

10:45:48| sr | Get RPM(3): 0 | 1
10:45:48| ... SetupMyLastCommResult: ConditionsNotCorrect
10:45:48| ... DoDad | Action: System.Action | tag: GetModePID(01, 0C) - DTC count, MIL
10:45:48| ... GetCallingProcedure | lVehiculoLink
10:45:48| ... GetCallingProcedure | VehiculoLink
10:45:48| ... GetCallingProcedure | VehTest
10:45:48| DoDad-01 | GetModePID(01, 0C) - DTC count, MIL (Open:True,805.51 | lVehiculoLink,VehiculoLink,VehTest)
10:45:48| DoDad-01  ClearCommandLog ...
10:45:48| DoDad-01  Invoke ... (GetModePID(01, 0C) - DTC count, MIL)
10:45:49| DoDad-01  Invoke ... (GetModePID(01, 0C) - DTC count, MIL)  (782)
10:45:49| DoDad-01  CommandLog.Length ...
10:45:49| DoDad-01  CommandLog ... (0)
10:45:49| DoDad-01-CommandLog-Len:167 Siz:167 | iStart: 0
10:45:49| DoDad-01  SerialData.Length ... (400)
10:45:49| DoDad-01 | GetModePID(01, 0C) - DTC count, MIL-SLL:00400,00400-CF:F-DLLInfo:'DAD_DLL_VERSION_16.12.25.0 .. 3.0.7.0'
                    -  DAD_DLL_VERSION_16.12.25.0
                    -  31,TX MSG,ICAN29bt500,18 DB 33 F1 01 0C 
                    -  31,RX QRY,ICAN29bt500,Delay: 100
                    -  140,RX MSG,ICAN29bt500,18 DB 33 F1 
                    -  140,RX MSG,ICAN29bt500,18 DA F1 0E 41 0C 0A 94 
                    -  140,RX QRY,ICAN29bt500,Delay: 100
                    -  250,RX QRY,ICAN29bt500,Delay: 100
                    -  359,RX QRY,ICAN29bt500,Delay: 100
                    -  468,RX QRY,ICAN29bt500,Delay: 100
                    -  569,RX QRY,ICAN29bt500,Delay: 100
                    -  679,RX QRY,ICAN29bt500,Delay: 100
                    (0.773 s,F) GetModePID(01, 0C) - DTC count, MIL | NoEOL
10:45:49| DECODE_Bus: DAD_DLL_VERSION_16.12.25.0
3.0.7.0

31,TX MSG,ICAN29bt500,18 DB 33 F1 01 0C 
140,RX MSG,ICAN29bt500,18 DB 33 F1 
140,RX MSG,ICAN29bt500,18 DA F1 0E 41 0C 0A 94 

10:45:49| sr | Get RPM(4): 0 | 1
10:45:49| Success
10:45:49| InitIMCleanDevice | DeviceVoltage:13.9
10:45:49| InitIMCleanDevice | DeviceVoltageDLC:14.4
10:45:49| ... >>>-----------------------------------------------------------------------
10:45:49| ... >>>-----------------------------------------------------------------------
10:45:49| VIN: 3HGRU5838JM009973
10:45:49| MON: 
10:45:49| DTC: 
10:45:49| Voltage: 13.9
10:45:49| VoltageDLC: 14.4
10:45:49| Pid0101 : Null
10:45:49| Pid0300 : Null
10:45:49| Pid0121 : Null
10:45:49| Pid0131 : Null
10:45:49| Pid0133 : Null
10:45:49| Pid011F : Null
10:45:49| Pid017F : Null
10:45:49| Pid014D : Null
10:45:49| Pid0951 : Null
10:45:49| Pid0902 : Null
10:45:49| Pid0904 : Null
10:45:49| Pid010C: Null
10:45:49| RPM: 0 | 1: 0 | 2: 0 | 3: 0
10:45:49| ****** Posible Simulación de lecturas OBD detectada.
10:45:49| *** Connect ... EOF()
10:45:49| VehiculoLink: Pass: Inspección vehicular OBD concluido.
11:24:48|  
11:24:48| ... Connect_OBD ===================================================================================================================
11:24:48|  
11:24:48| ... GetCallingProcedure | lVehiculoLink
11:24:48| ... GetCallingProcedure | VehiculoLink
11:24:48| ... GetCallingProcedure | VehTest
11:24:48| ... IncrementActiveCount | 1
11:24:48| ... GetCallingProcedure | OpusIMCleanOBDdrv.Module1:Connect_OBD
11:24:48| ... GetCallingProcedure | OpusIMCleanOBDdrv.Module1:lVehiculoLink
11:24:48| ... GetCallingProcedure | OpusIMCleanOBDdrv.IMCleanOBD:VehiculoLink
11:24:48| ... MyDADStatus | LCR:ConditionsNotCorrect,Unknown
11:24:48| ... Connect | ---------------- Connect --------------- SC:'' (LCR:ConditionsNotCorrect,Unknown) (lVehiculoLink,VehiculoLink,VehTest)
11:24:48| GetDAD | Starting ... Cnt:00003,00 Opn:T (Connect)
11:24:48| GetDAD | Success ... Cnt:00003,01 Opn:T (Connect, Connect)
11:24:48| ... Connect | 1 | GetDAD =Connect
11:24:48| ... SetupMyLastCommResult: InvalidData
11:24:48| ... MyDad.Initialize 
11:24:48| ... DoDad | Action: System.Action | tag: Initialize
11:24:48| ... GetCallingProcedure | lVehiculoLink
11:24:48| ... GetCallingProcedure | VehiculoLink
11:24:48| ... GetCallingProcedure | VehTest
11:24:48| DoDad-01 | Initialize (Open:True,999.99 | lVehiculoLink,VehiculoLink,VehTest)
11:24:48| DoDad-01  ClearCommandLog ...
11:24:48| DoDad-01  Invoke ... (Initialize)
11:25:00| ... SetupVehicleIsLinked
11:25:00| ... GetCallingProcedure | SetupMyLastCommResult
11:25:00| ... GetCallingProcedure | _Lambda$__0
11:25:00| ... GetCallingProcedure | DoDad
11:25:00| ... SetupMyLastCommResult: Success
11:25:00| DoDad-01  Invoke ... (Initialize)  (12000)
11:25:00| DoDad-01  CommandLog.Length ...
11:25:00| DoDad-01  CommandLog ... (0)
11:25:00| DoDad-01-CommandLog-Len:310 Siz:310 | iStart: 0
11:25:00| DoDad-01  SerialData.Length ... (506)
11:25:00| DoDad-01 | Initialize-SLL:00506,00506-CF:F-DLLInfo:'DAD_DLL_VERSION_16.12.25.0 .. 3.0.7.0'
                    -  DAD_DLL_VERSION_16.12.25.0
                    -  609,TX MSG,JVPW1850,68 6A F1 01 00 
                    -  625,RX QRY,JVPW1850,Delay: 100
                    -  734,RX QRY,JVPW1850,Delay: 100
                    -  844,RX QRY,JVPW1850,Delay: 100
                    -  953,TX MSG,JPWM1850,61 6A F1 01 00 
                    -  968,TX MSG,I914**,33 
                    -  5280,TX MSG,KWPF**,C1 33 F1 81 
                    -  11734,TX MSG,ICAN11bt500,00 00 07 DF 01 00 
                    -  11734,RX QRY,ICAN11bt500,Delay: 100
                    -  11844,RX MSG,ICAN11bt500,00 00 07 DF 
                    -  11844,RX MSG,ICAN11bt500,00 00 07 E8 41 00 BE 3E B8 13 
                    -  11844,RX QRY,ICAN11bt500,Delay: 100
                    -  11953,RX QRY,ICAN11bt500,Delay: 100
                    (12.000 s,F) Initialize | 
11:25:00| ... MyLastResult | Success,Unknown,True->True
11:25:00| Connect | Init-Rty:2 (Success,Unknown,True->True | 12.11) | lVehiculoLink,VehiculoLink,VehTest
11:25:00| ... MyDad.Initialize > Success
11:25:00| DrewProtocol2MyProtocol | In:'ICAN11bt500'  Out:'CAN11' (CAN:True)
11:25:00| ... GetCallingProcedure | Connect_OBD
11:25:00| ... GetCallingProcedure | lVehiculoLink
11:25:00| ... GetCallingProcedure | VehiculoLink
11:25:00| GetSupportedPIDs | Starting ... (Mode:1) (Connect_OBD,lVehiculoLink,VehiculoLink)
11:25:00| ... SetupMyLastCommResult: InvalidData
11:25:00| ... DoDad | Action: System.Action | tag: GetModePID(01, 00) - PID support mask
11:25:00| ... GetCallingProcedure | Connect_OBD
11:25:00| ... GetCallingProcedure | lVehiculoLink
11:25:00| ... GetCallingProcedure | VehiculoLink
11:25:00| DoDad-01 | GetModePID(01, 00) - PID support mask (Open:True,999.99 | Connect_OBD,lVehiculoLink,VehiculoLink)
11:25:00| DoDad-01  ClearCommandLog ...
11:25:00| DoDad-01  Invoke ... (GetModePID(01, 00) - PID support mask)
11:25:01| DoDad-01  Invoke ... (GetModePID(01, 00) - PID support mask)  (657)
11:25:01| DoDad-01  CommandLog.Length ...
11:25:01| DoDad-01  CommandLog ... (0)
11:25:01| DoDad-01-CommandLog-Len:180 Siz:180 | iStart: 0
11:25:01| DoDad-01  SerialData.Length ... (869)
11:25:01| DoDad-01 | GetModePID(01, 00) - PID support mask-SLL:00869,00869-CF:F-DLLInfo:'DAD_DLL_VERSION_16.12.25.0 .. 3.0.7.0'
                    -  DAD_DLL_VERSION_16.12.25.0
                    -  609,TX MSG,JVPW1850,68 6A F1 01 00 
                    -  625,RX QRY,JVPW1850,Delay: 100
                    -  734,RX QRY,JVPW1850,Delay: 100
                    -  844,RX QRY,JVPW1850,Delay: 100
                    -  953,TX MSG,JPWM1850,61 6A F1 01 00 
                    -  968,TX MSG,I914**,33 
                    -  5280,TX MSG,KWPF**,C1 33 F1 81 
                    -  11734,TX MSG,ICAN11bt500,00 00 07 DF 01 00 
                    -  11734,RX QRY,ICAN11bt500,Delay: 100
                    -  11844,RX MSG,ICAN11bt500,00 00 07 DF 
                    -  11844,RX MSG,ICAN11bt500,00 00 07 E8 41 00 BE 3E B8 13 
                    -  11844,RX QRY,ICAN11bt500,Delay: 100
                    -  11953,RX QRY,ICAN11bt500,Delay: 100
                    -  12156,TX MSG,ICAN11bt500,00 00 07 DF 01 00 
                    -  12156,RX QRY,ICAN11bt500,Delay: 100
                    -  12265,RX MSG,ICAN11bt500,00 00 07 DF 
                    -  12265,RX MSG,ICAN11bt500,00 00 07 E8 41 00 BE 3E B8 13 
                    -  12265,RX QRY,ICAN11bt500,Delay: 100
                    -  12375,RX QRY,ICAN11bt500,Delay: 100
                    -  12484,RX QRY,ICAN11bt500,Delay: 100
                    -  12594,RX QRY,ICAN11bt500,Delay: 100
                    -  12703,RX QRY,ICAN11bt500,Delay: 100
                    (0.656 s,F) GetModePID(01, 00) - PID support mask | NoEOL
11:25:01| ... SetupVehicleIsLinked
11:25:01| ... GetCallingProcedure | SetupMyLastCommResult
11:25:01| ... GetCallingProcedure | GetSupportedPIDs
11:25:01| ... GetCallingProcedure | Connect_OBD
11:25:01| ... SetupMyLastCommResult: Success
11:25:01| ... MyLastResult | Success,Unknown,True->True
11:25:01|  (Result:Success,Unknown,True->True)
11:25:01| GetSupportedPIDs | PID00 RspCnt:1
11:25:01| ... GetEcuIdFromAddress
11:25:01| ... ByteArrayToHexString | 07E8
11:25:01| ... ByteArrayToHexString | BE3EB813
11:25:01| ... DT_DataToString | Adr:07E8,Mod:01,PID:00,Dat:BE3EB813
11:25:01| GetSupportedPIDS | Data-Adr:07E8,Mod:01,PID:00,Dat:BE3EB813
11:25:01| SSBAFOB | MdPID:01,00 ECU:E8 ...  InCnt:4 (BE,3E,B8,13,BC:018) SrtIdx:001
11:25:01| ... SetSupportedBitArrayFromObdBytes | BitAryLen:256  BitSetCnt:019  BAI:4-4,01,03,04,05,06,07,0B,0C,0D,0E,0F,11,13,14,15,1C,1F,20
11:25:01| 2 | GetSupportedPIDs | 1-E8-DBG3 -------------- 0,1,2,3,4,5,6,7, 8,9,A,B,C,D,E,F, G,H,I,J,K,L,M,N, O,P,Q,R,S,T,U,V
11:25:01| 2 | GetSupportedPIDs | 1-E8-DBG3 000-00_00-020: T,T,F,T,T,T,T,T, F,F,F,T,T,T,T,T, F,T,F,T,T,T,F,F, F,F,F,F,T,F,F,T
11:25:01| 2 | GetSupportedPIDs | 1-E8-DBG3 032-20_20-040: T,F,F,F,F,F,F,F, F,F,F,F,F,F,F,F, F,F,F,F,F,F,F,F, F,F,F,F,F,F,F,F
11:25:01| 2 | GetSupportedPIDs | 1-E8-DBG3 064-40_40-060: F,F,F,F,F,F,F,F, F,F,F,F,F,F,F,F, F,F,F,F,F,F,F,F, F,F,F,F,F,F,F,F
11:25:01| 2 | GetSupportedPIDs | 1-E8-DBG3 096-60_60-080: F,F,F,F,F,F,F,F, F,F,F,F,F,F,F,F, F,F,F,F,F,F,F,F, F,F,F,F,F,F,F,F
11:25:01| 2 | GetSupportedPIDs | 1-E8-DBG3 128-80_80-0A0: F,F,F,F,F,F,F,F, F,F,F,F,F,F,F,F, F,F,F,F,F,F,F,F, F,F,F,F,F,F,F,F
11:25:01| 2 | GetSupportedPIDs | 1-E8-DBG3 160-A0_A0-0C0: F,F,F,F,F,F,F,F, F,F,F,F,F,F,F,F, F,F,F,F,F,F,F,F, F,F,F,F,F,F,F,F
11:25:01| 2 | GetSupportedPIDs | 1-E8-DBG3 192-C0_C0-0E0: F,F,F,F,F,F,F,F, F,F,F,F,F,F,F,F, F,F,F,F,F,F,F,F, F,F,F,F,F,F,F,F
11:25:01| 2 | GetSupportedPIDs | 1-E8-DBG3 224-E0_E0-100: F,F,F,F,F,F,F,F, F,F,F,F,F,F,F,F, F,F,F,F,F,F,F,F, F,F,F,F,F,F,F,F  (T:019 F:237)
11:25:01| ... LogBitArray | 8
11:25:01| ... SetupMyLastCommResult: InvalidData
11:25:01| ... DoDad | Action: System.Action | tag: GetModePID(01, 20) - PID support mask
11:25:01| ... GetCallingProcedure | Connect_OBD
11:25:01| ... GetCallingProcedure | lVehiculoLink
11:25:01| ... GetCallingProcedure | VehiculoLink
11:25:01| DoDad-01 | GetModePID(01, 20) - PID support mask (Open:True,999.99 | Connect_OBD,lVehiculoLink,VehiculoLink)
11:25:01| DoDad-01  ClearCommandLog ...
11:25:01| DoDad-01  Invoke ... (GetModePID(01, 20) - PID support mask)
11:25:02| DoDad-01  Invoke ... (GetModePID(01, 20) - PID support mask)  (656)
11:25:02| DoDad-01  CommandLog.Length ...
11:25:02| DoDad-01  CommandLog ... (0)
11:25:02| DoDad-01-CommandLog-Len:180 Siz:180 | iStart: 0
11:25:02| DoDad-01  SerialData.Length ... (1232)
11:25:02| DoDad-01 | GetModePID(01, 20) - PID support mask-SLL:01232,01232-CF:F-DLLInfo:'DAD_DLL_VERSION_16.12.25.0 .. 3.0.7.0'
                    -  DAD_DLL_VERSION_16.12.25.0
                    -  609,TX MSG,JVPW1850,68 6A F1 01 00 
                    -  625,RX QRY,JVPW1850,Delay: 100
                    -  734,RX QRY,JVPW1850,Delay: 100
                    -  844,RX QRY,JVPW1850,Delay: 100
                    -  953,TX MSG,JPWM1850,61 6A F1 01 00 
                    -  968,TX MSG,I914**,33 
                    -  5280,TX MSG,KWPF**,C1 33 F1 81 
                    -  11734,TX MSG,ICAN11bt500,00 00 07 DF 01 00 
                    -  11734,RX QRY,ICAN11bt500,Delay: 100
                    -  11844,RX MSG,ICAN11bt500,00 00 07 DF 
                    -  11844,RX MSG,ICAN11bt500,00 00 07 E8 41 00 BE 3E B8 13 
                    -  11844,RX QRY,ICAN11bt500,Delay: 100
                    -  11953,RX QRY,ICAN11bt500,Delay: 100
                    -  12156,TX MSG,ICAN11bt500,00 00 07 DF 01 00 
                    -  12156,RX QRY,ICAN11bt500,Delay: 100
                    -  12265,RX MSG,ICAN11bt500,00 00 07 DF 
                    -  12265,RX MSG,ICAN11bt500,00 00 07 E8 41 00 BE 3E B8 13 
                    -  12265,RX QRY,ICAN11bt500,Delay: 100
                    -  12375,RX QRY,ICAN11bt500,Delay: 100
                    -  12484,RX QRY,ICAN11bt500,Delay: 100
                    -  12594,RX QRY,ICAN11bt500,Delay: 100
                    -  12703,RX QRY,ICAN11bt500,Delay: 100
                    -  12953,TX MSG,ICAN11bt500,00 00 07 DF 01 20 
                    -  12953,RX QRY,ICAN11bt500,Delay: 100
                    -  13062,RX MSG,ICAN11bt500,00 00 07 DF 
                    -  13062,RX MSG,ICAN11bt500,00 00 07 E8 41 20 80 06 20 15 
                    -  13062,RX QRY,ICAN11bt500,Delay: 100
                    -  13172,RX QRY,ICAN11bt500,Delay: 100
                    -  13281,RX QRY,ICAN11bt500,Delay: 100
                    -  13390,RX QRY,ICAN11bt500,Delay: 100
                    -  13500,RX QRY,ICAN11bt500,Delay: 100
                    (0.659 s,F) GetModePID(01, 20) - PID support mask | NoEOL
11:25:02| ... SetupVehicleIsLinked
11:25:02| ... GetCallingProcedure | SetupMyLastCommResult
11:25:02| ... GetCallingProcedure | GetSupportedPIDs
11:25:02| ... GetCallingProcedure | Connect_OBD
11:25:02| ... SetupMyLastCommResult: Success
11:25:02| ... MyLastResult | Success,Unknown,True->True
11:25:02|  (Result:Success,Unknown,True->True)
11:25:02| GetSupportedPIDs | PID20 RspCnt:1
11:25:02| ... GetEcuIdFromAddress
11:25:02| ... ByteArrayToHexString | 07E8
11:25:02| ... ByteArrayToHexString | 80062015
11:25:02| ... DT_DataToString | Adr:07E8,Mod:01,PID:20,Dat:80062015
11:25:02| GetSupportedPIDS | Data-Adr:07E8,Mod:01,PID:20,Dat:80062015
11:25:02| SSBAFOB | MdPID:01,20 ECU:E8 ...  InCnt:4 (80,06,20,15,BC:007) SrtIdx:033
11:25:02| ... SetSupportedBitArrayFromObdBytes | BitAryLen:256  BitSetCnt:026  BAI:4-4,21,2E,2F,33,3C,3E,40
11:25:02| 2 | GetSupportedPIDs | 1-E8-DBG3 -------------- 0,1,2,3,4,5,6,7, 8,9,A,B,C,D,E,F, G,H,I,J,K,L,M,N, O,P,Q,R,S,T,U,V
11:25:02| 2 | GetSupportedPIDs | 1-E8-DBG3 000-00_00-020: T,T,F,T,T,T,T,T, F,F,F,T,T,T,T,T, F,T,F,T,T,T,F,F, F,F,F,F,T,F,F,T
11:25:02| 2 | GetSupportedPIDs | 1-E8-DBG3 032-20_20-040: T,T,F,F,F,F,F,F, F,F,F,F,F,F,T,T, F,F,F,T,F,F,F,F, F,F,F,F,T,F,T,F
11:25:02| 2 | GetSupportedPIDs | 1-E8-DBG3 064-40_40-060: T,F,F,F,F,F,F,F, F,F,F,F,F,F,F,F, F,F,F,F,F,F,F,F, F,F,F,F,F,F,F,F
11:25:02| 2 | GetSupportedPIDs | 1-E8-DBG3 096-60_60-080: F,F,F,F,F,F,F,F, F,F,F,F,F,F,F,F, F,F,F,F,F,F,F,F, F,F,F,F,F,F,F,F
11:25:02| 2 | GetSupportedPIDs | 1-E8-DBG3 128-80_80-0A0: F,F,F,F,F,F,F,F, F,F,F,F,F,F,F,F, F,F,F,F,F,F,F,F, F,F,F,F,F,F,F,F
11:25:02| 2 | GetSupportedPIDs | 1-E8-DBG3 160-A0_A0-0C0: F,F,F,F,F,F,F,F, F,F,F,F,F,F,F,F, F,F,F,F,F,F,F,F, F,F,F,F,F,F,F,F
11:25:02| 2 | GetSupportedPIDs | 1-E8-DBG3 192-C0_C0-0E0: F,F,F,F,F,F,F,F, F,F,F,F,F,F,F,F, F,F,F,F,F,F,F,F, F,F,F,F,F,F,F,F
11:25:02| 2 | GetSupportedPIDs | 1-E8-DBG3 224-E0_E0-100: F,F,F,F,F,F,F,F, F,F,F,F,F,F,F,F, F,F,F,F,F,F,F,F, F,F,F,F,F,F,F,F  (T:026 F:230)
11:25:02| ... LogBitArray | 8
11:25:02| ... SetupMyLastCommResult: InvalidData
11:25:02| ... DoDad | Action: System.Action | tag: GetModePID(01, 40) - PID support mask
11:25:02| ... GetCallingProcedure | Connect_OBD
11:25:02| ... GetCallingProcedure | lVehiculoLink
11:25:02| ... GetCallingProcedure | VehiculoLink
11:25:02| DoDad-01 | GetModePID(01, 40) - PID support mask (Open:True,999.99 | Connect_OBD,lVehiculoLink,VehiculoLink)
11:25:02| DoDad-01  ClearCommandLog ...
11:25:02| DoDad-01  Invoke ... (GetModePID(01, 40) - PID support mask)
11:25:03| DoDad-01  Invoke ... (GetModePID(01, 40) - PID support mask)  (656)
11:25:03| DoDad-01  CommandLog.Length ...
11:25:03| DoDad-01  CommandLog ... (0)
11:25:03| DoDad-01-CommandLog-Len:180 Siz:180 | iStart: 0
11:25:03| DoDad-01  SerialData.Length ... (1595)
11:25:03| DoDad-01 | GetModePID(01, 40) - PID support mask-SLL:01595,01595-CF:F-DLLInfo:'DAD_DLL_VERSION_16.12.25.0 .. 3.0.7.0'
                    -  DAD_DLL_VERSION_16.12.25.0
                    -  609,TX MSG,JVPW1850,68 6A F1 01 00 
                    -  625,RX QRY,JVPW1850,Delay: 100
                    -  734,RX QRY,JVPW1850,Delay: 100
                    -  844,RX QRY,JVPW1850,Delay: 100
                    -  953,TX MSG,JPWM1850,61 6A F1 01 00 
                    -  968,TX MSG,I914**,33 
                    -  5280,TX MSG,KWPF**,C1 33 F1 81 
                    -  11734,TX MSG,ICAN11bt500,00 00 07 DF 01 00 
                    -  11734,RX QRY,ICAN11bt500,Delay: 100
                    -  11844,RX MSG,ICAN11bt500,00 00 07 DF 
                    -  11844,RX MSG,ICAN11bt500,00 00 07 E8 41 00 BE 3E B8 13 
                    -  11844,RX QRY,ICAN11bt500,Delay: 100
                    -  11953,RX QRY,ICAN11bt500,Delay: 100
                    -  12156,TX MSG,ICAN11bt500,00 00 07 DF 01 00 
                    -  12156,RX QRY,ICAN11bt500,Delay: 100
                    -  12265,RX MSG,ICAN11bt500,00 00 07 DF 
                    -  12265,RX MSG,ICAN11bt500,00 00 07 E8 41 00 BE 3E B8 13 
                    -  12265,RX QRY,ICAN11bt500,Delay: 100
                    -  12375,RX QRY,ICAN11bt500,Delay: 100
                    -  12484,RX QRY,ICAN11bt500,Delay: 100
                    -  12594,RX QRY,ICAN11bt500,Delay: 100
                    -  12703,RX QRY,ICAN11bt500,Delay: 100
                    -  12953,TX MSG,ICAN11bt500,00 00 07 DF 01 20 
                    -  12953,RX QRY,ICAN11bt500,Delay: 100
                    -  13062,RX MSG,ICAN11bt500,00 00 07 DF 
                    -  13062,RX MSG,ICAN11bt500,00 00 07 E8 41 20 80 06 20 15 
                    -  13062,RX QRY,ICAN11bt500,Delay: 100
                    -  13172,RX QRY,ICAN11bt500,Delay: 100
                    -  13281,RX QRY,ICAN11bt500,Delay: 100
                    -  13390,RX QRY,ICAN11bt500,Delay: 100
                    -  13500,RX QRY,ICAN11bt500,Delay: 100
                    -  13756,TX MSG,ICAN11bt500,00 00 07 DF 01 40 
                    -  13756,RX QRY,ICAN11bt500,Delay: 100
                    -  13865,RX MSG,ICAN11bt500,00 00 07 DF 
                    -  13865,RX MSG,ICAN11bt500,00 00 07 E8 41 40 56 D0 00 00 
                    -  13865,RX QRY,ICAN11bt500,Delay: 100
                    -  13975,RX QRY,ICAN11bt500,Delay: 100
                    -  14084,RX QRY,ICAN11bt500,Delay: 100
                    -  14193,RX QRY,ICAN11bt500,Delay: 100
                    -  14303,RX QRY,ICAN11bt500,Delay: 100
                    (0.672 s,F) GetModePID(01, 40) - PID support mask | NoEOL
11:25:03| ... SetupVehicleIsLinked
11:25:03| ... GetCallingProcedure | SetupMyLastCommResult
11:25:03| ... GetCallingProcedure | GetSupportedPIDs
11:25:03| ... GetCallingProcedure | Connect_OBD
11:25:03| ... SetupMyLastCommResult: Success
11:25:03| ... MyLastResult | Success,Unknown,True->True
11:25:03|  (Result:Success,Unknown,True->True)
11:25:03| GetSupportedPIDs | PID40 RspCnt:1
11:25:03| ... GetEcuIdFromAddress
11:25:03| ... ByteArrayToHexString | 07E8
11:25:03| ... ByteArrayToHexString | 56D00000
11:25:03| ... DT_DataToString | Adr:07E8,Mod:01,PID:40,Dat:56D00000
11:25:03| GetSupportedPIDS | Data-Adr:07E8,Mod:01,PID:40,Dat:56D00000
11:25:03| SSBAFOB | MdPID:01,40 ECU:E8 ...  InCnt:4 (56,D0,00,00,BC:007) SrtIdx:065
11:25:03| ... SetSupportedBitArrayFromObdBytes | BitAryLen:256  BitSetCnt:033  BAI:4-4,42,44,46,47,49,4A,4C
11:25:03| 2 | GetSupportedPIDs | 1-E8-DBG3 -------------- 0,1,2,3,4,5,6,7, 8,9,A,B,C,D,E,F, G,H,I,J,K,L,M,N, O,P,Q,R,S,T,U,V
11:25:03| 2 | GetSupportedPIDs | 1-E8-DBG3 000-00_00-020: T,T,F,T,T,T,T,T, F,F,F,T,T,T,T,T, F,T,F,T,T,T,F,F, F,F,F,F,T,F,F,T
11:25:03| 2 | GetSupportedPIDs | 1-E8-DBG3 032-20_20-040: T,T,F,F,F,F,F,F, F,F,F,F,F,F,T,T, F,F,F,T,F,F,F,F, F,F,F,F,T,F,T,F
11:25:03| 2 | GetSupportedPIDs | 1-E8-DBG3 064-40_40-060: T,F,T,F,T,F,T,T, F,T,T,F,T,F,F,F, F,F,F,F,F,F,F,F, F,F,F,F,F,F,F,F
11:25:03| 2 | GetSupportedPIDs | 1-E8-DBG3 096-60_60-080: F,F,F,F,F,F,F,F, F,F,F,F,F,F,F,F, F,F,F,F,F,F,F,F, F,F,F,F,F,F,F,F
11:25:03| 2 | GetSupportedPIDs | 1-E8-DBG3 128-80_80-0A0: F,F,F,F,F,F,F,F, F,F,F,F,F,F,F,F, F,F,F,F,F,F,F,F, F,F,F,F,F,F,F,F
11:25:03| 2 | GetSupportedPIDs | 1-E8-DBG3 160-A0_A0-0C0: F,F,F,F,F,F,F,F, F,F,F,F,F,F,F,F, F,F,F,F,F,F,F,F, F,F,F,F,F,F,F,F
11:25:03| 2 | GetSupportedPIDs | 1-E8-DBG3 192-C0_C0-0E0: F,F,F,F,F,F,F,F, F,F,F,F,F,F,F,F, F,F,F,F,F,F,F,F, F,F,F,F,F,F,F,F
11:25:03| 2 | GetSupportedPIDs | 1-E8-DBG3 224-E0_E0-100: F,F,F,F,F,F,F,F, F,F,F,F,F,F,F,F, F,F,F,F,F,F,F,F, F,F,F,F,F,F,F,F  (T:033 F:223)
11:25:03| ... LogBitArray | 8
11:25:03| GetSupportedPIDs | Mode:1 ECUCnt:1 PIDSupDicCnt:1
11:25:03| 4 | GetSupportedPIDS | Mode1-ECUE8:-------------- 0,1,2,3,4,5,6,7, 8,9,A,B,C,D,E,F, G,H,I,J,K,L,M,N, O,P,Q,R,S,T,U,V
11:25:03| 4 | GetSupportedPIDS | Mode1-ECUE8:000-00_00-020: T,T,F,T,T,T,T,T, F,F,F,T,T,T,T,T, F,T,F,T,T,T,F,F, F,F,F,F,T,F,F,T
11:25:03| 4 | GetSupportedPIDS | Mode1-ECUE8:032-20_20-040: T,T,F,F,F,F,F,F, F,F,F,F,F,F,T,T, F,F,F,T,F,F,F,F, F,F,F,F,T,F,T,F
11:25:03| 4 | GetSupportedPIDS | Mode1-ECUE8:064-40_40-060: T,F,T,F,T,F,T,T, F,T,T,F,T,F,F,F, F,F,F,F,F,F,F,F, F,F,F,F,F,F,F,F
11:25:03| 4 | GetSupportedPIDS | Mode1-ECUE8:096-60_60-080: F,F,F,F,F,F,F,F, F,F,F,F,F,F,F,F, F,F,F,F,F,F,F,F, F,F,F,F,F,F,F,F
11:25:03| 4 | GetSupportedPIDS | Mode1-ECUE8:128-80_80-0A0: F,F,F,F,F,F,F,F, F,F,F,F,F,F,F,F, F,F,F,F,F,F,F,F, F,F,F,F,F,F,F,F
11:25:03| 4 | GetSupportedPIDS | Mode1-ECUE8:160-A0_A0-0C0: F,F,F,F,F,F,F,F, F,F,F,F,F,F,F,F, F,F,F,F,F,F,F,F, F,F,F,F,F,F,F,F
11:25:03| 4 | GetSupportedPIDS | Mode1-ECUE8:192-C0_C0-0E0: F,F,F,F,F,F,F,F, F,F,F,F,F,F,F,F, F,F,F,F,F,F,F,F, F,F,F,F,F,F,F,F
11:25:03| 4 | GetSupportedPIDS | Mode1-ECUE8:224-E0_E0-100: F,F,F,F,F,F,F,F, F,F,F,F,F,F,F,F, F,F,F,F,F,F,F,F, F,F,F,F,F,F,F,F  (T:033 F:223)
11:25:03| ... LogBitArray | 8
11:25:03| 2 | GetSupportedPIDs | 1-ECUxx -------------- 0,1,2,3,4,5,6,7, 8,9,A,B,C,D,E,F, G,H,I,J,K,L,M,N, O,P,Q,R,S,T,U,V
11:25:03| 2 | GetSupportedPIDs | 1-ECUxx 000-00_00-020: T,T,F,T,T,T,T,T, F,F,F,T,T,T,T,T, F,T,F,T,T,T,F,F, F,F,F,F,T,F,F,T
11:25:03| 2 | GetSupportedPIDs | 1-ECUxx 032-20_20-040: T,T,F,F,F,F,F,F, F,F,F,F,F,F,T,T, F,F,F,T,F,F,F,F, F,F,F,F,T,F,T,F
11:25:03| 2 | GetSupportedPIDs | 1-ECUxx 064-40_40-060: T,F,T,F,T,F,T,T, F,T,T,F,T,F,F,F, F,F,F,F,F,F,F,F, F,F,F,F,F,F,F,F
11:25:03| 2 | GetSupportedPIDs | 1-ECUxx 096-60_60-080: F,F,F,F,F,F,F,F, F,F,F,F,F,F,F,F, F,F,F,F,F,F,F,F, F,F,F,F,F,F,F,F
11:25:03| 2 | GetSupportedPIDs | 1-ECUxx 128-80_80-0A0: F,F,F,F,F,F,F,F, F,F,F,F,F,F,F,F, F,F,F,F,F,F,F,F, F,F,F,F,F,F,F,F
11:25:03| 2 | GetSupportedPIDs | 1-ECUxx 160-A0_A0-0C0: F,F,F,F,F,F,F,F, F,F,F,F,F,F,F,F, F,F,F,F,F,F,F,F, F,F,F,F,F,F,F,F
11:25:03| 2 | GetSupportedPIDs | 1-ECUxx 192-C0_C0-0E0: F,F,F,F,F,F,F,F, F,F,F,F,F,F,F,F, F,F,F,F,F,F,F,F, F,F,F,F,F,F,F,F
11:25:03| 2 | GetSupportedPIDs | 1-ECUxx 224-E0_E0-100: F,F,F,F,F,F,F,F, F,F,F,F,F,F,F,F, F,F,F,F,F,F,F,F, F,F,F,F,F,F,F,F  (T:033 F:223)
11:25:03| ... LogBitArray | 8
11:25:03| GetSupportedPIDs | PIDCnt-1-E8:033  (TPC:33)
11:25:03| ... DictValueSortDesc
11:25:03| DVSD | E8:033->E8:033
11:25:03| GetSupportedPIDs | Mode:1 PIDs-'033:00 01 03 04 05 06 07 0B 0C 0D 0E 0F 11 13 14 15 1C 1F 20 21 2E 2F 33 3C 3E 40 42 44 46 47 49 4A 4C
11:25:03|  GetSupportedPIDs | Ending ... Success:TrueTrueTrue 1-E8:033
11:25:03| ReleaseDAD |  Starting ... Cnt:00003,01 (Connect)
11:25:03| ... ReleaseDAD | Success ... Cnt:00003,00 Opn:T (Connect, Connect)
11:25:03| ... Connect | 2
11:25:03| ... SetupVehicleIsLinked
11:25:03| ... GetCallingProcedure | Connect_OBD
11:25:03| ... GetCallingProcedure | lVehiculoLink
11:25:03| ... GetCallingProcedure | VehiculoLink
11:25:03| SVLI | VehicleIsLinked:'True'->'?'  (Connect_OBD,lVehiculoLink,VehiculoLink)
11:25:03| ... SetupVehicleIsLinked
11:25:03| ... GetCallingProcedure | Connect_OBD
11:25:03| ... GetCallingProcedure | lVehiculoLink
11:25:03| ... GetCallingProcedure | VehiculoLink
11:25:03| SVLI | VehicleIsLinked:'?'->'True'  (Connect_OBD,lVehiculoLink,VehiculoLink)
11:25:03| ... Connect | 3 | Connect_Succeeded = True
11:25:03| ... MyLastResult | Success,Unknown,?->True
11:25:03| Connect | Rslt:True EECUID:E8 ECUs:1-(E8:033->E8:033,) Prot:'CAN11', 'CAN11' PC:33  (Success,Unknown,?->True, 14.69) (lVehiculoLink,VehiculoLink,VehTest)
11:25:03| ... DecrementActiveCount | 0
11:25:03| ... GetCallingProcedure | OpusIMCleanOBDdrv.Module1:Connect_OBD
11:25:03| ... GetCallingProcedure | OpusIMCleanOBDdrv.Module1:lVehiculoLink
11:25:03| ... GetCallingProcedure | OpusIMCleanOBDdrv.IMCleanOBD:VehiculoLink
11:25:03| ... LocalDecrementActiveCount | 0
11:25:03|  
11:25:03| ... Get MON >>>-----------------------------------------------------------------------
11:25:03| ... SetupMyLastCommResult: ConditionsNotCorrect
11:25:03| ... DoDad | Action: System.Action | tag: GetModePID(01, 01) - Readiness, DTC count, MIL
11:25:03| ... GetCallingProcedure | lVehiculoLink
11:25:03| ... GetCallingProcedure | VehiculoLink
11:25:03| ... GetCallingProcedure | VehTest
11:25:03| DoDad-01 | GetModePID(01, 01) - Readiness, DTC count, MIL (Open:True,999.99 | lVehiculoLink,VehiculoLink,VehTest)
11:25:03| DoDad-01  ClearCommandLog ...
11:25:03| DoDad-01  Invoke ... (GetModePID(01, 01) - Readiness, DTC count, MIL)
11:25:04| DoDad-01  Invoke ... (GetModePID(01, 01) - Readiness, DTC count, MIL)  (656)
11:25:04| DoDad-01  CommandLog.Length ...
11:25:04| DoDad-01  CommandLog ... (0)
11:25:04| DoDad-01-CommandLog-Len:173 Siz:173 | iStart: 0
11:25:04| DoDad-01  SerialData.Length ... (371)
11:25:04| DoDad-01 | GetModePID(01, 01) - Readiness, DTC count, MIL-SLL:00371,00371-CF:F-DLLInfo:'DAD_DLL_VERSION_16.12.25.0 .. 3.0.7.0'
                    -  DAD_DLL_VERSION_16.12.25.0
                    -  31,TX MSG,ICAN11bt500,00 00 07 DF 01 01 
                    -  31,RX QRY,ICAN11bt500,Delay: 100
                    -  140,RX MSG,ICAN11bt500,00 00 07 DF 
                    -  140,RX MSG,ICAN11bt500,00 00 07 E8 41 01 81 07 21 21 
                    -  140,RX QRY,ICAN11bt500,Delay: 100
                    -  250,RX QRY,ICAN11bt500,Delay: 100
                    -  359,RX QRY,ICAN11bt500,Delay: 100
                    -  468,RX QRY,ICAN11bt500,Delay: 100
                    -  578,RX QRY,ICAN11bt500,Delay: 100
                    (0.672 s,F) GetModePID(01, 01) - Readiness, DTC count, MIL | NoEOL
11:25:04| DECODE_Bus: DAD_DLL_VERSION_16.12.25.0
3.0.7.0

31,TX MSG,ICAN11bt500,00 00 07 DF 01 01 
140,RX MSG,ICAN11bt500,00 00 07 DF 
140,RX MSG,ICAN11bt500,00 00 07 E8 41 01 81 07 21 21 

11:25:04| DECODE_MIL: 00 00 07 E8 41 01 81 07 21 21
11:25:04| zipESP: 00 00 07 E8 41 01 81 07 21 21 | 000007E8410181072121
11:25:04| DECODE_MIL dato: 81072121
11:25:04| Status: 81072121
11:25:04| A: 81 | 129 | 10000001
11:25:04| B: 07 | 7 | 00000111
11:25:04| C: 21 | 33 | 00100001
11:25:04| D: 21 | 33 | 00100001
11:25:04| sr | Get MON: 0 | 1
11:25:04|  
11:25:04| ... Get DTC >>>-----------------------------------------------------------------------
11:25:04| ... SetupMyLastCommResult: ConditionsNotCorrect
11:25:04| ... DoDad | Action: System.Action | tag: GetModePID(03, 00) - DTC count, MIL
11:25:04| ... GetCallingProcedure | lVehiculoLink
11:25:04| ... GetCallingProcedure | VehiculoLink
11:25:04| ... GetCallingProcedure | VehTest
11:25:04| DoDad-01 | GetModePID(03, 00) - DTC count, MIL (Open:True,999.99 | lVehiculoLink,VehiculoLink,VehTest)
11:25:04| DoDad-01  ClearCommandLog ...
11:25:04| DoDad-01  Invoke ... (GetModePID(03, 00) - DTC count, MIL)
11:25:05| DoDad-01  Invoke ... (GetModePID(03, 00) - DTC count, MIL)  (672)
11:25:05| DoDad-01  CommandLog.Length ...
11:25:05| DoDad-01  CommandLog ... (0)
11:25:05| DoDad-01-CommandLog-Len:164 Siz:164 | iStart: 0
11:25:05| DoDad-01  SerialData.Length ... (362)
11:25:05| DoDad-01 | GetModePID(03, 00) - DTC count, MIL-SLL:00362,00362-CF:F-DLLInfo:'DAD_DLL_VERSION_16.12.25.0 .. 3.0.7.0'
                    -  DAD_DLL_VERSION_16.12.25.0
                    -  31,TX MSG,ICAN11bt500,00 00 07 DF 03 
                    -  46,RX QRY,ICAN11bt500,Delay: 100
                    -  156,RX MSG,ICAN11bt500,00 00 07 DF 
                    -  156,RX MSG,ICAN11bt500,00 00 07 E8 43 01 01 72 
                    -  156,RX QRY,ICAN11bt500,Delay: 100
                    -  265,RX QRY,ICAN11bt500,Delay: 100
                    -  375,RX QRY,ICAN11bt500,Delay: 100
                    -  484,RX QRY,ICAN11bt500,Delay: 100
                    -  593,RX QRY,ICAN11bt500,Delay: 100
                    (0.672 s,F) GetModePID(03, 00) - DTC count, MIL | NoEOL
11:25:05| DECODE_Bus: DAD_DLL_VERSION_16.12.25.0
3.0.7.0

31,TX MSG,ICAN11bt500,00 00 07 DF 03 
156,RX MSG,ICAN11bt500,00 00 07 DF 
156,RX MSG,ICAN11bt500,00 00 07 E8 43 01 01 72 

11:25:05| ... DECODE_DTC: 00 00 07 E8 43 01 01 72
11:25:05| zipESP: 00 00 07 E8 43 01 01 72 | 000007E843010172
11:25:05| ... DECODE_DTC_CODIGOS: 0172
11:25:05| sr | Get DTC: 0 | 1
11:25:05|  
11:25:05| ... (01, 1F) Tmp. Encendido >>>-----------------------------------------------------------------------
11:25:05| ... SetupMyLastCommResult: ConditionsNotCorrect
11:25:05| ... DoDad | Action: System.Action | tag: GetModePID(01, 1F) - Tmp. Encendido
11:25:05| ... GetCallingProcedure | lVehiculoLink
11:25:05| ... GetCallingProcedure | VehiculoLink
11:25:05| ... GetCallingProcedure | VehTest
11:25:05| DoDad-01 | GetModePID(01, 1F) - Tmp. Encendido (Open:True,999.99 | lVehiculoLink,VehiculoLink,VehTest)
11:25:05| DoDad-01  ClearCommandLog ...
11:25:05| DoDad-01  Invoke ... (GetModePID(01, 1F) - Tmp. Encendido)
11:25:05| DoDad-01  Invoke ... (GetModePID(01, 1F) - Tmp. Encendido)  (657)
11:25:05| DoDad-01  CommandLog.Length ...
11:25:05| DoDad-01  CommandLog ... (0)
11:25:05| DoDad-01-CommandLog-Len:167 Siz:167 | iStart: 0
11:25:05| DoDad-01  SerialData.Length ... (365)
11:25:05| DoDad-01 | GetModePID(01, 1F) - Tmp. Encendido-SLL:00365,00365-CF:F-DLLInfo:'DAD_DLL_VERSION_16.12.25.0 .. 3.0.7.0'
                    -  DAD_DLL_VERSION_16.12.25.0
                    -  31,TX MSG,ICAN11bt500,00 00 07 DF 01 1F 
                    -  31,RX QRY,ICAN11bt500,Delay: 100
                    -  140,RX MSG,ICAN11bt500,00 00 07 DF 
                    -  140,RX MSG,ICAN11bt500,00 00 07 E8 41 1F 06 48 
                    -  140,RX QRY,ICAN11bt500,Delay: 100
                    -  250,RX QRY,ICAN11bt500,Delay: 100
                    -  359,RX QRY,ICAN11bt500,Delay: 100
                    -  468,RX QRY,ICAN11bt500,Delay: 100
                    -  578,RX QRY,ICAN11bt500,Delay: 100
                    (0.672 s,F) GetModePID(01, 1F) - Tmp. Encendido | NoEOL
11:25:05| DECODE_Bus: DAD_DLL_VERSION_16.12.25.0
3.0.7.0

31,TX MSG,ICAN11bt500,00 00 07 DF 01 1F 
140,RX MSG,ICAN11bt500,00 00 07 DF 
140,RX MSG,ICAN11bt500,00 00 07 E8 41 1F 06 48 

11:25:05| sr | Tmp. Encendido: 0 | 1
11:25:05|  
11:25:05| ... (01, 21) Distancia MIL >>>-----------------------------------------------------------------------
11:25:05| ... SetupMyLastCommResult: ConditionsNotCorrect
11:25:05| ... DoDad | Action: System.Action | tag: GetModePID(01, 21) - Distancia MIL
11:25:05| ... GetCallingProcedure | lVehiculoLink
11:25:05| ... GetCallingProcedure | VehiculoLink
11:25:05| ... GetCallingProcedure | VehTest
11:25:05| DoDad-01 | GetModePID(01, 21) - Distancia MIL (Open:True,999.99 | lVehiculoLink,VehiculoLink,VehTest)
11:25:05| DoDad-01  ClearCommandLog ...
11:25:05| DoDad-01  Invoke ... (GetModePID(01, 21) - Distancia MIL)
11:25:06| DoDad-01  Invoke ... (GetModePID(01, 21) - Distancia MIL)  (656)
11:25:06| DoDad-01  CommandLog.Length ...
11:25:06| DoDad-01  CommandLog ... (0)
11:25:06| DoDad-01-CommandLog-Len:167 Siz:167 | iStart: 0
11:25:06| DoDad-01  SerialData.Length ... (365)
11:25:06| DoDad-01 | GetModePID(01, 21) - Distancia MIL-SLL:00365,00365-CF:F-DLLInfo:'DAD_DLL_VERSION_16.12.25.0 .. 3.0.7.0'
                    -  DAD_DLL_VERSION_16.12.25.0
                    -  31,TX MSG,ICAN11bt500,00 00 07 DF 01 15 
                    -  31,RX QRY,ICAN11bt500,Delay: 100
                    -  140,RX MSG,ICAN11bt500,00 00 07 DF 
                    -  140,RX MSG,ICAN11bt500,00 00 07 E8 41 15 6C FF 
                    -  140,RX QRY,ICAN11bt500,Delay: 100
                    -  250,RX QRY,ICAN11bt500,Delay: 100
                    -  359,RX QRY,ICAN11bt500,Delay: 100
                    -  468,RX QRY,ICAN11bt500,Delay: 100
                    -  581,RX QRY,ICAN11bt500,Delay: 100
                    (0.660 s,F) GetModePID(01, 21) - Distancia MIL | NoEOL
11:25:06| DECODE_Bus: DAD_DLL_VERSION_16.12.25.0
3.0.7.0

31,TX MSG,ICAN11bt500,00 00 07 DF 01 15 
140,RX MSG,ICAN11bt500,00 00 07 DF 
140,RX MSG,ICAN11bt500,00 00 07 E8 41 15 6C FF 

11:25:06| sr | Distancia MIL: 0 | 1
11:25:06|  
11:25:06| ... (01, 31) Distancia MIL Borrada >>>-----------------------------------------------------------------------
11:25:06| ... SetupMyLastCommResult: ConditionsNotCorrect
11:25:06| ... DoDad | Action: System.Action | tag: GetModePID(01, 31) - Distancia MIL Borrada
11:25:06| ... GetCallingProcedure | lVehiculoLink
11:25:06| ... GetCallingProcedure | VehiculoLink
11:25:06| ... GetCallingProcedure | VehTest
11:25:06| DoDad-01 | GetModePID(01, 31) - Distancia MIL Borrada (Open:True,999.99 | lVehiculoLink,VehiculoLink,VehTest)
11:25:06| DoDad-01  ClearCommandLog ...
11:25:06| DoDad-01  Invoke ... (GetModePID(01, 31) - Distancia MIL Borrada)
11:25:07| DoDad-01  Invoke ... (GetModePID(01, 31) - Distancia MIL Borrada)  (656)
11:25:07| DoDad-01  CommandLog.Length ...
11:25:07| DoDad-01  CommandLog ... (0)
11:25:07| DoDad-01-CommandLog-Len:167 Siz:167 | iStart: 0
11:25:07| DoDad-01  SerialData.Length ... (365)
11:25:07| DoDad-01 | GetModePID(01, 31) - Distancia MIL Borrada-SLL:00365,00365-CF:F-DLLInfo:'DAD_DLL_VERSION_16.12.25.0 .. 3.0.7.0'
                    -  DAD_DLL_VERSION_16.12.25.0
                    -  31,TX MSG,ICAN11bt500,00 00 07 DF 01 1F 
                    -  31,RX QRY,ICAN11bt500,Delay: 100
                    -  140,RX MSG,ICAN11bt500,00 00 07 DF 
                    -  140,RX MSG,ICAN11bt500,00 00 07 E8 41 1F 06 49 
                    -  140,RX QRY,ICAN11bt500,Delay: 100
                    -  250,RX QRY,ICAN11bt500,Delay: 100
                    -  359,RX QRY,ICAN11bt500,Delay: 100
                    -  468,RX QRY,ICAN11bt500,Delay: 100
                    -  578,RX QRY,ICAN11bt500,Delay: 100
                    (0.656 s,F) GetModePID(01, 31) - Distancia MIL Borrada | NoEOL
11:25:07| DECODE_Bus: DAD_DLL_VERSION_16.12.25.0
3.0.7.0

31,TX MSG,ICAN11bt500,00 00 07 DF 01 1F 
140,RX MSG,ICAN11bt500,00 00 07 DF 
140,RX MSG,ICAN11bt500,00 00 07 E8 41 1F 06 49 

11:25:07| sr | Distancia MIL Borrada: 0 | 1
11:25:07|  
11:25:07| ... (01, 33) Presion Barometrica Kpa >>>-----------------------------------------------------------------------
11:25:07| ... SetupMyLastCommResult: ConditionsNotCorrect
11:25:07| ... DoDad | Action: System.Action | tag: GetModePID(01, 33) - Presion Barometrica Kpa
11:25:07| ... GetCallingProcedure | lVehiculoLink
11:25:07| ... GetCallingProcedure | VehiculoLink
11:25:07| ... GetCallingProcedure | VehTest
11:25:07| DoDad-01 | GetModePID(01, 33) - Presion Barometrica Kpa (Open:True,999.99 | lVehiculoLink,VehiculoLink,VehTest)
11:25:07| DoDad-01  ClearCommandLog ...
11:25:07| DoDad-01  Invoke ... (GetModePID(01, 33) - Presion Barometrica Kpa)
11:25:07| DoDad-01  Invoke ... (GetModePID(01, 33) - Presion Barometrica Kpa)  (656)
11:25:07| DoDad-01  CommandLog.Length ...
11:25:07| DoDad-01  CommandLog ... (0)
11:25:07| DoDad-01-CommandLog-Len:167 Siz:167 | iStart: 0
11:25:07| DoDad-01  SerialData.Length ... (365)
11:25:07| DoDad-01 | GetModePID(01, 33) - Presion Barometrica Kpa-SLL:00365,00365-CF:F-DLLInfo:'DAD_DLL_VERSION_16.12.25.0 .. 3.0.7.0'
                    -  DAD_DLL_VERSION_16.12.25.0
                    -  31,TX MSG,ICAN11bt500,00 00 07 DF 01 21 
                    -  31,RX QRY,ICAN11bt500,Delay: 100
                    -  140,RX MSG,ICAN11bt500,00 00 07 DF 
                    -  140,RX MSG,ICAN11bt500,00 00 07 E8 41 21 00 06 
                    -  140,RX QRY,ICAN11bt500,Delay: 100
                    -  250,RX QRY,ICAN11bt500,Delay: 100
                    -  359,RX QRY,ICAN11bt500,Delay: 100
                    -  469,RX QRY,ICAN11bt500,Delay: 100
                    -  578,RX QRY,ICAN11bt500,Delay: 100
                    (0.657 s,F) GetModePID(01, 33) - Presion Barometrica Kpa | NoEOL
11:25:07| DECODE_Bus: DAD_DLL_VERSION_16.12.25.0
3.0.7.0

31,TX MSG,ICAN11bt500,00 00 07 DF 01 21 
140,RX MSG,ICAN11bt500,00 00 07 DF 
140,RX MSG,ICAN11bt500,00 00 07 E8 41 21 00 06 

11:25:07| sr | Presion Barometrica Kpa: 0 | 1
11:25:07|  
11:25:07| ... (01, 4D) Tmp MIL on >>>-----------------------------------------------------------------------
11:25:07| ... SetupMyLastCommResult: ConditionsNotCorrect
11:25:07| ... DoDad | Action: System.Action | tag: GetModePID(01, 4D) - Tmp MIL on
11:25:07| ... GetCallingProcedure | lVehiculoLink
11:25:07| ... GetCallingProcedure | VehiculoLink
11:25:07| ... GetCallingProcedure | VehTest
11:25:07| DoDad-01 | GetModePID(01, 4D) - Tmp MIL on (Open:True,999.99 | lVehiculoLink,VehiculoLink,VehTest)
11:25:07| DoDad-01  ClearCommandLog ...
11:25:07| DoDad-01  Invoke ... (GetModePID(01, 4D) - Tmp MIL on)
11:25:08| DoDad-01  Invoke ... (GetModePID(01, 4D) - Tmp MIL on)  (657)
11:25:08| DoDad-01  CommandLog.Length ...
11:25:08| DoDad-01  CommandLog ... (0)
11:25:08| DoDad-01-CommandLog-Len:118 Siz:118 | iStart: 0
11:25:08| DoDad-01  SerialData.Length ... (316)
11:25:08| DoDad-01 | GetModePID(01, 4D) - Tmp MIL on-SLL:00316,00316-CF:F-DLLInfo:'DAD_DLL_VERSION_16.12.25.0 .. 3.0.7.0'
                    -  DAD_DLL_VERSION_16.12.25.0
                    -  31,TX MSG,ICAN11bt500,00 00 07 DF 01 4D 
                    -  31,RX QRY,ICAN11bt500,Delay: 100
                    -  140,RX MSG,ICAN11bt500,00 00 07 DF 
                    -  140,RX QRY,ICAN11bt500,Delay: 100
                    -  250,RX QRY,ICAN11bt500,Delay: 100
                    -  359,RX QRY,ICAN11bt500,Delay: 100
                    -  469,RX QRY,ICAN11bt500,Delay: 100
                    -  578,RX QRY,ICAN11bt500,Delay: 100
                    (0.657 s,F) GetModePID(01, 4D) - Tmp MIL on | NoEOL
11:25:08|  
11:25:08| ... (01, 51) Tipo Combustible >>>-----------------------------------------------------------------------
11:25:08| ... SetupMyLastCommResult: ConditionsNotCorrect
11:25:08| ... DoDad | Action: System.Action | tag: GetModePID(01, 51) - Tipo Combustible
11:25:08| ... GetCallingProcedure | lVehiculoLink
11:25:08| ... GetCallingProcedure | VehiculoLink
11:25:08| ... GetCallingProcedure | VehTest
11:25:08| DoDad-01 | GetModePID(01, 51) - Tipo Combustible (Open:True,999.99 | lVehiculoLink,VehiculoLink,VehTest)
11:25:08| DoDad-01  ClearCommandLog ...
11:25:08| DoDad-01  Invoke ... (GetModePID(01, 51) - Tipo Combustible)
11:25:09| DoDad-01  Invoke ... (GetModePID(01, 51) - Tipo Combustible)  (656)
11:25:09| DoDad-01  CommandLog.Length ...
11:25:09| DoDad-01  CommandLog ... (0)
11:25:09| DoDad-01-CommandLog-Len:164 Siz:164 | iStart: 0
11:25:09| DoDad-01  SerialData.Length ... (362)
11:25:09| DoDad-01 | GetModePID(01, 51) - Tipo Combustible-SLL:00362,00362-CF:F-DLLInfo:'DAD_DLL_VERSION_16.12.25.0 .. 3.0.7.0'
                    -  DAD_DLL_VERSION_16.12.25.0
                    -  31,TX MSG,ICAN11bt500,00 00 07 DF 01 33 
                    -  31,RX QRY,ICAN11bt500,Delay: 100
                    -  140,RX MSG,ICAN11bt500,00 00 07 DF 
                    -  140,RX MSG,ICAN11bt500,00 00 07 E8 41 33 50 
                    -  140,RX QRY,ICAN11bt500,Delay: 100
                    -  250,RX QRY,ICAN11bt500,Delay: 100
                    -  359,RX QRY,ICAN11bt500,Delay: 100
                    -  468,RX QRY,ICAN11bt500,Delay: 100
                    -  578,RX QRY,ICAN11bt500,Delay: 100
                    (0.672 s,F) GetModePID(01, 51) - Tipo Combustible | NoEOL
11:25:09| DECODE_Bus: DAD_DLL_VERSION_16.12.25.0
3.0.7.0

31,TX MSG,ICAN11bt500,00 00 07 DF 01 33 
140,RX MSG,ICAN11bt500,00 00 07 DF 
140,RX MSG,ICAN11bt500,00 00 07 E8 41 33 50 

11:25:09| sr | Tipo Combustible: 0 | 1
11:25:09|  
11:25:09| ... (01, 7F) Tmp Marcha Motor >>>-----------------------------------------------------------------------
11:25:09| ... SetupMyLastCommResult: ConditionsNotCorrect
11:25:09| ... DoDad | Action: System.Action | tag: GetModePID(01, 7F) - Tmp Marcha Motor
11:25:09| ... GetCallingProcedure | lVehiculoLink
11:25:09| ... GetCallingProcedure | VehiculoLink
11:25:09| ... GetCallingProcedure | VehTest
11:25:09| DoDad-01 | GetModePID(01, 7F) - Tmp Marcha Motor (Open:True,999.99 | lVehiculoLink,VehiculoLink,VehTest)
11:25:09| DoDad-01  ClearCommandLog ...
11:25:09| DoDad-01  Invoke ... (GetModePID(01, 7F) - Tmp Marcha Motor)
11:25:10| DoDad-01  Invoke ... (GetModePID(01, 7F) - Tmp Marcha Motor)  (656)
11:25:10| DoDad-01  CommandLog.Length ...
11:25:10| DoDad-01  CommandLog ... (0)
11:25:10| DoDad-01-CommandLog-Len:118 Siz:118 | iStart: 0
11:25:10| DoDad-01  SerialData.Length ... (316)
11:25:10| DoDad-01 | GetModePID(01, 7F) - Tmp Marcha Motor-SLL:00316,00316-CF:F-DLLInfo:'DAD_DLL_VERSION_16.12.25.0 .. 3.0.7.0'
                    -  DAD_DLL_VERSION_16.12.25.0
                    -  31,TX MSG,ICAN11bt500,00 00 07 DF 01 7F 
                    -  31,RX QRY,ICAN11bt500,Delay: 100
                    -  140,RX MSG,ICAN11bt500,00 00 07 DF 
                    -  140,RX QRY,ICAN11bt500,Delay: 100
                    -  250,RX QRY,ICAN11bt500,Delay: 100
                    -  359,RX QRY,ICAN11bt500,Delay: 100
                    -  469,RX QRY,ICAN11bt500,Delay: 100
                    -  578,RX QRY,ICAN11bt500,Delay: 100
                    (0.661 s,F) GetModePID(01, 7F) - Tmp Marcha Motor | NoEOL
11:25:10|  
11:25:10| ... (09, 04) Cal ID >>>-----------------------------------------------------------------------
11:25:10| ... SetupMyLastCommResult: ConditionsNotCorrect
11:25:10| ... DoDad | Action: System.Action | tag: GetModePID(09, 04) - Cal ID
11:25:10| ... GetCallingProcedure | lVehiculoLink
11:25:10| ... GetCallingProcedure | VehiculoLink
11:25:10| ... GetCallingProcedure | VehTest
11:25:10| DoDad-01 | GetModePID(09, 04) - Cal ID (Open:True,999.99 | lVehiculoLink,VehiculoLink,VehTest)
11:25:10| DoDad-01  ClearCommandLog ...
11:25:10| DoDad-01  Invoke ... (GetModePID(09, 04) - Cal ID)
11:25:10| DoDad-01  Invoke ... (GetModePID(09, 04) - Cal ID)  (656)
11:25:10| DoDad-01  CommandLog.Length ...
11:25:10| DoDad-01  CommandLog ... (0)
11:25:10| DoDad-01-CommandLog-Len:249 Siz:249 | iStart: 0
11:25:10| DoDad-01  SerialData.Length ... (447)
11:25:10| DoDad-01 | GetModePID(09, 04) - Cal ID-SLL:00447,00447-CF:F-DLLInfo:'DAD_DLL_VERSION_16.12.25.0 .. 3.0.7.0'
                    -  DAD_DLL_VERSION_16.12.25.0
                    -  31,TX MSG,ICAN11bt500,00 00 07 DF 09 04 
                    -  31,RX QRY,ICAN11bt500,Delay: 100
                    -  140,RX MSG,ICAN11bt500,00 00 07 DF 
                    -  140,RX MSG,ICAN11bt500,00 00 07 E8 
                    -  140,RX MSG,ICAN11bt500,00 00 07 E8 49 04 01 44 42 33 39 2D 31 34 43 32 30 34 2D 4B 42 45 00 
                    -  140,RX QRY,ICAN11bt500,Delay: 100
                    -  250,RX QRY,ICAN11bt500,Delay: 100
                    -  359,RX QRY,ICAN11bt500,Delay: 100
                    -  468,RX QRY,ICAN11bt500,Delay: 100
                    -  578,RX QRY,ICAN11bt500,Delay: 100
                    (0.663 s,F) GetModePID(09, 04) - Cal ID | NoEOL
11:25:10| DECODE_Bus: DAD_DLL_VERSION_16.12.25.0
3.0.7.0

31,TX MSG,ICAN11bt500,00 00 07 DF 09 04 
140,RX MSG,ICAN11bt500,00 00 07 DF 
140,RX MSG,ICAN11bt500,00 00 07 E8 
140,RX MSG,ICAN11bt500,00 00 07 E8 49 04 01 44 42 33 39 2D 31 34 43 32 30 34 2D 4B 42 45 00 

11:25:10| sr | Cal ID: 0 | 1
11:25:10|  
11:25:10| ... Get VIN >>>-----------------------------------------------------------------------
11:25:11| DAD_DLL_VERSION_16.12.25.0
3.0.7.0

31,TX MSG,ICAN11bt500,00 00 07 DF 09 04 
140,RX MSG,ICAN11bt500,00 00 07 DF 
140,RX MSG,ICAN11bt500,00 00 07 E8 
140,RX MSG,ICAN11bt500,00 00 07 E8 49 04 01 44 42 33 39 2D 31 34 43 32 30 34 2D 4B 42 45 00 
709,TX MSG,ICAN11bt500,00 00 07 DF 09 02 
834,RX MSG,ICAN11bt500,00 00 07 DF 
834,RX MSG,ICAN11bt500,00 00 07 E8 
834,RX MSG,ICAN11bt500,00 00 07 E8 49 02 01 38 41 46 57 52 35 41 41 39 48 36 30 30 36 35 36 33 

11:25:11| SR: 0 | 1
11:25:11| ... GetEcuIdFromAddress
11:25:11| ... ByteArrayToHexString | 01 38 41 46 57 52 35 41 41 39 48 36 30 30 36 35 36 33
11:25:11| GetVIN | ECU:E8  DLen:018 (01 38 41 46 57 52 35 41 41 39 48 36 30 30 36 35 36 33)
11:25:11| ... ByteArrayToHexString | 01,38,41,46,57,52,35,41,41,39,48,36,30,30,36,35,36,33
11:25:11| ... CheckForNAK | Ret:False  Len:18  Buf:01,38,41,46,57,52,35,41,41,39,48,36,30,30,36,35,36,33  SID:09  PID:02  Prot:'CAN11'
11:25:11| ... ByteArrayToString | 8AFWR5AA9H6006563
11:25:11| GetVIN | ECU:E8  VIN: Null
11:25:11| DECODE_Bus: DAD_DLL_VERSION_16.12.25.0
3.0.7.0

31,TX MSG,ICAN11bt500,00 00 07 DF 09 04 
140,RX MSG,ICAN11bt500,00 00 07 DF 
140,RX MSG,ICAN11bt500,00 00 07 E8 
140,RX MSG,ICAN11bt500,00 00 07 E8 49 04 01 44 42 33 39 2D 31 34 43 32 30 34 2D 4B 42 45 00 
709,TX MSG,ICAN11bt500,00 00 07 DF 09 02 
834,RX MSG,ICAN11bt500,00 00 07 DF 
834,RX MSG,ICAN11bt500,00 00 07 E8 
834,RX MSG,ICAN11bt500,00 00 07 E8 49 02 01 38 41 46 57 52 35 41 41 39 48 36 30 30 36 35 36 33 

11:25:11|  
11:25:11| ... Get VOLTAJES >>>-----------------------------------------------------------------------
11:25:11| ... SetupMyLastCommResult: ConditionsNotCorrect
11:25:11| ... DoDad | Action: System.Action | tag: GetModePID(01, 42) - Voltaje
11:25:11| ... GetCallingProcedure | lVehiculoLink
11:25:11| ... GetCallingProcedure | VehiculoLink
11:25:11| ... GetCallingProcedure | VehTest
11:25:11| DoDad-01 | GetModePID(01, 42) - Voltaje (Open:True,999.99 | lVehiculoLink,VehiculoLink,VehTest)
11:25:11| DoDad-01  ClearCommandLog ...
11:25:11| DoDad-01  Invoke ... (GetModePID(01, 42) - Voltaje)
11:25:12| DoDad-01  Invoke ... (GetModePID(01, 42) - Voltaje)  (656)
11:25:12| DoDad-01  CommandLog.Length ...
11:25:12| DoDad-01  CommandLog ... (0)
11:25:12| DoDad-01-CommandLog-Len:118 Siz:118 | iStart: 0
11:25:12| DoDad-01  SerialData.Length ... (316)
11:25:12| DoDad-01 | GetModePID(01, 42) - Voltaje-SLL:00316,00316-CF:F-DLLInfo:'DAD_DLL_VERSION_16.12.25.0 .. 3.0.7.0'
                    -  DAD_DLL_VERSION_16.12.25.0
                    -  31,TX MSG,ICAN11bt500,00 00 07 DF 01 2A 
                    -  31,RX QRY,ICAN11bt500,Delay: 100
                    -  140,RX MSG,ICAN11bt500,00 00 07 DF 
                    -  140,RX QRY,ICAN11bt500,Delay: 100
                    -  250,RX QRY,ICAN11bt500,Delay: 100
                    -  359,RX QRY,ICAN11bt500,Delay: 100
                    -  468,RX QRY,ICAN11bt500,Delay: 100
                    -  578,RX QRY,ICAN11bt500,Delay: 100
                    (0.656 s,F) GetModePID(01, 42) - Voltaje | NoEOL
11:25:12|  
11:25:12| ... Get RPM >>>-----------------------------------------------------------------------
11:25:12| ... SetupMyLastCommResult: ConditionsNotCorrect
11:25:12| ... DoDad | Action: System.Action | tag: GetModePID(01, 0C) - DTC count, MIL
11:25:12| ... GetCallingProcedure | lVehiculoLink
11:25:12| ... GetCallingProcedure | VehiculoLink
11:25:12| ... GetCallingProcedure | VehTest
11:25:12| DoDad-01 | GetModePID(01, 0C) - DTC count, MIL (Open:True,999.99 | lVehiculoLink,VehiculoLink,VehTest)
11:25:12| DoDad-01  ClearCommandLog ...
11:25:12| DoDad-01  Invoke ... (GetModePID(01, 0C) - DTC count, MIL)
11:25:12| DoDad-01  Invoke ... (GetModePID(01, 0C) - DTC count, MIL)  (656)
11:25:12| DoDad-01  CommandLog.Length ...
11:25:12| DoDad-01  CommandLog ... (0)
11:25:12| DoDad-01-CommandLog-Len:167 Siz:167 | iStart: 0
11:25:12| DoDad-01  SerialData.Length ... (365)
11:25:12| DoDad-01 | GetModePID(01, 0C) - DTC count, MIL-SLL:00365,00365-CF:F-DLLInfo:'DAD_DLL_VERSION_16.12.25.0 .. 3.0.7.0'
                    -  DAD_DLL_VERSION_16.12.25.0
                    -  31,TX MSG,ICAN11bt500,00 00 07 DF 01 0C 
                    -  31,RX QRY,ICAN11bt500,Delay: 100
                    -  140,RX MSG,ICAN11bt500,00 00 07 DF 
                    -  140,RX MSG,ICAN11bt500,00 00 07 E8 41 0C 0B 14 
                    -  140,RX QRY,ICAN11bt500,Delay: 100
                    -  250,RX QRY,ICAN11bt500,Delay: 100
                    -  359,RX QRY,ICAN11bt500,Delay: 100
                    -  468,RX QRY,ICAN11bt500,Delay: 100
                    -  579,RX QRY,ICAN11bt500,Delay: 100
                    (0.673 s,F) GetModePID(01, 0C) - DTC count, MIL | NoEOL
11:25:12| DECODE_Bus: DAD_DLL_VERSION_16.12.25.0
3.0.7.0

31,TX MSG,ICAN11bt500,00 00 07 DF 01 0C 
140,RX MSG,ICAN11bt500,00 00 07 DF 
140,RX MSG,ICAN11bt500,00 00 07 E8 41 0C 0B 14 

11:25:12| zipESP: 00 00 07 E8 41 0C 0B 14 | 000007E8410C0B14
11:25:12| DECODE_RPM: 000007E8410C0B14
11:25:12| sr | Get RPM(1): 0 | 1
11:25:13| ... SetupMyLastCommResult: ConditionsNotCorrect
11:25:13| ... DoDad | Action: System.Action | tag: GetModePID(01, 0C) - DTC count, MIL
11:25:13| ... GetCallingProcedure | lVehiculoLink
11:25:13| ... GetCallingProcedure | VehiculoLink
11:25:13| ... GetCallingProcedure | VehTest
11:25:13| DoDad-01 | GetModePID(01, 0C) - DTC count, MIL (Open:True,999.99 | lVehiculoLink,VehiculoLink,VehTest)
11:25:13| DoDad-01  ClearCommandLog ...
11:25:13| DoDad-01  Invoke ... (GetModePID(01, 0C) - DTC count, MIL)
11:25:13| DoDad-01  Invoke ... (GetModePID(01, 0C) - DTC count, MIL)  (671)
11:25:13| DoDad-01  CommandLog.Length ...
11:25:13| DoDad-01  CommandLog ... (0)
11:25:13| DoDad-01-CommandLog-Len:167 Siz:167 | iStart: 0
11:25:13| DoDad-01  SerialData.Length ... (365)
11:25:13| DoDad-01 | GetModePID(01, 0C) - DTC count, MIL-SLL:00365,00365-CF:F-DLLInfo:'DAD_DLL_VERSION_16.12.25.0 .. 3.0.7.0'
                    -  DAD_DLL_VERSION_16.12.25.0
                    -  17,TX MSG,ICAN11bt500,00 00 07 DF 01 0C 
                    -  32,RX QRY,ICAN11bt500,Delay: 100
                    -  142,RX MSG,ICAN11bt500,00 00 07 DF 
                    -  142,RX MSG,ICAN11bt500,00 00 07 E8 41 0C 0B 37 
                    -  142,RX QRY,ICAN11bt500,Delay: 100
                    -  251,RX QRY,ICAN11bt500,Delay: 100
                    -  360,RX QRY,ICAN11bt500,Delay: 100
                    -  470,RX QRY,ICAN11bt500,Delay: 100
                    -  579,RX QRY,ICAN11bt500,Delay: 100
                    (0.672 s,F) GetModePID(01, 0C) - DTC count, MIL | NoEOL
11:25:13| DECODE_Bus: DAD_DLL_VERSION_16.12.25.0
3.0.7.0

17,TX MSG,ICAN11bt500,00 00 07 DF 01 0C 
142,RX MSG,ICAN11bt500,00 00 07 DF 
142,RX MSG,ICAN11bt500,00 00 07 E8 41 0C 0B 37 

11:25:13| zipESP: 00 00 07 E8 41 0C 0B 37 | 000007E8410C0B37
11:25:13| DECODE_RPM: 000007E8410C0B37
11:25:13| sr | Get RPM(2): 0 | 1
11:25:13| ... SetupMyLastCommResult: ConditionsNotCorrect
11:25:13| ... DoDad | Action: System.Action | tag: GetModePID(01, 0C) - DTC count, MIL
11:25:13| ... GetCallingProcedure | lVehiculoLink
11:25:13| ... GetCallingProcedure | VehiculoLink
11:25:13| ... GetCallingProcedure | VehTest
11:25:13| DoDad-01 | GetModePID(01, 0C) - DTC count, MIL (Open:True,999.99 | lVehiculoLink,VehiculoLink,VehTest)
11:25:13| DoDad-01  ClearCommandLog ...
11:25:13| DoDad-01  Invoke ... (GetModePID(01, 0C) - DTC count, MIL)
11:25:14| DoDad-01  Invoke ... (GetModePID(01, 0C) - DTC count, MIL)  (656)
11:25:14| DoDad-01  CommandLog.Length ...
11:25:14| DoDad-01  CommandLog ... (0)
11:25:14| DoDad-01-CommandLog-Len:167 Siz:167 | iStart: 0
11:25:14| DoDad-01  SerialData.Length ... (365)
11:25:14| DoDad-01 | GetModePID(01, 0C) - DTC count, MIL-SLL:00365,00365-CF:F-DLLInfo:'DAD_DLL_VERSION_16.12.25.0 .. 3.0.7.0'
                    -  DAD_DLL_VERSION_16.12.25.0
                    -  31,TX MSG,ICAN11bt500,00 00 07 DF 01 0C 
                    -  31,RX QRY,ICAN11bt500,Delay: 100
                    -  140,RX MSG,ICAN11bt500,00 00 07 DF 
                    -  140,RX MSG,ICAN11bt500,00 00 07 E8 41 0C 0B 16 
                    -  140,RX QRY,ICAN11bt500,Delay: 100
                    -  250,RX QRY,ICAN11bt500,Delay: 100
                    -  359,RX QRY,ICAN11bt500,Delay: 100
                    -  468,RX QRY,ICAN11bt500,Delay: 100
                    -  578,RX QRY,ICAN11bt500,Delay: 100
                    (0.657 s,F) GetModePID(01, 0C) - DTC count, MIL | NoEOL
11:25:14| DECODE_Bus: DAD_DLL_VERSION_16.12.25.0
3.0.7.0

31,TX MSG,ICAN11bt500,00 00 07 DF 01 0C 
140,RX MSG,ICAN11bt500,00 00 07 DF 
140,RX MSG,ICAN11bt500,00 00 07 E8 41 0C 0B 16 

11:25:14| zipESP: 00 00 07 E8 41 0C 0B 16 | 000007E8410C0B16
11:25:14| DECODE_RPM: 000007E8410C0B16
11:25:14| sr | Get RPM(3): 0 | 1
11:25:14| ... SetupMyLastCommResult: ConditionsNotCorrect
11:25:14| ... DoDad | Action: System.Action | tag: GetModePID(01, 0C) - DTC count, MIL
11:25:14| ... GetCallingProcedure | lVehiculoLink
11:25:14| ... GetCallingProcedure | VehiculoLink
11:25:14| ... GetCallingProcedure | VehTest
11:25:14| DoDad-01 | GetModePID(01, 0C) - DTC count, MIL (Open:True,999.99 | lVehiculoLink,VehiculoLink,VehTest)
11:25:14| DoDad-01  ClearCommandLog ...
11:25:14| DoDad-01  Invoke ... (GetModePID(01, 0C) - DTC count, MIL)
11:25:15| DoDad-01  Invoke ... (GetModePID(01, 0C) - DTC count, MIL)  (656)
11:25:15| DoDad-01  CommandLog.Length ...
11:25:15| DoDad-01  CommandLog ... (0)
11:25:15| DoDad-01-CommandLog-Len:167 Siz:167 | iStart: 0
11:25:15| DoDad-01  SerialData.Length ... (365)
11:25:15| DoDad-01 | GetModePID(01, 0C) - DTC count, MIL-SLL:00365,00365-CF:F-DLLInfo:'DAD_DLL_VERSION_16.12.25.0 .. 3.0.7.0'
                    -  DAD_DLL_VERSION_16.12.25.0
                    -  31,TX MSG,ICAN11bt500,00 00 07 DF 01 0C 
                    -  31,RX QRY,ICAN11bt500,Delay: 100
                    -  143,RX MSG,ICAN11bt500,00 00 07 DF 
                    -  143,RX MSG,ICAN11bt500,00 00 07 E8 41 0C 0B 2D 
                    -  143,RX QRY,ICAN11bt500,Delay: 100
                    -  253,RX QRY,ICAN11bt500,Delay: 100
                    -  354,RX QRY,ICAN11bt500,Delay: 100
                    -  464,RX QRY,ICAN11bt500,Delay: 100
                    -  573,RX QRY,ICAN11bt500,Delay: 100
                    (0.651 s,F) GetModePID(01, 0C) - DTC count, MIL | NoEOL
11:25:15| DECODE_Bus: DAD_DLL_VERSION_16.12.25.0
3.0.7.0

31,TX MSG,ICAN11bt500,00 00 07 DF 01 0C 
143,RX MSG,ICAN11bt500,00 00 07 DF 
143,RX MSG,ICAN11bt500,00 00 07 E8 41 0C 0B 2D 

11:25:15| zipESP: 00 00 07 E8 41 0C 0B 2D | 000007E8410C0B2D
11:25:15| DECODE_RPM: 000007E8410C0B2D
11:25:15| sr | Get RPM(4): 0 | 1
11:25:15| Success
11:25:15| InitIMCleanDevice | DeviceVoltage:13.4
11:25:15| InitIMCleanDevice | DeviceVoltageDLC:13.9
11:25:15| ... >>>-----------------------------------------------------------------------
11:25:15| ... >>>-----------------------------------------------------------------------
11:25:15| VIN: 8AFWR5AA9H6006563
11:25:15| MON: Mil:1| Msi:110 | Ccm:109 | Cmb:110 | O2s:109 | Cat:110 | Ccc:009 | Evs:009 | Sas:009 | Faa:009 | O2c:109
11:25:15| DTC: P0172
11:25:15| Voltage: 13.4
11:25:15| VoltageDLC: 13.9
11:25:15| Pid0101 : 00 00 07 E8 41 01 81 07 21 21
11:25:15| Pid0300 : 00 00 07 E8 43 01 01 72
11:25:15| Pid0121 : 00 00 07 E8 41 21 00 06
11:25:15| Pid0131 : Null
11:25:15| Pid0133 : 00 00 07 E8 41 33 50
11:25:15| Pid011F : 00 00 07 E8 41 1F 06 49
11:25:15| Pid017F : Null
11:25:15| Pid014D : Null
11:25:15| Pid0951 : Null
11:25:15| Pid0902 : 00 00 07 E8 49 02 01 38 41 46 57 52 35 41 41 39 48 36 30 30 36 35 36 33
11:25:15| Pid0904 : 00 00 07 E8 49 04 01 44 42 33 39 2D 31 34 43 32 30 34 2D 4B 42 45 00
11:25:15| Pid010C: 00 00 07 E8 41 0C 0B 2D
11:25:15| RPM: 715 | 1: 709 | 2: 718 | 3: 710
11:25:15| *** Connect ... EOF()
11:25:15| VehiculoLink: Pass: Inspección vehicular OBD concluido.
11:35:39|  
11:35:39| ... Connect_OBD ===================================================================================================================
11:35:39|  
11:35:39| ... GetCallingProcedure | lVehiculoLink
11:35:39| ... GetCallingProcedure | VehiculoLink
11:35:39| ... GetCallingProcedure | VehTest
11:35:39| ... IncrementActiveCount | 1
11:35:39| ... GetCallingProcedure | OpusIMCleanOBDdrv.Module1:Connect_OBD
11:35:39| ... GetCallingProcedure | OpusIMCleanOBDdrv.Module1:lVehiculoLink
11:35:39| ... GetCallingProcedure | OpusIMCleanOBDdrv.IMCleanOBD:VehiculoLink
11:35:39| ... MyDADStatus | LCR:ConditionsNotCorrect,Unknown
11:35:39| ... Connect | ---------------- Connect --------------- SC:'' (LCR:ConditionsNotCorrect,Unknown) (lVehiculoLink,VehiculoLink,VehTest)
11:35:39| GetDAD | Starting ... Cnt:00004,00 Opn:T (Connect)
11:35:39| GetDAD | Success ... Cnt:00004,01 Opn:T (Connect, Connect)
11:35:39| ... Connect | 1 | GetDAD =Connect
11:35:39| ... SetupMyLastCommResult: InvalidData
11:35:39| ... MyDad.Initialize 
11:35:39| ... DoDad | Action: System.Action | tag: Initialize
11:35:39| ... GetCallingProcedure | lVehiculoLink
11:35:39| ... GetCallingProcedure | VehiculoLink
11:35:39| ... GetCallingProcedure | VehTest
11:35:39| DoDad-01 | Initialize (Open:True,999.99 | lVehiculoLink,VehiculoLink,VehTest)
11:35:39| DoDad-01  ClearCommandLog ...
11:35:39| DoDad-01  Invoke ... (Initialize)
11:35:51| ... SetupVehicleIsLinked
11:35:51| ... GetCallingProcedure | SetupMyLastCommResult
11:35:51| ... GetCallingProcedure | _Lambda$__0
11:35:51| ... GetCallingProcedure | DoDad
11:35:51| ... SetupMyLastCommResult: Success
11:35:51| DoDad-01  Invoke ... (Initialize)  (11984)
11:35:51| DoDad-01  CommandLog.Length ...
11:35:51| DoDad-01  CommandLog ... (0)
11:35:51| DoDad-01-CommandLog-Len:310 Siz:310 | iStart: 0
11:35:51| DoDad-01  SerialData.Length ... (506)
11:35:51| DoDad-01 | Initialize-SLL:00506,00506-CF:F-DLLInfo:'DAD_DLL_VERSION_16.12.25.0 .. 3.0.7.0'
                    -  DAD_DLL_VERSION_16.12.25.0
                    -  609,TX MSG,JVPW1850,68 6A F1 01 00 
                    -  609,RX QRY,JVPW1850,Delay: 100
                    -  718,RX QRY,JVPW1850,Delay: 100
                    -  828,RX QRY,JVPW1850,Delay: 100
                    -  937,TX MSG,JPWM1850,61 6A F1 01 00 
                    -  953,TX MSG,I914**,33 
                    -  5265,TX MSG,KWPF**,C1 33 F1 81 
                    -  11720,TX MSG,ICAN11bt500,00 00 07 DF 01 00 
                    -  11720,RX QRY,ICAN11bt500,Delay: 100
                    -  11829,RX MSG,ICAN11bt500,00 00 07 DF 
                    -  11829,RX MSG,ICAN11bt500,00 00 07 E8 41 00 BE 1F A8 13 
                    -  11829,RX QRY,ICAN11bt500,Delay: 100
                    -  11938,RX QRY,ICAN11bt500,Delay: 100
                    (11.986 s,F) Initialize | 
11:35:51| ... MyLastResult | Success,Unknown,True->True
11:35:51| Connect | Init-Rty:2 (Success,Unknown,True->True | 12.09) | lVehiculoLink,VehiculoLink,VehTest
11:35:51| ... MyDad.Initialize > Success
11:35:51| DrewProtocol2MyProtocol | In:'ICAN11bt500'  Out:'CAN11' (CAN:True)
11:35:51| ... GetCallingProcedure | Connect_OBD
11:35:51| ... GetCallingProcedure | lVehiculoLink
11:35:51| ... GetCallingProcedure | VehiculoLink
11:35:51| GetSupportedPIDs | Starting ... (Mode:1) (Connect_OBD,lVehiculoLink,VehiculoLink)
11:35:51| ... SetupMyLastCommResult: InvalidData
11:35:51| ... DoDad | Action: System.Action | tag: GetModePID(01, 00) - PID support mask
11:35:51| ... GetCallingProcedure | Connect_OBD
11:35:51| ... GetCallingProcedure | lVehiculoLink
11:35:51| ... GetCallingProcedure | VehiculoLink
11:35:51| DoDad-01 | GetModePID(01, 00) - PID support mask (Open:True,999.99 | Connect_OBD,lVehiculoLink,VehiculoLink)
11:35:51| DoDad-01  ClearCommandLog ...
11:35:51| DoDad-01  Invoke ... (GetModePID(01, 00) - PID support mask)
11:35:52| DoDad-01  Invoke ... (GetModePID(01, 00) - PID support mask)  (672)
11:35:52| DoDad-01  CommandLog.Length ...
11:35:52| DoDad-01  CommandLog ... (0)
11:35:52| DoDad-01-CommandLog-Len:180 Siz:180 | iStart: 0
11:35:52| DoDad-01  SerialData.Length ... (869)
11:35:52| DoDad-01 | GetModePID(01, 00) - PID support mask-SLL:00869,00869-CF:F-DLLInfo:'DAD_DLL_VERSION_16.12.25.0 .. 3.0.7.0'
                    -  DAD_DLL_VERSION_16.12.25.0
                    -  609,TX MSG,JVPW1850,68 6A F1 01 00 
                    -  609,RX QRY,JVPW1850,Delay: 100
                    -  718,RX QRY,JVPW1850,Delay: 100
                    -  828,RX QRY,JVPW1850,Delay: 100
                    -  937,TX MSG,JPWM1850,61 6A F1 01 00 
                    -  953,TX MSG,I914**,33 
                    -  5265,TX MSG,KWPF**,C1 33 F1 81 
                    -  11720,TX MSG,ICAN11bt500,00 00 07 DF 01 00 
                    -  11720,RX QRY,ICAN11bt500,Delay: 100
                    -  11829,RX MSG,ICAN11bt500,00 00 07 DF 
                    -  11829,RX MSG,ICAN11bt500,00 00 07 E8 41 00 BE 1F A8 13 
                    -  11829,RX QRY,ICAN11bt500,Delay: 100
                    -  11938,RX QRY,ICAN11bt500,Delay: 100
                    -  12141,TX MSG,ICAN11bt500,00 00 07 DF 01 00 
                    -  12157,RX QRY,ICAN11bt500,Delay: 100
                    -  12267,RX MSG,ICAN11bt500,00 00 07 DF 
                    -  12267,RX MSG,ICAN11bt500,00 00 07 E8 41 00 BE 1F A8 13 
                    -  12267,RX QRY,ICAN11bt500,Delay: 100
                    -  12376,RX QRY,ICAN11bt500,Delay: 100
                    -  12485,RX QRY,ICAN11bt500,Delay: 100
                    -  12595,RX QRY,ICAN11bt500,Delay: 100
                    -  12704,RX QRY,ICAN11bt500,Delay: 100
                    (0.672 s,F) GetModePID(01, 00) - PID support mask | NoEOL
11:35:52| ... SetupVehicleIsLinked
11:35:52| ... GetCallingProcedure | SetupMyLastCommResult
11:35:52| ... GetCallingProcedure | GetSupportedPIDs
11:35:52| ... GetCallingProcedure | Connect_OBD
11:35:52| ... SetupMyLastCommResult: Success
11:35:52| ... MyLastResult | Success,Unknown,True->True
11:35:52|  (Result:Success,Unknown,True->True)
11:35:52| GetSupportedPIDs | PID00 RspCnt:1
11:35:52| ... GetEcuIdFromAddress
11:35:52| ... ByteArrayToHexString | 07E8
11:35:52| ... ByteArrayToHexString | BE1FA813
11:35:52| ... DT_DataToString | Adr:07E8,Mod:01,PID:00,Dat:BE1FA813
11:35:52| GetSupportedPIDS | Data-Adr:07E8,Mod:01,PID:00,Dat:BE1FA813
11:35:52| SSBAFOB | MdPID:01,00 ECU:E8 ...  InCnt:4 (BE,1F,A8,13,BC:017) SrtIdx:001
11:35:52| ... SetSupportedBitArrayFromObdBytes | BitAryLen:256  BitSetCnt:018  BAI:4-4,01,03,04,05,06,07,0C,0D,0E,0F,10,11,13,15,1C,1F,20
11:35:52| 2 | GetSupportedPIDs | 1-E8-DBG3 -------------- 0,1,2,3,4,5,6,7, 8,9,A,B,C,D,E,F, G,H,I,J,K,L,M,N, O,P,Q,R,S,T,U,V
11:35:52| 2 | GetSupportedPIDs | 1-E8-DBG3 000-00_00-020: T,T,F,T,T,T,T,T, F,F,F,F,T,T,T,T, T,T,F,T,F,T,F,F, F,F,F,F,T,F,F,T
11:35:52| 2 | GetSupportedPIDs | 1-E8-DBG3 032-20_20-040: T,F,F,F,F,F,F,F, F,F,F,F,F,F,F,F, F,F,F,F,F,F,F,F, F,F,F,F,F,F,F,F
11:35:52| 2 | GetSupportedPIDs | 1-E8-DBG3 064-40_40-060: F,F,F,F,F,F,F,F, F,F,F,F,F,F,F,F, F,F,F,F,F,F,F,F, F,F,F,F,F,F,F,F
11:35:52| 2 | GetSupportedPIDs | 1-E8-DBG3 096-60_60-080: F,F,F,F,F,F,F,F, F,F,F,F,F,F,F,F, F,F,F,F,F,F,F,F, F,F,F,F,F,F,F,F
11:35:52| 2 | GetSupportedPIDs | 1-E8-DBG3 128-80_80-0A0: F,F,F,F,F,F,F,F, F,F,F,F,F,F,F,F, F,F,F,F,F,F,F,F, F,F,F,F,F,F,F,F
11:35:52| 2 | GetSupportedPIDs | 1-E8-DBG3 160-A0_A0-0C0: F,F,F,F,F,F,F,F, F,F,F,F,F,F,F,F, F,F,F,F,F,F,F,F, F,F,F,F,F,F,F,F
11:35:52| 2 | GetSupportedPIDs | 1-E8-DBG3 192-C0_C0-0E0: F,F,F,F,F,F,F,F, F,F,F,F,F,F,F,F, F,F,F,F,F,F,F,F, F,F,F,F,F,F,F,F
11:35:52| 2 | GetSupportedPIDs | 1-E8-DBG3 224-E0_E0-100: F,F,F,F,F,F,F,F, F,F,F,F,F,F,F,F, F,F,F,F,F,F,F,F, F,F,F,F,F,F,F,F  (T:018 F:238)
11:35:52| ... LogBitArray | 8
11:35:52| ... SetupMyLastCommResult: InvalidData
11:35:52| ... DoDad | Action: System.Action | tag: GetModePID(01, 20) - PID support mask
11:35:52| ... GetCallingProcedure | Connect_OBD
11:35:52| ... GetCallingProcedure | lVehiculoLink
11:35:52| ... GetCallingProcedure | VehiculoLink
11:35:52| DoDad-01 | GetModePID(01, 20) - PID support mask (Open:True,999.99 | Connect_OBD,lVehiculoLink,VehiculoLink)
11:35:52| DoDad-01  ClearCommandLog ...
11:35:52| DoDad-01  Invoke ... (GetModePID(01, 20) - PID support mask)
11:35:52| DoDad-01  Invoke ... (GetModePID(01, 20) - PID support mask)  (656)
11:35:52| DoDad-01  CommandLog.Length ...
11:35:52| DoDad-01  CommandLog ... (0)
11:35:52| DoDad-01-CommandLog-Len:180 Siz:180 | iStart: 0
11:35:52| DoDad-01  SerialData.Length ... (1232)
11:35:52| DoDad-01 | GetModePID(01, 20) - PID support mask-SLL:01232,01232-CF:F-DLLInfo:'DAD_DLL_VERSION_16.12.25.0 .. 3.0.7.0'
                    -  DAD_DLL_VERSION_16.12.25.0
                    -  609,TX MSG,JVPW1850,68 6A F1 01 00 
                    -  609,RX QRY,JVPW1850,Delay: 100
                    -  718,RX QRY,JVPW1850,Delay: 100
                    -  828,RX QRY,JVPW1850,Delay: 100
                    -  937,TX MSG,JPWM1850,61 6A F1 01 00 
                    -  953,TX MSG,I914**,33 
                    -  5265,TX MSG,KWPF**,C1 33 F1 81 
                    -  11720,TX MSG,ICAN11bt500,00 00 07 DF 01 00 
                    -  11720,RX QRY,ICAN11bt500,Delay: 100
                    -  11829,RX MSG,ICAN11bt500,00 00 07 DF 
                    -  11829,RX MSG,ICAN11bt500,00 00 07 E8 41 00 BE 1F A8 13 
                    -  11829,RX QRY,ICAN11bt500,Delay: 100
                    -  11938,RX QRY,ICAN11bt500,Delay: 100
                    -  12141,TX MSG,ICAN11bt500,00 00 07 DF 01 00 
                    -  12157,RX QRY,ICAN11bt500,Delay: 100
                    -  12267,RX MSG,ICAN11bt500,00 00 07 DF 
                    -  12267,RX MSG,ICAN11bt500,00 00 07 E8 41 00 BE 1F A8 13 
                    -  12267,RX QRY,ICAN11bt500,Delay: 100
                    -  12376,RX QRY,ICAN11bt500,Delay: 100
                    -  12485,RX QRY,ICAN11bt500,Delay: 100
                    -  12595,RX QRY,ICAN11bt500,Delay: 100
                    -  12704,RX QRY,ICAN11bt500,Delay: 100
                    -  12954,TX MSG,ICAN11bt500,00 00 07 DF 01 20 
                    -  12954,RX QRY,ICAN11bt500,Delay: 100
                    -  13063,RX MSG,ICAN11bt500,00 00 07 DF 
                    -  13063,RX MSG,ICAN11bt500,00 00 07 E8 41 20 90 05 A0 11 
                    -  13063,RX QRY,ICAN11bt500,Delay: 100
                    -  13173,RX QRY,ICAN11bt500,Delay: 100
                    -  13282,RX QRY,ICAN11bt500,Delay: 100
                    -  13391,RX QRY,ICAN11bt500,Delay: 100
                    -  13501,RX QRY,ICAN11bt500,Delay: 100
                    (0.656 s,F) GetModePID(01, 20) - PID support mask | NoEOL
11:35:52| ... SetupVehicleIsLinked
11:35:52| ... GetCallingProcedure | SetupMyLastCommResult
11:35:52| ... GetCallingProcedure | GetSupportedPIDs
11:35:52| ... GetCallingProcedure | Connect_OBD
11:35:52| ... SetupMyLastCommResult: Success
11:35:52| ... MyLastResult | Success,Unknown,True->True
11:35:52|  (Result:Success,Unknown,True->True)
11:35:52| GetSupportedPIDs | PID20 RspCnt:1
11:35:52| ... GetEcuIdFromAddress
11:35:52| ... ByteArrayToHexString | 07E8
11:35:52| ... ByteArrayToHexString | 9005A011
11:35:52| ... DT_DataToString | Adr:07E8,Mod:01,PID:20,Dat:9005A011
11:35:52| GetSupportedPIDS | Data-Adr:07E8,Mod:01,PID:20,Dat:9005A011
11:35:52| SSBAFOB | MdPID:01,20 ECU:E8 ...  InCnt:4 (90,05,A0,11,BC:008) SrtIdx:033
11:35:52| ... SetSupportedBitArrayFromObdBytes | BitAryLen:256  BitSetCnt:026  BAI:4-4,21,24,2E,30,31,33,3C,40
11:35:52| 2 | GetSupportedPIDs | 1-E8-DBG3 -------------- 0,1,2,3,4,5,6,7, 8,9,A,B,C,D,E,F, G,H,I,J,K,L,M,N, O,P,Q,R,S,T,U,V
11:35:52| 2 | GetSupportedPIDs | 1-E8-DBG3 000-00_00-020: T,T,F,T,T,T,T,T, F,F,F,F,T,T,T,T, T,T,F,T,F,T,F,F, F,F,F,F,T,F,F,T
11:35:52| 2 | GetSupportedPIDs | 1-E8-DBG3 032-20_20-040: T,T,F,F,T,F,F,F, F,F,F,F,F,F,T,F, T,T,F,T,F,F,F,F, F,F,F,F,T,F,F,F
11:35:52| 2 | GetSupportedPIDs | 1-E8-DBG3 064-40_40-060: T,F,F,F,F,F,F,F, F,F,F,F,F,F,F,F, F,F,F,F,F,F,F,F, F,F,F,F,F,F,F,F
11:35:52| 2 | GetSupportedPIDs | 1-E8-DBG3 096-60_60-080: F,F,F,F,F,F,F,F, F,F,F,F,F,F,F,F, F,F,F,F,F,F,F,F, F,F,F,F,F,F,F,F
11:35:52| 2 | GetSupportedPIDs | 1-E8-DBG3 128-80_80-0A0: F,F,F,F,F,F,F,F, F,F,F,F,F,F,F,F, F,F,F,F,F,F,F,F, F,F,F,F,F,F,F,F
11:35:52| 2 | GetSupportedPIDs | 1-E8-DBG3 160-A0_A0-0C0: F,F,F,F,F,F,F,F, F,F,F,F,F,F,F,F, F,F,F,F,F,F,F,F, F,F,F,F,F,F,F,F
11:35:52| 2 | GetSupportedPIDs | 1-E8-DBG3 192-C0_C0-0E0: F,F,F,F,F,F,F,F, F,F,F,F,F,F,F,F, F,F,F,F,F,F,F,F, F,F,F,F,F,F,F,F
11:35:52| 2 | GetSupportedPIDs | 1-E8-DBG3 224-E0_E0-100: F,F,F,F,F,F,F,F, F,F,F,F,F,F,F,F, F,F,F,F,F,F,F,F, F,F,F,F,F,F,F,F  (T:026 F:230)
11:35:52| ... LogBitArray | 8
11:35:52| ... SetupMyLastCommResult: InvalidData
11:35:53| ... DoDad | Action: System.Action | tag: GetModePID(01, 40) - PID support mask
11:35:53| ... GetCallingProcedure | Connect_OBD
11:35:53| ... GetCallingProcedure | lVehiculoLink
11:35:53| ... GetCallingProcedure | VehiculoLink
11:35:53| DoDad-01 | GetModePID(01, 40) - PID support mask (Open:True,999.99 | Connect_OBD,lVehiculoLink,VehiculoLink)
11:35:53| DoDad-01  ClearCommandLog ...
11:35:53| DoDad-01  Invoke ... (GetModePID(01, 40) - PID support mask)
11:35:53| DoDad-01  Invoke ... (GetModePID(01, 40) - PID support mask)  (656)
11:35:53| DoDad-01  CommandLog.Length ...
11:35:53| DoDad-01  CommandLog ... (0)
11:35:53| DoDad-01-CommandLog-Len:180 Siz:180 | iStart: 0
11:35:53| DoDad-01  SerialData.Length ... (1595)
11:35:53| DoDad-01 | GetModePID(01, 40) - PID support mask-SLL:01595,01595-CF:F-DLLInfo:'DAD_DLL_VERSION_16.12.25.0 .. 3.0.7.0'
                    -  DAD_DLL_VERSION_16.12.25.0
                    -  609,TX MSG,JVPW1850,68 6A F1 01 00 
                    -  609,RX QRY,JVPW1850,Delay: 100
                    -  718,RX QRY,JVPW1850,Delay: 100
                    -  828,RX QRY,JVPW1850,Delay: 100
                    -  937,TX MSG,JPWM1850,61 6A F1 01 00 
                    -  953,TX MSG,I914**,33 
                    -  5265,TX MSG,KWPF**,C1 33 F1 81 
                    -  11720,TX MSG,ICAN11bt500,00 00 07 DF 01 00 
                    -  11720,RX QRY,ICAN11bt500,Delay: 100
                    -  11829,RX MSG,ICAN11bt500,00 00 07 DF 
                    -  11829,RX MSG,ICAN11bt500,00 00 07 E8 41 00 BE 1F A8 13 
                    -  11829,RX QRY,ICAN11bt500,Delay: 100
                    -  11938,RX QRY,ICAN11bt500,Delay: 100
                    -  12141,TX MSG,ICAN11bt500,00 00 07 DF 01 00 
                    -  12157,RX QRY,ICAN11bt500,Delay: 100
                    -  12267,RX MSG,ICAN11bt500,00 00 07 DF 
                    -  12267,RX MSG,ICAN11bt500,00 00 07 E8 41 00 BE 1F A8 13 
                    -  12267,RX QRY,ICAN11bt500,Delay: 100
                    -  12376,RX QRY,ICAN11bt500,Delay: 100
                    -  12485,RX QRY,ICAN11bt500,Delay: 100
                    -  12595,RX QRY,ICAN11bt500,Delay: 100
                    -  12704,RX QRY,ICAN11bt500,Delay: 100
                    -  12954,TX MSG,ICAN11bt500,00 00 07 DF 01 20 
                    -  12954,RX QRY,ICAN11bt500,Delay: 100
                    -  13063,RX MSG,ICAN11bt500,00 00 07 DF 
                    -  13063,RX MSG,ICAN11bt500,00 00 07 E8 41 20 90 05 A0 11 
                    -  13063,RX QRY,ICAN11bt500,Delay: 100
                    -  13173,RX QRY,ICAN11bt500,Delay: 100
                    -  13282,RX QRY,ICAN11bt500,Delay: 100
                    -  13391,RX QRY,ICAN11bt500,Delay: 100
                    -  13501,RX QRY,ICAN11bt500,Delay: 100
                    -  13751,TX MSG,ICAN11bt500,00 00 07 DF 01 40 
                    -  13751,RX QRY,ICAN11bt500,Delay: 100
                    -  13860,RX MSG,ICAN11bt500,00 00 07 DF 
                    -  13860,RX MSG,ICAN11bt500,00 00 07 E8 41 40 FA D8 80 01 
                    -  13860,RX QRY,ICAN11bt500,Delay: 100
                    -  13969,RX QRY,ICAN11bt500,Delay: 100
                    -  14079,RX QRY,ICAN11bt500,Delay: 100
                    -  14188,RX QRY,ICAN11bt500,Delay: 100
                    -  14298,RX QRY,ICAN11bt500,Delay: 100
                    (0.656 s,F) GetModePID(01, 40) - PID support mask | NoEOL
11:35:53| ... SetupVehicleIsLinked
11:35:53| ... GetCallingProcedure | SetupMyLastCommResult
11:35:53| ... GetCallingProcedure | GetSupportedPIDs
11:35:53| ... GetCallingProcedure | Connect_OBD
11:35:53| ... SetupMyLastCommResult: Success
11:35:53| ... MyLastResult | Success,Unknown,True->True
11:35:53|  (Result:Success,Unknown,True->True)
11:35:53| GetSupportedPIDs | PID40 RspCnt:1
11:35:53| ... GetEcuIdFromAddress
11:35:53| ... ByteArrayToHexString | 07E8
11:35:53| ... ByteArrayToHexString | FAD88001
11:35:53| ... DT_DataToString | Adr:07E8,Mod:01,PID:40,Dat:FAD88001
11:35:53| GetSupportedPIDS | Data-Adr:07E8,Mod:01,PID:40,Dat:FAD88001
11:35:53| SSBAFOB | MdPID:01,40 ECU:E8 ...  InCnt:4 (FA,D8,80,01,BC:012) SrtIdx:065
11:35:53| ... SetSupportedBitArrayFromObdBytes | BitAryLen:256  BitSetCnt:038  BAI:4-4,41,42,43,44,45,47,49,4A,4C,4D,51,60
11:35:53| 2 | GetSupportedPIDs | 1-E8-DBG3 -------------- 0,1,2,3,4,5,6,7, 8,9,A,B,C,D,E,F, G,H,I,J,K,L,M,N, O,P,Q,R,S,T,U,V
11:35:53| 2 | GetSupportedPIDs | 1-E8-DBG3 000-00_00-020: T,T,F,T,T,T,T,T, F,F,F,F,T,T,T,T, T,T,F,T,F,T,F,F, F,F,F,F,T,F,F,T
11:35:53| 2 | GetSupportedPIDs | 1-E8-DBG3 032-20_20-040: T,T,F,F,T,F,F,F, F,F,F,F,F,F,T,F, T,T,F,T,F,F,F,F, F,F,F,F,T,F,F,F
11:35:53| 2 | GetSupportedPIDs | 1-E8-DBG3 064-40_40-060: T,T,T,T,T,T,F,T, F,T,T,F,T,T,F,F, F,T,F,F,F,F,F,F, F,F,F,F,F,F,F,F
11:35:53| 2 | GetSupportedPIDs | 1-E8-DBG3 096-60_60-080: T,F,F,F,F,F,F,F, F,F,F,F,F,F,F,F, F,F,F,F,F,F,F,F, F,F,F,F,F,F,F,F
11:35:53| 2 | GetSupportedPIDs | 1-E8-DBG3 128-80_80-0A0: F,F,F,F,F,F,F,F, F,F,F,F,F,F,F,F, F,F,F,F,F,F,F,F, F,F,F,F,F,F,F,F
11:35:53| 2 | GetSupportedPIDs | 1-E8-DBG3 160-A0_A0-0C0: F,F,F,F,F,F,F,F, F,F,F,F,F,F,F,F, F,F,F,F,F,F,F,F, F,F,F,F,F,F,F,F
11:35:53| 2 | GetSupportedPIDs | 1-E8-DBG3 192-C0_C0-0E0: F,F,F,F,F,F,F,F, F,F,F,F,F,F,F,F, F,F,F,F,F,F,F,F, F,F,F,F,F,F,F,F
11:35:53| 2 | GetSupportedPIDs | 1-E8-DBG3 224-E0_E0-100: F,F,F,F,F,F,F,F, F,F,F,F,F,F,F,F, F,F,F,F,F,F,F,F, F,F,F,F,F,F,F,F  (T:038 F:218)
11:35:53| ... LogBitArray | 8
11:35:53| ... SetupMyLastCommResult: InvalidData
11:35:53| ... DoDad | Action: System.Action | tag: GetModePID(01, 60) - PID support mask
11:35:53| ... GetCallingProcedure | Connect_OBD
11:35:53| ... GetCallingProcedure | lVehiculoLink
11:35:53| ... GetCallingProcedure | VehiculoLink
11:35:53| DoDad-01 | GetModePID(01, 60) - PID support mask (Open:True,999.99 | Connect_OBD,lVehiculoLink,VehiculoLink)
11:35:53| DoDad-01  ClearCommandLog ...
11:35:53| DoDad-01  Invoke ... (GetModePID(01, 60) - PID support mask)
11:35:54| DoDad-01  Invoke ... (GetModePID(01, 60) - PID support mask)  (641)
11:35:54| DoDad-01  CommandLog.Length ...
11:35:54| DoDad-01  CommandLog ... (0)
11:35:54| DoDad-01-CommandLog-Len:180 Siz:180 | iStart: 0
11:35:54| DoDad-01  SerialData.Length ... (1958)
11:35:54| DoDad-01 | GetModePID(01, 60) - PID support mask-SLL:01958,01958-CF:F-DLLInfo:'DAD_DLL_VERSION_16.12.25.0 .. 3.0.7.0'
                    -  DAD_DLL_VERSION_16.12.25.0
                    -  609,TX MSG,JVPW1850,68 6A F1 01 00 
                    -  609,RX QRY,JVPW1850,Delay: 100
                    -  718,RX QRY,JVPW1850,Delay: 100
                    -  828,RX QRY,JVPW1850,Delay: 100
                    -  937,TX MSG,JPWM1850,61 6A F1 01 00 
                    -  953,TX MSG,I914**,33 
                    -  5265,TX MSG,KWPF**,C1 33 F1 81 
                    -  11720,TX MSG,ICAN11bt500,00 00 07 DF 01 00 
                    -  11720,RX QRY,ICAN11bt500,Delay: 100
                    -  11829,RX MSG,ICAN11bt500,00 00 07 DF 
                    -  11829,RX MSG,ICAN11bt500,00 00 07 E8 41 00 BE 1F A8 13 
                    -  11829,RX QRY,ICAN11bt500,Delay: 100
                    -  11938,RX QRY,ICAN11bt500,Delay: 100
                    -  12141,TX MSG,ICAN11bt500,00 00 07 DF 01 00 
                    -  12157,RX QRY,ICAN11bt500,Delay: 100
                    -  12267,RX MSG,ICAN11bt500,00 00 07 DF 
                    -  12267,RX MSG,ICAN11bt500,00 00 07 E8 41 00 BE 1F A8 13 
                    -  12267,RX QRY,ICAN11bt500,Delay: 100
                    -  12376,RX QRY,ICAN11bt500,Delay: 100
                    -  12485,RX QRY,ICAN11bt500,Delay: 100
                    -  12595,RX QRY,ICAN11bt500,Delay: 100
                    -  12704,RX QRY,ICAN11bt500,Delay: 100
                    -  12954,TX MSG,ICAN11bt500,00 00 07 DF 01 20 
                    -  12954,RX QRY,ICAN11bt500,Delay: 100
                    -  13063,RX MSG,ICAN11bt500,00 00 07 DF 
                    -  13063,RX MSG,ICAN11bt500,00 00 07 E8 41 20 90 05 A0 11 
                    -  13063,RX QRY,ICAN11bt500,Delay: 100
                    -  13173,RX QRY,ICAN11bt500,Delay: 100
                    -  13282,RX QRY,ICAN11bt500,Delay: 100
                    -  13391,RX QRY,ICAN11bt500,Delay: 100
                    -  13501,RX QRY,ICAN11bt500,Delay: 100
                    -  13751,TX MSG,ICAN11bt500,00 00 07 DF 01 40 
                    -  13751,RX QRY,ICAN11bt500,Delay: 100
                    -  13860,RX MSG,ICAN11bt500,00 00 07 DF 
                    -  13860,RX MSG,ICAN11bt500,00 00 07 E8 41 40 FA D8 80 01 
                    -  13860,RX QRY,ICAN11bt500,Delay: 100
                    -  13969,RX QRY,ICAN11bt500,Delay: 100
                    -  14079,RX QRY,ICAN11bt500,Delay: 100
                    -  14188,RX QRY,ICAN11bt500,Delay: 100
                    -  14298,RX QRY,ICAN11bt500,Delay: 100
                    -  14547,TX MSG,ICAN11bt500,00 00 07 DF 01 60 
                    -  14547,RX QRY,ICAN11bt500,Delay: 100
                    -  14657,RX MSG,ICAN11bt500,00 00 07 DF 
                    -  14657,RX MSG,ICAN11bt500,00 00 07 E8 41 60 00 00 01 00 
                    -  14657,RX QRY,ICAN11bt500,Delay: 100
                    -  14766,RX QRY,ICAN11bt500,Delay: 100
                    -  14876,RX QRY,ICAN11bt500,Delay: 100
                    -  14985,RX QRY,ICAN11bt500,Delay: 100
                    -  15094,RX QRY,ICAN11bt500,Delay: 100
                    (0.650 s,F) GetModePID(01, 60) - PID support mask | NoEOL
11:35:54| ... SetupVehicleIsLinked
11:35:54| ... GetCallingProcedure | SetupMyLastCommResult
11:35:54| ... GetCallingProcedure | GetSupportedPIDs
11:35:54| ... GetCallingProcedure | Connect_OBD
11:35:54| ... SetupMyLastCommResult: Success
11:35:54| ... MyLastResult | Success,Unknown,True->True
11:35:54|  (Result:Success,Unknown,True->True)
11:35:54| GetSupportedPIDs | PID60 RspCnt:1
11:35:54| ... GetEcuIdFromAddress
11:35:54| ... ByteArrayToHexString | 07E8
11:35:54| ... ByteArrayToHexString | 00000100
11:35:54| ... DT_DataToString | Adr:07E8,Mod:01,PID:60,Dat:00000100
11:35:54| GetSupportedPIDS | Data-Adr:07E8,Mod:01,PID:60,Dat:00000100
11:35:54| SSBAFOB | MdPID:01,60 ECU:E8 ...  InCnt:4 (00,00,01,00,BC:001) SrtIdx:097
11:35:54| ... SetSupportedBitArrayFromObdBytes | BitAryLen:256  BitSetCnt:039  BAI:4-4,78
11:35:54| 2 | GetSupportedPIDs | 1-E8-DBG3 -------------- 0,1,2,3,4,5,6,7, 8,9,A,B,C,D,E,F, G,H,I,J,K,L,M,N, O,P,Q,R,S,T,U,V
11:35:54| 2 | GetSupportedPIDs | 1-E8-DBG3 000-00_00-020: T,T,F,T,T,T,T,T, F,F,F,F,T,T,T,T, T,T,F,T,F,T,F,F, F,F,F,F,T,F,F,T
11:35:54| 2 | GetSupportedPIDs | 1-E8-DBG3 032-20_20-040: T,T,F,F,T,F,F,F, F,F,F,F,F,F,T,F, T,T,F,T,F,F,F,F, F,F,F,F,T,F,F,F
11:35:54| 2 | GetSupportedPIDs | 1-E8-DBG3 064-40_40-060: T,T,T,T,T,T,F,T, F,T,T,F,T,T,F,F, F,T,F,F,F,F,F,F, F,F,F,F,F,F,F,F
11:35:54| 2 | GetSupportedPIDs | 1-E8-DBG3 096-60_60-080: T,F,F,F,F,F,F,F, F,F,F,F,F,F,F,F, F,F,F,F,F,F,F,F, T,F,F,F,F,F,F,F
11:35:54| 2 | GetSupportedPIDs | 1-E8-DBG3 128-80_80-0A0: F,F,F,F,F,F,F,F, F,F,F,F,F,F,F,F, F,F,F,F,F,F,F,F, F,F,F,F,F,F,F,F
11:35:54| 2 | GetSupportedPIDs | 1-E8-DBG3 160-A0_A0-0C0: F,F,F,F,F,F,F,F, F,F,F,F,F,F,F,F, F,F,F,F,F,F,F,F, F,F,F,F,F,F,F,F
11:35:54| 2 | GetSupportedPIDs | 1-E8-DBG3 192-C0_C0-0E0: F,F,F,F,F,F,F,F, F,F,F,F,F,F,F,F, F,F,F,F,F,F,F,F, F,F,F,F,F,F,F,F
11:35:54| 2 | GetSupportedPIDs | 1-E8-DBG3 224-E0_E0-100: F,F,F,F,F,F,F,F, F,F,F,F,F,F,F,F, F,F,F,F,F,F,F,F, F,F,F,F,F,F,F,F  (T:039 F:217)
11:35:54| ... LogBitArray | 8
11:35:54| GetSupportedPIDs | Mode:1 ECUCnt:1 PIDSupDicCnt:1
11:35:54| 4 | GetSupportedPIDS | Mode1-ECUE8:-------------- 0,1,2,3,4,5,6,7, 8,9,A,B,C,D,E,F, G,H,I,J,K,L,M,N, O,P,Q,R,S,T,U,V
11:35:54| 4 | GetSupportedPIDS | Mode1-ECUE8:000-00_00-020: T,T,F,T,T,T,T,T, F,F,F,F,T,T,T,T, T,T,F,T,F,T,F,F, F,F,F,F,T,F,F,T
11:35:54| 4 | GetSupportedPIDS | Mode1-ECUE8:032-20_20-040: T,T,F,F,T,F,F,F, F,F,F,F,F,F,T,F, T,T,F,T,F,F,F,F, F,F,F,F,T,F,F,F
11:35:54| 4 | GetSupportedPIDS | Mode1-ECUE8:064-40_40-060: T,T,T,T,T,T,F,T, F,T,T,F,T,T,F,F, F,T,F,F,F,F,F,F, F,F,F,F,F,F,F,F
11:35:54| 4 | GetSupportedPIDS | Mode1-ECUE8:096-60_60-080: T,F,F,F,F,F,F,F, F,F,F,F,F,F,F,F, F,F,F,F,F,F,F,F, T,F,F,F,F,F,F,F
11:35:54| 4 | GetSupportedPIDS | Mode1-ECUE8:128-80_80-0A0: F,F,F,F,F,F,F,F, F,F,F,F,F,F,F,F, F,F,F,F,F,F,F,F, F,F,F,F,F,F,F,F
11:35:54| 4 | GetSupportedPIDS | Mode1-ECUE8:160-A0_A0-0C0: F,F,F,F,F,F,F,F, F,F,F,F,F,F,F,F, F,F,F,F,F,F,F,F, F,F,F,F,F,F,F,F
11:35:54| 4 | GetSupportedPIDS | Mode1-ECUE8:192-C0_C0-0E0: F,F,F,F,F,F,F,F, F,F,F,F,F,F,F,F, F,F,F,F,F,F,F,F, F,F,F,F,F,F,F,F
11:35:54| 4 | GetSupportedPIDS | Mode1-ECUE8:224-E0_E0-100: F,F,F,F,F,F,F,F, F,F,F,F,F,F,F,F, F,F,F,F,F,F,F,F, F,F,F,F,F,F,F,F  (T:039 F:217)
11:35:54| ... LogBitArray | 8
11:35:54| 2 | GetSupportedPIDs | 1-ECUxx -------------- 0,1,2,3,4,5,6,7, 8,9,A,B,C,D,E,F, G,H,I,J,K,L,M,N, O,P,Q,R,S,T,U,V
11:35:54| 2 | GetSupportedPIDs | 1-ECUxx 000-00_00-020: T,T,F,T,T,T,T,T, F,F,F,F,T,T,T,T, T,T,F,T,F,T,F,F, F,F,F,F,T,F,F,T
11:35:54| 2 | GetSupportedPIDs | 1-ECUxx 032-20_20-040: T,T,F,F,T,F,F,F, F,F,F,F,F,F,T,F, T,T,F,T,F,F,F,F, F,F,F,F,T,F,F,F
11:35:54| 2 | GetSupportedPIDs | 1-ECUxx 064-40_40-060: T,T,T,T,T,T,F,T, F,T,T,F,T,T,F,F, F,T,F,F,F,F,F,F, F,F,F,F,F,F,F,F
11:35:54| 2 | GetSupportedPIDs | 1-ECUxx 096-60_60-080: T,F,F,F,F,F,F,F, F,F,F,F,F,F,F,F, F,F,F,F,F,F,F,F, T,F,F,F,F,F,F,F
11:35:54| 2 | GetSupportedPIDs | 1-ECUxx 128-80_80-0A0: F,F,F,F,F,F,F,F, F,F,F,F,F,F,F,F, F,F,F,F,F,F,F,F, F,F,F,F,F,F,F,F
11:35:54| 2 | GetSupportedPIDs | 1-ECUxx 160-A0_A0-0C0: F,F,F,F,F,F,F,F, F,F,F,F,F,F,F,F, F,F,F,F,F,F,F,F, F,F,F,F,F,F,F,F
11:35:54| 2 | GetSupportedPIDs | 1-ECUxx 192-C0_C0-0E0: F,F,F,F,F,F,F,F, F,F,F,F,F,F,F,F, F,F,F,F,F,F,F,F, F,F,F,F,F,F,F,F
11:35:54| 2 | GetSupportedPIDs | 1-ECUxx 224-E0_E0-100: F,F,F,F,F,F,F,F, F,F,F,F,F,F,F,F, F,F,F,F,F,F,F,F, F,F,F,F,F,F,F,F  (T:039 F:217)
11:35:54| ... LogBitArray | 8
11:35:54| GetSupportedPIDs | PIDCnt-1-E8:039  (TPC:39)
11:35:54| ... DictValueSortDesc
11:35:54| DVSD | E8:039->E8:039
11:35:54| GetSupportedPIDs | Mode:1 PIDs-'039:00 01 03 04 05 06 07 0C 0D 0E 0F 10 11 13 15 1C 1F 20 21 24 2E 30 31 33 3C 40 41 42 43 44 45 47 49 4A 4C 4D 51 60 78
11:35:54|  GetSupportedPIDs | Ending ... Success:TrueTrueTrueTrue 1-E8:039
11:35:54| ReleaseDAD |  Starting ... Cnt:00004,01 (Connect)
11:35:54| ... ReleaseDAD | Success ... Cnt:00004,00 Opn:T (Connect, Connect)
11:35:54| ... Connect | 2
11:35:54| ... SetupVehicleIsLinked
11:35:54| ... GetCallingProcedure | Connect_OBD
11:35:54| ... GetCallingProcedure | lVehiculoLink
11:35:54| ... GetCallingProcedure | VehiculoLink
11:35:54| SVLI | VehicleIsLinked:'True'->'?'  (Connect_OBD,lVehiculoLink,VehiculoLink)
11:35:54| ... SetupVehicleIsLinked
11:35:54| ... GetCallingProcedure | Connect_OBD
11:35:54| ... GetCallingProcedure | lVehiculoLink
11:35:54| ... GetCallingProcedure | VehiculoLink
11:35:54| SVLI | VehicleIsLinked:'?'->'True'  (Connect_OBD,lVehiculoLink,VehiculoLink)
11:35:54| ... Connect | 3 | Connect_Succeeded = True
11:35:54| ... MyLastResult | Success,Unknown,?->True
11:35:54| Connect | Rslt:True EECUID:E8 ECUs:1-(E8:039->E8:039,) Prot:'CAN11', 'CAN11' PC:39  (Success,Unknown,?->True, 15.45) (lVehiculoLink,VehiculoLink,VehTest)
11:35:54| ... DecrementActiveCount | 0
11:35:54| ... GetCallingProcedure | OpusIMCleanOBDdrv.Module1:Connect_OBD
11:35:54| ... GetCallingProcedure | OpusIMCleanOBDdrv.Module1:lVehiculoLink
11:35:54| ... GetCallingProcedure | OpusIMCleanOBDdrv.IMCleanOBD:VehiculoLink
11:35:54| ... LocalDecrementActiveCount | 0
11:35:54|  
11:35:54| ... Get MON >>>-----------------------------------------------------------------------
11:35:54| ... SetupMyLastCommResult: ConditionsNotCorrect
11:35:54| ... DoDad | Action: System.Action | tag: GetModePID(01, 01) - Readiness, DTC count, MIL
11:35:54| ... GetCallingProcedure | lVehiculoLink
11:35:54| ... GetCallingProcedure | VehiculoLink
11:35:54| ... GetCallingProcedure | VehTest
11:35:54| DoDad-01 | GetModePID(01, 01) - Readiness, DTC count, MIL (Open:True,999.99 | lVehiculoLink,VehiculoLink,VehTest)
11:35:54| DoDad-01  ClearCommandLog ...
11:35:54| DoDad-01  Invoke ... (GetModePID(01, 01) - Readiness, DTC count, MIL)
11:35:55| DoDad-01  Invoke ... (GetModePID(01, 01) - Readiness, DTC count, MIL)  (671)
11:35:55| DoDad-01  CommandLog.Length ...
11:35:55| DoDad-01  CommandLog ... (0)
11:35:55| DoDad-01-CommandLog-Len:173 Siz:173 | iStart: 0
11:35:55| DoDad-01  SerialData.Length ... (371)
11:35:55| DoDad-01 | GetModePID(01, 01) - Readiness, DTC count, MIL-SLL:00371,00371-CF:F-DLLInfo:'DAD_DLL_VERSION_16.12.25.0 .. 3.0.7.0'
                    -  DAD_DLL_VERSION_16.12.25.0
                    -  31,TX MSG,ICAN11bt500,00 00 07 DF 01 01 
                    -  31,RX QRY,ICAN11bt500,Delay: 100
                    -  140,RX MSG,ICAN11bt500,00 00 07 DF 
                    -  140,RX MSG,ICAN11bt500,00 00 07 E8 41 01 00 07 E1 00 
                    -  140,RX QRY,ICAN11bt500,Delay: 100
                    -  250,RX QRY,ICAN11bt500,Delay: 100
                    -  359,RX QRY,ICAN11bt500,Delay: 100
                    -  468,RX QRY,ICAN11bt500,Delay: 100
                    -  578,RX QRY,ICAN11bt500,Delay: 100
                    (0.672 s,F) GetModePID(01, 01) - Readiness, DTC count, MIL | NoEOL
11:35:55| DECODE_Bus: DAD_DLL_VERSION_16.12.25.0
3.0.7.0

31,TX MSG,ICAN11bt500,00 00 07 DF 01 01 
140,RX MSG,ICAN11bt500,00 00 07 DF 
140,RX MSG,ICAN11bt500,00 00 07 E8 41 01 00 07 E1 00 

11:35:55| DECODE_MIL: 00 00 07 E8 41 01 00 07 E1 00
11:35:55| zipESP: 00 00 07 E8 41 01 00 07 E1 00 | 000007E841010007E100
11:35:55| DECODE_MIL dato: 0007E100
11:35:55| Status: 0007E100
11:35:55| A: 00 | 0 | 00000000
11:35:55| B: 07 | 7 | 00000111
11:35:55| C: E1 | 225 | 11100001
11:35:55| D: 00 | 0 | 00000000
11:35:55| sr | Get MON: 0 | 1
11:35:55|  
11:35:55| ... Get DTC >>>-----------------------------------------------------------------------
11:35:55| ... SetupMyLastCommResult: ConditionsNotCorrect
11:35:55| ... DoDad | Action: System.Action | tag: GetModePID(03, 00) - DTC count, MIL
11:35:55| ... GetCallingProcedure | lVehiculoLink
11:35:55| ... GetCallingProcedure | VehiculoLink
11:35:55| ... GetCallingProcedure | VehTest
11:35:55| DoDad-01 | GetModePID(03, 00) - DTC count, MIL (Open:True,999.99 | lVehiculoLink,VehiculoLink,VehTest)
11:35:55| DoDad-01  ClearCommandLog ...
11:35:55| DoDad-01  Invoke ... (GetModePID(03, 00) - DTC count, MIL)
11:35:56| DoDad-01  Invoke ... (GetModePID(03, 00) - DTC count, MIL)  (656)
11:35:56| DoDad-01  CommandLog.Length ...
11:35:56| DoDad-01  CommandLog ... (0)
11:35:56| DoDad-01-CommandLog-Len:158 Siz:158 | iStart: 0
11:35:56| DoDad-01  SerialData.Length ... (356)
11:35:56| DoDad-01 | GetModePID(03, 00) - DTC count, MIL-SLL:00356,00356-CF:F-DLLInfo:'DAD_DLL_VERSION_16.12.25.0 .. 3.0.7.0'
                    -  DAD_DLL_VERSION_16.12.25.0
                    -  31,TX MSG,ICAN11bt500,00 00 07 DF 03 
                    -  31,RX QRY,ICAN11bt500,Delay: 100
                    -  140,RX MSG,ICAN11bt500,00 00 07 DF 
                    -  140,RX MSG,ICAN11bt500,00 00 07 E8 43 00 
                    -  140,RX QRY,ICAN11bt500,Delay: 100
                    -  250,RX QRY,ICAN11bt500,Delay: 100
                    -  359,RX QRY,ICAN11bt500,Delay: 100
                    -  461,RX QRY,ICAN11bt500,Delay: 100
                    -  570,RX QRY,ICAN11bt500,Delay: 100
                    (0.649 s,F) GetModePID(03, 00) - DTC count, MIL | NoEOL
11:35:56| DECODE_Bus: DAD_DLL_VERSION_16.12.25.0
3.0.7.0

31,TX MSG,ICAN11bt500,00 00 07 DF 03 
140,RX MSG,ICAN11bt500,00 00 07 DF 
140,RX MSG,ICAN11bt500,00 00 07 E8 43 00 

11:35:56| ... DECODE_DTC: 00 00 07 E8 43 00
11:35:56| zipESP: 00 00 07 E8 43 00 | 000007E84300
11:35:56| sr | Get DTC: 0 | 1
11:35:56|  
11:35:56| ... (01, 1F) Tmp. Encendido >>>-----------------------------------------------------------------------
11:35:56| ... SetupMyLastCommResult: ConditionsNotCorrect
11:35:56| ... DoDad | Action: System.Action | tag: GetModePID(01, 1F) - Tmp. Encendido
11:35:56| ... GetCallingProcedure | lVehiculoLink
11:35:56| ... GetCallingProcedure | VehiculoLink
11:35:56| ... GetCallingProcedure | VehTest
11:35:56| DoDad-01 | GetModePID(01, 1F) - Tmp. Encendido (Open:True,999.99 | lVehiculoLink,VehiculoLink,VehTest)
11:35:56| DoDad-01  ClearCommandLog ...
11:35:56| DoDad-01  Invoke ... (GetModePID(01, 1F) - Tmp. Encendido)
11:35:56| DoDad-01  Invoke ... (GetModePID(01, 1F) - Tmp. Encendido)  (656)
11:35:56| DoDad-01  CommandLog.Length ...
11:35:56| DoDad-01  CommandLog ... (0)
11:35:56| DoDad-01-CommandLog-Len:167 Siz:167 | iStart: 0
11:35:56| DoDad-01  SerialData.Length ... (365)
11:35:56| DoDad-01 | GetModePID(01, 1F) - Tmp. Encendido-SLL:00365,00365-CF:F-DLLInfo:'DAD_DLL_VERSION_16.12.25.0 .. 3.0.7.0'
                    -  DAD_DLL_VERSION_16.12.25.0
                    -  31,TX MSG,ICAN11bt500,00 00 07 DF 01 1F 
                    -  31,RX QRY,ICAN11bt500,Delay: 100
                    -  140,RX MSG,ICAN11bt500,00 00 07 DF 
                    -  140,RX MSG,ICAN11bt500,00 00 07 E8 41 1F 00 15 
                    -  140,RX QRY,ICAN11bt500,Delay: 100
                    -  250,RX QRY,ICAN11bt500,Delay: 100
                    -  359,RX QRY,ICAN11bt500,Delay: 100
                    -  468,RX QRY,ICAN11bt500,Delay: 100
                    -  578,RX QRY,ICAN11bt500,Delay: 100
                    (0.672 s,F) GetModePID(01, 1F) - Tmp. Encendido | NoEOL
11:35:56| DECODE_Bus: DAD_DLL_VERSION_16.12.25.0
3.0.7.0

31,TX MSG,ICAN11bt500,00 00 07 DF 01 1F 
140,RX MSG,ICAN11bt500,00 00 07 DF 
140,RX MSG,ICAN11bt500,00 00 07 E8 41 1F 00 15 

11:35:56| sr | Tmp. Encendido: 0 | 1
11:35:56|  
11:35:56| ... (01, 21) Distancia MIL >>>-----------------------------------------------------------------------
11:35:56| ... SetupMyLastCommResult: ConditionsNotCorrect
11:35:56| ... DoDad | Action: System.Action | tag: GetModePID(01, 21) - Distancia MIL
11:35:56| ... GetCallingProcedure | lVehiculoLink
11:35:56| ... GetCallingProcedure | VehiculoLink
11:35:56| ... GetCallingProcedure | VehTest
11:35:56| DoDad-01 | GetModePID(01, 21) - Distancia MIL (Open:True,999.99 | lVehiculoLink,VehiculoLink,VehTest)
11:35:56| DoDad-01  ClearCommandLog ...
11:35:56| DoDad-01  Invoke ... (GetModePID(01, 21) - Distancia MIL)
11:35:57| DoDad-01  Invoke ... (GetModePID(01, 21) - Distancia MIL)  (657)
11:35:57| DoDad-01  CommandLog.Length ...
11:35:57| DoDad-01  CommandLog ... (0)
11:35:57| DoDad-01-CommandLog-Len:167 Siz:167 | iStart: 0
11:35:57| DoDad-01  SerialData.Length ... (365)
11:35:57| DoDad-01 | GetModePID(01, 21) - Distancia MIL-SLL:00365,00365-CF:F-DLLInfo:'DAD_DLL_VERSION_16.12.25.0 .. 3.0.7.0'
                    -  DAD_DLL_VERSION_16.12.25.0
                    -  31,TX MSG,ICAN11bt500,00 00 07 DF 01 15 
                    -  31,RX QRY,ICAN11bt500,Delay: 100
                    -  140,RX MSG,ICAN11bt500,00 00 07 DF 
                    -  140,RX MSG,ICAN11bt500,00 00 07 E8 41 15 FF FF 
                    -  140,RX QRY,ICAN11bt500,Delay: 100
                    -  250,RX QRY,ICAN11bt500,Delay: 100
                    -  359,RX QRY,ICAN11bt500,Delay: 100
                    -  468,RX QRY,ICAN11bt500,Delay: 100
                    -  578,RX QRY,ICAN11bt500,Delay: 100
                    (0.656 s,F) GetModePID(01, 21) - Distancia MIL | NoEOL
11:35:57| DECODE_Bus: DAD_DLL_VERSION_16.12.25.0
3.0.7.0

31,TX MSG,ICAN11bt500,00 00 07 DF 01 15 
140,RX MSG,ICAN11bt500,00 00 07 DF 
140,RX MSG,ICAN11bt500,00 00 07 E8 41 15 FF FF 

11:35:57| sr | Distancia MIL: 0 | 1
11:35:57|  
11:35:57| ... (01, 31) Distancia MIL Borrada >>>-----------------------------------------------------------------------
11:35:57| ... SetupMyLastCommResult: ConditionsNotCorrect
11:35:57| ... DoDad | Action: System.Action | tag: GetModePID(01, 31) - Distancia MIL Borrada
11:35:57| ... GetCallingProcedure | lVehiculoLink
11:35:57| ... GetCallingProcedure | VehiculoLink
11:35:57| ... GetCallingProcedure | VehTest
11:35:57| DoDad-01 | GetModePID(01, 31) - Distancia MIL Borrada (Open:True,999.99 | lVehiculoLink,VehiculoLink,VehTest)
11:35:57| DoDad-01  ClearCommandLog ...
11:35:57| DoDad-01  Invoke ... (GetModePID(01, 31) - Distancia MIL Borrada)
11:35:58| DoDad-01  Invoke ... (GetModePID(01, 31) - Distancia MIL Borrada)  (672)
11:35:58| DoDad-01  CommandLog.Length ...
11:35:58| DoDad-01  CommandLog ... (0)
11:35:58| DoDad-01-CommandLog-Len:167 Siz:167 | iStart: 0
11:35:58| DoDad-01  SerialData.Length ... (365)
11:35:58| DoDad-01 | GetModePID(01, 31) - Distancia MIL Borrada-SLL:00365,00365-CF:F-DLLInfo:'DAD_DLL_VERSION_16.12.25.0 .. 3.0.7.0'
                    -  DAD_DLL_VERSION_16.12.25.0
                    -  31,TX MSG,ICAN11bt500,00 00 07 DF 01 1F 
                    -  46,RX QRY,ICAN11bt500,Delay: 100
                    -  156,RX MSG,ICAN11bt500,00 00 07 DF 
                    -  156,RX MSG,ICAN11bt500,00 00 07 E8 41 1F 00 16 
                    -  156,RX QRY,ICAN11bt500,Delay: 100
                    -  257,RX QRY,ICAN11bt500,Delay: 100
                    -  371,RX QRY,ICAN11bt500,Delay: 100
                    -  480,RX QRY,ICAN11bt500,Delay: 100
                    -  592,RX QRY,ICAN11bt500,Delay: 100
                    (0.670 s,F) GetModePID(01, 31) - Distancia MIL Borrada | NoEOL
11:35:58| DECODE_Bus: DAD_DLL_VERSION_16.12.25.0
3.0.7.0

31,TX MSG,ICAN11bt500,00 00 07 DF 01 1F 
156,RX MSG,ICAN11bt500,00 00 07 DF 
156,RX MSG,ICAN11bt500,00 00 07 E8 41 1F 00 16 

11:35:58| sr | Distancia MIL Borrada: 0 | 1
11:35:58|  
11:35:58| ... (01, 33) Presion Barometrica Kpa >>>-----------------------------------------------------------------------
11:35:58| ... SetupMyLastCommResult: ConditionsNotCorrect
11:35:58| ... DoDad | Action: System.Action | tag: GetModePID(01, 33) - Presion Barometrica Kpa
11:35:58| ... GetCallingProcedure | lVehiculoLink
11:35:58| ... GetCallingProcedure | VehiculoLink
11:35:58| ... GetCallingProcedure | VehTest
11:35:58| DoDad-01 | GetModePID(01, 33) - Presion Barometrica Kpa (Open:True,999.99 | lVehiculoLink,VehiculoLink,VehTest)
11:35:58| DoDad-01  ClearCommandLog ...
11:35:58| DoDad-01  Invoke ... (GetModePID(01, 33) - Presion Barometrica Kpa)
11:35:59| DoDad-01  Invoke ... (GetModePID(01, 33) - Presion Barometrica Kpa)  (657)
11:35:59| DoDad-01  CommandLog.Length ...
11:35:59| DoDad-01  CommandLog ... (0)
11:35:59| DoDad-01-CommandLog-Len:167 Siz:167 | iStart: 0
11:35:59| DoDad-01  SerialData.Length ... (365)
11:35:59| DoDad-01 | GetModePID(01, 33) - Presion Barometrica Kpa-SLL:00365,00365-CF:F-DLLInfo:'DAD_DLL_VERSION_16.12.25.0 .. 3.0.7.0'
                    -  DAD_DLL_VERSION_16.12.25.0
                    -  31,TX MSG,ICAN11bt500,00 00 07 DF 01 21 
                    -  31,RX QRY,ICAN11bt500,Delay: 100
                    -  140,RX MSG,ICAN11bt500,00 00 07 DF 
                    -  140,RX MSG,ICAN11bt500,00 00 07 E8 41 21 00 00 
                    -  140,RX QRY,ICAN11bt500,Delay: 100
                    -  250,RX QRY,ICAN11bt500,Delay: 100
                    -  359,RX QRY,ICAN11bt500,Delay: 100
                    -  459,RX QRY,ICAN11bt500,Delay: 100
                    -  572,RX QRY,ICAN11bt500,Delay: 100
                    (0.657 s,F) GetModePID(01, 33) - Presion Barometrica Kpa | NoEOL
11:35:59| DECODE_Bus: DAD_DLL_VERSION_16.12.25.0
3.0.7.0

31,TX MSG,ICAN11bt500,00 00 07 DF 01 21 
140,RX MSG,ICAN11bt500,00 00 07 DF 
140,RX MSG,ICAN11bt500,00 00 07 E8 41 21 00 00 

11:35:59| sr | Presion Barometrica Kpa: 0 | 1
11:35:59|  
11:35:59| ... (01, 4D) Tmp MIL on >>>-----------------------------------------------------------------------
11:35:59| ... SetupMyLastCommResult: ConditionsNotCorrect
11:35:59| ... DoDad | Action: System.Action | tag: GetModePID(01, 4D) - Tmp MIL on
11:35:59| ... GetCallingProcedure | lVehiculoLink
11:35:59| ... GetCallingProcedure | VehiculoLink
11:35:59| ... GetCallingProcedure | VehTest
11:35:59| DoDad-01 | GetModePID(01, 4D) - Tmp MIL on (Open:True,999.99 | lVehiculoLink,VehiculoLink,VehTest)
11:35:59| DoDad-01  ClearCommandLog ...
11:35:59| DoDad-01  Invoke ... (GetModePID(01, 4D) - Tmp MIL on)
11:35:59| DoDad-01  Invoke ... (GetModePID(01, 4D) - Tmp MIL on)  (656)
11:35:59| DoDad-01  CommandLog.Length ...
11:35:59| DoDad-01  CommandLog ... (0)
11:35:59| DoDad-01-CommandLog-Len:167 Siz:167 | iStart: 0
11:35:59| DoDad-01  SerialData.Length ... (365)
11:35:59| DoDad-01 | GetModePID(01, 4D) - Tmp MIL on-SLL:00365,00365-CF:F-DLLInfo:'DAD_DLL_VERSION_16.12.25.0 .. 3.0.7.0'
                    -  DAD_DLL_VERSION_16.12.25.0
                    -  31,TX MSG,ICAN11bt500,00 00 07 DF 01 4D 
                    -  31,RX QRY,ICAN11bt500,Delay: 100
                    -  140,RX MSG,ICAN11bt500,00 00 07 DF 
                    -  140,RX MSG,ICAN11bt500,00 00 07 E8 41 4D 00 00 
                    -  140,RX QRY,ICAN11bt500,Delay: 100
                    -  253,RX QRY,ICAN11bt500,Delay: 100
                    -  362,RX QRY,ICAN11bt500,Delay: 100
                    -  472,RX QRY,ICAN11bt500,Delay: 100
                    -  581,RX QRY,ICAN11bt500,Delay: 100
                    (0.660 s,F) GetModePID(01, 4D) - Tmp MIL on | NoEOL
11:35:59| DECODE_Bus: DAD_DLL_VERSION_16.12.25.0
3.0.7.0

31,TX MSG,ICAN11bt500,00 00 07 DF 01 4D 
140,RX MSG,ICAN11bt500,00 00 07 DF 
140,RX MSG,ICAN11bt500,00 00 07 E8 41 4D 00 00 

11:35:59| sr | Tmp MIL on: 0 | 1
11:35:59|  
11:35:59| ... (01, 51) Tipo Combustible >>>-----------------------------------------------------------------------
11:35:59| ... SetupMyLastCommResult: ConditionsNotCorrect
11:35:59| ... DoDad | Action: System.Action | tag: GetModePID(01, 51) - Tipo Combustible
11:35:59| ... GetCallingProcedure | lVehiculoLink
11:35:59| ... GetCallingProcedure | VehiculoLink
11:35:59| ... GetCallingProcedure | VehTest
11:35:59| DoDad-01 | GetModePID(01, 51) - Tipo Combustible (Open:True,999.99 | lVehiculoLink,VehiculoLink,VehTest)
11:35:59| DoDad-01  ClearCommandLog ...
11:35:59| DoDad-01  Invoke ... (GetModePID(01, 51) - Tipo Combustible)
11:36:00| DoDad-01  Invoke ... (GetModePID(01, 51) - Tipo Combustible)  (656)
11:36:00| DoDad-01  CommandLog.Length ...
11:36:00| DoDad-01  CommandLog ... (0)
11:36:00| DoDad-01-CommandLog-Len:164 Siz:164 | iStart: 0
11:36:00| DoDad-01  SerialData.Length ... (362)
11:36:00| DoDad-01 | GetModePID(01, 51) - Tipo Combustible-SLL:00362,00362-CF:F-DLLInfo:'DAD_DLL_VERSION_16.12.25.0 .. 3.0.7.0'
                    -  DAD_DLL_VERSION_16.12.25.0
                    -  31,TX MSG,ICAN11bt500,00 00 07 DF 01 33 
                    -  31,RX QRY,ICAN11bt500,Delay: 100
                    -  140,RX MSG,ICAN11bt500,00 00 07 DF 
                    -  140,RX MSG,ICAN11bt500,00 00 07 E8 41 33 4E 
                    -  140,RX QRY,ICAN11bt500,Delay: 100
                    -  250,RX QRY,ICAN11bt500,Delay: 100
                    -  359,RX QRY,ICAN11bt500,Delay: 100
                    -  468,RX QRY,ICAN11bt500,Delay: 100
                    -  578,RX QRY,ICAN11bt500,Delay: 100
                    (0.656 s,F) GetModePID(01, 51) - Tipo Combustible | NoEOL
11:36:00| DECODE_Bus: DAD_DLL_VERSION_16.12.25.0
3.0.7.0

31,TX MSG,ICAN11bt500,00 00 07 DF 01 33 
140,RX MSG,ICAN11bt500,00 00 07 DF 
140,RX MSG,ICAN11bt500,00 00 07 E8 41 33 4E 

11:36:00| sr | Tipo Combustible: 0 | 1
11:36:00|  
11:36:00| ... (01, 7F) Tmp Marcha Motor >>>-----------------------------------------------------------------------
11:36:00| ... SetupMyLastCommResult: ConditionsNotCorrect
11:36:00| ... DoDad | Action: System.Action | tag: GetModePID(01, 7F) - Tmp Marcha Motor
11:36:00| ... GetCallingProcedure | lVehiculoLink
11:36:00| ... GetCallingProcedure | VehiculoLink
11:36:00| ... GetCallingProcedure | VehTest
11:36:00| DoDad-01 | GetModePID(01, 7F) - Tmp Marcha Motor (Open:True,999.99 | lVehiculoLink,VehiculoLink,VehTest)
11:36:00| DoDad-01  ClearCommandLog ...
11:36:00| DoDad-01  Invoke ... (GetModePID(01, 7F) - Tmp Marcha Motor)
11:36:01| DoDad-01  Invoke ... (GetModePID(01, 7F) - Tmp Marcha Motor)  (656)
11:36:01| DoDad-01  CommandLog.Length ...
11:36:01| DoDad-01  CommandLog ... (0)
11:36:01| DoDad-01-CommandLog-Len:118 Siz:118 | iStart: 0
11:36:01| DoDad-01  SerialData.Length ... (316)
11:36:01| DoDad-01 | GetModePID(01, 7F) - Tmp Marcha Motor-SLL:00316,00316-CF:F-DLLInfo:'DAD_DLL_VERSION_16.12.25.0 .. 3.0.7.0'
                    -  DAD_DLL_VERSION_16.12.25.0
                    -  31,TX MSG,ICAN11bt500,00 00 07 DF 01 7F 
                    -  31,RX QRY,ICAN11bt500,Delay: 100
                    -  140,RX MSG,ICAN11bt500,00 00 07 DF 
                    -  140,RX QRY,ICAN11bt500,Delay: 100
                    -  250,RX QRY,ICAN11bt500,Delay: 100
                    -  359,RX QRY,ICAN11bt500,Delay: 100
                    -  468,RX QRY,ICAN11bt500,Delay: 100
                    -  578,RX QRY,ICAN11bt500,Delay: 100
                    (0.657 s,F) GetModePID(01, 7F) - Tmp Marcha Motor | NoEOL
11:36:01|  
11:36:01| ... (09, 04) Cal ID >>>-----------------------------------------------------------------------
11:36:01| ... SetupMyLastCommResult: ConditionsNotCorrect
11:36:01| ... DoDad | Action: System.Action | tag: GetModePID(09, 04) - Cal ID
11:36:01| ... GetCallingProcedure | lVehiculoLink
11:36:01| ... GetCallingProcedure | VehiculoLink
11:36:01| ... GetCallingProcedure | VehTest
11:36:01| DoDad-01 | GetModePID(09, 04) - Cal ID (Open:True,999.99 | lVehiculoLink,VehiculoLink,VehTest)
11:36:01| DoDad-01  ClearCommandLog ...
11:36:01| DoDad-01  Invoke ... (GetModePID(09, 04) - Cal ID)
11:36:01| DoDad-01  Invoke ... (GetModePID(09, 04) - Cal ID)  (657)
11:36:01| DoDad-01  CommandLog.Length ...
11:36:01| DoDad-01  CommandLog ... (0)
11:36:01| DoDad-01-CommandLog-Len:249 Siz:249 | iStart: 0
11:36:01| DoDad-01  SerialData.Length ... (447)
11:36:01| DoDad-01 | GetModePID(09, 04) - Cal ID-SLL:00447,00447-CF:F-DLLInfo:'DAD_DLL_VERSION_16.12.25.0 .. 3.0.7.0'
                    -  DAD_DLL_VERSION_16.12.25.0
                    -  31,TX MSG,ICAN11bt500,00 00 07 DF 09 04 
                    -  31,RX QRY,ICAN11bt500,Delay: 100
                    -  140,RX MSG,ICAN11bt500,00 00 07 DF 
                    -  140,RX MSG,ICAN11bt500,00 00 07 E8 
                    -  140,RX MSG,ICAN11bt500,00 00 07 E8 49 04 01 31 33 58 48 36 42 00 00 00 00 00 00 00 00 00 00 
                    -  140,RX QRY,ICAN11bt500,Delay: 100
                    -  250,RX QRY,ICAN11bt500,Delay: 100
                    -  359,RX QRY,ICAN11bt500,Delay: 100
                    -  469,RX QRY,ICAN11bt500,Delay: 100
                    -  578,RX QRY,ICAN11bt500,Delay: 100
                    (0.672 s,F) GetModePID(09, 04) - Cal ID | NoEOL
11:36:01| DECODE_Bus: DAD_DLL_VERSION_16.12.25.0
3.0.7.0

31,TX MSG,ICAN11bt500,00 00 07 DF 09 04 
140,RX MSG,ICAN11bt500,00 00 07 DF 
140,RX MSG,ICAN11bt500,00 00 07 E8 
140,RX MSG,ICAN11bt500,00 00 07 E8 49 04 01 31 33 58 48 36 42 00 00 00 00 00 00 00 00 00 00 

11:36:02| sr | Cal ID: 0 | 1
11:36:02|  
11:36:02| ... Get VIN >>>-----------------------------------------------------------------------
11:36:02| DAD_DLL_VERSION_16.12.25.0
3.0.7.0

31,TX MSG,ICAN11bt500,00 00 07 DF 09 04 
140,RX MSG,ICAN11bt500,00 00 07 DF 
140,RX MSG,ICAN11bt500,00 00 07 E8 
140,RX MSG,ICAN11bt500,00 00 07 E8 49 04 01 31 33 58 48 36 42 00 00 00 00 00 00 00 00 00 00 
718,TX MSG,ICAN11bt500,00 00 07 DF 09 02 
828,RX MSG,ICAN11bt500,00 00 07 DF 

11:36:02|  
11:36:02| ... Get VOLTAJES >>>-----------------------------------------------------------------------
11:36:02| ... SetupMyLastCommResult: ConditionsNotCorrect
11:36:02| ... DoDad | Action: System.Action | tag: GetModePID(01, 42) - Voltaje
11:36:02| ... GetCallingProcedure | lVehiculoLink
11:36:02| ... GetCallingProcedure | VehiculoLink
11:36:02| ... GetCallingProcedure | VehTest
11:36:02| DoDad-01 | GetModePID(01, 42) - Voltaje (Open:True,999.99 | lVehiculoLink,VehiculoLink,VehTest)
11:36:02| DoDad-01  ClearCommandLog ...
11:36:02| DoDad-01  Invoke ... (GetModePID(01, 42) - Voltaje)
11:36:03| DoDad-01  Invoke ... (GetModePID(01, 42) - Voltaje)  (672)
11:36:03| DoDad-01  CommandLog.Length ...
11:36:03| DoDad-01  CommandLog ... (0)
11:36:03| DoDad-01-CommandLog-Len:118 Siz:118 | iStart: 0
11:36:03| DoDad-01  SerialData.Length ... (316)
11:36:03| DoDad-01 | GetModePID(01, 42) - Voltaje-SLL:00316,00316-CF:F-DLLInfo:'DAD_DLL_VERSION_16.12.25.0 .. 3.0.7.0'
                    -  DAD_DLL_VERSION_16.12.25.0
                    -  31,TX MSG,ICAN11bt500,00 00 07 DF 01 2A 
                    -  31,RX QRY,ICAN11bt500,Delay: 100
                    -  140,RX MSG,ICAN11bt500,00 00 07 DF 
                    -  140,RX QRY,ICAN11bt500,Delay: 100
                    -  250,RX QRY,ICAN11bt500,Delay: 100
                    -  359,RX QRY,ICAN11bt500,Delay: 100
                    -  469,RX QRY,ICAN11bt500,Delay: 100
                    -  573,RX QRY,ICAN11bt500,Delay: 100
                    (0.667 s,F) GetModePID(01, 42) - Voltaje | NoEOL
11:36:03|  
11:36:03| ... Get RPM >>>-----------------------------------------------------------------------
11:36:03| ... SetupMyLastCommResult: ConditionsNotCorrect
11:36:03| ... DoDad | Action: System.Action | tag: GetModePID(01, 0C) - DTC count, MIL
11:36:03| ... GetCallingProcedure | lVehiculoLink
11:36:03| ... GetCallingProcedure | VehiculoLink
11:36:03| ... GetCallingProcedure | VehTest
11:36:03| DoDad-01 | GetModePID(01, 0C) - DTC count, MIL (Open:True,999.99 | lVehiculoLink,VehiculoLink,VehTest)
11:36:03| DoDad-01  ClearCommandLog ...
11:36:03| DoDad-01  Invoke ... (GetModePID(01, 0C) - DTC count, MIL)
11:36:04| DoDad-01  Invoke ... (GetModePID(01, 0C) - DTC count, MIL)  (656)
11:36:04| DoDad-01  CommandLog.Length ...
11:36:04| DoDad-01  CommandLog ... (0)
11:36:04| DoDad-01-CommandLog-Len:167 Siz:167 | iStart: 0
11:36:04| DoDad-01  SerialData.Length ... (365)
11:36:04| DoDad-01 | GetModePID(01, 0C) - DTC count, MIL-SLL:00365,00365-CF:F-DLLInfo:'DAD_DLL_VERSION_16.12.25.0 .. 3.0.7.0'
                    -  DAD_DLL_VERSION_16.12.25.0
                    -  31,TX MSG,ICAN11bt500,00 00 07 DF 01 0C 
                    -  31,RX QRY,ICAN11bt500,Delay: 100
                    -  140,RX MSG,ICAN11bt500,00 00 07 DF 
                    -  140,RX MSG,ICAN11bt500,00 00 07 E8 41 0C 09 92 
                    -  140,RX QRY,ICAN11bt500,Delay: 100
                    -  250,RX QRY,ICAN11bt500,Delay: 100
                    -  359,RX QRY,ICAN11bt500,Delay: 100
                    -  468,RX QRY,ICAN11bt500,Delay: 100
                    -  578,RX QRY,ICAN11bt500,Delay: 100
                    (0.656 s,F) GetModePID(01, 0C) - DTC count, MIL | NoEOL
11:36:04| DECODE_Bus: DAD_DLL_VERSION_16.12.25.0
3.0.7.0

31,TX MSG,ICAN11bt500,00 00 07 DF 01 0C 
140,RX MSG,ICAN11bt500,00 00 07 DF 
140,RX MSG,ICAN11bt500,00 00 07 E8 41 0C 09 92 

11:36:04| zipESP: 00 00 07 E8 41 0C 09 92 | 000007E8410C0992
11:36:04| DECODE_RPM: 000007E8410C0992
11:36:04| sr | Get RPM(1): 0 | 1
11:36:04| ... SetupMyLastCommResult: ConditionsNotCorrect
11:36:04| ... DoDad | Action: System.Action | tag: GetModePID(01, 0C) - DTC count, MIL
11:36:04| ... GetCallingProcedure | lVehiculoLink
11:36:04| ... GetCallingProcedure | VehiculoLink
11:36:04| ... GetCallingProcedure | VehTest
11:36:04| DoDad-01 | GetModePID(01, 0C) - DTC count, MIL (Open:True,999.99 | lVehiculoLink,VehiculoLink,VehTest)
11:36:04| DoDad-01  ClearCommandLog ...
11:36:04| DoDad-01  Invoke ... (GetModePID(01, 0C) - DTC count, MIL)
11:36:04| DoDad-01  Invoke ... (GetModePID(01, 0C) - DTC count, MIL)  (671)
11:36:04| DoDad-01  CommandLog.Length ...
11:36:04| DoDad-01  CommandLog ... (0)
11:36:04| DoDad-01-CommandLog-Len:167 Siz:167 | iStart: 0
11:36:04| DoDad-01  SerialData.Length ... (365)
11:36:04| DoDad-01 | GetModePID(01, 0C) - DTC count, MIL-SLL:00365,00365-CF:F-DLLInfo:'DAD_DLL_VERSION_16.12.25.0 .. 3.0.7.0'
                    -  DAD_DLL_VERSION_16.12.25.0
                    -  31,TX MSG,ICAN11bt500,00 00 07 DF 01 0C 
                    -  31,RX QRY,ICAN11bt500,Delay: 100
                    -  140,RX MSG,ICAN11bt500,00 00 07 DF 
                    -  140,RX MSG,ICAN11bt500,00 00 07 E8 41 0C 09 60 
                    -  140,RX QRY,ICAN11bt500,Delay: 100
                    -  249,RX QRY,ICAN11bt500,Delay: 100
                    -  359,RX QRY,ICAN11bt500,Delay: 100
                    -  468,RX QRY,ICAN11bt500,Delay: 100
                    -  578,RX QRY,ICAN11bt500,Delay: 100
                    (0.672 s,F) GetModePID(01, 0C) - DTC count, MIL | NoEOL
11:36:04| DECODE_Bus: DAD_DLL_VERSION_16.12.25.0
3.0.7.0

31,TX MSG,ICAN11bt500,00 00 07 DF 01 0C 
140,RX MSG,ICAN11bt500,00 00 07 DF 
140,RX MSG,ICAN11bt500,00 00 07 E8 41 0C 09 60 

11:36:04| zipESP: 00 00 07 E8 41 0C 09 60 | 000007E8410C0960
11:36:04| DECODE_RPM: 000007E8410C0960
11:36:04| sr | Get RPM(2): 0 | 1
11:36:04| ... SetupMyLastCommResult: ConditionsNotCorrect
11:36:04| ... DoDad | Action: System.Action | tag: GetModePID(01, 0C) - DTC count, MIL
11:36:04| ... GetCallingProcedure | lVehiculoLink
11:36:04| ... GetCallingProcedure | VehiculoLink
11:36:04| ... GetCallingProcedure | VehTest
11:36:04| DoDad-01 | GetModePID(01, 0C) - DTC count, MIL (Open:True,999.99 | lVehiculoLink,VehiculoLink,VehTest)
11:36:04| DoDad-01  ClearCommandLog ...
11:36:04| DoDad-01  Invoke ... (GetModePID(01, 0C) - DTC count, MIL)
11:36:05| DoDad-01  Invoke ... (GetModePID(01, 0C) - DTC count, MIL)  (656)
11:36:05| DoDad-01  CommandLog.Length ...
11:36:05| DoDad-01  CommandLog ... (0)
11:36:05| DoDad-01-CommandLog-Len:167 Siz:167 | iStart: 0
11:36:05| DoDad-01  SerialData.Length ... (365)
11:36:05| DoDad-01 | GetModePID(01, 0C) - DTC count, MIL-SLL:00365,00365-CF:F-DLLInfo:'DAD_DLL_VERSION_16.12.25.0 .. 3.0.7.0'
                    -  DAD_DLL_VERSION_16.12.25.0
                    -  46,TX MSG,ICAN11bt500,00 00 07 DF 01 0C 
                    -  46,RX QRY,ICAN11bt500,Delay: 100
                    -  156,RX MSG,ICAN11bt500,00 00 07 DF 
                    -  156,RX MSG,ICAN11bt500,00 00 07 E8 41 0C 09 60 
                    -  156,RX QRY,ICAN11bt500,Delay: 100
                    -  265,RX QRY,ICAN11bt500,Delay: 100
                    -  375,RX QRY,ICAN11bt500,Delay: 100
                    -  484,RX QRY,ICAN11bt500,Delay: 100
                    -  584,RX QRY,ICAN11bt500,Delay: 100
                    (0.663 s,F) GetModePID(01, 0C) - DTC count, MIL | NoEOL
11:36:05| DECODE_Bus: DAD_DLL_VERSION_16.12.25.0
3.0.7.0

46,TX MSG,ICAN11bt500,00 00 07 DF 01 0C 
156,RX MSG,ICAN11bt500,00 00 07 DF 
156,RX MSG,ICAN11bt500,00 00 07 E8 41 0C 09 60 

11:36:05| zipESP: 00 00 07 E8 41 0C 09 60 | 000007E8410C0960
11:36:05| DECODE_RPM: 000007E8410C0960
11:36:05| sr | Get RPM(3): 0 | 1
11:36:05| ... SetupMyLastCommResult: ConditionsNotCorrect
11:36:05| ... DoDad | Action: System.Action | tag: GetModePID(01, 0C) - DTC count, MIL
11:36:05| ... GetCallingProcedure | lVehiculoLink
11:36:05| ... GetCallingProcedure | VehiculoLink
11:36:05| ... GetCallingProcedure | VehTest
11:36:05| DoDad-01 | GetModePID(01, 0C) - DTC count, MIL (Open:True,999.99 | lVehiculoLink,VehiculoLink,VehTest)
11:36:05| DoDad-01  ClearCommandLog ...
11:36:05| DoDad-01  Invoke ... (GetModePID(01, 0C) - DTC count, MIL)
11:36:06| DoDad-01  Invoke ... (GetModePID(01, 0C) - DTC count, MIL)  (672)
11:36:06| DoDad-01  CommandLog.Length ...
11:36:06| DoDad-01  CommandLog ... (0)
11:36:06| DoDad-01-CommandLog-Len:167 Siz:167 | iStart: 0
11:36:06| DoDad-01  SerialData.Length ... (365)
11:36:06| DoDad-01 | GetModePID(01, 0C) - DTC count, MIL-SLL:00365,00365-CF:F-DLLInfo:'DAD_DLL_VERSION_16.12.25.0 .. 3.0.7.0'
                    -  DAD_DLL_VERSION_16.12.25.0
                    -  31,TX MSG,ICAN11bt500,00 00 07 DF 01 0C 
                    -  31,RX QRY,ICAN11bt500,Delay: 100
                    -  140,RX MSG,ICAN11bt500,00 00 07 DF 
                    -  140,RX MSG,ICAN11bt500,00 00 07 E8 41 0C 09 60 
                    -  140,RX QRY,ICAN11bt500,Delay: 100
                    -  250,RX QRY,ICAN11bt500,Delay: 100
                    -  364,RX QRY,ICAN11bt500,Delay: 100
                    -  473,RX QRY,ICAN11bt500,Delay: 100
                    -  583,RX QRY,ICAN11bt500,Delay: 100
                    (0.661 s,F) GetModePID(01, 0C) - DTC count, MIL | NoEOL
11:36:06| DECODE_Bus: DAD_DLL_VERSION_16.12.25.0
3.0.7.0

31,TX MSG,ICAN11bt500,00 00 07 DF 01 0C 
140,RX MSG,ICAN11bt500,00 00 07 DF 
140,RX MSG,ICAN11bt500,00 00 07 E8 41 0C 09 60 

11:36:06| zipESP: 00 00 07 E8 41 0C 09 60 | 000007E8410C0960
11:36:06| DECODE_RPM: 000007E8410C0960
11:36:06| sr | Get RPM(4): 0 | 1
11:36:06| Success
11:36:06| InitIMCleanDevice | DeviceVoltage:13.6
11:36:06| InitIMCleanDevice | DeviceVoltageDLC:14.1
11:36:06| ... >>>-----------------------------------------------------------------------
11:36:06| ... >>>-----------------------------------------------------------------------
11:36:06| VIN: 
11:36:06| MON: Mil:0| Msi:110 | Ccm:110 | Cmb:110 | O2s:110 | Cat:110 | Ccc:009 | Evs:009 | Sas:009 | Faa:009 | O2c:110
11:36:06| DTC: 
11:36:06| Voltage: 13.6
11:36:06| VoltageDLC: 14.1
11:36:06| Pid0101 : 00 00 07 E8 41 01 00 07 E1 00
11:36:06| Pid0300 : 00 00 07 E8 43 00
11:36:06| Pid0121 : 00 00 07 E8 41 21 00 00
11:36:06| Pid0131 : Null
11:36:06| Pid0133 : 00 00 07 E8 41 33 4E
11:36:06| Pid011F : 00 00 07 E8 41 1F 00 16
11:36:06| Pid017F : Null
11:36:06| Pid014D : 00 00 07 E8 41 4D 00 00
11:36:06| Pid0951 : Null
11:36:06| Pid0902 : Null
11:36:06| Pid0904 : 00 00 07 E8 49 04 01 31 33 58 48 36 42 00 00 00 00 00 00 00 00 00 00
11:36:06| Pid010C: 00 00 07 E8 41 0C 09 60
11:36:06| RPM: 600 | 1: 612 | 2: 600 | 3: 600
11:36:06| *** Connect ... EOF()
11:36:06| VehiculoLink: Pass: Inspección vehicular OBD concluido.
11:45:11|  
11:45:11| ... Connect_OBD ===================================================================================================================
11:45:11|  
11:45:11| ... GetCallingProcedure | lVehiculoLink
11:45:11| ... GetCallingProcedure | VehiculoLink
11:45:11| ... GetCallingProcedure | VehTest
11:45:11| ... IncrementActiveCount | 1
11:45:11| ... GetCallingProcedure | OpusIMCleanOBDdrv.Module1:Connect_OBD
11:45:11| ... GetCallingProcedure | OpusIMCleanOBDdrv.Module1:lVehiculoLink
11:45:11| ... GetCallingProcedure | OpusIMCleanOBDdrv.IMCleanOBD:VehiculoLink
11:45:11| ... MyDADStatus | LCR:ConditionsNotCorrect,Unknown
11:45:11| ... Connect | ---------------- Connect --------------- SC:'' (LCR:ConditionsNotCorrect,Unknown) (lVehiculoLink,VehiculoLink,VehTest)
11:45:11| GetDAD | Starting ... Cnt:00005,00 Opn:T (Connect)
11:45:11| GetDAD | Success ... Cnt:00005,01 Opn:T (Connect, Connect)
11:45:11| ... Connect | 1 | GetDAD =Connect
11:45:11| ... SetupMyLastCommResult: InvalidData
11:45:11| ... MyDad.Initialize 
11:45:11| ... DoDad | Action: System.Action | tag: Initialize
11:45:11| ... GetCallingProcedure | lVehiculoLink
11:45:11| ... GetCallingProcedure | VehiculoLink
11:45:11| ... GetCallingProcedure | VehTest
11:45:11| DoDad-01 | Initialize (Open:True,999.99 | lVehiculoLink,VehiculoLink,VehTest)
11:45:11| DoDad-01  ClearCommandLog ...
11:45:11| DoDad-01  Invoke ... (Initialize)
11:45:23| ... SetupVehicleIsLinked
11:45:23| ... GetCallingProcedure | SetupMyLastCommResult
11:45:23| ... GetCallingProcedure | _Lambda$__0
11:45:23| ... GetCallingProcedure | DoDad
11:45:23| ... SetupMyLastCommResult: Success
11:45:23| DoDad-01  Invoke ... (Initialize)  (12000)
11:45:23| DoDad-01  CommandLog.Length ...
11:45:23| DoDad-01  CommandLog ... (0)
11:45:23| DoDad-01-CommandLog-Len:367 Siz:367 | iStart: 0
11:45:23| DoDad-01  SerialData.Length ... (563)
11:45:23| DoDad-01 | Initialize-SLL:00563,00563-CF:F-DLLInfo:'DAD_DLL_VERSION_16.12.25.0 .. 3.0.7.0'
                    -  DAD_DLL_VERSION_16.12.25.0
                    -  612,TX MSG,JVPW1850,68 6A F1 01 00 
                    -  612,RX QRY,JVPW1850,Delay: 100
                    -  722,RX QRY,JVPW1850,Delay: 100
                    -  838,RX QRY,JVPW1850,Delay: 100
                    -  947,TX MSG,JPWM1850,61 6A F1 01 00 
                    -  962,TX MSG,I914**,33 
                    -  5280,TX MSG,KWPF**,C1 33 F1 81 
                    -  11720,TX MSG,ICAN11bt500,00 00 07 DF 01 00 
                    -  11735,RX QRY,ICAN11bt500,Delay: 100
                    -  11845,RX MSG,ICAN11bt500,00 00 07 DF 
                    -  11845,RX MSG,ICAN11bt500,00 00 07 E8 41 00 BE 3F A8 13 
                    -  11845,RX MSG,ICAN11bt500,00 00 07 E9 41 00 98 18 80 01 
                    -  11845,RX QRY,ICAN11bt500,Delay: 100
                    -  11954,RX QRY,ICAN11bt500,Delay: 100
                    (12.017 s,F) Initialize | 
11:45:23| ... MyLastResult | Success,Unknown,True->True
11:45:23| Connect | Init-Rty:2 (Success,Unknown,True->True | 12.11) | lVehiculoLink,VehiculoLink,VehTest
11:45:23| ... MyDad.Initialize > Success
11:45:23| DrewProtocol2MyProtocol | In:'ICAN11bt500'  Out:'CAN11' (CAN:True)
11:45:23| ... GetCallingProcedure | Connect_OBD
11:45:23| ... GetCallingProcedure | lVehiculoLink
11:45:23| ... GetCallingProcedure | VehiculoLink
11:45:23| GetSupportedPIDs | Starting ... (Mode:1) (Connect_OBD,lVehiculoLink,VehiculoLink)
11:45:23| ... SetupMyLastCommResult: InvalidData
11:45:23| ... DoDad | Action: System.Action | tag: GetModePID(01, 00) - PID support mask
11:45:23| ... GetCallingProcedure | Connect_OBD
11:45:23| ... GetCallingProcedure | lVehiculoLink
11:45:23| ... GetCallingProcedure | VehiculoLink
11:45:23| DoDad-01 | GetModePID(01, 00) - PID support mask (Open:True,999.99 | Connect_OBD,lVehiculoLink,VehiculoLink)
11:45:23| DoDad-01  ClearCommandLog ...
11:45:23| DoDad-01  Invoke ... (GetModePID(01, 00) - PID support mask)
11:45:23| DoDad-01  Invoke ... (GetModePID(01, 00) - PID support mask)  (657)
11:45:23| DoDad-01  CommandLog.Length ...
11:45:23| DoDad-01  CommandLog ... (0)
11:45:23| DoDad-01-CommandLog-Len:237 Siz:237 | iStart: 0
11:45:23| DoDad-01  SerialData.Length ... (983)
11:45:23| DoDad-01 | GetModePID(01, 00) - PID support mask-SLL:00983,00983-CF:F-DLLInfo:'DAD_DLL_VERSION_16.12.25.0 .. 3.0.7.0'
                    -  DAD_DLL_VERSION_16.12.25.0
                    -  612,TX MSG,JVPW1850,68 6A F1 01 00 
                    -  612,RX QRY,JVPW1850,Delay: 100
                    -  722,RX QRY,JVPW1850,Delay: 100
                    -  838,RX QRY,JVPW1850,Delay: 100
                    -  947,TX MSG,JPWM1850,61 6A F1 01 00 
                    -  962,TX MSG,I914**,33 
                    -  5280,TX MSG,KWPF**,C1 33 F1 81 
                    -  11720,TX MSG,ICAN11bt500,00 00 07 DF 01 00 
                    -  11735,RX QRY,ICAN11bt500,Delay: 100
                    -  11845,RX MSG,ICAN11bt500,00 00 07 DF 
                    -  11845,RX MSG,ICAN11bt500,00 00 07 E8 41 00 BE 3F A8 13 
                    -  11845,RX MSG,ICAN11bt500,00 00 07 E9 41 00 98 18 80 01 
                    -  11845,RX QRY,ICAN11bt500,Delay: 100
                    -  11954,RX QRY,ICAN11bt500,Delay: 100
                    -  12173,TX MSG,ICAN11bt500,00 00 07 DF 01 00 
                    -  12173,RX QRY,ICAN11bt500,Delay: 100
                    -  12282,RX MSG,ICAN11bt500,00 00 07 DF 
                    -  12282,RX MSG,ICAN11bt500,00 00 07 E8 41 00 BE 3F A8 13 
                    -  12282,RX MSG,ICAN11bt500,00 00 07 E9 41 00 98 18 80 01 
                    -  12282,RX QRY,ICAN11bt500,Delay: 100
                    -  12390,RX QRY,ICAN11bt500,Delay: 100
                    -  12499,RX QRY,ICAN11bt500,Delay: 100
                    -  12609,RX QRY,ICAN11bt500,Delay: 100
                    -  12718,RX QRY,ICAN11bt500,Delay: 100
                    (0.670 s,F) GetModePID(01, 00) - PID support mask | NoEOL
11:45:23| ... SetupVehicleIsLinked
11:45:23| ... GetCallingProcedure | SetupMyLastCommResult
11:45:23| ... GetCallingProcedure | GetSupportedPIDs
11:45:23| ... GetCallingProcedure | Connect_OBD
11:45:23| ... SetupMyLastCommResult: Success
11:45:23| ... MyLastResult | Success,Unknown,True->True
11:45:23|  (Result:Success,Unknown,True->True)
11:45:23| GetSupportedPIDs | PID00 RspCnt:2
11:45:23| ... GetEcuIdFromAddress
11:45:23| ... ByteArrayToHexString | 07E8
11:45:23| ... ByteArrayToHexString | BE3FA813
11:45:23| ... DT_DataToString | Adr:07E8,Mod:01,PID:00,Dat:BE3FA813
11:45:23| GetSupportedPIDS | Data-Adr:07E8,Mod:01,PID:00,Dat:BE3FA813
11:45:23| SSBAFOB | MdPID:01,00 ECU:E8 ...  InCnt:4 (BE,3F,A8,13,BC:018) SrtIdx:001
11:45:23| ... SetSupportedBitArrayFromObdBytes | BitAryLen:256  BitSetCnt:019  BAI:4-4,01,03,04,05,06,07,0B,0C,0D,0E,0F,10,11,13,15,1C,1F,20
11:45:23| 2 | GetSupportedPIDs | 1-E8-DBG3 -------------- 0,1,2,3,4,5,6,7, 8,9,A,B,C,D,E,F, G,H,I,J,K,L,M,N, O,P,Q,R,S,T,U,V
11:45:23| 2 | GetSupportedPIDs | 1-E8-DBG3 000-00_00-020: T,T,F,T,T,T,T,T, F,F,F,T,T,T,T,T, T,T,F,T,F,T,F,F, F,F,F,F,T,F,F,T
11:45:23| 2 | GetSupportedPIDs | 1-E8-DBG3 032-20_20-040: T,F,F,F,F,F,F,F, F,F,F,F,F,F,F,F, F,F,F,F,F,F,F,F, F,F,F,F,F,F,F,F
11:45:23| 2 | GetSupportedPIDs | 1-E8-DBG3 064-40_40-060: F,F,F,F,F,F,F,F, F,F,F,F,F,F,F,F, F,F,F,F,F,F,F,F, F,F,F,F,F,F,F,F
11:45:23| 2 | GetSupportedPIDs | 1-E8-DBG3 096-60_60-080: F,F,F,F,F,F,F,F, F,F,F,F,F,F,F,F, F,F,F,F,F,F,F,F, F,F,F,F,F,F,F,F
11:45:23| 2 | GetSupportedPIDs | 1-E8-DBG3 128-80_80-0A0: F,F,F,F,F,F,F,F, F,F,F,F,F,F,F,F, F,F,F,F,F,F,F,F, F,F,F,F,F,F,F,F
11:45:23| 2 | GetSupportedPIDs | 1-E8-DBG3 160-A0_A0-0C0: F,F,F,F,F,F,F,F, F,F,F,F,F,F,F,F, F,F,F,F,F,F,F,F, F,F,F,F,F,F,F,F
11:45:23| 2 | GetSupportedPIDs | 1-E8-DBG3 192-C0_C0-0E0: F,F,F,F,F,F,F,F, F,F,F,F,F,F,F,F, F,F,F,F,F,F,F,F, F,F,F,F,F,F,F,F
11:45:23| 2 | GetSupportedPIDs | 1-E8-DBG3 224-E0_E0-100: F,F,F,F,F,F,F,F, F,F,F,F,F,F,F,F, F,F,F,F,F,F,F,F, F,F,F,F,F,F,F,F  (T:019 F:237)
11:45:23| ... LogBitArray | 8
11:45:23| ... GetEcuIdFromAddress
11:45:23| ... ByteArrayToHexString | 07E9
11:45:23| ... ByteArrayToHexString | 98188001
11:45:23| ... DT_DataToString | Adr:07E9,Mod:01,PID:00,Dat:98188001
11:45:23| GetSupportedPIDS | Data-Adr:07E9,Mod:01,PID:00,Dat:98188001
11:45:23| SSBAFOB | MdPID:01,00 ECU:E9 ...  InCnt:4 (98,18,80,01,BC:007) SrtIdx:001
11:45:23| ... SetSupportedBitArrayFromObdBytes | BitAryLen:256  BitSetCnt:008  BAI:4-4,01,04,05,0C,0D,11,20
11:45:23| 2 | GetSupportedPIDs | 1-E9-DBG3 -------------- 0,1,2,3,4,5,6,7, 8,9,A,B,C,D,E,F, G,H,I,J,K,L,M,N, O,P,Q,R,S,T,U,V
11:45:24| 2 | GetSupportedPIDs | 1-E9-DBG3 000-00_00-020: T,T,F,F,T,T,F,F, F,F,F,F,T,T,F,F, F,T,F,F,F,F,F,F, F,F,F,F,F,F,F,F
11:45:24| 2 | GetSupportedPIDs | 1-E9-DBG3 032-20_20-040: T,F,F,F,F,F,F,F, F,F,F,F,F,F,F,F, F,F,F,F,F,F,F,F, F,F,F,F,F,F,F,F
11:45:24| 2 | GetSupportedPIDs | 1-E9-DBG3 064-40_40-060: F,F,F,F,F,F,F,F, F,F,F,F,F,F,F,F, F,F,F,F,F,F,F,F, F,F,F,F,F,F,F,F
11:45:24| 2 | GetSupportedPIDs | 1-E9-DBG3 096-60_60-080: F,F,F,F,F,F,F,F, F,F,F,F,F,F,F,F, F,F,F,F,F,F,F,F, F,F,F,F,F,F,F,F
11:45:24| 2 | GetSupportedPIDs | 1-E9-DBG3 128-80_80-0A0: F,F,F,F,F,F,F,F, F,F,F,F,F,F,F,F, F,F,F,F,F,F,F,F, F,F,F,F,F,F,F,F
11:45:24| 2 | GetSupportedPIDs | 1-E9-DBG3 160-A0_A0-0C0: F,F,F,F,F,F,F,F, F,F,F,F,F,F,F,F, F,F,F,F,F,F,F,F, F,F,F,F,F,F,F,F
11:45:24| 2 | GetSupportedPIDs | 1-E9-DBG3 192-C0_C0-0E0: F,F,F,F,F,F,F,F, F,F,F,F,F,F,F,F, F,F,F,F,F,F,F,F, F,F,F,F,F,F,F,F
11:45:24| 2 | GetSupportedPIDs | 1-E9-DBG3 224-E0_E0-100: F,F,F,F,F,F,F,F, F,F,F,F,F,F,F,F, F,F,F,F,F,F,F,F, F,F,F,F,F,F,F,F  (T:008 F:248)
11:45:24| ... LogBitArray | 8
11:45:24| ... SetupMyLastCommResult: InvalidData
11:45:24| ... DoDad | Action: System.Action | tag: GetModePID(01, 20) - PID support mask
11:45:24| ... GetCallingProcedure | Connect_OBD
11:45:24| ... GetCallingProcedure | lVehiculoLink
11:45:24| ... GetCallingProcedure | VehiculoLink
11:45:24| DoDad-01 | GetModePID(01, 20) - PID support mask (Open:True,999.99 | Connect_OBD,lVehiculoLink,VehiculoLink)
11:45:24| DoDad-01  ClearCommandLog ...
11:45:24| DoDad-01  Invoke ... (GetModePID(01, 20) - PID support mask)
11:45:24| DoDad-01  Invoke ... (GetModePID(01, 20) - PID support mask)  (657)
11:45:24| DoDad-01  CommandLog.Length ...
11:45:24| DoDad-01  CommandLog ... (0)
11:45:24| DoDad-01-CommandLog-Len:237 Siz:237 | iStart: 0
11:45:24| DoDad-01  SerialData.Length ... (1403)
11:45:24| DoDad-01 | GetModePID(01, 20) - PID support mask-SLL:01403,01403-CF:F-DLLInfo:'DAD_DLL_VERSION_16.12.25.0 .. 3.0.7.0'
                    -  DAD_DLL_VERSION_16.12.25.0
                    -  612,TX MSG,JVPW1850,68 6A F1 01 00 
                    -  612,RX QRY,JVPW1850,Delay: 100
                    -  722,RX QRY,JVPW1850,Delay: 100
                    -  838,RX QRY,JVPW1850,Delay: 100
                    -  947,TX MSG,JPWM1850,61 6A F1 01 00 
                    -  962,TX MSG,I914**,33 
                    -  5280,TX MSG,KWPF**,C1 33 F1 81 
                    -  11720,TX MSG,ICAN11bt500,00 00 07 DF 01 00 
                    -  11735,RX QRY,ICAN11bt500,Delay: 100
                    -  11845,RX MSG,ICAN11bt500,00 00 07 DF 
                    -  11845,RX MSG,ICAN11bt500,00 00 07 E8 41 00 BE 3F A8 13 
                    -  11845,RX MSG,ICAN11bt500,00 00 07 E9 41 00 98 18 80 01 
                    -  11845,RX QRY,ICAN11bt500,Delay: 100
                    -  11954,RX QRY,ICAN11bt500,Delay: 100
                    -  12173,TX MSG,ICAN11bt500,00 00 07 DF 01 00 
                    -  12173,RX QRY,ICAN11bt500,Delay: 100
                    -  12282,RX MSG,ICAN11bt500,00 00 07 DF 
                    -  12282,RX MSG,ICAN11bt500,00 00 07 E8 41 00 BE 3F A8 13 
                    -  12282,RX MSG,ICAN11bt500,00 00 07 E9 41 00 98 18 80 01 
                    -  12282,RX QRY,ICAN11bt500,Delay: 100
                    -  12390,RX QRY,ICAN11bt500,Delay: 100
                    -  12499,RX QRY,ICAN11bt500,Delay: 100
                    -  12609,RX QRY,ICAN11bt500,Delay: 100
                    -  12718,RX QRY,ICAN11bt500,Delay: 100
                    -  13046,TX MSG,ICAN11bt500,00 00 07 DF 01 20 
                    -  13046,RX QRY,ICAN11bt500,Delay: 100
                    -  13155,RX MSG,ICAN11bt500,00 00 07 DF 
                    -  13155,RX MSG,ICAN11bt500,00 00 07 E8 41 20 A0 07 B0 11 
                    -  13155,RX MSG,ICAN11bt500,00 00 07 E9 41 20 80 00 00 01 
                    -  13155,RX QRY,ICAN11bt500,Delay: 100
                    -  13265,RX QRY,ICAN11bt500,Delay: 100
                    -  13374,RX QRY,ICAN11bt500,Delay: 100
                    -  13483,RX QRY,ICAN11bt500,Delay: 100
                    -  13593,RX QRY,ICAN11bt500,Delay: 100
                    (0.672 s,F) GetModePID(01, 20) - PID support mask | NoEOL
11:45:24| ... SetupVehicleIsLinked
11:45:24| ... GetCallingProcedure | SetupMyLastCommResult
11:45:24| ... GetCallingProcedure | GetSupportedPIDs
11:45:24| ... GetCallingProcedure | Connect_OBD
11:45:24| ... SetupMyLastCommResult: Success
11:45:24| ... MyLastResult | Success,Unknown,True->True
11:45:24|  (Result:Success,Unknown,True->True)
11:45:24| GetSupportedPIDs | PID20 RspCnt:2
11:45:24| ... GetEcuIdFromAddress
11:45:24| ... ByteArrayToHexString | 07E8
11:45:24| ... ByteArrayToHexString | A007B011
11:45:24| ... DT_DataToString | Adr:07E8,Mod:01,PID:20,Dat:A007B011
11:45:24| GetSupportedPIDS | Data-Adr:07E8,Mod:01,PID:20,Dat:A007B011
11:45:24| SSBAFOB | MdPID:01,20 ECU:E8 ...  InCnt:4 (A0,07,B0,11,BC:010) SrtIdx:033
11:45:24| ... SetSupportedBitArrayFromObdBytes | BitAryLen:256  BitSetCnt:029  BAI:4-4,21,23,2E,2F,30,31,33,34,3C,40
11:45:24| 2 | GetSupportedPIDs | 1-E8-DBG3 -------------- 0,1,2,3,4,5,6,7, 8,9,A,B,C,D,E,F, G,H,I,J,K,L,M,N, O,P,Q,R,S,T,U,V
11:45:24| 2 | GetSupportedPIDs | 1-E8-DBG3 000-00_00-020: T,T,F,T,T,T,T,T, F,F,F,T,T,T,T,T, T,T,F,T,F,T,F,F, F,F,F,F,T,F,F,T
11:45:24| 2 | GetSupportedPIDs | 1-E8-DBG3 032-20_20-040: T,T,F,T,F,F,F,F, F,F,F,F,F,F,T,T, T,T,F,T,T,F,F,F, F,F,F,F,T,F,F,F
11:45:24| 2 | GetSupportedPIDs | 1-E8-DBG3 064-40_40-060: T,F,F,F,F,F,F,F, F,F,F,F,F,F,F,F, F,F,F,F,F,F,F,F, F,F,F,F,F,F,F,F
11:45:24| 2 | GetSupportedPIDs | 1-E8-DBG3 096-60_60-080: F,F,F,F,F,F,F,F, F,F,F,F,F,F,F,F, F,F,F,F,F,F,F,F, F,F,F,F,F,F,F,F
11:45:24| 2 | GetSupportedPIDs | 1-E8-DBG3 128-80_80-0A0: F,F,F,F,F,F,F,F, F,F,F,F,F,F,F,F, F,F,F,F,F,F,F,F, F,F,F,F,F,F,F,F
11:45:24| 2 | GetSupportedPIDs | 1-E8-DBG3 160-A0_A0-0C0: F,F,F,F,F,F,F,F, F,F,F,F,F,F,F,F, F,F,F,F,F,F,F,F, F,F,F,F,F,F,F,F
11:45:24| 2 | GetSupportedPIDs | 1-E8-DBG3 192-C0_C0-0E0: F,F,F,F,F,F,F,F, F,F,F,F,F,F,F,F, F,F,F,F,F,F,F,F, F,F,F,F,F,F,F,F
11:45:24| 2 | GetSupportedPIDs | 1-E8-DBG3 224-E0_E0-100: F,F,F,F,F,F,F,F, F,F,F,F,F,F,F,F, F,F,F,F,F,F,F,F, F,F,F,F,F,F,F,F  (T:029 F:227)
11:45:24| ... LogBitArray | 8
11:45:24| ... GetEcuIdFromAddress
11:45:24| ... ByteArrayToHexString | 07E9
11:45:24| ... ByteArrayToHexString | 80000001
11:45:24| ... DT_DataToString | Adr:07E9,Mod:01,PID:20,Dat:80000001
11:45:24| GetSupportedPIDS | Data-Adr:07E9,Mod:01,PID:20,Dat:80000001
11:45:24| SSBAFOB | MdPID:01,20 ECU:E9 ...  InCnt:4 (80,00,00,01,BC:002) SrtIdx:033
11:45:24| ... SetSupportedBitArrayFromObdBytes | BitAryLen:256  BitSetCnt:010  BAI:4-4,21,40
11:45:24| 2 | GetSupportedPIDs | 1-E9-DBG3 -------------- 0,1,2,3,4,5,6,7, 8,9,A,B,C,D,E,F, G,H,I,J,K,L,M,N, O,P,Q,R,S,T,U,V
11:45:24| 2 | GetSupportedPIDs | 1-E9-DBG3 000-00_00-020: T,T,F,F,T,T,F,F, F,F,F,F,T,T,F,F, F,T,F,F,F,F,F,F, F,F,F,F,F,F,F,F
11:45:24| 2 | GetSupportedPIDs | 1-E9-DBG3 032-20_20-040: T,T,F,F,F,F,F,F, F,F,F,F,F,F,F,F, F,F,F,F,F,F,F,F, F,F,F,F,F,F,F,F
11:45:24| 2 | GetSupportedPIDs | 1-E9-DBG3 064-40_40-060: T,F,F,F,F,F,F,F, F,F,F,F,F,F,F,F, F,F,F,F,F,F,F,F, F,F,F,F,F,F,F,F
11:45:24| 2 | GetSupportedPIDs | 1-E9-DBG3 096-60_60-080: F,F,F,F,F,F,F,F, F,F,F,F,F,F,F,F, F,F,F,F,F,F,F,F, F,F,F,F,F,F,F,F
11:45:24| 2 | GetSupportedPIDs | 1-E9-DBG3 128-80_80-0A0: F,F,F,F,F,F,F,F, F,F,F,F,F,F,F,F, F,F,F,F,F,F,F,F, F,F,F,F,F,F,F,F
11:45:24| 2 | GetSupportedPIDs | 1-E9-DBG3 160-A0_A0-0C0: F,F,F,F,F,F,F,F, F,F,F,F,F,F,F,F, F,F,F,F,F,F,F,F, F,F,F,F,F,F,F,F
11:45:24| 2 | GetSupportedPIDs | 1-E9-DBG3 192-C0_C0-0E0: F,F,F,F,F,F,F,F, F,F,F,F,F,F,F,F, F,F,F,F,F,F,F,F, F,F,F,F,F,F,F,F
11:45:24| 2 | GetSupportedPIDs | 1-E9-DBG3 224-E0_E0-100: F,F,F,F,F,F,F,F, F,F,F,F,F,F,F,F, F,F,F,F,F,F,F,F, F,F,F,F,F,F,F,F  (T:010 F:246)
11:45:24| ... LogBitArray | 8
11:45:24| ... SetupMyLastCommResult: InvalidData
11:45:24| ... DoDad | Action: System.Action | tag: GetModePID(01, 40) - PID support mask
11:45:24| ... GetCallingProcedure | Connect_OBD
11:45:24| ... GetCallingProcedure | lVehiculoLink
11:45:24| ... GetCallingProcedure | VehiculoLink
11:45:24| DoDad-01 | GetModePID(01, 40) - PID support mask (Open:True,999.99 | Connect_OBD,lVehiculoLink,VehiculoLink)
11:45:24| DoDad-01  ClearCommandLog ...
11:45:24| DoDad-01  Invoke ... (GetModePID(01, 40) - PID support mask)
11:45:25| DoDad-01  Invoke ... (GetModePID(01, 40) - PID support mask)  (672)
11:45:25| DoDad-01  CommandLog.Length ...
11:45:25| DoDad-01  CommandLog ... (0)
11:45:25| DoDad-01-CommandLog-Len:237 Siz:237 | iStart: 0
11:45:25| DoDad-01  SerialData.Length ... (1823)
11:45:25| DoDad-01 | GetModePID(01, 40) - PID support mask-SLL:01823,01823-CF:F-DLLInfo:'DAD_DLL_VERSION_16.12.25.0 .. 3.0.7.0'
                    -  DAD_DLL_VERSION_16.12.25.0
                    -  612,TX MSG,JVPW1850,68 6A F1 01 00 
                    -  612,RX QRY,JVPW1850,Delay: 100
                    -  722,RX QRY,JVPW1850,Delay: 100
                    -  838,RX QRY,JVPW1850,Delay: 100
                    -  947,TX MSG,JPWM1850,61 6A F1 01 00 
                    -  962,TX MSG,I914**,33 
                    -  5280,TX MSG,KWPF**,C1 33 F1 81 
                    -  11720,TX MSG,ICAN11bt500,00 00 07 DF 01 00 
                    -  11735,RX QRY,ICAN11bt500,Delay: 100
                    -  11845,RX MSG,ICAN11bt500,00 00 07 DF 
                    -  11845,RX MSG,ICAN11bt500,00 00 07 E8 41 00 BE 3F A8 13 
                    -  11845,RX MSG,ICAN11bt500,00 00 07 E9 41 00 98 18 80 01 
                    -  11845,RX QRY,ICAN11bt500,Delay: 100
                    -  11954,RX QRY,ICAN11bt500,Delay: 100
                    -  12173,TX MSG,ICAN11bt500,00 00 07 DF 01 00 
                    -  12173,RX QRY,ICAN11bt500,Delay: 100
                    -  12282,RX MSG,ICAN11bt500,00 00 07 DF 
                    -  12282,RX MSG,ICAN11bt500,00 00 07 E8 41 00 BE 3F A8 13 
                    -  12282,RX MSG,ICAN11bt500,00 00 07 E9 41 00 98 18 80 01 
                    -  12282,RX QRY,ICAN11bt500,Delay: 100
                    -  12390,RX QRY,ICAN11bt500,Delay: 100
                    -  12499,RX QRY,ICAN11bt500,Delay: 100
                    -  12609,RX QRY,ICAN11bt500,Delay: 100
                    -  12718,RX QRY,ICAN11bt500,Delay: 100
                    -  13046,TX MSG,ICAN11bt500,00 00 07 DF 01 20 
                    -  13046,RX QRY,ICAN11bt500,Delay: 100
                    -  13155,RX MSG,ICAN11bt500,00 00 07 DF 
                    -  13155,RX MSG,ICAN11bt500,00 00 07 E8 41 20 A0 07 B0 11 
                    -  13155,RX MSG,ICAN11bt500,00 00 07 E9 41 20 80 00 00 01 
                    -  13155,RX QRY,ICAN11bt500,Delay: 100
                    -  13265,RX QRY,ICAN11bt500,Delay: 100
                    -  13374,RX QRY,ICAN11bt500,Delay: 100
                    -  13483,RX QRY,ICAN11bt500,Delay: 100
                    -  13593,RX QRY,ICAN11bt500,Delay: 100
                    -  13921,TX MSG,ICAN11bt500,00 00 07 DF 01 40 
                    -  13921,RX QRY,ICAN11bt500,Delay: 100
                    -  14030,RX MSG,ICAN11bt500,00 00 07 DF 
                    -  14030,RX MSG,ICAN11bt500,00 00 07 E8 41 40 FE D0 84 11 
                    -  14030,RX MSG,ICAN11bt500,00 00 07 E9 41 40 C0 00 00 00 
                    -  14030,RX QRY,ICAN11bt500,Delay: 100
                    -  14140,RX QRY,ICAN11bt500,Delay: 100
                    -  14249,RX QRY,ICAN11bt500,Delay: 100
                    -  14358,RX QRY,ICAN11bt500,Delay: 100
                    -  14468,RX QRY,ICAN11bt500,Delay: 100
                    (0.672 s,F) GetModePID(01, 40) - PID support mask | NoEOL
11:45:25| ... SetupVehicleIsLinked
11:45:25| ... GetCallingProcedure | SetupMyLastCommResult
11:45:25| ... GetCallingProcedure | GetSupportedPIDs
11:45:25| ... GetCallingProcedure | Connect_OBD
11:45:25| ... SetupMyLastCommResult: Success
11:45:25| ... MyLastResult | Success,Unknown,True->True
11:45:25|  (Result:Success,Unknown,True->True)
11:45:25| GetSupportedPIDs | PID40 RspCnt:2
11:45:25| ... GetEcuIdFromAddress
11:45:25| ... ByteArrayToHexString | 07E8
11:45:25| ... ByteArrayToHexString | FED08411
11:45:25| ... DT_DataToString | Adr:07E8,Mod:01,PID:40,Dat:FED08411
11:45:25| GetSupportedPIDS | Data-Adr:07E8,Mod:01,PID:40,Dat:FED08411
11:45:25| SSBAFOB | MdPID:01,40 ECU:E8 ...  InCnt:4 (FE,D0,84,11,BC:014) SrtIdx:065
11:45:25| ... SetSupportedBitArrayFromObdBytes | BitAryLen:256  BitSetCnt:043  BAI:4-4,41,42,43,44,45,46,47,49,4A,4C,51,56,5C,60
11:45:25| 2 | GetSupportedPIDs | 1-E8-DBG3 -------------- 0,1,2,3,4,5,6,7, 8,9,A,B,C,D,E,F, G,H,I,J,K,L,M,N, O,P,Q,R,S,T,U,V
11:45:25| 2 | GetSupportedPIDs | 1-E8-DBG3 000-00_00-020: T,T,F,T,T,T,T,T, F,F,F,T,T,T,T,T, T,T,F,T,F,T,F,F, F,F,F,F,T,F,F,T
11:45:25| 2 | GetSupportedPIDs | 1-E8-DBG3 032-20_20-040: T,T,F,T,F,F,F,F, F,F,F,F,F,F,T,T, T,T,F,T,T,F,F,F, F,F,F,F,T,F,F,F
11:45:25| 2 | GetSupportedPIDs | 1-E8-DBG3 064-40_40-060: T,T,T,T,T,T,T,T, F,T,T,F,T,F,F,F, F,T,F,F,F,F,T,F, F,F,F,F,T,F,F,F
11:45:25| 2 | GetSupportedPIDs | 1-E8-DBG3 096-60_60-080: T,F,F,F,F,F,F,F, F,F,F,F,F,F,F,F, F,F,F,F,F,F,F,F, F,F,F,F,F,F,F,F
11:45:25| 2 | GetSupportedPIDs | 1-E8-DBG3 128-80_80-0A0: F,F,F,F,F,F,F,F, F,F,F,F,F,F,F,F, F,F,F,F,F,F,F,F, F,F,F,F,F,F,F,F
11:45:25| 2 | GetSupportedPIDs | 1-E8-DBG3 160-A0_A0-0C0: F,F,F,F,F,F,F,F, F,F,F,F,F,F,F,F, F,F,F,F,F,F,F,F, F,F,F,F,F,F,F,F
11:45:25| 2 | GetSupportedPIDs | 1-E8-DBG3 192-C0_C0-0E0: F,F,F,F,F,F,F,F, F,F,F,F,F,F,F,F, F,F,F,F,F,F,F,F, F,F,F,F,F,F,F,F
11:45:25| 2 | GetSupportedPIDs | 1-E8-DBG3 224-E0_E0-100: F,F,F,F,F,F,F,F, F,F,F,F,F,F,F,F, F,F,F,F,F,F,F,F, F,F,F,F,F,F,F,F  (T:043 F:213)
11:45:25| ... LogBitArray | 8
11:45:25| ... GetEcuIdFromAddress
11:45:25| ... ByteArrayToHexString | 07E9
11:45:25| ... ByteArrayToHexString | C0000000
11:45:25| ... DT_DataToString | Adr:07E9,Mod:01,PID:40,Dat:C0000000
11:45:25| GetSupportedPIDS | Data-Adr:07E9,Mod:01,PID:40,Dat:C0000000
11:45:25| SSBAFOB | MdPID:01,40 ECU:E9 ...  InCnt:4 (C0,00,00,00,BC:002) SrtIdx:065
11:45:25| ... SetSupportedBitArrayFromObdBytes | BitAryLen:256  BitSetCnt:012  BAI:4-4,41,42
11:45:25| 2 | GetSupportedPIDs | 1-E9-DBG3 -------------- 0,1,2,3,4,5,6,7, 8,9,A,B,C,D,E,F, G,H,I,J,K,L,M,N, O,P,Q,R,S,T,U,V
11:45:25| 2 | GetSupportedPIDs | 1-E9-DBG3 000-00_00-020: T,T,F,F,T,T,F,F, F,F,F,F,T,T,F,F, F,T,F,F,F,F,F,F, F,F,F,F,F,F,F,F
11:45:25| 2 | GetSupportedPIDs | 1-E9-DBG3 032-20_20-040: T,T,F,F,F,F,F,F, F,F,F,F,F,F,F,F, F,F,F,F,F,F,F,F, F,F,F,F,F,F,F,F
11:45:25| 2 | GetSupportedPIDs | 1-E9-DBG3 064-40_40-060: T,T,T,F,F,F,F,F, F,F,F,F,F,F,F,F, F,F,F,F,F,F,F,F, F,F,F,F,F,F,F,F
11:45:25| 2 | GetSupportedPIDs | 1-E9-DBG3 096-60_60-080: F,F,F,F,F,F,F,F, F,F,F,F,F,F,F,F, F,F,F,F,F,F,F,F, F,F,F,F,F,F,F,F
11:45:25| 2 | GetSupportedPIDs | 1-E9-DBG3 128-80_80-0A0: F,F,F,F,F,F,F,F, F,F,F,F,F,F,F,F, F,F,F,F,F,F,F,F, F,F,F,F,F,F,F,F
11:45:25| 2 | GetSupportedPIDs | 1-E9-DBG3 160-A0_A0-0C0: F,F,F,F,F,F,F,F, F,F,F,F,F,F,F,F, F,F,F,F,F,F,F,F, F,F,F,F,F,F,F,F
11:45:25| 2 | GetSupportedPIDs | 1-E9-DBG3 192-C0_C0-0E0: F,F,F,F,F,F,F,F, F,F,F,F,F,F,F,F, F,F,F,F,F,F,F,F, F,F,F,F,F,F,F,F
11:45:25| 2 | GetSupportedPIDs | 1-E9-DBG3 224-E0_E0-100: F,F,F,F,F,F,F,F, F,F,F,F,F,F,F,F, F,F,F,F,F,F,F,F, F,F,F,F,F,F,F,F  (T:012 F:244)
11:45:25| ... LogBitArray | 8
11:45:25| ... SetupMyLastCommResult: InvalidData
11:45:25| ... DoDad | Action: System.Action | tag: GetModePID(01, 60) - PID support mask
11:45:25| ... GetCallingProcedure | Connect_OBD
11:45:25| ... GetCallingProcedure | lVehiculoLink
11:45:25| ... GetCallingProcedure | VehiculoLink
11:45:25| DoDad-01 | GetModePID(01, 60) - PID support mask (Open:True,999.99 | Connect_OBD,lVehiculoLink,VehiculoLink)
11:45:25| DoDad-01  ClearCommandLog ...
11:45:25| DoDad-01  Invoke ... (GetModePID(01, 60) - PID support mask)
11:45:26| DoDad-01  Invoke ... (GetModePID(01, 60) - PID support mask)  (672)
11:45:26| DoDad-01  CommandLog.Length ...
11:45:26| DoDad-01  CommandLog ... (0)
11:45:26| DoDad-01-CommandLog-Len:180 Siz:180 | iStart: 0
11:45:26| DoDad-01  SerialData.Length ... (2186)
11:45:26| DoDad-01 | GetModePID(01, 60) - PID support mask-SLL:02186,02186-CF:F-DLLInfo:'DAD_DLL_VERSION_16.12.25.0 .. 3.0.7.0'
                    -  DAD_DLL_VERSION_16.12.25.0
                    -  612,TX MSG,JVPW1850,68 6A F1 01 00 
                    -  612,RX QRY,JVPW1850,Delay: 100
                    -  722,RX QRY,JVPW1850,Delay: 100
                    -  838,RX QRY,JVPW1850,Delay: 100
                    -  947,TX MSG,JPWM1850,61 6A F1 01 00 
                    -  962,TX MSG,I914**,33 
                    -  5280,TX MSG,KWPF**,C1 33 F1 81 
                    -  11720,TX MSG,ICAN11bt500,00 00 07 DF 01 00 
                    -  11735,RX QRY,ICAN11bt500,Delay: 100
                    -  11845,RX MSG,ICAN11bt500,00 00 07 DF 
                    -  11845,RX MSG,ICAN11bt500,00 00 07 E8 41 00 BE 3F A8 13 
                    -  11845,RX MSG,ICAN11bt500,00 00 07 E9 41 00 98 18 80 01 
                    -  11845,RX QRY,ICAN11bt500,Delay: 100
                    -  11954,RX QRY,ICAN11bt500,Delay: 100
                    -  12173,TX MSG,ICAN11bt500,00 00 07 DF 01 00 
                    -  12173,RX QRY,ICAN11bt500,Delay: 100
                    -  12282,RX MSG,ICAN11bt500,00 00 07 DF 
                    -  12282,RX MSG,ICAN11bt500,00 00 07 E8 41 00 BE 3F A8 13 
                    -  12282,RX MSG,ICAN11bt500,00 00 07 E9 41 00 98 18 80 01 
                    -  12282,RX QRY,ICAN11bt500,Delay: 100
                    -  12390,RX QRY,ICAN11bt500,Delay: 100
                    -  12499,RX QRY,ICAN11bt500,Delay: 100
                    -  12609,RX QRY,ICAN11bt500,Delay: 100
                    -  12718,RX QRY,ICAN11bt500,Delay: 100
                    -  13046,TX MSG,ICAN11bt500,00 00 07 DF 01 20 
                    -  13046,RX QRY,ICAN11bt500,Delay: 100
                    -  13155,RX MSG,ICAN11bt500,00 00 07 DF 
                    -  13155,RX MSG,ICAN11bt500,00 00 07 E8 41 20 A0 07 B0 11 
                    -  13155,RX MSG,ICAN11bt500,00 00 07 E9 41 20 80 00 00 01 
                    -  13155,RX QRY,ICAN11bt500,Delay: 100
                    -  13265,RX QRY,ICAN11bt500,Delay: 100
                    -  13374,RX QRY,ICAN11bt500,Delay: 100
                    -  13483,RX QRY,ICAN11bt500,Delay: 100
                    -  13593,RX QRY,ICAN11bt500,Delay: 100
                    -  13921,TX MSG,ICAN11bt500,00 00 07 DF 01 40 
                    -  13921,RX QRY,ICAN11bt500,Delay: 100
                    -  14030,RX MSG,ICAN11bt500,00 00 07 DF 
                    -  14030,RX MSG,ICAN11bt500,00 00 07 E8 41 40 FE D0 84 11 
                    -  14030,RX MSG,ICAN11bt500,00 00 07 E9 41 40 C0 00 00 00 
                    -  14030,RX QRY,ICAN11bt500,Delay: 100
                    -  14140,RX QRY,ICAN11bt500,Delay: 100
                    -  14249,RX QRY,ICAN11bt500,Delay: 100
                    -  14358,RX QRY,ICAN11bt500,Delay: 100
                    -  14468,RX QRY,ICAN11bt500,Delay: 100
                    -  14811,TX MSG,ICAN11bt500,00 00 07 DF 01 60 
                    -  14811,RX QRY,ICAN11bt500,Delay: 100
                    -  14921,RX MSG,ICAN11bt500,00 00 07 DF 
                    -  14921,RX MSG,ICAN11bt500,00 00 07 E8 41 60 61 00 00 01 
                    -  14921,RX QRY,ICAN11bt500,Delay: 100
                    -  15031,RX QRY,ICAN11bt500,Delay: 100
                    -  15140,RX QRY,ICAN11bt500,Delay: 100
                    -  15249,RX QRY,ICAN11bt500,Delay: 100
                    -  15359,RX QRY,ICAN11bt500,Delay: 100
                    (0.672 s,F) GetModePID(01, 60) - PID support mask | NoEOL
11:45:26| ... SetupVehicleIsLinked
11:45:26| ... GetCallingProcedure | SetupMyLastCommResult
11:45:26| ... GetCallingProcedure | GetSupportedPIDs
11:45:26| ... GetCallingProcedure | Connect_OBD
11:45:26| ... SetupMyLastCommResult: Success
11:45:26| ... MyLastResult | Success,Unknown,True->True
11:45:26|  (Result:Success,Unknown,True->True)
11:45:26| GetSupportedPIDs | PID60 RspCnt:1
11:45:26| ... GetEcuIdFromAddress
11:45:26| ... ByteArrayToHexString | 07E8
11:45:26| ... ByteArrayToHexString | 61000001
11:45:26| ... DT_DataToString | Adr:07E8,Mod:01,PID:60,Dat:61000001
11:45:26| GetSupportedPIDS | Data-Adr:07E8,Mod:01,PID:60,Dat:61000001
11:45:26| SSBAFOB | MdPID:01,60 ECU:E8 ...  InCnt:4 (61,00,00,01,BC:004) SrtIdx:097
11:45:26| ... SetSupportedBitArrayFromObdBytes | BitAryLen:256  BitSetCnt:047  BAI:4-4,62,63,68,80
11:45:26| 2 | GetSupportedPIDs | 1-E8-DBG3 -------------- 0,1,2,3,4,5,6,7, 8,9,A,B,C,D,E,F, G,H,I,J,K,L,M,N, O,P,Q,R,S,T,U,V
11:45:26| 2 | GetSupportedPIDs | 1-E8-DBG3 000-00_00-020: T,T,F,T,T,T,T,T, F,F,F,T,T,T,T,T, T,T,F,T,F,T,F,F, F,F,F,F,T,F,F,T
11:45:26| 2 | GetSupportedPIDs | 1-E8-DBG3 032-20_20-040: T,T,F,T,F,F,F,F, F,F,F,F,F,F,T,T, T,T,F,T,T,F,F,F, F,F,F,F,T,F,F,F
11:45:26| 2 | GetSupportedPIDs | 1-E8-DBG3 064-40_40-060: T,T,T,T,T,T,T,T, F,T,T,F,T,F,F,F, F,T,F,F,F,F,T,F, F,F,F,F,T,F,F,F
11:45:26| 2 | GetSupportedPIDs | 1-E8-DBG3 096-60_60-080: T,F,T,T,F,F,F,F, T,F,F,F,F,F,F,F, F,F,F,F,F,F,F,F, F,F,F,F,F,F,F,F
11:45:26| 2 | GetSupportedPIDs | 1-E8-DBG3 128-80_80-0A0: T,F,F,F,F,F,F,F, F,F,F,F,F,F,F,F, F,F,F,F,F,F,F,F, F,F,F,F,F,F,F,F
11:45:26| 2 | GetSupportedPIDs | 1-E8-DBG3 160-A0_A0-0C0: F,F,F,F,F,F,F,F, F,F,F,F,F,F,F,F, F,F,F,F,F,F,F,F, F,F,F,F,F,F,F,F
11:45:26| 2 | GetSupportedPIDs | 1-E8-DBG3 192-C0_C0-0E0: F,F,F,F,F,F,F,F, F,F,F,F,F,F,F,F, F,F,F,F,F,F,F,F, F,F,F,F,F,F,F,F
11:45:26| 2 | GetSupportedPIDs | 1-E8-DBG3 224-E0_E0-100: F,F,F,F,F,F,F,F, F,F,F,F,F,F,F,F, F,F,F,F,F,F,F,F, F,F,F,F,F,F,F,F  (T:047 F:209)
11:45:26| ... LogBitArray | 8
11:45:26| ... SetupMyLastCommResult: InvalidData
11:45:26| ... DoDad | Action: System.Action | tag: GetModePID(01, 80) - PID support mask
11:45:26| ... GetCallingProcedure | Connect_OBD
11:45:26| ... GetCallingProcedure | lVehiculoLink
11:45:26| ... GetCallingProcedure | VehiculoLink
11:45:26| DoDad-01 | GetModePID(01, 80) - PID support mask (Open:True,999.99 | Connect_OBD,lVehiculoLink,VehiculoLink)
11:45:26| DoDad-01  ClearCommandLog ...
11:45:26| DoDad-01  Invoke ... (GetModePID(01, 80) - PID support mask)
11:45:27| DoDad-01  Invoke ... (GetModePID(01, 80) - PID support mask)  (672)
11:45:27| DoDad-01  CommandLog.Length ...
11:45:27| DoDad-01  CommandLog ... (0)
11:45:27| DoDad-01-CommandLog-Len:180 Siz:180 | iStart: 0
11:45:27| DoDad-01  SerialData.Length ... (2549)
11:45:27| DoDad-01 | GetModePID(01, 80) - PID support mask-SLL:02549,02549-CF:F-DLLInfo:'DAD_DLL_VERSION_16.12.25.0 .. 3.0.7.0'
                    -  DAD_DLL_VERSION_16.12.25.0
                    -  612,TX MSG,JVPW1850,68 6A F1 01 00 
                    -  612,RX QRY,JVPW1850,Delay: 100
                    -  722,RX QRY,JVPW1850,Delay: 100
                    -  838,RX QRY,JVPW1850,Delay: 100
                    -  947,TX MSG,JPWM1850,61 6A F1 01 00 
                    -  962,TX MSG,I914**,33 
                    -  5280,TX MSG,KWPF**,C1 33 F1 81 
                    -  11720,TX MSG,ICAN11bt500,00 00 07 DF 01 00 
                    -  11735,RX QRY,ICAN11bt500,Delay: 100
                    -  11845,RX MSG,ICAN11bt500,00 00 07 DF 
                    -  11845,RX MSG,ICAN11bt500,00 00 07 E8 41 00 BE 3F A8 13 
                    -  11845,RX MSG,ICAN11bt500,00 00 07 E9 41 00 98 18 80 01 
                    -  11845,RX QRY,ICAN11bt500,Delay: 100
                    -  11954,RX QRY,ICAN11bt500,Delay: 100
                    -  12173,TX MSG,ICAN11bt500,00 00 07 DF 01 00 
                    -  12173,RX QRY,ICAN11bt500,Delay: 100
                    -  12282,RX MSG,ICAN11bt500,00 00 07 DF 
                    -  12282,RX MSG,ICAN11bt500,00 00 07 E8 41 00 BE 3F A8 13 
                    -  12282,RX MSG,ICAN11bt500,00 00 07 E9 41 00 98 18 80 01 
                    -  12282,RX QRY,ICAN11bt500,Delay: 100
                    -  12390,RX QRY,ICAN11bt500,Delay: 100
                    -  12499,RX QRY,ICAN11bt500,Delay: 100
                    -  12609,RX QRY,ICAN11bt500,Delay: 100
                    -  12718,RX QRY,ICAN11bt500,Delay: 100
                    -  13046,TX MSG,ICAN11bt500,00 00 07 DF 01 20 
                    -  13046,RX QRY,ICAN11bt500,Delay: 100
                    -  13155,RX MSG,ICAN11bt500,00 00 07 DF 
                    -  13155,RX MSG,ICAN11bt500,00 00 07 E8 41 20 A0 07 B0 11 
                    -  13155,RX MSG,ICAN11bt500,00 00 07 E9 41 20 80 00 00 01 
                    -  13155,RX QRY,ICAN11bt500,Delay: 100
                    -  13265,RX QRY,ICAN11bt500,Delay: 100
                    -  13374,RX QRY,ICAN11bt500,Delay: 100
                    -  13483,RX QRY,ICAN11bt500,Delay: 100
                    -  13593,RX QRY,ICAN11bt500,Delay: 100
                    -  13921,TX MSG,ICAN11bt500,00 00 07 DF 01 40 
                    -  13921,RX QRY,ICAN11bt500,Delay: 100
                    -  14030,RX MSG,ICAN11bt500,00 00 07 DF 
                    -  14030,RX MSG,ICAN11bt500,00 00 07 E8 41 40 FE D0 84 11 
                    -  14030,RX MSG,ICAN11bt500,00 00 07 E9 41 40 C0 00 00 00 
                    -  14030,RX QRY,ICAN11bt500,Delay: 100
                    -  14140,RX QRY,ICAN11bt500,Delay: 100
                    -  14249,RX QRY,ICAN11bt500,Delay: 100
                    -  14358,RX QRY,ICAN11bt500,Delay: 100
                    -  14468,RX QRY,ICAN11bt500,Delay: 100
                    -  14811,TX MSG,ICAN11bt500,00 00 07 DF 01 60 
                    -  14811,RX QRY,ICAN11bt500,Delay: 100
                    -  14921,RX MSG,ICAN11bt500,00 00 07 DF 
                    -  14921,RX MSG,ICAN11bt500,00 00 07 E8 41 60 61 00 00 01 
                    -  14921,RX QRY,ICAN11bt500,Delay: 100
                    -  15031,RX QRY,ICAN11bt500,Delay: 100
                    -  15140,RX QRY,ICAN11bt500,Delay: 100
                    -  15249,RX QRY,ICAN11bt500,Delay: 100
                    -  15359,RX QRY,ICAN11bt500,Delay: 100
                    -  15624,TX MSG,ICAN11bt500,00 00 07 DF 01 80 
                    -  15624,RX QRY,ICAN11bt500,Delay: 100
                    -  15734,RX MSG,ICAN11bt500,00 00 07 DF 
                    -  15734,RX MSG,ICAN11bt500,00 00 07 E8 41 80 00 04 00 0D 
                    -  15734,RX QRY,ICAN11bt500,Delay: 100
                    -  15844,RX QRY,ICAN11bt500,Delay: 100
                    -  15954,RX QRY,ICAN11bt500,Delay: 100
                    -  16063,RX QRY,ICAN11bt500,Delay: 100
                    -  16172,RX QRY,ICAN11bt500,Delay: 100
                    (0.673 s,F) GetModePID(01, 80) - PID support mask | NoEOL
11:45:27| ... SetupVehicleIsLinked
11:45:27| ... GetCallingProcedure | SetupMyLastCommResult
11:45:27| ... GetCallingProcedure | GetSupportedPIDs
11:45:27| ... GetCallingProcedure | Connect_OBD
11:45:27| ... SetupMyLastCommResult: Success
11:45:27| ... MyLastResult | Success,Unknown,True->True
11:45:27|  (Result:Success,Unknown,True->True)
11:45:27| GetSupportedPIDs | PID80 RspCnt:1
11:45:27| ... GetEcuIdFromAddress
11:45:27| ... ByteArrayToHexString | 07E8
11:45:27| ... ByteArrayToHexString | 0004000D
11:45:27| ... DT_DataToString | Adr:07E8,Mod:01,PID:80,Dat:0004000D
11:45:27| GetSupportedPIDS | Data-Adr:07E8,Mod:01,PID:80,Dat:0004000D
11:45:27| SSBAFOB | MdPID:01,80 ECU:E8 ...  InCnt:4 (00,04,00,0D,BC:004) SrtIdx:129
11:45:27| ... SetSupportedBitArrayFromObdBytes | BitAryLen:256  BitSetCnt:051  BAI:4-4,8E,9D,9E,A0
11:45:27| 2 | GetSupportedPIDs | 1-E8-DBG3 -------------- 0,1,2,3,4,5,6,7, 8,9,A,B,C,D,E,F, G,H,I,J,K,L,M,N, O,P,Q,R,S,T,U,V
11:45:27| 2 | GetSupportedPIDs | 1-E8-DBG3 000-00_00-020: T,T,F,T,T,T,T,T, F,F,F,T,T,T,T,T, T,T,F,T,F,T,F,F, F,F,F,F,T,F,F,T
11:45:27| 2 | GetSupportedPIDs | 1-E8-DBG3 032-20_20-040: T,T,F,T,F,F,F,F, F,F,F,F,F,F,T,T, T,T,F,T,T,F,F,F, F,F,F,F,T,F,F,F
11:45:27| 2 | GetSupportedPIDs | 1-E8-DBG3 064-40_40-060: T,T,T,T,T,T,T,T, F,T,T,F,T,F,F,F, F,T,F,F,F,F,T,F, F,F,F,F,T,F,F,F
11:45:27| 2 | GetSupportedPIDs | 1-E8-DBG3 096-60_60-080: T,F,T,T,F,F,F,F, T,F,F,F,F,F,F,F, F,F,F,F,F,F,F,F, F,F,F,F,F,F,F,F
11:45:27| 2 | GetSupportedPIDs | 1-E8-DBG3 128-80_80-0A0: T,F,F,F,F,F,F,F, F,F,F,F,F,F,T,F, F,F,F,F,F,F,F,F, F,F,F,F,F,T,T,F
11:45:27| 2 | GetSupportedPIDs | 1-E8-DBG3 160-A0_A0-0C0: T,F,F,F,F,F,F,F, F,F,F,F,F,F,F,F, F,F,F,F,F,F,F,F, F,F,F,F,F,F,F,F
11:45:27| 2 | GetSupportedPIDs | 1-E8-DBG3 192-C0_C0-0E0: F,F,F,F,F,F,F,F, F,F,F,F,F,F,F,F, F,F,F,F,F,F,F,F, F,F,F,F,F,F,F,F
11:45:27| 2 | GetSupportedPIDs | 1-E8-DBG3 224-E0_E0-100: F,F,F,F,F,F,F,F, F,F,F,F,F,F,F,F, F,F,F,F,F,F,F,F, F,F,F,F,F,F,F,F  (T:051 F:205)
11:45:27| ... LogBitArray | 8
11:45:27| ... SetupMyLastCommResult: InvalidData
11:45:27| ... DoDad | Action: System.Action | tag: GetModePID(01, A0) - PID support mask
11:45:27| ... GetCallingProcedure | Connect_OBD
11:45:27| ... GetCallingProcedure | lVehiculoLink
11:45:27| ... GetCallingProcedure | VehiculoLink
11:45:27| DoDad-01 | GetModePID(01, A0) - PID support mask (Open:True,999.99 | Connect_OBD,lVehiculoLink,VehiculoLink)
11:45:27| DoDad-01  ClearCommandLog ...
11:45:27| DoDad-01  Invoke ... (GetModePID(01, A0) - PID support mask)
11:45:28| DoDad-01  Invoke ... (GetModePID(01, A0) - PID support mask)  (672)
11:45:28| DoDad-01  CommandLog.Length ...
11:45:28| DoDad-01  CommandLog ... (0)
11:45:28| DoDad-01-CommandLog-Len:180 Siz:180 | iStart: 0
11:45:28| DoDad-01  SerialData.Length ... (2912)
11:45:28| DoDad-01 | GetModePID(01, A0) - PID support mask-SLL:02912,02912-CF:F-DLLInfo:'DAD_DLL_VERSION_16.12.25.0 .. 3.0.7.0'
                    -  DAD_DLL_VERSION_16.12.25.0
                    -  612,TX MSG,JVPW1850,68 6A F1 01 00 
                    -  612,RX QRY,JVPW1850,Delay: 100
                    -  722,RX QRY,JVPW1850,Delay: 100
                    -  838,RX QRY,JVPW1850,Delay: 100
                    -  947,TX MSG,JPWM1850,61 6A F1 01 00 
                    -  962,TX MSG,I914**,33 
                    -  5280,TX MSG,KWPF**,C1 33 F1 81 
                    -  11720,TX MSG,ICAN11bt500,00 00 07 DF 01 00 
                    -  11735,RX QRY,ICAN11bt500,Delay: 100
                    -  11845,RX MSG,ICAN11bt500,00 00 07 DF 
                    -  11845,RX MSG,ICAN11bt500,00 00 07 E8 41 00 BE 3F A8 13 
                    -  11845,RX MSG,ICAN11bt500,00 00 07 E9 41 00 98 18 80 01 
                    -  11845,RX QRY,ICAN11bt500,Delay: 100
                    -  11954,RX QRY,ICAN11bt500,Delay: 100
                    -  12173,TX MSG,ICAN11bt500,00 00 07 DF 01 00 
                    -  12173,RX QRY,ICAN11bt500,Delay: 100
                    -  12282,RX MSG,ICAN11bt500,00 00 07 DF 
                    -  12282,RX MSG,ICAN11bt500,00 00 07 E8 41 00 BE 3F A8 13 
                    -  12282,RX MSG,ICAN11bt500,00 00 07 E9 41 00 98 18 80 01 
                    -  12282,RX QRY,ICAN11bt500,Delay: 100
                    -  12390,RX QRY,ICAN11bt500,Delay: 100
                    -  12499,RX QRY,ICAN11bt500,Delay: 100
                    -  12609,RX QRY,ICAN11bt500,Delay: 100
                    -  12718,RX QRY,ICAN11bt500,Delay: 100
                    -  13046,TX MSG,ICAN11bt500,00 00 07 DF 01 20 
                    -  13046,RX QRY,ICAN11bt500,Delay: 100
                    -  13155,RX MSG,ICAN11bt500,00 00 07 DF 
                    -  13155,RX MSG,ICAN11bt500,00 00 07 E8 41 20 A0 07 B0 11 
                    -  13155,RX MSG,ICAN11bt500,00 00 07 E9 41 20 80 00 00 01 
                    -  13155,RX QRY,ICAN11bt500,Delay: 100
                    -  13265,RX QRY,ICAN11bt500,Delay: 100
                    -  13374,RX QRY,ICAN11bt500,Delay: 100
                    -  13483,RX QRY,ICAN11bt500,Delay: 100
                    -  13593,RX QRY,ICAN11bt500,Delay: 100
                    -  13921,TX MSG,ICAN11bt500,00 00 07 DF 01 40 
                    -  13921,RX QRY,ICAN11bt500,Delay: 100
                    -  14030,RX MSG,ICAN11bt500,00 00 07 DF 
                    -  14030,RX MSG,ICAN11bt500,00 00 07 E8 41 40 FE D0 84 11 
                    -  14030,RX MSG,ICAN11bt500,00 00 07 E9 41 40 C0 00 00 00 
                    -  14030,RX QRY,ICAN11bt500,Delay: 100
                    -  14140,RX QRY,ICAN11bt500,Delay: 100
                    -  14249,RX QRY,ICAN11bt500,Delay: 100
                    -  14358,RX QRY,ICAN11bt500,Delay: 100
                    -  14468,RX QRY,ICAN11bt500,Delay: 100
                    -  14811,TX MSG,ICAN11bt500,00 00 07 DF 01 60 
                    -  14811,RX QRY,ICAN11bt500,Delay: 100
                    -  14921,RX MSG,ICAN11bt500,00 00 07 DF 
                    -  14921,RX MSG,ICAN11bt500,00 00 07 E8 41 60 61 00 00 01 
                    -  14921,RX QRY,ICAN11bt500,Delay: 100
                    -  15031,RX QRY,ICAN11bt500,Delay: 100
                    -  15140,RX QRY,ICAN11bt500,Delay: 100
                    -  15249,RX QRY,ICAN11bt500,Delay: 100
                    -  15359,RX QRY,ICAN11bt500,Delay: 100
                    -  15624,TX MSG,ICAN11bt500,00 00 07 DF 01 80 
                    -  15624,RX QRY,ICAN11bt500,Delay: 100
                    -  15734,RX MSG,ICAN11bt500,00 00 07 DF 
                    -  15734,RX MSG,ICAN11bt500,00 00 07 E8 41 80 00 04 00 0D 
                    -  15734,RX QRY,ICAN11bt500,Delay: 100
                    -  15844,RX QRY,ICAN11bt500,Delay: 100
                    -  15954,RX QRY,ICAN11bt500,Delay: 100
                    -  16063,RX QRY,ICAN11bt500,Delay: 100
                    -  16172,RX QRY,ICAN11bt500,Delay: 100
                    -  16438,TX MSG,ICAN11bt500,00 00 07 DF 01 A0 
                    -  16438,RX QRY,ICAN11bt500,Delay: 100
                    -  16547,RX MSG,ICAN11bt500,00 00 07 DF 
                    -  16547,RX MSG,ICAN11bt500,00 00 07 E8 41 A0 04 00 00 00 
                    -  16547,RX QRY,ICAN11bt500,Delay: 100
                    -  16657,RX QRY,ICAN11bt500,Delay: 100
                    -  16766,RX QRY,ICAN11bt500,Delay: 100
                    -  16876,RX QRY,ICAN11bt500,Delay: 100
                    -  16985,RX QRY,ICAN11bt500,Delay: 100
                    (0.672 s,F) GetModePID(01, A0) - PID support mask | NoEOL
11:45:28| ... SetupVehicleIsLinked
11:45:28| ... GetCallingProcedure | SetupMyLastCommResult
11:45:28| ... GetCallingProcedure | GetSupportedPIDs
11:45:28| ... GetCallingProcedure | Connect_OBD
11:45:28| ... SetupMyLastCommResult: Success
11:45:28| ... MyLastResult | Success,Unknown,True->True
11:45:28|  (Result:Success,Unknown,True->True)
11:45:28| GetSupportedPIDs | PIDA0 RspCnt:1
11:45:28| ... GetEcuIdFromAddress
11:45:28| ... ByteArrayToHexString | 07E8
11:45:28| ... ByteArrayToHexString | 04000000
11:45:28| ... DT_DataToString | Adr:07E8,Mod:01,PID:A0,Dat:04000000
11:45:28| GetSupportedPIDS | Data-Adr:07E8,Mod:01,PID:A0,Dat:04000000
11:45:28| SSBAFOB | MdPID:01,A0 ECU:E8 ...  InCnt:4 (04,00,00,00,BC:001) SrtIdx:161
11:45:28| ... SetSupportedBitArrayFromObdBytes | BitAryLen:256  BitSetCnt:052  BAI:4-4,A6
11:45:28| 2 | GetSupportedPIDs | 1-E8-DBG3 -------------- 0,1,2,3,4,5,6,7, 8,9,A,B,C,D,E,F, G,H,I,J,K,L,M,N, O,P,Q,R,S,T,U,V
11:45:28| 2 | GetSupportedPIDs | 1-E8-DBG3 000-00_00-020: T,T,F,T,T,T,T,T, F,F,F,T,T,T,T,T, T,T,F,T,F,T,F,F, F,F,F,F,T,F,F,T
11:45:28| 2 | GetSupportedPIDs | 1-E8-DBG3 032-20_20-040: T,T,F,T,F,F,F,F, F,F,F,F,F,F,T,T, T,T,F,T,T,F,F,F, F,F,F,F,T,F,F,F
11:45:28| 2 | GetSupportedPIDs | 1-E8-DBG3 064-40_40-060: T,T,T,T,T,T,T,T, F,T,T,F,T,F,F,F, F,T,F,F,F,F,T,F, F,F,F,F,T,F,F,F
11:45:28| 2 | GetSupportedPIDs | 1-E8-DBG3 096-60_60-080: T,F,T,T,F,F,F,F, T,F,F,F,F,F,F,F, F,F,F,F,F,F,F,F, F,F,F,F,F,F,F,F
11:45:28| 2 | GetSupportedPIDs | 1-E8-DBG3 128-80_80-0A0: T,F,F,F,F,F,F,F, F,F,F,F,F,F,T,F, F,F,F,F,F,F,F,F, F,F,F,F,F,T,T,F
11:45:28| 2 | GetSupportedPIDs | 1-E8-DBG3 160-A0_A0-0C0: T,F,F,F,F,F,T,F, F,F,F,F,F,F,F,F, F,F,F,F,F,F,F,F, F,F,F,F,F,F,F,F
11:45:28| 2 | GetSupportedPIDs | 1-E8-DBG3 192-C0_C0-0E0: F,F,F,F,F,F,F,F, F,F,F,F,F,F,F,F, F,F,F,F,F,F,F,F, F,F,F,F,F,F,F,F
11:45:28| 2 | GetSupportedPIDs | 1-E8-DBG3 224-E0_E0-100: F,F,F,F,F,F,F,F, F,F,F,F,F,F,F,F, F,F,F,F,F,F,F,F, F,F,F,F,F,F,F,F  (T:052 F:204)
11:45:28| ... LogBitArray | 8
11:45:28| GetSupportedPIDs | Mode:1 ECUCnt:2 PIDSupDicCnt:2
11:45:28| 4 | GetSupportedPIDS | Mode1-ECUE8:-------------- 0,1,2,3,4,5,6,7, 8,9,A,B,C,D,E,F, G,H,I,J,K,L,M,N, O,P,Q,R,S,T,U,V
11:45:28| 4 | GetSupportedPIDS | Mode1-ECUE8:000-00_00-020: T,T,F,T,T,T,T,T, F,F,F,T,T,T,T,T, T,T,F,T,F,T,F,F, F,F,F,F,T,F,F,T
11:45:28| 4 | GetSupportedPIDS | Mode1-ECUE8:032-20_20-040: T,T,F,T,F,F,F,F, F,F,F,F,F,F,T,T, T,T,F,T,T,F,F,F, F,F,F,F,T,F,F,F
11:45:28| 4 | GetSupportedPIDS | Mode1-ECUE8:064-40_40-060: T,T,T,T,T,T,T,T, F,T,T,F,T,F,F,F, F,T,F,F,F,F,T,F, F,F,F,F,T,F,F,F
11:45:28| 4 | GetSupportedPIDS | Mode1-ECUE8:096-60_60-080: T,F,T,T,F,F,F,F, T,F,F,F,F,F,F,F, F,F,F,F,F,F,F,F, F,F,F,F,F,F,F,F
11:45:28| 4 | GetSupportedPIDS | Mode1-ECUE8:128-80_80-0A0: T,F,F,F,F,F,F,F, F,F,F,F,F,F,T,F, F,F,F,F,F,F,F,F, F,F,F,F,F,T,T,F
11:45:28| 4 | GetSupportedPIDS | Mode1-ECUE8:160-A0_A0-0C0: T,F,F,F,F,F,T,F, F,F,F,F,F,F,F,F, F,F,F,F,F,F,F,F, F,F,F,F,F,F,F,F
11:45:28| 4 | GetSupportedPIDS | Mode1-ECUE8:192-C0_C0-0E0: F,F,F,F,F,F,F,F, F,F,F,F,F,F,F,F, F,F,F,F,F,F,F,F, F,F,F,F,F,F,F,F
11:45:28| 4 | GetSupportedPIDS | Mode1-ECUE8:224-E0_E0-100: F,F,F,F,F,F,F,F, F,F,F,F,F,F,F,F, F,F,F,F,F,F,F,F, F,F,F,F,F,F,F,F  (T:052 F:204)
11:45:28| ... LogBitArray | 8
11:45:28| 4 | GetSupportedPIDS | Mode1-ECUE9:-------------- 0,1,2,3,4,5,6,7, 8,9,A,B,C,D,E,F, G,H,I,J,K,L,M,N, O,P,Q,R,S,T,U,V
11:45:28| 4 | GetSupportedPIDS | Mode1-ECUE9:000-00_00-020: T,T,F,F,T,T,F,F, F,F,F,F,T,T,F,F, F,T,F,F,F,F,F,F, F,F,F,F,F,F,F,F
11:45:28| 4 | GetSupportedPIDS | Mode1-ECUE9:032-20_20-040: T,T,F,F,F,F,F,F, F,F,F,F,F,F,F,F, F,F,F,F,F,F,F,F, F,F,F,F,F,F,F,F
11:45:28| 4 | GetSupportedPIDS | Mode1-ECUE9:064-40_40-060: T,T,T,F,F,F,F,F, F,F,F,F,F,F,F,F, F,F,F,F,F,F,F,F, F,F,F,F,F,F,F,F
11:45:28| 4 | GetSupportedPIDS | Mode1-ECUE9:096-60_60-080: F,F,F,F,F,F,F,F, F,F,F,F,F,F,F,F, F,F,F,F,F,F,F,F, F,F,F,F,F,F,F,F
11:45:28| 4 | GetSupportedPIDS | Mode1-ECUE9:128-80_80-0A0: F,F,F,F,F,F,F,F, F,F,F,F,F,F,F,F, F,F,F,F,F,F,F,F, F,F,F,F,F,F,F,F
11:45:28| 4 | GetSupportedPIDS | Mode1-ECUE9:160-A0_A0-0C0: F,F,F,F,F,F,F,F, F,F,F,F,F,F,F,F, F,F,F,F,F,F,F,F, F,F,F,F,F,F,F,F
11:45:28| 4 | GetSupportedPIDS | Mode1-ECUE9:192-C0_C0-0E0: F,F,F,F,F,F,F,F, F,F,F,F,F,F,F,F, F,F,F,F,F,F,F,F, F,F,F,F,F,F,F,F
11:45:28| 4 | GetSupportedPIDS | Mode1-ECUE9:224-E0_E0-100: F,F,F,F,F,F,F,F, F,F,F,F,F,F,F,F, F,F,F,F,F,F,F,F, F,F,F,F,F,F,F,F  (T:012 F:244)
11:45:28| ... LogBitArray | 8
11:45:28| 2 | GetSupportedPIDs | 1-ECUxx -------------- 0,1,2,3,4,5,6,7, 8,9,A,B,C,D,E,F, G,H,I,J,K,L,M,N, O,P,Q,R,S,T,U,V
11:45:28| 2 | GetSupportedPIDs | 1-ECUxx 000-00_00-020: T,T,F,T,T,T,T,T, F,F,F,T,T,T,T,T, T,T,F,T,F,T,F,F, F,F,F,F,T,F,F,T
11:45:28| 2 | GetSupportedPIDs | 1-ECUxx 032-20_20-040: T,T,F,T,F,F,F,F, F,F,F,F,F,F,T,T, T,T,F,T,T,F,F,F, F,F,F,F,T,F,F,F
11:45:28| 2 | GetSupportedPIDs | 1-ECUxx 064-40_40-060: T,T,T,T,T,T,T,T, F,T,T,F,T,F,F,F, F,T,F,F,F,F,T,F, F,F,F,F,T,F,F,F
11:45:28| 2 | GetSupportedPIDs | 1-ECUxx 096-60_60-080: T,F,T,T,F,F,F,F, T,F,F,F,F,F,F,F, F,F,F,F,F,F,F,F, F,F,F,F,F,F,F,F
11:45:28| 2 | GetSupportedPIDs | 1-ECUxx 128-80_80-0A0: T,F,F,F,F,F,F,F, F,F,F,F,F,F,T,F, F,F,F,F,F,F,F,F, F,F,F,F,F,T,T,F
11:45:28| 2 | GetSupportedPIDs | 1-ECUxx 160-A0_A0-0C0: T,F,F,F,F,F,T,F, F,F,F,F,F,F,F,F, F,F,F,F,F,F,F,F, F,F,F,F,F,F,F,F
11:45:28| 2 | GetSupportedPIDs | 1-ECUxx 192-C0_C0-0E0: F,F,F,F,F,F,F,F, F,F,F,F,F,F,F,F, F,F,F,F,F,F,F,F, F,F,F,F,F,F,F,F
11:45:28| 2 | GetSupportedPIDs | 1-ECUxx 224-E0_E0-100: F,F,F,F,F,F,F,F, F,F,F,F,F,F,F,F, F,F,F,F,F,F,F,F, F,F,F,F,F,F,F,F  (T:052 F:204)
11:45:28| ... LogBitArray | 8
11:45:28| GetSupportedPIDs | PIDCnt-1-E8:052, E9:012  (TPC:52)
11:45:28| ... DictValueSortDesc
11:45:28| DVSD | E8:052,E9:012->E8:052,E9:012
11:45:28| GetSupportedPIDs | Mode:1 PIDs-'052:00 01 03 04 05 06 07 0B 0C 0D 0E 0F 10 11 13 15 1C 1F 20 21 23 2E 2F 30 31 33 34 3C 40 41 42 43 44 45 46 47 49 4A 4C 51 56 5C 60 62 63 68 80 8E 9D 9E A0 A6
11:45:28|  GetSupportedPIDs | Ending ... Success:TrueTrueTrueTrueTrueTrue 1-E8:052 1-E9:012
11:45:28| ReleaseDAD |  Starting ... Cnt:00005,01 (Connect)
11:45:28| ... ReleaseDAD | Success ... Cnt:00005,00 Opn:T (Connect, Connect)
11:45:28| ... Connect | 2
11:45:28| ... SetupVehicleIsLinked
11:45:28| ... GetCallingProcedure | Connect_OBD
11:45:28| ... GetCallingProcedure | lVehiculoLink
11:45:28| ... GetCallingProcedure | VehiculoLink
11:45:28| SVLI | VehicleIsLinked:'True'->'?'  (Connect_OBD,lVehiculoLink,VehiculoLink)
11:45:28| ... SetupVehicleIsLinked
11:45:28| ... GetCallingProcedure | Connect_OBD
11:45:28| ... GetCallingProcedure | lVehiculoLink
11:45:28| ... GetCallingProcedure | VehiculoLink
11:45:28| SVLI | VehicleIsLinked:'?'->'True'  (Connect_OBD,lVehiculoLink,VehiculoLink)
11:45:28| ... Connect | 3 | Connect_Succeeded = True
11:45:28| ... MyLastResult | Success,Unknown,?->True
11:45:28| Connect | Rslt:True EECUID:E8 ECUs:2-(E9:012,E8:052->E8:052,E9:012,) Prot:'CAN11', 'CAN11' PC:52  (Success,Unknown,?->True, 17.42) (lVehiculoLink,VehiculoLink,VehTest)
11:45:28| ... DecrementActiveCount | 0
11:45:28| ... GetCallingProcedure | OpusIMCleanOBDdrv.Module1:Connect_OBD
11:45:28| ... GetCallingProcedure | OpusIMCleanOBDdrv.Module1:lVehiculoLink
11:45:28| ... GetCallingProcedure | OpusIMCleanOBDdrv.IMCleanOBD:VehiculoLink
11:45:28| ... LocalDecrementActiveCount | 0
11:45:28|  
11:45:28| ... Get MON >>>-----------------------------------------------------------------------
11:45:28| ... SetupMyLastCommResult: ConditionsNotCorrect
11:45:28| ... DoDad | Action: System.Action | tag: GetModePID(01, 01) - Readiness, DTC count, MIL
11:45:28| ... GetCallingProcedure | lVehiculoLink
11:45:28| ... GetCallingProcedure | VehiculoLink
11:45:28| ... GetCallingProcedure | VehTest
11:45:28| DoDad-01 | GetModePID(01, 01) - Readiness, DTC count, MIL (Open:True,999.99 | lVehiculoLink,VehiculoLink,VehTest)
11:45:28| DoDad-01  ClearCommandLog ...
11:45:28| DoDad-01  Invoke ... (GetModePID(01, 01) - Readiness, DTC count, MIL)
11:45:29| DoDad-01  Invoke ... (GetModePID(01, 01) - Readiness, DTC count, MIL)  (672)
11:45:29| DoDad-01  CommandLog.Length ...
11:45:29| DoDad-01  CommandLog ... (0)
11:45:29| DoDad-01-CommandLog-Len:228 Siz:228 | iStart: 0
11:45:29| DoDad-01  SerialData.Length ... (426)
11:45:29| DoDad-01 | GetModePID(01, 01) - Readiness, DTC count, MIL-SLL:00426,00426-CF:F-DLLInfo:'DAD_DLL_VERSION_16.12.25.0 .. 3.0.7.0'
                    -  DAD_DLL_VERSION_16.12.25.0
                    -  31,TX MSG,ICAN11bt500,00 00 07 DF 01 01 
                    -  31,RX QRY,ICAN11bt500,Delay: 100
                    -  140,RX MSG,ICAN11bt500,00 00 07 DF 
                    -  140,RX MSG,ICAN11bt500,00 00 07 E8 41 01 00 07 E1 00 
                    -  140,RX MSG,ICAN11bt500,00 00 07 E9 41 01 00 04 00 00 
                    -  140,RX QRY,ICAN11bt500,Delay: 100
                    -  250,RX QRY,ICAN11bt500,Delay: 100
                    -  359,RX QRY,ICAN11bt500,Delay: 100
                    -  469,RX QRY,ICAN11bt500,Delay: 100
                    -  578,RX QRY,ICAN11bt500,Delay: 100
                    (0.672 s,F) GetModePID(01, 01) - Readiness, DTC count, MIL | NoEOL
11:45:29| DECODE_Bus: DAD_DLL_VERSION_16.12.25.0
3.0.7.0

31,TX MSG,ICAN11bt500,00 00 07 DF 01 01 
140,RX MSG,ICAN11bt500,00 00 07 DF 
140,RX MSG,ICAN11bt500,00 00 07 E8 41 01 00 07 E1 00 
140,RX MSG,ICAN11bt500,00 00 07 E9 41 01 00 04 00 00 

11:45:29| DECODE_MIL: 00 00 07 E8 41 01 00 07 E1 00
11:45:29| zipESP: 00 00 07 E8 41 01 00 07 E1 00 | 000007E841010007E100
11:45:29| DECODE_MIL dato: 0007E100
11:45:29| Status: 0007E100
11:45:29| A: 00 | 0 | 00000000
11:45:29| B: 07 | 7 | 00000111
11:45:29| C: E1 | 225 | 11100001
11:45:29| D: 00 | 0 | 00000000
11:45:29| sr | Get MON: 0 | 2
11:45:29|  
11:45:29| ... Get DTC >>>-----------------------------------------------------------------------
11:45:29| ... SetupMyLastCommResult: ConditionsNotCorrect
11:45:29| ... DoDad | Action: System.Action | tag: GetModePID(03, 00) - DTC count, MIL
11:45:29| ... GetCallingProcedure | lVehiculoLink
11:45:29| ... GetCallingProcedure | VehiculoLink
11:45:29| ... GetCallingProcedure | VehTest
11:45:29| DoDad-01 | GetModePID(03, 00) - DTC count, MIL (Open:True,999.99 | lVehiculoLink,VehiculoLink,VehTest)
11:45:29| DoDad-01  ClearCommandLog ...
11:45:29| DoDad-01  Invoke ... (GetModePID(03, 00) - DTC count, MIL)
11:45:29| DoDad-01  Invoke ... (GetModePID(03, 00) - DTC count, MIL)  (672)
11:45:29| DoDad-01  CommandLog.Length ...
11:45:29| DoDad-01  CommandLog ... (0)
11:45:29| DoDad-01-CommandLog-Len:201 Siz:201 | iStart: 0
11:45:29| DoDad-01  SerialData.Length ... (399)
11:45:29| DoDad-01 | GetModePID(03, 00) - DTC count, MIL-SLL:00399,00399-CF:F-DLLInfo:'DAD_DLL_VERSION_16.12.25.0 .. 3.0.7.0'
                    -  DAD_DLL_VERSION_16.12.25.0
                    -  47,TX MSG,ICAN11bt500,00 00 07 DF 03 
                    -  47,RX QRY,ICAN11bt500,Delay: 100
                    -  157,RX MSG,ICAN11bt500,00 00 07 DF 
                    -  157,RX MSG,ICAN11bt500,00 00 07 E8 43 00 
                    -  157,RX MSG,ICAN11bt500,00 00 07 E9 43 00 
                    -  157,RX QRY,ICAN11bt500,Delay: 100
                    -  266,RX QRY,ICAN11bt500,Delay: 100
                    -  376,RX QRY,ICAN11bt500,Delay: 100
                    -  485,RX QRY,ICAN11bt500,Delay: 100
                    -  594,RX QRY,ICAN11bt500,Delay: 100
                    (0.673 s,F) GetModePID(03, 00) - DTC count, MIL | NoEOL
11:45:29| DECODE_Bus: DAD_DLL_VERSION_16.12.25.0
3.0.7.0

47,TX MSG,ICAN11bt500,00 00 07 DF 03 
157,RX MSG,ICAN11bt500,00 00 07 DF 
157,RX MSG,ICAN11bt500,00 00 07 E8 43 00 
157,RX MSG,ICAN11bt500,00 00 07 E9 43 00 

11:45:29| ... DECODE_DTC: 00 00 07 E8 43 00
11:45:29| zipESP: 00 00 07 E8 43 00 | 000007E84300
11:45:29| sr | Get DTC: 0 | 2
11:45:29|  
11:45:29| ... (01, 1F) Tmp. Encendido >>>-----------------------------------------------------------------------
11:45:29| ... SetupMyLastCommResult: ConditionsNotCorrect
11:45:29| ... DoDad | Action: System.Action | tag: GetModePID(01, 1F) - Tmp. Encendido
11:45:29| ... GetCallingProcedure | lVehiculoLink
11:45:29| ... GetCallingProcedure | VehiculoLink
11:45:29| ... GetCallingProcedure | VehTest
11:45:29| DoDad-01 | GetModePID(01, 1F) - Tmp. Encendido (Open:True,999.99 | lVehiculoLink,VehiculoLink,VehTest)
11:45:30| DoDad-01  ClearCommandLog ...
11:45:30| DoDad-01  Invoke ... (GetModePID(01, 1F) - Tmp. Encendido)
11:45:30| DoDad-01  Invoke ... (GetModePID(01, 1F) - Tmp. Encendido)  (656)
11:45:30| DoDad-01  CommandLog.Length ...
11:45:30| DoDad-01  CommandLog ... (0)
11:45:30| DoDad-01-CommandLog-Len:167 Siz:167 | iStart: 0
11:45:30| DoDad-01  SerialData.Length ... (365)
11:45:30| DoDad-01 | GetModePID(01, 1F) - Tmp. Encendido-SLL:00365,00365-CF:F-DLLInfo:'DAD_DLL_VERSION_16.12.25.0 .. 3.0.7.0'
                    -  DAD_DLL_VERSION_16.12.25.0
                    -  31,TX MSG,ICAN11bt500,00 00 07 DF 01 1F 
                    -  31,RX QRY,ICAN11bt500,Delay: 100
                    -  140,RX MSG,ICAN11bt500,00 00 07 DF 
                    -  140,RX MSG,ICAN11bt500,00 00 07 E8 41 1F 00 19 
                    -  140,RX QRY,ICAN11bt500,Delay: 100
                    -  250,RX QRY,ICAN11bt500,Delay: 100
                    -  360,RX QRY,ICAN11bt500,Delay: 100
                    -  466,RX QRY,ICAN11bt500,Delay: 100
                    -  575,RX QRY,ICAN11bt500,Delay: 100
                    (0.654 s,F) GetModePID(01, 1F) - Tmp. Encendido | NoEOL
11:45:30| DECODE_Bus: DAD_DLL_VERSION_16.12.25.0
3.0.7.0

31,TX MSG,ICAN11bt500,00 00 07 DF 01 1F 
140,RX MSG,ICAN11bt500,00 00 07 DF 
140,RX MSG,ICAN11bt500,00 00 07 E8 41 1F 00 19 

11:45:30| sr | Tmp. Encendido: 0 | 1
11:45:30|  
11:45:30| ... (01, 21) Distancia MIL >>>-----------------------------------------------------------------------
11:45:30| ... SetupMyLastCommResult: ConditionsNotCorrect
11:45:30| ... DoDad | Action: System.Action | tag: GetModePID(01, 21) - Distancia MIL
11:45:30| ... GetCallingProcedure | lVehiculoLink
11:45:30| ... GetCallingProcedure | VehiculoLink
11:45:30| ... GetCallingProcedure | VehTest
11:45:30| DoDad-01 | GetModePID(01, 21) - Distancia MIL (Open:True,999.99 | lVehiculoLink,VehiculoLink,VehTest)
11:45:30| DoDad-01  ClearCommandLog ...
11:45:30| DoDad-01  Invoke ... (GetModePID(01, 21) - Distancia MIL)
11:45:31| DoDad-01  Invoke ... (GetModePID(01, 21) - Distancia MIL)  (672)
11:45:31| DoDad-01  CommandLog.Length ...
11:45:31| DoDad-01  CommandLog ... (0)
11:45:31| DoDad-01-CommandLog-Len:167 Siz:167 | iStart: 0
11:45:31| DoDad-01  SerialData.Length ... (365)
11:45:31| DoDad-01 | GetModePID(01, 21) - Distancia MIL-SLL:00365,00365-CF:F-DLLInfo:'DAD_DLL_VERSION_16.12.25.0 .. 3.0.7.0'
                    -  DAD_DLL_VERSION_16.12.25.0
                    -  46,TX MSG,ICAN11bt500,00 00 07 DF 01 15 
                    -  46,RX QRY,ICAN11bt500,Delay: 100
                    -  156,RX MSG,ICAN11bt500,00 00 07 DF 
                    -  156,RX MSG,ICAN11bt500,00 00 07 E8 41 15 78 FF 
                    -  156,RX QRY,ICAN11bt500,Delay: 100
                    -  266,RX QRY,ICAN11bt500,Delay: 100
                    -  375,RX QRY,ICAN11bt500,Delay: 100
                    -  484,RX QRY,ICAN11bt500,Delay: 100
                    -  594,RX QRY,ICAN11bt500,Delay: 100
                    (0.672 s,F) GetModePID(01, 21) - Distancia MIL | NoEOL
11:45:31| DECODE_Bus: DAD_DLL_VERSION_16.12.25.0
3.0.7.0

46,TX MSG,ICAN11bt500,00 00 07 DF 01 15 
156,RX MSG,ICAN11bt500,00 00 07 DF 
156,RX MSG,ICAN11bt500,00 00 07 E8 41 15 78 FF 

11:45:31| sr | Distancia MIL: 0 | 1
11:45:31|  
11:45:31| ... (01, 31) Distancia MIL Borrada >>>-----------------------------------------------------------------------
11:45:31| ... SetupMyLastCommResult: ConditionsNotCorrect
11:45:31| ... DoDad | Action: System.Action | tag: GetModePID(01, 31) - Distancia MIL Borrada
11:45:31| ... GetCallingProcedure | lVehiculoLink
11:45:31| ... GetCallingProcedure | VehiculoLink
11:45:31| ... GetCallingProcedure | VehTest
11:45:31| DoDad-01 | GetModePID(01, 31) - Distancia MIL Borrada (Open:True,999.99 | lVehiculoLink,VehiculoLink,VehTest)
11:45:31| DoDad-01  ClearCommandLog ...
11:45:31| DoDad-01  Invoke ... (GetModePID(01, 31) - Distancia MIL Borrada)
11:45:32| DoDad-01  Invoke ... (GetModePID(01, 31) - Distancia MIL Borrada)  (672)
11:45:32| DoDad-01  CommandLog.Length ...
11:45:32| DoDad-01  CommandLog ... (0)
11:45:32| DoDad-01-CommandLog-Len:167 Siz:167 | iStart: 0
11:45:32| DoDad-01  SerialData.Length ... (365)
11:45:32| DoDad-01 | GetModePID(01, 31) - Distancia MIL Borrada-SLL:00365,00365-CF:F-DLLInfo:'DAD_DLL_VERSION_16.12.25.0 .. 3.0.7.0'
                    -  DAD_DLL_VERSION_16.12.25.0
                    -  46,TX MSG,ICAN11bt500,00 00 07 DF 01 1F 
                    -  46,RX QRY,ICAN11bt500,Delay: 100
                    -  156,RX MSG,ICAN11bt500,00 00 07 DF 
                    -  156,RX MSG,ICAN11bt500,00 00 07 E8 41 1F 00 1B 
                    -  156,RX QRY,ICAN11bt500,Delay: 100
                    -  265,RX QRY,ICAN11bt500,Delay: 100
                    -  375,RX QRY,ICAN11bt500,Delay: 100
                    -  484,RX QRY,ICAN11bt500,Delay: 100
                    -  593,RX QRY,ICAN11bt500,Delay: 100
                    (0.672 s,F) GetModePID(01, 31) - Distancia MIL Borrada | NoEOL
11:45:32| DECODE_Bus: DAD_DLL_VERSION_16.12.25.0
3.0.7.0

46,TX MSG,ICAN11bt500,00 00 07 DF 01 1F 
156,RX MSG,ICAN11bt500,00 00 07 DF 
156,RX MSG,ICAN11bt500,00 00 07 E8 41 1F 00 1B 

11:45:32| sr | Distancia MIL Borrada: 0 | 1
11:45:32|  
11:45:32| ... (01, 33) Presion Barometrica Kpa >>>-----------------------------------------------------------------------
11:45:32| ... SetupMyLastCommResult: ConditionsNotCorrect
11:45:32| ... DoDad | Action: System.Action | tag: GetModePID(01, 33) - Presion Barometrica Kpa
11:45:32| ... GetCallingProcedure | lVehiculoLink
11:45:32| ... GetCallingProcedure | VehiculoLink
11:45:32| ... GetCallingProcedure | VehTest
11:45:32| DoDad-01 | GetModePID(01, 33) - Presion Barometrica Kpa (Open:True,999.99 | lVehiculoLink,VehiculoLink,VehTest)
11:45:32| DoDad-01  ClearCommandLog ...
11:45:32| DoDad-01  Invoke ... (GetModePID(01, 33) - Presion Barometrica Kpa)
11:45:32| DoDad-01  Invoke ... (GetModePID(01, 33) - Presion Barometrica Kpa)  (672)
11:45:32| DoDad-01  CommandLog.Length ...
11:45:32| DoDad-01  CommandLog ... (0)
11:45:32| DoDad-01-CommandLog-Len:216 Siz:216 | iStart: 0
11:45:32| DoDad-01  SerialData.Length ... (414)
11:45:32| DoDad-01 | GetModePID(01, 33) - Presion Barometrica Kpa-SLL:00414,00414-CF:F-DLLInfo:'DAD_DLL_VERSION_16.12.25.0 .. 3.0.7.0'
                    -  DAD_DLL_VERSION_16.12.25.0
                    -  46,TX MSG,ICAN11bt500,00 00 07 DF 01 21 
                    -  46,RX QRY,ICAN11bt500,Delay: 100
                    -  156,RX MSG,ICAN11bt500,00 00 07 DF 
                    -  156,RX MSG,ICAN11bt500,00 00 07 E8 41 21 00 00 
                    -  156,RX MSG,ICAN11bt500,00 00 07 E9 41 21 00 00 
                    -  156,RX QRY,ICAN11bt500,Delay: 100
                    -  269,RX QRY,ICAN11bt500,Delay: 100
                    -  378,RX QRY,ICAN11bt500,Delay: 100
                    -  487,RX QRY,ICAN11bt500,Delay: 100
                    -  597,RX QRY,ICAN11bt500,Delay: 100
                    (0.676 s,F) GetModePID(01, 33) - Presion Barometrica Kpa | NoEOL
11:45:32| DECODE_Bus: DAD_DLL_VERSION_16.12.25.0
3.0.7.0

46,TX MSG,ICAN11bt500,00 00 07 DF 01 21 
156,RX MSG,ICAN11bt500,00 00 07 DF 
156,RX MSG,ICAN11bt500,00 00 07 E8 41 21 00 00 
156,RX MSG,ICAN11bt500,00 00 07 E9 41 21 00 00 

11:45:32| sr | Presion Barometrica Kpa: 0 | 2
11:45:32|  
11:45:32| ... (01, 4D) Tmp MIL on >>>-----------------------------------------------------------------------
11:45:32| ... SetupMyLastCommResult: ConditionsNotCorrect
11:45:32| ... DoDad | Action: System.Action | tag: GetModePID(01, 4D) - Tmp MIL on
11:45:32| ... GetCallingProcedure | lVehiculoLink
11:45:32| ... GetCallingProcedure | VehiculoLink
11:45:32| ... GetCallingProcedure | VehTest
11:45:32| DoDad-01 | GetModePID(01, 4D) - Tmp MIL on (Open:True,999.99 | lVehiculoLink,VehiculoLink,VehTest)
11:45:32| DoDad-01  ClearCommandLog ...
11:45:32| DoDad-01  Invoke ... (GetModePID(01, 4D) - Tmp MIL on)
11:45:33| DoDad-01  Invoke ... (GetModePID(01, 4D) - Tmp MIL on)  (672)
11:45:33| DoDad-01  CommandLog.Length ...
11:45:33| DoDad-01  CommandLog ... (0)
11:45:33| DoDad-01-CommandLog-Len:118 Siz:118 | iStart: 0
11:45:33| DoDad-01  SerialData.Length ... (316)
11:45:33| DoDad-01 | GetModePID(01, 4D) - Tmp MIL on-SLL:00316,00316-CF:F-DLLInfo:'DAD_DLL_VERSION_16.12.25.0 .. 3.0.7.0'
                    -  DAD_DLL_VERSION_16.12.25.0
                    -  46,TX MSG,ICAN11bt500,00 00 07 DF 01 4D 
                    -  46,RX QRY,ICAN11bt500,Delay: 100
                    -  156,RX MSG,ICAN11bt500,00 00 07 DF 
                    -  156,RX QRY,ICAN11bt500,Delay: 100
                    -  265,RX QRY,ICAN11bt500,Delay: 100
                    -  375,RX QRY,ICAN11bt500,Delay: 100
                    -  484,RX QRY,ICAN11bt500,Delay: 100
                    -  593,RX QRY,ICAN11bt500,Delay: 100
                    (0.672 s,F) GetModePID(01, 4D) - Tmp MIL on | NoEOL
11:45:33|  
11:45:33| ... (01, 51) Tipo Combustible >>>-----------------------------------------------------------------------
11:45:33| ... SetupMyLastCommResult: ConditionsNotCorrect
11:45:33| ... DoDad | Action: System.Action | tag: GetModePID(01, 51) - Tipo Combustible
11:45:33| ... GetCallingProcedure | lVehiculoLink
11:45:33| ... GetCallingProcedure | VehiculoLink
11:45:33| ... GetCallingProcedure | VehTest
11:45:33| DoDad-01 | GetModePID(01, 51) - Tipo Combustible (Open:True,999.99 | lVehiculoLink,VehiculoLink,VehTest)
11:45:33| DoDad-01  ClearCommandLog ...
11:45:33| DoDad-01  Invoke ... (GetModePID(01, 51) - Tipo Combustible)
11:45:34| DoDad-01  Invoke ... (GetModePID(01, 51) - Tipo Combustible)  (656)
11:45:34| DoDad-01  CommandLog.Length ...
11:45:34| DoDad-01  CommandLog ... (0)
11:45:34| DoDad-01-CommandLog-Len:164 Siz:164 | iStart: 0
11:45:34| DoDad-01  SerialData.Length ... (362)
11:45:34| DoDad-01 | GetModePID(01, 51) - Tipo Combustible-SLL:00362,00362-CF:F-DLLInfo:'DAD_DLL_VERSION_16.12.25.0 .. 3.0.7.0'
                    -  DAD_DLL_VERSION_16.12.25.0
                    -  31,TX MSG,ICAN11bt500,00 00 07 DF 01 33 
                    -  31,RX QRY,ICAN11bt500,Delay: 100
                    -  140,RX MSG,ICAN11bt500,00 00 07 DF 
                    -  140,RX MSG,ICAN11bt500,00 00 07 E8 41 33 4E 
                    -  140,RX QRY,ICAN11bt500,Delay: 100
                    -  250,RX QRY,ICAN11bt500,Delay: 100
                    -  362,RX QRY,ICAN11bt500,Delay: 100
                    -  472,RX QRY,ICAN11bt500,Delay: 100
                    -  581,RX QRY,ICAN11bt500,Delay: 100
                    (0.675 s,F) GetModePID(01, 51) - Tipo Combustible | NoEOL
11:45:34| DECODE_Bus: DAD_DLL_VERSION_16.12.25.0
3.0.7.0

31,TX MSG,ICAN11bt500,00 00 07 DF 01 33 
140,RX MSG,ICAN11bt500,00 00 07 DF 
140,RX MSG,ICAN11bt500,00 00 07 E8 41 33 4E 

11:45:34| sr | Tipo Combustible: 0 | 1
11:45:34|  
11:45:34| ... (01, 7F) Tmp Marcha Motor >>>-----------------------------------------------------------------------
11:45:34| ... SetupMyLastCommResult: ConditionsNotCorrect
11:45:34| ... DoDad | Action: System.Action | tag: GetModePID(01, 7F) - Tmp Marcha Motor
11:45:34| ... GetCallingProcedure | lVehiculoLink
11:45:34| ... GetCallingProcedure | VehiculoLink
11:45:34| ... GetCallingProcedure | VehTest
11:45:34| DoDad-01 | GetModePID(01, 7F) - Tmp Marcha Motor (Open:True,999.99 | lVehiculoLink,VehiculoLink,VehTest)
11:45:34| DoDad-01  ClearCommandLog ...
11:45:34| DoDad-01  Invoke ... (GetModePID(01, 7F) - Tmp Marcha Motor)
11:45:35| DoDad-01  Invoke ... (GetModePID(01, 7F) - Tmp Marcha Motor)  (672)
11:45:35| DoDad-01  CommandLog.Length ...
11:45:35| DoDad-01  CommandLog ... (0)
11:45:35| DoDad-01-CommandLog-Len:118 Siz:118 | iStart: 0
11:45:35| DoDad-01  SerialData.Length ... (316)
11:45:35| DoDad-01 | GetModePID(01, 7F) - Tmp Marcha Motor-SLL:00316,00316-CF:F-DLLInfo:'DAD_DLL_VERSION_16.12.25.0 .. 3.0.7.0'
                    -  DAD_DLL_VERSION_16.12.25.0
                    -  46,TX MSG,ICAN11bt500,00 00 07 DF 01 7F 
                    -  46,RX QRY,ICAN11bt500,Delay: 100
                    -  156,RX MSG,ICAN11bt500,00 00 07 DF 
                    -  156,RX QRY,ICAN11bt500,Delay: 100
                    -  265,RX QRY,ICAN11bt500,Delay: 100
                    -  375,RX QRY,ICAN11bt500,Delay: 100
                    -  484,RX QRY,ICAN11bt500,Delay: 100
                    -  597,RX QRY,ICAN11bt500,Delay: 100
                    (0.675 s,F) GetModePID(01, 7F) - Tmp Marcha Motor | NoEOL
11:45:35|  
11:45:35| ... (09, 04) Cal ID >>>-----------------------------------------------------------------------
11:45:35| ... SetupMyLastCommResult: ConditionsNotCorrect
11:45:35| ... DoDad | Action: System.Action | tag: GetModePID(09, 04) - Cal ID
11:45:35| ... GetCallingProcedure | lVehiculoLink
11:45:35| ... GetCallingProcedure | VehiculoLink
11:45:35| ... GetCallingProcedure | VehTest
11:45:35| DoDad-01 | GetModePID(09, 04) - Cal ID (Open:True,999.99 | lVehiculoLink,VehiculoLink,VehTest)
11:45:35| DoDad-01  ClearCommandLog ...
11:45:35| DoDad-01  Invoke ... (GetModePID(09, 04) - Cal ID)
11:45:35| DoDad-01  Invoke ... (GetModePID(09, 04) - Cal ID)  (672)
11:45:35| DoDad-01  CommandLog.Length ...
11:45:35| DoDad-01  CommandLog ... (0)
11:45:35| DoDad-01-CommandLog-Len:380 Siz:380 | iStart: 0
11:45:35| DoDad-01  SerialData.Length ... (578)
11:45:35| DoDad-01 | GetModePID(09, 04) - Cal ID-SLL:00578,00578-CF:F-DLLInfo:'DAD_DLL_VERSION_16.12.25.0 .. 3.0.7.0'
                    -  DAD_DLL_VERSION_16.12.25.0
                    -  31,TX MSG,ICAN11bt500,00 00 07 DF 09 04 
                    -  31,RX QRY,ICAN11bt500,Delay: 100
                    -  140,RX MSG,ICAN11bt500,00 00 07 DF 
                    -  140,RX MSG,ICAN11bt500,00 00 07 E8 
                    -  140,RX MSG,ICAN11bt500,00 00 07 E9 
                    -  140,RX MSG,ICAN11bt500,00 00 07 E8 49 04 01 33 45 41 32 38 46 46 42 00 00 00 00 00 00 00 00 
                    -  140,RX MSG,ICAN11bt500,00 00 07 E9 49 04 01 33 43 33 43 37 46 46 35 00 00 00 00 00 00 00 00 
                    -  140,RX QRY,ICAN11bt500,Delay: 100
                    -  250,RX QRY,ICAN11bt500,Delay: 100
                    -  364,RX QRY,ICAN11bt500,Delay: 100
                    -  474,RX QRY,ICAN11bt500,Delay: 100
                    -  583,RX QRY,ICAN11bt500,Delay: 100
                    (0.677 s,F) GetModePID(09, 04) - Cal ID | NoEOL
11:45:35| DECODE_Bus: DAD_DLL_VERSION_16.12.25.0
3.0.7.0

31,TX MSG,ICAN11bt500,00 00 07 DF 09 04 
140,RX MSG,ICAN11bt500,00 00 07 DF 
140,RX MSG,ICAN11bt500,00 00 07 E8 
140,RX MSG,ICAN11bt500,00 00 07 E9 
140,RX MSG,ICAN11bt500,00 00 07 E8 49 04 01 33 45 41 32 38 46 46 42 00 00 00 00 00 00 00 00 
140,RX MSG,ICAN11bt500,00 00 07 E9 49 04 01 33 43 33 43 37 46 46 35 00 00 00 00 00 00 00 00 

11:45:35| sr | Cal ID: 0 | 2
11:45:35|  
11:45:35| ... Get VIN >>>-----------------------------------------------------------------------
11:45:36| DAD_DLL_VERSION_16.12.25.0
3.0.7.0

31,TX MSG,ICAN11bt500,00 00 07 DF 09 04 
140,RX MSG,ICAN11bt500,00 00 07 DF 
140,RX MSG,ICAN11bt500,00 00 07 E8 
140,RX MSG,ICAN11bt500,00 00 07 E9 
140,RX MSG,ICAN11bt500,00 00 07 E8 49 04 01 33 45 41 32 38 46 46 42 00 00 00 00 00 00 00 00 
140,RX MSG,ICAN11bt500,00 00 07 E9 49 04 01 33 43 33 43 37 46 46 35 00 00 00 00 00 00 00 00 
739,TX MSG,ICAN11bt500,00 00 07 DF 09 02 
849,RX MSG,ICAN11bt500,00 00 07 DF 
849,RX MSG,ICAN11bt500,00 00 07 E8 
849,RX MSG,ICAN11bt500,00 00 07 E8 49 02 01 57 42 41 34 48 37 31 30 30 4B 42 4D 37 33 33 39 39 

11:45:36| SR: 0 | 1
11:45:36| ... GetEcuIdFromAddress
11:45:36| ... ByteArrayToHexString | 01 57 42 41 34 48 37 31 30 30 4B 42 4D 37 33 33 39 39
11:45:36| GetVIN | ECU:E8  DLen:018 (01 57 42 41 34 48 37 31 30 30 4B 42 4D 37 33 33 39 39)
11:45:36| ... ByteArrayToHexString | 01,57,42,41,34,48,37,31,30,30,4B,42,4D,37,33,33,39,39
11:45:36| ... CheckForNAK | Ret:False  Len:18  Buf:01,57,42,41,34,48,37,31,30,30,4B,42,4D,37,33,33,39,39  SID:09  PID:02  Prot:'CAN11'
11:45:36| ... ByteArrayToString | WBA4H7100KBM73399
11:45:36| GetVIN | ECU:E8  VIN: Null
11:45:36| DECODE_Bus: DAD_DLL_VERSION_16.12.25.0
3.0.7.0

31,TX MSG,ICAN11bt500,00 00 07 DF 09 04 
140,RX MSG,ICAN11bt500,00 00 07 DF 
140,RX MSG,ICAN11bt500,00 00 07 E8 
140,RX MSG,ICAN11bt500,00 00 07 E9 
140,RX MSG,ICAN11bt500,00 00 07 E8 49 04 01 33 45 41 32 38 46 46 42 00 00 00 00 00 00 00 00 
140,RX MSG,ICAN11bt500,00 00 07 E9 49 04 01 33 43 33 43 37 46 46 35 00 00 00 00 00 00 00 00 
739,TX MSG,ICAN11bt500,00 00 07 DF 09 02 
849,RX MSG,ICAN11bt500,00 00 07 DF 
849,RX MSG,ICAN11bt500,00 00 07 E8 
849,RX MSG,ICAN11bt500,00 00 07 E8 49 02 01 57 42 41 34 48 37 31 30 30 4B 42 4D 37 33 33 39 39 

11:45:36|  
11:45:36| ... Get VOLTAJES >>>-----------------------------------------------------------------------
11:45:36| ... SetupMyLastCommResult: ConditionsNotCorrect
11:45:36| ... DoDad | Action: System.Action | tag: GetModePID(01, 42) - Voltaje
11:45:36| ... GetCallingProcedure | lVehiculoLink
11:45:36| ... GetCallingProcedure | VehiculoLink
11:45:36| ... GetCallingProcedure | VehTest
11:45:36| DoDad-01 | GetModePID(01, 42) - Voltaje (Open:True,999.99 | lVehiculoLink,VehiculoLink,VehTest)
11:45:36| DoDad-01  ClearCommandLog ...
11:45:36| DoDad-01  Invoke ... (GetModePID(01, 42) - Voltaje)
11:45:37| DoDad-01  Invoke ... (GetModePID(01, 42) - Voltaje)  (657)
11:45:37| DoDad-01  CommandLog.Length ...
11:45:37| DoDad-01  CommandLog ... (0)
11:45:37| DoDad-01-CommandLog-Len:118 Siz:118 | iStart: 0
11:45:37| DoDad-01  SerialData.Length ... (316)
11:45:37| DoDad-01 | GetModePID(01, 42) - Voltaje-SLL:00316,00316-CF:F-DLLInfo:'DAD_DLL_VERSION_16.12.25.0 .. 3.0.7.0'
                    -  DAD_DLL_VERSION_16.12.25.0
                    -  31,TX MSG,ICAN11bt500,00 00 07 DF 01 2A 
                    -  31,RX QRY,ICAN11bt500,Delay: 100
                    -  140,RX MSG,ICAN11bt500,00 00 07 DF 
                    -  140,RX QRY,ICAN11bt500,Delay: 100
                    -  250,RX QRY,ICAN11bt500,Delay: 100
                    -  359,RX QRY,ICAN11bt500,Delay: 100
                    -  468,RX QRY,ICAN11bt500,Delay: 100
                    -  578,RX QRY,ICAN11bt500,Delay: 100
                    (0.656 s,F) GetModePID(01, 42) - Voltaje | NoEOL
11:45:37|  
11:45:37| ... Get RPM >>>-----------------------------------------------------------------------
11:45:37| ... SetupMyLastCommResult: ConditionsNotCorrect
11:45:37| ... DoDad | Action: System.Action | tag: GetModePID(01, 0C) - DTC count, MIL
11:45:37| ... GetCallingProcedure | lVehiculoLink
11:45:37| ... GetCallingProcedure | VehiculoLink
11:45:37| ... GetCallingProcedure | VehTest
11:45:37| DoDad-01 | GetModePID(01, 0C) - DTC count, MIL (Open:True,999.99 | lVehiculoLink,VehiculoLink,VehTest)
11:45:37| DoDad-01  ClearCommandLog ...
11:45:37| DoDad-01  Invoke ... (GetModePID(01, 0C) - DTC count, MIL)
11:45:37| DoDad-01  Invoke ... (GetModePID(01, 0C) - DTC count, MIL)  (672)
11:45:37| DoDad-01  CommandLog.Length ...
11:45:37| DoDad-01  CommandLog ... (0)
11:45:37| DoDad-01-CommandLog-Len:216 Siz:216 | iStart: 0
11:45:37| DoDad-01  SerialData.Length ... (414)
11:45:37| DoDad-01 | GetModePID(01, 0C) - DTC count, MIL-SLL:00414,00414-CF:F-DLLInfo:'DAD_DLL_VERSION_16.12.25.0 .. 3.0.7.0'
                    -  DAD_DLL_VERSION_16.12.25.0
                    -  31,TX MSG,ICAN11bt500,00 00 07 DF 01 0C 
                    -  31,RX QRY,ICAN11bt500,Delay: 100
                    -  143,RX MSG,ICAN11bt500,00 00 07 DF 
                    -  143,RX MSG,ICAN11bt500,00 00 07 E8 41 0C 0E EC 
                    -  143,RX MSG,ICAN11bt500,00 00 07 E9 41 0C 0E F0 
                    -  143,RX QRY,ICAN11bt500,Delay: 100
                    -  259,RX QRY,ICAN11bt500,Delay: 100
                    -  368,RX QRY,ICAN11bt500,Delay: 100
                    -  478,RX QRY,ICAN11bt500,Delay: 100
                    -  590,RX QRY,ICAN11bt500,Delay: 100
                    (0.669 s,F) GetModePID(01, 0C) - DTC count, MIL | NoEOL
11:45:37| DECODE_Bus: DAD_DLL_VERSION_16.12.25.0
3.0.7.0

31,TX MSG,ICAN11bt500,00 00 07 DF 01 0C 
143,RX MSG,ICAN11bt500,00 00 07 DF 
143,RX MSG,ICAN11bt500,00 00 07 E8 41 0C 0E EC 
143,RX MSG,ICAN11bt500,00 00 07 E9 41 0C 0E F0 

11:45:37| zipESP: 00 00 07 E8 41 0C 0E EC | 000007E8410C0EEC
11:45:37| DECODE_RPM: 000007E8410C0EEC
11:45:37| sr | Get RPM(1): 0 | 2
11:45:37| ... SetupMyLastCommResult: ConditionsNotCorrect
11:45:38| ... DoDad | Action: System.Action | tag: GetModePID(01, 0C) - DTC count, MIL
11:45:38| ... GetCallingProcedure | lVehiculoLink
11:45:38| ... GetCallingProcedure | VehiculoLink
11:45:38| ... GetCallingProcedure | VehTest
11:45:38| DoDad-01 | GetModePID(01, 0C) - DTC count, MIL (Open:True,999.99 | lVehiculoLink,VehiculoLink,VehTest)
11:45:38| DoDad-01  ClearCommandLog ...
11:45:38| DoDad-01  Invoke ... (GetModePID(01, 0C) - DTC count, MIL)
11:45:38| DoDad-01  Invoke ... (GetModePID(01, 0C) - DTC count, MIL)  (671)
11:45:38| DoDad-01  CommandLog.Length ...
11:45:38| DoDad-01  CommandLog ... (0)
11:45:38| DoDad-01-CommandLog-Len:216 Siz:216 | iStart: 0
11:45:38| DoDad-01  SerialData.Length ... (414)
11:45:38| DoDad-01 | GetModePID(01, 0C) - DTC count, MIL-SLL:00414,00414-CF:F-DLLInfo:'DAD_DLL_VERSION_16.12.25.0 .. 3.0.7.0'
                    -  DAD_DLL_VERSION_16.12.25.0
                    -  46,TX MSG,ICAN11bt500,00 00 07 DF 01 0C 
                    -  46,RX QRY,ICAN11bt500,Delay: 100
                    -  156,RX MSG,ICAN11bt500,00 00 07 DF 
                    -  156,RX MSG,ICAN11bt500,00 00 07 E8 41 0C 0F 22 
                    -  156,RX MSG,ICAN11bt500,00 00 07 E9 41 0C 0F 20 
                    -  156,RX QRY,ICAN11bt500,Delay: 100
                    -  265,RX QRY,ICAN11bt500,Delay: 100
                    -  375,RX QRY,ICAN11bt500,Delay: 100
                    -  484,RX QRY,ICAN11bt500,Delay: 100
                    -  593,RX QRY,ICAN11bt500,Delay: 100
                    (0.672 s,F) GetModePID(01, 0C) - DTC count, MIL | NoEOL
11:45:38| DECODE_Bus: DAD_DLL_VERSION_16.12.25.0
3.0.7.0

46,TX MSG,ICAN11bt500,00 00 07 DF 01 0C 
156,RX MSG,ICAN11bt500,00 00 07 DF 
156,RX MSG,ICAN11bt500,00 00 07 E8 41 0C 0F 22 
156,RX MSG,ICAN11bt500,00 00 07 E9 41 0C 0F 20 

11:45:38| zipESP: 00 00 07 E8 41 0C 0F 22 | 000007E8410C0F22
11:45:38| DECODE_RPM: 000007E8410C0F22
11:45:38| sr | Get RPM(2): 0 | 2
11:45:38| ... SetupMyLastCommResult: ConditionsNotCorrect
11:45:38| ... DoDad | Action: System.Action | tag: GetModePID(01, 0C) - DTC count, MIL
11:45:38| ... GetCallingProcedure | lVehiculoLink
11:45:38| ... GetCallingProcedure | VehiculoLink
11:45:38| ... GetCallingProcedure | VehTest
11:45:38| DoDad-01 | GetModePID(01, 0C) - DTC count, MIL (Open:True,999.99 | lVehiculoLink,VehiculoLink,VehTest)
11:45:38| DoDad-01  ClearCommandLog ...
11:45:38| DoDad-01  Invoke ... (GetModePID(01, 0C) - DTC count, MIL)
11:45:39| DoDad-01  Invoke ... (GetModePID(01, 0C) - DTC count, MIL)  (656)
11:45:39| DoDad-01  CommandLog.Length ...
11:45:39| DoDad-01  CommandLog ... (0)
11:45:39| DoDad-01-CommandLog-Len:216 Siz:216 | iStart: 0
11:45:39| DoDad-01  SerialData.Length ... (414)
11:45:39| DoDad-01 | GetModePID(01, 0C) - DTC count, MIL-SLL:00414,00414-CF:F-DLLInfo:'DAD_DLL_VERSION_16.12.25.0 .. 3.0.7.0'
                    -  DAD_DLL_VERSION_16.12.25.0
                    -  35,TX MSG,ICAN11bt500,00 00 07 DF 01 0C 
                    -  35,RX QRY,ICAN11bt500,Delay: 100
                    -  144,RX MSG,ICAN11bt500,00 00 07 DF 
                    -  144,RX MSG,ICAN11bt500,00 00 07 E8 41 0C 0E EA 
                    -  144,RX MSG,ICAN11bt500,00 00 07 E9 41 0C 0E F4 
                    -  144,RX QRY,ICAN11bt500,Delay: 100
                    -  257,RX QRY,ICAN11bt500,Delay: 100
                    -  366,RX QRY,ICAN11bt500,Delay: 100
                    -  476,RX QRY,ICAN11bt500,Delay: 100
                    -  585,RX QRY,ICAN11bt500,Delay: 100
                    (0.660 s,F) GetModePID(01, 0C) - DTC count, MIL | NoEOL
11:45:39| DECODE_Bus: DAD_DLL_VERSION_16.12.25.0
3.0.7.0

35,TX MSG,ICAN11bt500,00 00 07 DF 01 0C 
144,RX MSG,ICAN11bt500,00 00 07 DF 
144,RX MSG,ICAN11bt500,00 00 07 E8 41 0C 0E EA 
144,RX MSG,ICAN11bt500,00 00 07 E9 41 0C 0E F4 

11:45:39| zipESP: 00 00 07 E8 41 0C 0E EA | 000007E8410C0EEA
11:45:39| DECODE_RPM: 000007E8410C0EEA
11:45:39| sr | Get RPM(3): 0 | 2
11:45:39| ... SetupMyLastCommResult: ConditionsNotCorrect
11:45:39| ... DoDad | Action: System.Action | tag: GetModePID(01, 0C) - DTC count, MIL
11:45:39| ... GetCallingProcedure | lVehiculoLink
11:45:39| ... GetCallingProcedure | VehiculoLink
11:45:39| ... GetCallingProcedure | VehTest
11:45:39| DoDad-01 | GetModePID(01, 0C) - DTC count, MIL (Open:True,999.99 | lVehiculoLink,VehiculoLink,VehTest)
11:45:39| DoDad-01  ClearCommandLog ...
11:45:39| DoDad-01  Invoke ... (GetModePID(01, 0C) - DTC count, MIL)
11:45:40| DoDad-01  Invoke ... (GetModePID(01, 0C) - DTC count, MIL)  (672)
11:45:40| DoDad-01  CommandLog.Length ...
11:45:40| DoDad-01  CommandLog ... (0)
11:45:40| DoDad-01-CommandLog-Len:216 Siz:216 | iStart: 0
11:45:40| DoDad-01  SerialData.Length ... (414)
11:45:40| DoDad-01 | GetModePID(01, 0C) - DTC count, MIL-SLL:00414,00414-CF:F-DLLInfo:'DAD_DLL_VERSION_16.12.25.0 .. 3.0.7.0'
                    -  DAD_DLL_VERSION_16.12.25.0
                    -  31,TX MSG,ICAN11bt500,00 00 07 DF 01 0C 
                    -  46,RX QRY,ICAN11bt500,Delay: 100
                    -  156,RX MSG,ICAN11bt500,00 00 07 DF 
                    -  156,RX MSG,ICAN11bt500,00 00 07 E8 41 0C 0E CE 
                    -  156,RX MSG,ICAN11bt500,00 00 07 E9 41 0C 0E CC 
                    -  156,RX QRY,ICAN11bt500,Delay: 100
                    -  265,RX QRY,ICAN11bt500,Delay: 100
                    -  378,RX QRY,ICAN11bt500,Delay: 100
                    -  491,RX QRY,ICAN11bt500,Delay: 100
                    -  600,RX QRY,ICAN11bt500,Delay: 100
                    (0.679 s,F) GetModePID(01, 0C) - DTC count, MIL | NoEOL
11:45:40| DECODE_Bus: DAD_DLL_VERSION_16.12.25.0
3.0.7.0

31,TX MSG,ICAN11bt500,00 00 07 DF 01 0C 
156,RX MSG,ICAN11bt500,00 00 07 DF 
156,RX MSG,ICAN11bt500,00 00 07 E8 41 0C 0E CE 
156,RX MSG,ICAN11bt500,00 00 07 E9 41 0C 0E CC 

11:45:40| zipESP: 00 00 07 E8 41 0C 0E CE | 000007E8410C0ECE
11:45:40| DECODE_RPM: 000007E8410C0ECE
11:45:40| sr | Get RPM(4): 0 | 2
11:45:40| Success
11:45:40| InitIMCleanDevice | DeviceVoltage:13.5
11:45:40| InitIMCleanDevice | DeviceVoltageDLC:13.8
11:45:40| ... >>>-----------------------------------------------------------------------
11:45:40| ... >>>-----------------------------------------------------------------------
11:45:40| VIN: WBA4H7100KBM73399
11:45:40| MON: Mil:0| Msi:110 | Ccm:110 | Cmb:110 | O2s:110 | Cat:110 | Ccc:009 | Evs:009 | Sas:009 | Faa:009 | O2c:110
11:45:40| DTC: 
11:45:40| Voltage: 13.5
11:45:40| VoltageDLC: 13.8
11:45:40| Pid0101 : 00 00 07 E8 41 01 00 07 E1 00
11:45:40| Pid0300 : 00 00 07 E8 43 00
11:45:40| Pid0121 : 00 00 07 E8 41 21 00 00
11:45:40| Pid0131 : Null
11:45:40| Pid0133 : 00 00 07 E8 41 33 4E
11:45:40| Pid011F : 00 00 07 E8 41 1F 00 1B
11:45:40| Pid017F : Null
11:45:40| Pid014D : Null
11:45:40| Pid0951 : Null
11:45:40| Pid0902 : 00 00 07 E8 49 02 01 57 42 41 34 48 37 31 30 30 4B 42 4D 37 33 33 39 39
11:45:40| Pid0904 : 00 00 07 E8 49 04 01 33 45 41 32 38 46 46 42 00 00 00 00 00 00 00 00
11:45:40| Pid010C: 00 00 07 E8 41 0C 0E CE
11:45:40| RPM: 948 | 1: 955 | 2: 968 | 3: 954
11:45:40| *** Connect ... EOF()
11:45:40| VehiculoLink: Pass: Inspección vehicular OBD concluido.
11:56:10|  
11:56:10| ... Connect_OBD ===================================================================================================================
11:56:10|  
11:56:10| ... GetCallingProcedure | lVehiculoLink
11:56:10| ... GetCallingProcedure | VehiculoLink
11:56:10| ... GetCallingProcedure | VehTest
11:56:10| ... IncrementActiveCount | 1
11:56:10| ... GetCallingProcedure | OpusIMCleanOBDdrv.Module1:Connect_OBD
11:56:10| ... GetCallingProcedure | OpusIMCleanOBDdrv.Module1:lVehiculoLink
11:56:10| ... GetCallingProcedure | OpusIMCleanOBDdrv.IMCleanOBD:VehiculoLink
11:56:10| ... MyDADStatus | LCR:ConditionsNotCorrect,Unknown
11:56:10| ... Connect | ---------------- Connect --------------- SC:'' (LCR:ConditionsNotCorrect,Unknown) (lVehiculoLink,VehiculoLink,VehTest)
11:56:10| GetDAD | Starting ... Cnt:00006,00 Opn:T (Connect)
11:56:10| GetDAD | Success ... Cnt:00006,01 Opn:T (Connect, Connect)
11:56:10| ... Connect | 1 | GetDAD =Connect
11:56:10| ... SetupMyLastCommResult: InvalidData
11:56:10| ... MyDad.Initialize 
11:56:10| ... DoDad | Action: System.Action | tag: Initialize
11:56:10| ... GetCallingProcedure | lVehiculoLink
11:56:10| ... GetCallingProcedure | VehiculoLink
11:56:10| ... GetCallingProcedure | VehTest
11:56:10| DoDad-01 | Initialize (Open:True,999.99 | lVehiculoLink,VehiculoLink,VehTest)
11:56:10| DoDad-01  ClearCommandLog ...
11:56:10| DoDad-01  Invoke ... (Initialize)
11:56:15| ... SetupVehicleIsLinked
11:56:15| ... GetCallingProcedure | SetupMyLastCommResult
11:56:15| ... GetCallingProcedure | _Lambda$__0
11:56:15| ... GetCallingProcedure | DoDad
11:56:15| ... SetupMyLastCommResult: Success
11:56:15| DoDad-01  Invoke ... (Initialize)  (4687)
11:56:15| DoDad-01  CommandLog.Length ...
11:56:15| DoDad-01  CommandLog ... (0)
11:56:15| DoDad-01-CommandLog-Len:320 Siz:320 | iStart: 0
11:56:15| DoDad-01  SerialData.Length ... (537)
11:56:15| DoDad-01 | Initialize-SLL:00537,00537-CF:F-DLLInfo:'DAD_DLL_VERSION_16.12.25.0 .. 3.0.7.0'
                    -  DAD_DLL_VERSION_16.12.25.0
                    -  594,TX MSG,JVPW1850,68 6A F1 01 00 
                    -  609,RX QRY,JVPW1850,Delay: 100
                    -  719,RX QRY,JVPW1850,Delay: 100
                    -  828,RX QRY,JVPW1850,Delay: 100
                    -  938,TX MSG,JPWM1850,61 6A F1 01 00 
                    -  953,TX MSG,I914**,33 
                    -  3417,TX MSG,KWPS8FE9,C2 33 F1 01 00 
                    -  3463,RX QRY,KWPS8FE9,Delay: 100
                    -  3573,RX MSG,KWPS8FE9,
                    -  3573,RX MSG,KWPS8FE9,86 F1 10 41 00 BE 3E B8 11 
                    -  3573,RX QRY,KWPS8FE9,Delay: 100
                    -  3682,RX QRY,KWPS8FE9,Delay: 100
                    -  3854,RX QRY,KWPS8FE9,Delay: 512
                    -  4370,RX MSG,KWPS8FE9,
                    -  4370,RX MSG,KWPS8FE9,86 F1 10 41 00 BE 3E B8 11
                    (4.706 s,F) Initialize | 
11:56:15| ... MyLastResult | Success,Unknown,True->True
11:56:15| Connect | Init-Rty:2 (Success,Unknown,True->True | 4.80) | lVehiculoLink,VehiculoLink,VehTest
11:56:15| ... MyDad.Initialize > Success
11:56:15| DrewProtocol2MyProtocol | In:'KWPS8FE9'  Out:'KWD 2000-S' (CAN:False)
11:56:15| ... GetCallingProcedure | Connect_OBD
11:56:15| ... GetCallingProcedure | lVehiculoLink
11:56:15| ... GetCallingProcedure | VehiculoLink
11:56:15| GetSupportedPIDs | Starting ... (Mode:1) (Connect_OBD,lVehiculoLink,VehiculoLink)
11:56:15| ... SetupMyLastCommResult: InvalidData
11:56:15| ... DoDad | Action: System.Action | tag: GetModePID(01, 00) - PID support mask
11:56:15| ... GetCallingProcedure | Connect_OBD
11:56:15| ... GetCallingProcedure | lVehiculoLink
11:56:15| ... GetCallingProcedure | VehiculoLink
11:56:15| DoDad-01 | GetModePID(01, 00) - PID support mask (Open:True,999.99 | Connect_OBD,lVehiculoLink,VehiculoLink)
11:56:15| DoDad-01  ClearCommandLog ...
11:56:15| DoDad-01  Invoke ... (GetModePID(01, 00) - PID support mask)
11:56:16| DoDad-01  Invoke ... (GetModePID(01, 00) - PID support mask)  (1156)
11:56:16| DoDad-01  CommandLog.Length ...
11:56:16| DoDad-01  CommandLog ... (0)
11:56:16| DoDad-01-CommandLog-Len:150 Siz:150 | iStart: 0
11:56:16| DoDad-01  SerialData.Length ... (846)
11:56:16| DoDad-01 | GetModePID(01, 00) - PID support mask-SLL:00846,00846-CF:F-DLLInfo:'DAD_DLL_VERSION_16.12.25.0 .. 3.0.7.0'
                    -  DAD_DLL_VERSION_16.12.25.0
                    -  594,TX MSG,JVPW1850,68 6A F1 01 00 
                    -  609,RX QRY,JVPW1850,Delay: 100
                    -  719,RX QRY,JVPW1850,Delay: 100
                    -  828,RX QRY,JVPW1850,Delay: 100
                    -  938,TX MSG,JPWM1850,61 6A F1 01 00 
                    -  953,TX MSG,I914**,33 
                    -  3417,TX MSG,KWPS8FE9,C2 33 F1 01 00 
                    -  3463,RX QRY,KWPS8FE9,Delay: 100
                    -  3573,RX MSG,KWPS8FE9,
                    -  3573,RX MSG,KWPS8FE9,86 F1 10 41 00 BE 3E B8 11 
                    -  3573,RX QRY,KWPS8FE9,Delay: 100
                    -  3682,RX QRY,KWPS8FE9,Delay: 100
                    -  3854,RX QRY,KWPS8FE9,Delay: 512
                    -  4370,RX MSG,KWPS8FE9,
                    -  4370,RX MSG,KWPS8FE9,86 F1 10 41 00 BE 3E B8 11 
                    -  5272,TX MSG,KWPS8FE9,C2 33 F1 01 00 
                    -  5303,RX QRY,KWPS8FE9,Delay: 100
                    -  5413,RX MSG,KWPS8FE9,
                    -  5413,RX MSG,KWPS8FE9,86 F1 10 41 00 BE 3E B8 11 
                    -  5413,RX QRY,KWPS8FE9,Delay: 100
                    -  5522,RX QRY,KWPS8FE9,Delay: 100
                    -  5632,RX QRY,KWPS8FE9,Delay: 100
                    -  5741,RX QRY,KWPS8FE9,Delay: 100
                    -  5850,RX QRY,KWPS8FE9,Delay: 100
                    (1.176 s,F) GetModePID(01, 00) - PID support mask | NoEOL
11:56:16| ... SetupVehicleIsLinked
11:56:16| ... GetCallingProcedure | SetupMyLastCommResult
11:56:16| ... GetCallingProcedure | GetSupportedPIDs
11:56:16| ... GetCallingProcedure | Connect_OBD
11:56:16| ... SetupMyLastCommResult: Success
11:56:16| ... MyLastResult | Success,Unknown,True->True
11:56:16|  (Result:Success,Unknown,True->True)
11:56:16| GetSupportedPIDs | PID00 RspCnt:1
11:56:16| ... GetEcuIdFromAddress
11:56:16| ... ByteArrayToHexString | 10
11:56:16| ... ByteArrayToHexString | BE3EB811
11:56:16| ... DT_DataToString | Adr:10,Mod:01,PID:00,Dat:BE3EB811
11:56:16| GetSupportedPIDS | Data-Adr:10,Mod:01,PID:00,Dat:BE3EB811
11:56:16| SSBAFOB | MdPID:01,00 ECU:10 ...  InCnt:4 (BE,3E,B8,11,BC:017) SrtIdx:001
11:56:16| ... SetSupportedBitArrayFromObdBytes | BitAryLen:256  BitSetCnt:018  BAI:4-4,01,03,04,05,06,07,0B,0C,0D,0E,0F,11,13,14,15,1C,20
11:56:16| 2 | GetSupportedPIDs | 1-10-DBG3 -------------- 0,1,2,3,4,5,6,7, 8,9,A,B,C,D,E,F, G,H,I,J,K,L,M,N, O,P,Q,R,S,T,U,V
11:56:16| 2 | GetSupportedPIDs | 1-10-DBG3 000-00_00-020: T,T,F,T,T,T,T,T, F,F,F,T,T,T,T,T, F,T,F,T,T,T,F,F, F,F,F,F,T,F,F,F
11:56:16| 2 | GetSupportedPIDs | 1-10-DBG3 032-20_20-040: T,F,F,F,F,F,F,F, F,F,F,F,F,F,F,F, F,F,F,F,F,F,F,F, F,F,F,F,F,F,F,F
11:56:16| 2 | GetSupportedPIDs | 1-10-DBG3 064-40_40-060: F,F,F,F,F,F,F,F, F,F,F,F,F,F,F,F, F,F,F,F,F,F,F,F, F,F,F,F,F,F,F,F
11:56:16| 2 | GetSupportedPIDs | 1-10-DBG3 096-60_60-080: F,F,F,F,F,F,F,F, F,F,F,F,F,F,F,F, F,F,F,F,F,F,F,F, F,F,F,F,F,F,F,F
11:56:16| 2 | GetSupportedPIDs | 1-10-DBG3 128-80_80-0A0: F,F,F,F,F,F,F,F, F,F,F,F,F,F,F,F, F,F,F,F,F,F,F,F, F,F,F,F,F,F,F,F
11:56:16| 2 | GetSupportedPIDs | 1-10-DBG3 160-A0_A0-0C0: F,F,F,F,F,F,F,F, F,F,F,F,F,F,F,F, F,F,F,F,F,F,F,F, F,F,F,F,F,F,F,F
11:56:16| 2 | GetSupportedPIDs | 1-10-DBG3 192-C0_C0-0E0: F,F,F,F,F,F,F,F, F,F,F,F,F,F,F,F, F,F,F,F,F,F,F,F, F,F,F,F,F,F,F,F
11:56:16| 2 | GetSupportedPIDs | 1-10-DBG3 224-E0_E0-100: F,F,F,F,F,F,F,F, F,F,F,F,F,F,F,F, F,F,F,F,F,F,F,F, F,F,F,F,F,F,F,F  (T:018 F:238)
11:56:16| ... LogBitArray | 8
11:56:16| ... SetupMyLastCommResult: InvalidData
11:56:16| ... DoDad | Action: System.Action | tag: GetModePID(01, 20) - PID support mask
11:56:16| ... GetCallingProcedure | Connect_OBD
11:56:16| ... GetCallingProcedure | lVehiculoLink
11:56:16| ... GetCallingProcedure | VehiculoLink
11:56:16| DoDad-01 | GetModePID(01, 20) - PID support mask (Open:True,999.99 | Connect_OBD,lVehiculoLink,VehiculoLink)
11:56:16| DoDad-01  ClearCommandLog ...
11:56:16| DoDad-01  Invoke ... (GetModePID(01, 20) - PID support mask)
11:56:17| DoDad-01  Invoke ... (GetModePID(01, 20) - PID support mask)  (1156)
11:56:17| DoDad-01  CommandLog.Length ...
11:56:17| DoDad-01  CommandLog ... (0)
11:56:17| DoDad-01-CommandLog-Len:150 Siz:150 | iStart: 0
11:56:17| DoDad-01  SerialData.Length ... (1155)
11:56:17| DoDad-01 | GetModePID(01, 20) - PID support mask-SLL:01155,01155-CF:F-DLLInfo:'DAD_DLL_VERSION_16.12.25.0 .. 3.0.7.0'
                    -  DAD_DLL_VERSION_16.12.25.0
                    -  594,TX MSG,JVPW1850,68 6A F1 01 00 
                    -  609,RX QRY,JVPW1850,Delay: 100
                    -  719,RX QRY,JVPW1850,Delay: 100
                    -  828,RX QRY,JVPW1850,Delay: 100
                    -  938,TX MSG,JPWM1850,61 6A F1 01 00 
                    -  953,TX MSG,I914**,33 
                    -  3417,TX MSG,KWPS8FE9,C2 33 F1 01 00 
                    -  3463,RX QRY,KWPS8FE9,Delay: 100
                    -  3573,RX MSG,KWPS8FE9,
                    -  3573,RX MSG,KWPS8FE9,86 F1 10 41 00 BE 3E B8 11 
                    -  3573,RX QRY,KWPS8FE9,Delay: 100
                    -  3682,RX QRY,KWPS8FE9,Delay: 100
                    -  3854,RX QRY,KWPS8FE9,Delay: 512
                    -  4370,RX MSG,KWPS8FE9,
                    -  4370,RX MSG,KWPS8FE9,86 F1 10 41 00 BE 3E B8 11 
                    -  5272,TX MSG,KWPS8FE9,C2 33 F1 01 00 
                    -  5303,RX QRY,KWPS8FE9,Delay: 100
                    -  5413,RX MSG,KWPS8FE9,
                    -  5413,RX MSG,KWPS8FE9,86 F1 10 41 00 BE 3E B8 11 
                    -  5413,RX QRY,KWPS8FE9,Delay: 100
                    -  5522,RX QRY,KWPS8FE9,Delay: 100
                    -  5632,RX QRY,KWPS8FE9,Delay: 100
                    -  5741,RX QRY,KWPS8FE9,Delay: 100
                    -  5850,RX QRY,KWPS8FE9,Delay: 100
                    -  6584,TX MSG,KWPS8FE9,C2 33 F1 01 20 
                    -  6622,RX QRY,KWPS8FE9,Delay: 100
                    -  6730,RX MSG,KWPS8FE9,
                    -  6730,RX MSG,KWPS8FE9,86 F1 10 41 20 80 00 00 01 
                    -  6730,RX QRY,KWPS8FE9,Delay: 100
                    -  6839,RX QRY,KWPS8FE9,Delay: 100
                    -  6949,RX QRY,KWPS8FE9,Delay: 100
                    -  7058,RX QRY,KWPS8FE9,Delay: 100
                    -  7167,RX QRY,KWPS8FE9,Delay: 100
                    (1.176 s,F) GetModePID(01, 20) - PID support mask | NoEOL
11:56:17| ... SetupVehicleIsLinked
11:56:17| ... GetCallingProcedure | SetupMyLastCommResult
11:56:17| ... GetCallingProcedure | GetSupportedPIDs
11:56:17| ... GetCallingProcedure | Connect_OBD
11:56:17| ... SetupMyLastCommResult: Success
11:56:17| ... MyLastResult | Success,Unknown,True->True
11:56:17|  (Result:Success,Unknown,True->True)
11:56:17| GetSupportedPIDs | PID20 RspCnt:1
11:56:17| ... GetEcuIdFromAddress
11:56:17| ... ByteArrayToHexString | 10
11:56:17| ... ByteArrayToHexString | 80000001
11:56:17| ... DT_DataToString | Adr:10,Mod:01,PID:20,Dat:80000001
11:56:17| GetSupportedPIDS | Data-Adr:10,Mod:01,PID:20,Dat:80000001
11:56:17| SSBAFOB | MdPID:01,20 ECU:10 ...  InCnt:4 (80,00,00,01,BC:002) SrtIdx:033
11:56:17| ... SetSupportedBitArrayFromObdBytes | BitAryLen:256  BitSetCnt:020  BAI:4-4,21,40
11:56:17| 2 | GetSupportedPIDs | 1-10-DBG3 -------------- 0,1,2,3,4,5,6,7, 8,9,A,B,C,D,E,F, G,H,I,J,K,L,M,N, O,P,Q,R,S,T,U,V
11:56:17| 2 | GetSupportedPIDs | 1-10-DBG3 000-00_00-020: T,T,F,T,T,T,T,T, F,F,F,T,T,T,T,T, F,T,F,T,T,T,F,F, F,F,F,F,T,F,F,F
11:56:17| 2 | GetSupportedPIDs | 1-10-DBG3 032-20_20-040: T,T,F,F,F,F,F,F, F,F,F,F,F,F,F,F, F,F,F,F,F,F,F,F, F,F,F,F,F,F,F,F
11:56:17| 2 | GetSupportedPIDs | 1-10-DBG3 064-40_40-060: T,F,F,F,F,F,F,F, F,F,F,F,F,F,F,F, F,F,F,F,F,F,F,F, F,F,F,F,F,F,F,F
11:56:17| 2 | GetSupportedPIDs | 1-10-DBG3 096-60_60-080: F,F,F,F,F,F,F,F, F,F,F,F,F,F,F,F, F,F,F,F,F,F,F,F, F,F,F,F,F,F,F,F
11:56:17| 2 | GetSupportedPIDs | 1-10-DBG3 128-80_80-0A0: F,F,F,F,F,F,F,F, F,F,F,F,F,F,F,F, F,F,F,F,F,F,F,F, F,F,F,F,F,F,F,F
11:56:17| 2 | GetSupportedPIDs | 1-10-DBG3 160-A0_A0-0C0: F,F,F,F,F,F,F,F, F,F,F,F,F,F,F,F, F,F,F,F,F,F,F,F, F,F,F,F,F,F,F,F
11:56:17| 2 | GetSupportedPIDs | 1-10-DBG3 192-C0_C0-0E0: F,F,F,F,F,F,F,F, F,F,F,F,F,F,F,F, F,F,F,F,F,F,F,F, F,F,F,F,F,F,F,F
11:56:17| 2 | GetSupportedPIDs | 1-10-DBG3 224-E0_E0-100: F,F,F,F,F,F,F,F, F,F,F,F,F,F,F,F, F,F,F,F,F,F,F,F, F,F,F,F,F,F,F,F  (T:020 F:236)
11:56:17| ... LogBitArray | 8
11:56:17| ... SetupMyLastCommResult: InvalidData
11:56:17| ... DoDad | Action: System.Action | tag: GetModePID(01, 40) - PID support mask
11:56:17| ... GetCallingProcedure | Connect_OBD
11:56:17| ... GetCallingProcedure | lVehiculoLink
11:56:17| ... GetCallingProcedure | VehiculoLink
11:56:17| DoDad-01 | GetModePID(01, 40) - PID support mask (Open:True,999.99 | Connect_OBD,lVehiculoLink,VehiculoLink)
11:56:17| DoDad-01  ClearCommandLog ...
11:56:17| DoDad-01  Invoke ... (GetModePID(01, 40) - PID support mask)
11:56:19| DoDad-01  Invoke ... (GetModePID(01, 40) - PID support mask)  (1172)
11:56:19| DoDad-01  CommandLog.Length ...
11:56:19| DoDad-01  CommandLog ... (0)
11:56:19| DoDad-01-CommandLog-Len:150 Siz:150 | iStart: 0
11:56:19| DoDad-01  SerialData.Length ... (1464)
11:56:19| DoDad-01 | GetModePID(01, 40) - PID support mask-SLL:01464,01464-CF:F-DLLInfo:'DAD_DLL_VERSION_16.12.25.0 .. 3.0.7.0'
                    -  DAD_DLL_VERSION_16.12.25.0
                    -  594,TX MSG,JVPW1850,68 6A F1 01 00 
                    -  609,RX QRY,JVPW1850,Delay: 100
                    -  719,RX QRY,JVPW1850,Delay: 100
                    -  828,RX QRY,JVPW1850,Delay: 100
                    -  938,TX MSG,JPWM1850,61 6A F1 01 00 
                    -  953,TX MSG,I914**,33 
                    -  3417,TX MSG,KWPS8FE9,C2 33 F1 01 00 
                    -  3463,RX QRY,KWPS8FE9,Delay: 100
                    -  3573,RX MSG,KWPS8FE9,
                    -  3573,RX MSG,KWPS8FE9,86 F1 10 41 00 BE 3E B8 11 
                    -  3573,RX QRY,KWPS8FE9,Delay: 100
                    -  3682,RX QRY,KWPS8FE9,Delay: 100
                    -  3854,RX QRY,KWPS8FE9,Delay: 512
                    -  4370,RX MSG,KWPS8FE9,
                    -  4370,RX MSG,KWPS8FE9,86 F1 10 41 00 BE 3E B8 11 
                    -  5272,TX MSG,KWPS8FE9,C2 33 F1 01 00 
                    -  5303,RX QRY,KWPS8FE9,Delay: 100
                    -  5413,RX MSG,KWPS8FE9,
                    -  5413,RX MSG,KWPS8FE9,86 F1 10 41 00 BE 3E B8 11 
                    -  5413,RX QRY,KWPS8FE9,Delay: 100
                    -  5522,RX QRY,KWPS8FE9,Delay: 100
                    -  5632,RX QRY,KWPS8FE9,Delay: 100
                    -  5741,RX QRY,KWPS8FE9,Delay: 100
                    -  5850,RX QRY,KWPS8FE9,Delay: 100
                    -  6584,TX MSG,KWPS8FE9,C2 33 F1 01 20 
                    -  6622,RX QRY,KWPS8FE9,Delay: 100
                    -  6730,RX MSG,KWPS8FE9,
                    -  6730,RX MSG,KWPS8FE9,86 F1 10 41 20 80 00 00 01 
                    -  6730,RX QRY,KWPS8FE9,Delay: 100
                    -  6839,RX QRY,KWPS8FE9,Delay: 100
                    -  6949,RX QRY,KWPS8FE9,Delay: 100
                    -  7058,RX QRY,KWPS8FE9,Delay: 100
                    -  7167,RX QRY,KWPS8FE9,Delay: 100
                    -  7905,TX MSG,KWPS8FE9,C2 33 F1 01 40 
                    -  7937,RX QRY,KWPS8FE9,Delay: 100
                    -  8046,RX MSG,KWPS8FE9,
                    -  8046,RX MSG,KWPS8FE9,86 F1 10 41 40 00 00 04 00 
                    -  8046,RX QRY,KWPS8FE9,Delay: 100
                    -  8156,RX QRY,KWPS8FE9,Delay: 100
                    -  8265,RX QRY,KWPS8FE9,Delay: 100
                    -  8374,RX QRY,KWPS8FE9,Delay: 100
                    -  8484,RX QRY,KWPS8FE9,Delay: 100
                    (1.177 s,F) GetModePID(01, 40) - PID support mask | NoEOL
11:56:19| ... SetupVehicleIsLinked
11:56:19| ... GetCallingProcedure | SetupMyLastCommResult
11:56:19| ... GetCallingProcedure | GetSupportedPIDs
11:56:19| ... GetCallingProcedure | Connect_OBD
11:56:19| ... SetupMyLastCommResult: Success
11:56:19| ... MyLastResult | Success,Unknown,True->True
11:56:19|  (Result:Success,Unknown,True->True)
11:56:19| GetSupportedPIDs | PID40 RspCnt:1
11:56:19| ... GetEcuIdFromAddress
11:56:19| ... ByteArrayToHexString | 10
11:56:19| ... ByteArrayToHexString | 00000400
11:56:19| ... DT_DataToString | Adr:10,Mod:01,PID:40,Dat:00000400
11:56:19| GetSupportedPIDS | Data-Adr:10,Mod:01,PID:40,Dat:00000400
11:56:19| SSBAFOB | MdPID:01,40 ECU:10 ...  InCnt:4 (00,00,04,00,BC:001) SrtIdx:065
11:56:19| ... SetSupportedBitArrayFromObdBytes | BitAryLen:256  BitSetCnt:021  BAI:4-4,56
11:56:19| 2 | GetSupportedPIDs | 1-10-DBG3 -------------- 0,1,2,3,4,5,6,7, 8,9,A,B,C,D,E,F, G,H,I,J,K,L,M,N, O,P,Q,R,S,T,U,V
11:56:19| 2 | GetSupportedPIDs | 1-10-DBG3 000-00_00-020: T,T,F,T,T,T,T,T, F,F,F,T,T,T,T,T, F,T,F,T,T,T,F,F, F,F,F,F,T,F,F,F
11:56:19| 2 | GetSupportedPIDs | 1-10-DBG3 032-20_20-040: T,T,F,F,F,F,F,F, F,F,F,F,F,F,F,F, F,F,F,F,F,F,F,F, F,F,F,F,F,F,F,F
11:56:19| 2 | GetSupportedPIDs | 1-10-DBG3 064-40_40-060: T,F,F,F,F,F,F,F, F,F,F,F,F,F,F,F, F,F,F,F,F,F,T,F, F,F,F,F,F,F,F,F
11:56:19| 2 | GetSupportedPIDs | 1-10-DBG3 096-60_60-080: F,F,F,F,F,F,F,F, F,F,F,F,F,F,F,F, F,F,F,F,F,F,F,F, F,F,F,F,F,F,F,F
11:56:19| 2 | GetSupportedPIDs | 1-10-DBG3 128-80_80-0A0: F,F,F,F,F,F,F,F, F,F,F,F,F,F,F,F, F,F,F,F,F,F,F,F, F,F,F,F,F,F,F,F
11:56:19| 2 | GetSupportedPIDs | 1-10-DBG3 160-A0_A0-0C0: F,F,F,F,F,F,F,F, F,F,F,F,F,F,F,F, F,F,F,F,F,F,F,F, F,F,F,F,F,F,F,F
11:56:19| 2 | GetSupportedPIDs | 1-10-DBG3 192-C0_C0-0E0: F,F,F,F,F,F,F,F, F,F,F,F,F,F,F,F, F,F,F,F,F,F,F,F, F,F,F,F,F,F,F,F
11:56:19| 2 | GetSupportedPIDs | 1-10-DBG3 224-E0_E0-100: F,F,F,F,F,F,F,F, F,F,F,F,F,F,F,F, F,F,F,F,F,F,F,F, F,F,F,F,F,F,F,F  (T:021 F:235)
11:56:19| ... LogBitArray | 8
11:56:19| GetSupportedPIDs | Mode:1 ECUCnt:1 PIDSupDicCnt:1
11:56:19| 4 | GetSupportedPIDS | Mode1-ECU10:-------------- 0,1,2,3,4,5,6,7, 8,9,A,B,C,D,E,F, G,H,I,J,K,L,M,N, O,P,Q,R,S,T,U,V
11:56:19| 4 | GetSupportedPIDS | Mode1-ECU10:000-00_00-020: T,T,F,T,T,T,T,T, F,F,F,T,T,T,T,T, F,T,F,T,T,T,F,F, F,F,F,F,T,F,F,F
11:56:19| 4 | GetSupportedPIDS | Mode1-ECU10:032-20_20-040: T,T,F,F,F,F,F,F, F,F,F,F,F,F,F,F, F,F,F,F,F,F,F,F, F,F,F,F,F,F,F,F
11:56:19| 4 | GetSupportedPIDS | Mode1-ECU10:064-40_40-060: T,F,F,F,F,F,F,F, F,F,F,F,F,F,F,F, F,F,F,F,F,F,T,F, F,F,F,F,F,F,F,F
11:56:19| 4 | GetSupportedPIDS | Mode1-ECU10:096-60_60-080: F,F,F,F,F,F,F,F, F,F,F,F,F,F,F,F, F,F,F,F,F,F,F,F, F,F,F,F,F,F,F,F
11:56:19| 4 | GetSupportedPIDS | Mode1-ECU10:128-80_80-0A0: F,F,F,F,F,F,F,F, F,F,F,F,F,F,F,F, F,F,F,F,F,F,F,F, F,F,F,F,F,F,F,F
11:56:19| 4 | GetSupportedPIDS | Mode1-ECU10:160-A0_A0-0C0: F,F,F,F,F,F,F,F, F,F,F,F,F,F,F,F, F,F,F,F,F,F,F,F, F,F,F,F,F,F,F,F
11:56:19| 4 | GetSupportedPIDS | Mode1-ECU10:192-C0_C0-0E0: F,F,F,F,F,F,F,F, F,F,F,F,F,F,F,F, F,F,F,F,F,F,F,F, F,F,F,F,F,F,F,F
11:56:19| 4 | GetSupportedPIDS | Mode1-ECU10:224-E0_E0-100: F,F,F,F,F,F,F,F, F,F,F,F,F,F,F,F, F,F,F,F,F,F,F,F, F,F,F,F,F,F,F,F  (T:021 F:235)
11:56:19| ... LogBitArray | 8
11:56:19| 2 | GetSupportedPIDs | 1-ECUxx -------------- 0,1,2,3,4,5,6,7, 8,9,A,B,C,D,E,F, G,H,I,J,K,L,M,N, O,P,Q,R,S,T,U,V
11:56:19| 2 | GetSupportedPIDs | 1-ECUxx 000-00_00-020: T,T,F,T,T,T,T,T, F,F,F,T,T,T,T,T, F,T,F,T,T,T,F,F, F,F,F,F,T,F,F,F
11:56:19| 2 | GetSupportedPIDs | 1-ECUxx 032-20_20-040: T,T,F,F,F,F,F,F, F,F,F,F,F,F,F,F, F,F,F,F,F,F,F,F, F,F,F,F,F,F,F,F
11:56:19| 2 | GetSupportedPIDs | 1-ECUxx 064-40_40-060: T,F,F,F,F,F,F,F, F,F,F,F,F,F,F,F, F,F,F,F,F,F,T,F, F,F,F,F,F,F,F,F
11:56:19| 2 | GetSupportedPIDs | 1-ECUxx 096-60_60-080: F,F,F,F,F,F,F,F, F,F,F,F,F,F,F,F, F,F,F,F,F,F,F,F, F,F,F,F,F,F,F,F
11:56:19| 2 | GetSupportedPIDs | 1-ECUxx 128-80_80-0A0: F,F,F,F,F,F,F,F, F,F,F,F,F,F,F,F, F,F,F,F,F,F,F,F, F,F,F,F,F,F,F,F
11:56:19| 2 | GetSupportedPIDs | 1-ECUxx 160-A0_A0-0C0: F,F,F,F,F,F,F,F, F,F,F,F,F,F,F,F, F,F,F,F,F,F,F,F, F,F,F,F,F,F,F,F
11:56:19| 2 | GetSupportedPIDs | 1-ECUxx 192-C0_C0-0E0: F,F,F,F,F,F,F,F, F,F,F,F,F,F,F,F, F,F,F,F,F,F,F,F, F,F,F,F,F,F,F,F
11:56:19| 2 | GetSupportedPIDs | 1-ECUxx 224-E0_E0-100: F,F,F,F,F,F,F,F, F,F,F,F,F,F,F,F, F,F,F,F,F,F,F,F, F,F,F,F,F,F,F,F  (T:021 F:235)
11:56:19| ... LogBitArray | 8
11:56:19| GetSupportedPIDs | PIDCnt-1-10:021  (TPC:21)
11:56:19| ... DictValueSortDesc
11:56:19| DVSD | 10:021->10:021
11:56:19| GetSupportedPIDs | Mode:1 PIDs-'021:00 01 03 04 05 06 07 0B 0C 0D 0E 0F 11 13 14 15 1C 20 21 40 56
11:56:19|  GetSupportedPIDs | Ending ... Success:TrueTrueTrue 1-10:021
11:56:19| ReleaseDAD |  Starting ... Cnt:00006,01 (Connect)
11:56:19| ... ReleaseDAD | Success ... Cnt:00006,00 Opn:T (Connect, Connect)
11:56:19| ... Connect | 2
11:56:19| ... SetupVehicleIsLinked
11:56:19| ... GetCallingProcedure | Connect_OBD
11:56:19| ... GetCallingProcedure | lVehiculoLink
11:56:19| ... GetCallingProcedure | VehiculoLink
11:56:19| SVLI | VehicleIsLinked:'True'->'?'  (Connect_OBD,lVehiculoLink,VehiculoLink)
11:56:19| ... SetupVehicleIsLinked
11:56:19| ... GetCallingProcedure | Connect_OBD
11:56:19| ... GetCallingProcedure | lVehiculoLink
11:56:19| ... GetCallingProcedure | VehiculoLink
11:56:19| SVLI | VehicleIsLinked:'?'->'True'  (Connect_OBD,lVehiculoLink,VehiculoLink)
11:56:19| ... Connect | 3 | Connect_Succeeded = True
11:56:19| ... MyLastResult | Success,Unknown,?->True
11:56:19| Connect | Rslt:True EECUID:10 ECUs:1-(10:021->10:021,) Prot:'KWD 2000-S', 'KWD 2000-S' PC:21  (Success,Unknown,?->True, 8.94) (lVehiculoLink,VehiculoLink,VehTest)
11:56:19| ... DecrementActiveCount | 0
11:56:19| ... GetCallingProcedure | OpusIMCleanOBDdrv.Module1:Connect_OBD
11:56:19| ... GetCallingProcedure | OpusIMCleanOBDdrv.Module1:lVehiculoLink
11:56:19| ... GetCallingProcedure | OpusIMCleanOBDdrv.IMCleanOBD:VehiculoLink
11:56:19| ... LocalDecrementActiveCount | 0
11:56:19|  
11:56:19| ... Get MON >>>-----------------------------------------------------------------------
11:56:19| ... SetupMyLastCommResult: ConditionsNotCorrect
11:56:19| ... DoDad | Action: System.Action | tag: GetModePID(01, 01) - Readiness, DTC count, MIL
11:56:19| ... GetCallingProcedure | lVehiculoLink
11:56:19| ... GetCallingProcedure | VehiculoLink
11:56:19| ... GetCallingProcedure | VehTest
11:56:19| DoDad-01 | GetModePID(01, 01) - Readiness, DTC count, MIL (Open:True,999.99 | lVehiculoLink,VehiculoLink,VehTest)
11:56:19| DoDad-01  ClearCommandLog ...
11:56:19| DoDad-01  Invoke ... (GetModePID(01, 01) - Readiness, DTC count, MIL)
11:56:20| DoDad-01  Invoke ... (GetModePID(01, 01) - Readiness, DTC count, MIL)  (1156)
11:56:20| DoDad-01  CommandLog.Length ...
11:56:20| DoDad-01  CommandLog ... (0)
11:56:20| DoDad-01-CommandLog-Len:147 Siz:147 | iStart: 0
11:56:20| DoDad-01  SerialData.Length ... (329)
11:56:20| DoDad-01 | GetModePID(01, 01) - Readiness, DTC count, MIL-SLL:00329,00329-CF:F-DLLInfo:'DAD_DLL_VERSION_16.12.25.0 .. 3.0.7.0'
                    -  DAD_DLL_VERSION_16.12.25.0
                    -  437,TX MSG,KWPS8FE9,C2 33 F1 01 01 
                    -  468,RX QRY,KWPS8FE9,Delay: 100
                    -  578,RX MSG,KWPS8FE9,
                    -  578,RX MSG,KWPS8FE9,86 F1 10 41 01 00 07 65 00 
                    -  578,RX QRY,KWPS8FE9,Delay: 100
                    -  687,RX QRY,KWPS8FE9,Delay: 100
                    -  796,RX QRY,KWPS8FE9,Delay: 100
                    -  906,RX QRY,KWPS8FE9,Delay: 100
                    -  1015,RX QRY,KWPS8FE9,Delay: 100
                    (1.156 s,F) GetModePID(01, 01) - Readiness, DTC count, MIL | NoEOL
11:56:20| DECODE_Bus: DAD_DLL_VERSION_16.12.25.0
3.0.7.0

437,TX MSG,KWPS8FE9,C2 33 F1 01 01 
578,RX MSG,KWPS8FE9,
578,RX MSG,KWPS8FE9,86 F1 10 41 01 00 07 65 00 

11:56:20| DECODE_MIL: 86 F1 10 41 01 00 07 65 00
11:56:20| zipESP: 86 F1 10 41 01 00 07 65 00 | 86F110410100076500
11:56:20| DECODE_MIL dato: 00076500
11:56:20| Status: 00076500
11:56:20| A: 00 | 0 | 00000000
11:56:20| B: 07 | 7 | 00000111
11:56:20| C: 65 | 101 | 01100101
11:56:20| D: 00 | 0 | 00000000
11:56:20| sr | Get MON: 0 | 1
11:56:20|  
11:56:20| ... Get DTC >>>-----------------------------------------------------------------------
11:56:20| ... SetupMyLastCommResult: ConditionsNotCorrect
11:56:20| ... DoDad | Action: System.Action | tag: GetModePID(03, 00) - DTC count, MIL
11:56:20| ... GetCallingProcedure | lVehiculoLink
11:56:20| ... GetCallingProcedure | VehiculoLink
11:56:20| ... GetCallingProcedure | VehTest
11:56:20| DoDad-01 | GetModePID(03, 00) - DTC count, MIL (Open:True,999.99 | lVehiculoLink,VehiculoLink,VehTest)
11:56:20| DoDad-01  ClearCommandLog ...
11:56:20| DoDad-01  Invoke ... (GetModePID(03, 00) - DTC count, MIL)
11:56:21| DoDad-01  Invoke ... (GetModePID(03, 00) - DTC count, MIL)  (1172)
11:56:21| DoDad-01  CommandLog.Length ...
11:56:21| DoDad-01  CommandLog ... (0)
11:56:21| DoDad-01-CommandLog-Len:147 Siz:147 | iStart: 0
11:56:21| DoDad-01  SerialData.Length ... (329)
11:56:21| DoDad-01 | GetModePID(03, 00) - DTC count, MIL-SLL:00329,00329-CF:F-DLLInfo:'DAD_DLL_VERSION_16.12.25.0 .. 3.0.7.0'
                    -  DAD_DLL_VERSION_16.12.25.0
                    -  437,TX MSG,KWPS8FE9,C1 33 F1 03 
                    -  469,RX QRY,KWPS8FE9,Delay: 100
                    -  578,RX MSG,KWPS8FE9,
                    -  578,RX MSG,KWPS8FE9,87 F1 10 43 00 00 00 00 00 00 
                    -  578,RX QRY,KWPS8FE9,Delay: 100
                    -  688,RX QRY,KWPS8FE9,Delay: 100
                    -  797,RX QRY,KWPS8FE9,Delay: 100
                    -  907,RX QRY,KWPS8FE9,Delay: 100
                    -  1016,RX QRY,KWPS8FE9,Delay: 100
                    (1.173 s,F) GetModePID(03, 00) - DTC count, MIL | NoEOL
11:56:21| DECODE_Bus: DAD_DLL_VERSION_16.12.25.0
3.0.7.0

437,TX MSG,KWPS8FE9,C1 33 F1 03 
578,RX MSG,KWPS8FE9,
578,RX MSG,KWPS8FE9,87 F1 10 43 00 00 00 00 00 00 

11:56:21| ... DECODE_DTC: 87 F1 10 43 00 00 00 00 00 00
11:56:21| zipESP: 87 F1 10 43 00 00 00 00 00 00 | 87F11043000000000000
11:56:21| sr | Get DTC: 0 | 1
11:56:21|  
11:56:21| ... (01, 1F) Tmp. Encendido >>>-----------------------------------------------------------------------
11:56:21| ... SetupMyLastCommResult: ConditionsNotCorrect
11:56:21| ... DoDad | Action: System.Action | tag: GetModePID(01, 1F) - Tmp. Encendido
11:56:21| ... GetCallingProcedure | lVehiculoLink
11:56:21| ... GetCallingProcedure | VehiculoLink
11:56:21| ... GetCallingProcedure | VehTest
11:56:21| DoDad-01 | GetModePID(01, 1F) - Tmp. Encendido (Open:True,999.99 | lVehiculoLink,VehiculoLink,VehTest)
11:56:21| DoDad-01  ClearCommandLog ...
11:56:21| DoDad-01  Invoke ... (GetModePID(01, 1F) - Tmp. Encendido)
11:56:23| DoDad-01  Invoke ... (GetModePID(01, 1F) - Tmp. Encendido)  (1156)
11:56:23| DoDad-01  CommandLog.Length ...
11:56:23| DoDad-01  CommandLog ... (0)
11:56:23| DoDad-01-CommandLog-Len:138 Siz:138 | iStart: 0
11:56:23| DoDad-01  SerialData.Length ... (320)
11:56:23| DoDad-01 | GetModePID(01, 1F) - Tmp. Encendido-SLL:00320,00320-CF:F-DLLInfo:'DAD_DLL_VERSION_16.12.25.0 .. 3.0.7.0'
                    -  DAD_DLL_VERSION_16.12.25.0
                    -  437,TX MSG,KWPS8FE9,C2 33 F1 01 1F 
                    -  468,RX QRY,KWPS8FE9,Delay: 100
                    -  578,RX MSG,KWPS8FE9,
                    -  578,RX MSG,KWPS8FE9,83 F1 10 7F 01 12 
                    -  578,RX QRY,KWPS8FE9,Delay: 100
                    -  687,RX QRY,KWPS8FE9,Delay: 100
                    -  796,RX QRY,KWPS8FE9,Delay: 100
                    -  906,RX QRY,KWPS8FE9,Delay: 100
                    -  1015,RX QRY,KWPS8FE9,Delay: 100
                    (1.162 s,F) GetModePID(01, 1F) - Tmp. Encendido | NoEOL
11:56:23| DECODE_Bus: DAD_DLL_VERSION_16.12.25.0
3.0.7.0

437,TX MSG,KWPS8FE9,C2 33 F1 01 1F 
578,RX MSG,KWPS8FE9,
578,RX MSG,KWPS8FE9,83 F1 10 7F 01 12 

11:56:23| sr | Tmp. Encendido: 0 | 1
11:56:23|  
11:56:23| ... (01, 21) Distancia MIL >>>-----------------------------------------------------------------------
11:56:23| ... SetupMyLastCommResult: ConditionsNotCorrect
11:56:23| ... DoDad | Action: System.Action | tag: GetModePID(01, 21) - Distancia MIL
11:56:23| ... GetCallingProcedure | lVehiculoLink
11:56:23| ... GetCallingProcedure | VehiculoLink
11:56:23| ... GetCallingProcedure | VehTest
11:56:23| DoDad-01 | GetModePID(01, 21) - Distancia MIL (Open:True,999.99 | lVehiculoLink,VehiculoLink,VehTest)
11:56:23| DoDad-01  ClearCommandLog ...
11:56:23| DoDad-01  Invoke ... (GetModePID(01, 21) - Distancia MIL)
11:56:24| DoDad-01  Invoke ... (GetModePID(01, 21) - Distancia MIL)  (1172)
11:56:24| DoDad-01  CommandLog.Length ...
11:56:24| DoDad-01  CommandLog ... (0)
11:56:24| DoDad-01-CommandLog-Len:141 Siz:141 | iStart: 0
11:56:24| DoDad-01  SerialData.Length ... (323)
11:56:24| DoDad-01 | GetModePID(01, 21) - Distancia MIL-SLL:00323,00323-CF:F-DLLInfo:'DAD_DLL_VERSION_16.12.25.0 .. 3.0.7.0'
                    -  DAD_DLL_VERSION_16.12.25.0
                    -  423,TX MSG,KWPS8FE9,C2 33 F1 01 15 
                    -  456,RX QRY,KWPS8FE9,Delay: 100
                    -  566,RX MSG,KWPS8FE9,
                    -  566,RX MSG,KWPS8FE9,84 F1 10 41 15 79 FF 
                    -  566,RX QRY,KWPS8FE9,Delay: 100
                    -  675,RX QRY,KWPS8FE9,Delay: 100
                    -  791,RX QRY,KWPS8FE9,Delay: 100
                    -  900,RX QRY,KWPS8FE9,Delay: 100
                    -  1010,RX QRY,KWPS8FE9,Delay: 100
                    (1.166 s,F) GetModePID(01, 21) - Distancia MIL | NoEOL
11:56:24| DECODE_Bus: DAD_DLL_VERSION_16.12.25.0
3.0.7.0

423,TX MSG,KWPS8FE9,C2 33 F1 01 15 
566,RX MSG,KWPS8FE9,
566,RX MSG,KWPS8FE9,84 F1 10 41 15 79 FF 

11:56:24| sr | Distancia MIL: 0 | 1
11:56:24|  
11:56:24| ... (01, 31) Distancia MIL Borrada >>>-----------------------------------------------------------------------
11:56:24| ... SetupMyLastCommResult: ConditionsNotCorrect
11:56:24| ... DoDad | Action: System.Action | tag: GetModePID(01, 31) - Distancia MIL Borrada
11:56:24| ... GetCallingProcedure | lVehiculoLink
11:56:24| ... GetCallingProcedure | VehiculoLink
11:56:24| ... GetCallingProcedure | VehTest
11:56:24| DoDad-01 | GetModePID(01, 31) - Distancia MIL Borrada (Open:True,999.99 | lVehiculoLink,VehiculoLink,VehTest)
11:56:24| DoDad-01  ClearCommandLog ...
11:56:24| DoDad-01  Invoke ... (GetModePID(01, 31) - Distancia MIL Borrada)
11:56:25| DoDad-01  Invoke ... (GetModePID(01, 31) - Distancia MIL Borrada)  (1156)
11:56:25| DoDad-01  CommandLog.Length ...
11:56:25| DoDad-01  CommandLog ... (0)
11:56:25| DoDad-01-CommandLog-Len:138 Siz:138 | iStart: 0
11:56:25| DoDad-01  SerialData.Length ... (320)
11:56:25| DoDad-01 | GetModePID(01, 31) - Distancia MIL Borrada-SLL:00320,00320-CF:F-DLLInfo:'DAD_DLL_VERSION_16.12.25.0 .. 3.0.7.0'
                    -  DAD_DLL_VERSION_16.12.25.0
                    -  421,TX MSG,KWPS8FE9,C2 33 F1 01 1F 
                    -  453,RX QRY,KWPS8FE9,Delay: 100
                    -  562,RX MSG,KWPS8FE9,
                    -  562,RX MSG,KWPS8FE9,83 F1 10 7F 01 12 
                    -  562,RX QRY,KWPS8FE9,Delay: 100
                    -  671,RX QRY,KWPS8FE9,Delay: 100
                    -  781,RX QRY,KWPS8FE9,Delay: 100
                    -  890,RX QRY,KWPS8FE9,Delay: 100
                    -  1000,RX QRY,KWPS8FE9,Delay: 100
                    (1.156 s,F) GetModePID(01, 31) - Distancia MIL Borrada | NoEOL
11:56:25| DECODE_Bus: DAD_DLL_VERSION_16.12.25.0
3.0.7.0

421,TX MSG,KWPS8FE9,C2 33 F1 01 1F 
562,RX MSG,KWPS8FE9,
562,RX MSG,KWPS8FE9,83 F1 10 7F 01 12 

11:56:25| sr | Distancia MIL Borrada: 0 | 1
11:56:25|  
11:56:25| ... (01, 33) Presion Barometrica Kpa >>>-----------------------------------------------------------------------
11:56:25| ... SetupMyLastCommResult: ConditionsNotCorrect
11:56:25| ... DoDad | Action: System.Action | tag: GetModePID(01, 33) - Presion Barometrica Kpa
11:56:25| ... GetCallingProcedure | lVehiculoLink
11:56:25| ... GetCallingProcedure | VehiculoLink
11:56:25| ... GetCallingProcedure | VehTest
11:56:25| DoDad-01 | GetModePID(01, 33) - Presion Barometrica Kpa (Open:True,999.99 | lVehiculoLink,VehiculoLink,VehTest)
11:56:25| DoDad-01  ClearCommandLog ...
11:56:25| DoDad-01  Invoke ... (GetModePID(01, 33) - Presion Barometrica Kpa)
11:56:26| DoDad-01  Invoke ... (GetModePID(01, 33) - Presion Barometrica Kpa)  (1156)
11:56:26| DoDad-01  CommandLog.Length ...
11:56:26| DoDad-01  CommandLog ... (0)
11:56:26| DoDad-01-CommandLog-Len:141 Siz:141 | iStart: 0
11:56:26| DoDad-01  SerialData.Length ... (322)
11:56:26| DoDad-01 | GetModePID(01, 33) - Presion Barometrica Kpa-SLL:00322,00322-CF:F-DLLInfo:'DAD_DLL_VERSION_16.12.25.0 .. 3.0.7.0'
                    -  DAD_DLL_VERSION_16.12.25.0
                    -  421,TX MSG,KWPS8FE9,C2 33 F1 01 21 
                    -  453,RX QRY,KWPS8FE9,Delay: 100
                    -  562,RX MSG,KWPS8FE9,
                    -  562,RX MSG,KWPS8FE9,84 F1 10 41 21 00 00 
                    -  562,RX QRY,KWPS8FE9,Delay: 100
                    -  671,RX QRY,KWPS8FE9,Delay: 100
                    -  781,RX QRY,KWPS8FE9,Delay: 100
                    -  890,RX QRY,KWPS8FE9,Delay: 100
                    -  999,RX QRY,KWPS8FE9,Delay: 100
                    (1.156 s,F) GetModePID(01, 33) - Presion Barometrica Kpa | NoEOL
11:56:26| DECODE_Bus: DAD_DLL_VERSION_16.12.25.0
3.0.7.0

421,TX MSG,KWPS8FE9,C2 33 F1 01 21 
562,RX MSG,KWPS8FE9,
562,RX MSG,KWPS8FE9,84 F1 10 41 21 00 00 

11:56:26| sr | Presion Barometrica Kpa: 0 | 1
11:56:26|  
11:56:26| ... (01, 4D) Tmp MIL on >>>-----------------------------------------------------------------------
11:56:26| ... SetupMyLastCommResult: ConditionsNotCorrect
11:56:26| ... DoDad | Action: System.Action | tag: GetModePID(01, 4D) - Tmp MIL on
11:56:26| ... GetCallingProcedure | lVehiculoLink
11:56:26| ... GetCallingProcedure | VehiculoLink
11:56:26| ... GetCallingProcedure | VehTest
11:56:26| DoDad-01 | GetModePID(01, 4D) - Tmp MIL on (Open:True,999.99 | lVehiculoLink,VehiculoLink,VehTest)
11:56:26| DoDad-01  ClearCommandLog ...
11:56:26| DoDad-01  Invoke ... (GetModePID(01, 4D) - Tmp MIL on)
11:56:28| DoDad-01  Invoke ... (GetModePID(01, 4D) - Tmp MIL on)  (1141)
11:56:28| DoDad-01  CommandLog.Length ...
11:56:28| DoDad-01  CommandLog ... (0)
11:56:28| DoDad-01-CommandLog-Len:138 Siz:138 | iStart: 0
11:56:28| DoDad-01  SerialData.Length ... (320)
11:56:28| DoDad-01 | GetModePID(01, 4D) - Tmp MIL on-SLL:00320,00320-CF:F-DLLInfo:'DAD_DLL_VERSION_16.12.25.0 .. 3.0.7.0'
                    -  DAD_DLL_VERSION_16.12.25.0
                    -  430,TX MSG,KWPS8FE9,C2 33 F1 01 4D 
                    -  461,RX QRY,KWPS8FE9,Delay: 100
                    -  574,RX MSG,KWPS8FE9,
                    -  574,RX MSG,KWPS8FE9,83 F1 10 7F 01 12 
                    -  574,RX QRY,KWPS8FE9,Delay: 100
                    -  683,RX QRY,KWPS8FE9,Delay: 100
                    -  792,RX QRY,KWPS8FE9,Delay: 100
                    -  902,RX QRY,KWPS8FE9,Delay: 100
                    -  1011,RX QRY,KWPS8FE9,Delay: 100
                    (1.143 s,F) GetModePID(01, 4D) - Tmp MIL on | NoEOL
11:56:28| DECODE_Bus: DAD_DLL_VERSION_16.12.25.0
3.0.7.0

430,TX MSG,KWPS8FE9,C2 33 F1 01 4D 
574,RX MSG,KWPS8FE9,
574,RX MSG,KWPS8FE9,83 F1 10 7F 01 12 

11:56:28| sr | Tmp MIL on: 0 | 1
11:56:28|  
11:56:28| ... (01, 51) Tipo Combustible >>>-----------------------------------------------------------------------
11:56:28| ... SetupMyLastCommResult: ConditionsNotCorrect
11:56:28| ... DoDad | Action: System.Action | tag: GetModePID(01, 51) - Tipo Combustible
11:56:28| ... GetCallingProcedure | lVehiculoLink
11:56:28| ... GetCallingProcedure | VehiculoLink
11:56:28| ... GetCallingProcedure | VehTest
11:56:28| DoDad-01 | GetModePID(01, 51) - Tipo Combustible (Open:True,999.99 | lVehiculoLink,VehiculoLink,VehTest)
11:56:28| DoDad-01  ClearCommandLog ...
11:56:28| DoDad-01  Invoke ... (GetModePID(01, 51) - Tipo Combustible)
11:56:29| DoDad-01  Invoke ... (GetModePID(01, 51) - Tipo Combustible)  (1157)
11:56:29| DoDad-01  CommandLog.Length ...
11:56:29| DoDad-01  CommandLog ... (0)
11:56:29| DoDad-01-CommandLog-Len:138 Siz:138 | iStart: 0
11:56:29| DoDad-01  SerialData.Length ... (319)
11:56:29| DoDad-01 | GetModePID(01, 51) - Tipo Combustible-SLL:00319,00319-CF:F-DLLInfo:'DAD_DLL_VERSION_16.12.25.0 .. 3.0.7.0'
                    -  DAD_DLL_VERSION_16.12.25.0
                    -  425,TX MSG,KWPS8FE9,C2 33 F1 01 33 
                    -  456,RX QRY,KWPS8FE9,Delay: 100
                    -  565,RX MSG,KWPS8FE9,
                    -  565,RX MSG,KWPS8FE9,83 F1 10 7F 01 12 
                    -  565,RX QRY,KWPS8FE9,Delay: 100
                    -  675,RX QRY,KWPS8FE9,Delay: 100
                    -  784,RX QRY,KWPS8FE9,Delay: 100
                    -  897,RX QRY,KWPS8FE9,Delay: 100
                    -  999,RX QRY,KWPS8FE9,Delay: 100
                    (1.156 s,F) GetModePID(01, 51) - Tipo Combustible | NoEOL
11:56:29| DECODE_Bus: DAD_DLL_VERSION_16.12.25.0
3.0.7.0

425,TX MSG,KWPS8FE9,C2 33 F1 01 33 
565,RX MSG,KWPS8FE9,
565,RX MSG,KWPS8FE9,83 F1 10 7F 01 12 

11:56:29| sr | Tipo Combustible: 0 | 1
11:56:29|  
11:56:29| ... (01, 7F) Tmp Marcha Motor >>>-----------------------------------------------------------------------
11:56:29| ... SetupMyLastCommResult: ConditionsNotCorrect
11:56:29| ... DoDad | Action: System.Action | tag: GetModePID(01, 7F) - Tmp Marcha Motor
11:56:29| ... GetCallingProcedure | lVehiculoLink
11:56:29| ... GetCallingProcedure | VehiculoLink
11:56:29| ... GetCallingProcedure | VehTest
11:56:29| DoDad-01 | GetModePID(01, 7F) - Tmp Marcha Motor (Open:True,999.99 | lVehiculoLink,VehiculoLink,VehTest)
11:56:29| DoDad-01  ClearCommandLog ...
11:56:29| DoDad-01  Invoke ... (GetModePID(01, 7F) - Tmp Marcha Motor)
11:56:30| DoDad-01  Invoke ... (GetModePID(01, 7F) - Tmp Marcha Motor)  (1156)
11:56:30| DoDad-01  CommandLog.Length ...
11:56:30| DoDad-01  CommandLog ... (0)
11:56:30| DoDad-01-CommandLog-Len:138 Siz:138 | iStart: 0
11:56:30| DoDad-01  SerialData.Length ... (320)
11:56:30| DoDad-01 | GetModePID(01, 7F) - Tmp Marcha Motor-SLL:00320,00320-CF:F-DLLInfo:'DAD_DLL_VERSION_16.12.25.0 .. 3.0.7.0'
                    -  DAD_DLL_VERSION_16.12.25.0
                    -  426,TX MSG,KWPS8FE9,C2 33 F1 01 7F 
                    -  457,RX QRY,KWPS8FE9,Delay: 100
                    -  566,RX MSG,KWPS8FE9,
                    -  566,RX MSG,KWPS8FE9,83 F1 10 7F 01 12 
                    -  566,RX QRY,KWPS8FE9,Delay: 100
                    -  676,RX QRY,KWPS8FE9,Delay: 100
                    -  785,RX QRY,KWPS8FE9,Delay: 100
                    -  895,RX QRY,KWPS8FE9,Delay: 100
                    -  1004,RX QRY,KWPS8FE9,Delay: 100
                    (1.160 s,F) GetModePID(01, 7F) - Tmp Marcha Motor | NoEOL
11:56:30| DECODE_Bus: DAD_DLL_VERSION_16.12.25.0
3.0.7.0

426,TX MSG,KWPS8FE9,C2 33 F1 01 7F 
566,RX MSG,KWPS8FE9,
566,RX MSG,KWPS8FE9,83 F1 10 7F 01 12 

11:56:30| sr | Tmp Marcha Motor: 0 | 1
11:56:30|  
11:56:30| ... (09, 04) Cal ID >>>-----------------------------------------------------------------------
11:56:30| ... SetupMyLastCommResult: ConditionsNotCorrect
11:56:30| ... DoDad | Action: System.Action | tag: GetModePID(09, 04) - Cal ID
11:56:30| ... GetCallingProcedure | lVehiculoLink
11:56:30| ... GetCallingProcedure | VehiculoLink
11:56:30| ... GetCallingProcedure | VehTest
11:56:30| DoDad-01 | GetModePID(09, 04) - Cal ID (Open:True,999.99 | lVehiculoLink,VehiculoLink,VehTest)
11:56:30| DoDad-01  ClearCommandLog ...
11:56:30| DoDad-01  Invoke ... (GetModePID(09, 04) - Cal ID)
11:56:31| DoDad-01  Invoke ... (GetModePID(09, 04) - Cal ID)  (1156)
11:56:31| DoDad-01  CommandLog.Length ...
11:56:31| DoDad-01  CommandLog ... (0)
11:56:31| DoDad-01-CommandLog-Len:372 Siz:372 | iStart: 0
11:56:31| DoDad-01  SerialData.Length ... (554)
11:56:31| DoDad-01 | GetModePID(09, 04) - Cal ID-SLL:00554,00554-CF:F-DLLInfo:'DAD_DLL_VERSION_16.12.25.0 .. 3.0.7.0'
                    -  DAD_DLL_VERSION_16.12.25.0
                    -  425,TX MSG,KWPS8FE9,C2 33 F1 09 04 
                    -  456,RX QRY,KWPS8FE9,Delay: 100
                    -  566,RX MSG,KWPS8FE9,
                    -  566,RX MSG,KWPS8FE9,87 F1 10 49 04 01 30 36 41 39 
                    -  566,RX MSG,KWPS8FE9,
                    -  566,RX MSG,KWPS8FE9,87 F1 10 49 04 02 30 36 30 35 
                    -  566,RX QRY,KWPS8FE9,Delay: 100
                    -  675,RX MSG,KWPS8FE9,
                    -  675,RX MSG,KWPS8FE9,87 F1 10 49 04 03 37 50 20 20 
                    -  675,RX MSG,KWPS8FE9,
                    -  675,RX MSG,KWPS8FE9,87 F1 10 49 04 04 31 30 30 34 
                    -  675,RX QRY,KWPS8FE9,Delay: 100
                    -  784,RX QRY,KWPS8FE9,Delay: 100
                    -  894,RX QRY,KWPS8FE9,Delay: 100
                    -  1003,RX QRY,KWPS8FE9,Delay: 100
                    (1.160 s,F) GetModePID(09, 04) - Cal ID | NoEOL
11:56:31| DECODE_Bus: DAD_DLL_VERSION_16.12.25.0
3.0.7.0

425,TX MSG,KWPS8FE9,C2 33 F1 09 04 
566,RX MSG,KWPS8FE9,
566,RX MSG,KWPS8FE9,87 F1 10 49 04 01 30 36 41 39 
566,RX MSG,KWPS8FE9,
566,RX MSG,KWPS8FE9,87 F1 10 49 04 02 30 36 30 35 
675,RX MSG,KWPS8FE9,
675,RX MSG,KWPS8FE9,87 F1 10 49 04 03 37 50 20 20 
675,RX MSG,KWPS8FE9,
675,RX MSG,KWPS8FE9,87 F1 10 49 04 04 31 30 30 34 

11:56:31| sr | Cal ID: 0 | 1
11:56:31|  
11:56:31| ... Get VIN >>>-----------------------------------------------------------------------
11:56:32| DAD_DLL_VERSION_16.12.25.0
3.0.7.0

425,TX MSG,KWPS8FE9,C2 33 F1 09 04 
566,RX MSG,KWPS8FE9,
566,RX MSG,KWPS8FE9,87 F1 10 49 04 01 30 36 41 39 
566,RX MSG,KWPS8FE9,
566,RX MSG,KWPS8FE9,87 F1 10 49 04 02 30 36 30 35 
675,RX MSG,KWPS8FE9,
675,RX MSG,KWPS8FE9,87 F1 10 49 04 03 37 50 20 20 
675,RX MSG,KWPS8FE9,
675,RX MSG,KWPS8FE9,87 F1 10 49 04 04 31 30 30 34 
1605,TX MSG,KWPS8FE9,C2 33 F1 09 02 
1749,RX MSG,KWPS8FE9,
1749,RX MSG,KWPS8FE9,83 F1 10 7F 09 12 

11:56:32| SR: 0 | 1
11:56:32| ... GetEcuIdFromAddress
11:56:32| ... ByteArrayToHexString | 7F 09 12
11:56:32| GetVIN | ECU:10  DLen:003 (7F 09 12)
11:56:32| ... ByteArrayToHexString | 7F,09,12
11:56:32| ... CheckForNAK | Ret:True  Len:3  Buf:7F,09,12  SID:09  PID:02  Prot:'KWD 2000-S'
11:56:32| DECODE_Bus: DAD_DLL_VERSION_16.12.25.0
3.0.7.0

425,TX MSG,KWPS8FE9,C2 33 F1 09 04 
566,RX MSG,KWPS8FE9,
566,RX MSG,KWPS8FE9,87 F1 10 49 04 01 30 36 41 39 
566,RX MSG,KWPS8FE9,
566,RX MSG,KWPS8FE9,87 F1 10 49 04 02 30 36 30 35 
675,RX MSG,KWPS8FE9,
675,RX MSG,KWPS8FE9,87 F1 10 49 04 03 37 50 20 20 
675,RX MSG,KWPS8FE9,
675,RX MSG,KWPS8FE9,87 F1 10 49 04 04 31 30 30 34 
1605,TX MSG,KWPS8FE9,C2 33 F1 09 02 
1749,RX MSG,KWPS8FE9,
1749,RX MSG,KWPS8FE9,83 F1 10 7F 09 12 

11:56:32|  
11:56:32| ... Get VOLTAJES >>>-----------------------------------------------------------------------
11:56:32| ... SetupMyLastCommResult: ConditionsNotCorrect
11:56:32| ... DoDad | Action: System.Action | tag: GetModePID(01, 42) - Voltaje
11:56:32| ... GetCallingProcedure | lVehiculoLink
11:56:32| ... GetCallingProcedure | VehiculoLink
11:56:32| ... GetCallingProcedure | VehTest
11:56:32| DoDad-01 | GetModePID(01, 42) - Voltaje (Open:True,999.99 | lVehiculoLink,VehiculoLink,VehTest)
11:56:32| DoDad-01  ClearCommandLog ...
11:56:32| DoDad-01  Invoke ... (GetModePID(01, 42) - Voltaje)
11:56:34| DoDad-01  Invoke ... (GetModePID(01, 42) - Voltaje)  (1172)
11:56:34| DoDad-01  CommandLog.Length ...
11:56:34| DoDad-01  CommandLog ... (0)
11:56:34| DoDad-01-CommandLog-Len:138 Siz:138 | iStart: 0
11:56:34| DoDad-01  SerialData.Length ... (320)
11:56:34| DoDad-01 | GetModePID(01, 42) - Voltaje-SLL:00320,00320-CF:F-DLLInfo:'DAD_DLL_VERSION_16.12.25.0 .. 3.0.7.0'
                    -  DAD_DLL_VERSION_16.12.25.0
                    -  437,TX MSG,KWPS8FE9,C2 33 F1 01 2A 
                    -  468,RX QRY,KWPS8FE9,Delay: 100
                    -  578,RX MSG,KWPS8FE9,
                    -  578,RX MSG,KWPS8FE9,83 F1 10 7F 01 12 
                    -  578,RX QRY,KWPS8FE9,Delay: 100
                    -  687,RX QRY,KWPS8FE9,Delay: 100
                    -  797,RX QRY,KWPS8FE9,Delay: 100
                    -  906,RX QRY,KWPS8FE9,Delay: 100
                    -  1015,RX QRY,KWPS8FE9,Delay: 100
                    (1.172 s,F) GetModePID(01, 42) - Voltaje | NoEOL
11:56:34| DECODE_Bus: DAD_DLL_VERSION_16.12.25.0
3.0.7.0

437,TX MSG,KWPS8FE9,C2 33 F1 01 2A 
578,RX MSG,KWPS8FE9,
578,RX MSG,KWPS8FE9,83 F1 10 7F 01 12 

11:56:34| sr | Get Voltaje: 0 | 1
11:56:34|  
11:56:34| ... Get RPM >>>-----------------------------------------------------------------------
11:56:34| ... SetupMyLastCommResult: ConditionsNotCorrect
11:56:34| ... DoDad | Action: System.Action | tag: GetModePID(01, 0C) - DTC count, MIL
11:56:34| ... GetCallingProcedure | lVehiculoLink
11:56:34| ... GetCallingProcedure | VehiculoLink
11:56:34| ... GetCallingProcedure | VehTest
11:56:34| DoDad-01 | GetModePID(01, 0C) - DTC count, MIL (Open:True,999.99 | lVehiculoLink,VehiculoLink,VehTest)
11:56:34| DoDad-01  ClearCommandLog ...
11:56:34| DoDad-01  Invoke ... (GetModePID(01, 0C) - DTC count, MIL)
11:56:35| DoDad-01  Invoke ... (GetModePID(01, 0C) - DTC count, MIL)  (1156)
11:56:35| DoDad-01  CommandLog.Length ...
11:56:35| DoDad-01  CommandLog ... (0)
11:56:35| DoDad-01-CommandLog-Len:141 Siz:141 | iStart: 0
11:56:35| DoDad-01  SerialData.Length ... (322)
11:56:35| DoDad-01 | GetModePID(01, 0C) - DTC count, MIL-SLL:00322,00322-CF:F-DLLInfo:'DAD_DLL_VERSION_16.12.25.0 .. 3.0.7.0'
                    -  DAD_DLL_VERSION_16.12.25.0
                    -  421,TX MSG,KWPS8FE9,C2 33 F1 01 0C 
                    -  452,RX QRY,KWPS8FE9,Delay: 100
                    -  562,RX MSG,KWPS8FE9,
                    -  562,RX MSG,KWPS8FE9,84 F1 10 41 0C 0C 22 
                    -  562,RX QRY,KWPS8FE9,Delay: 100
                    -  671,RX QRY,KWPS8FE9,Delay: 100
                    -  780,RX QRY,KWPS8FE9,Delay: 100
                    -  882,RX QRY,KWPS8FE9,Delay: 100
                    -  991,RX QRY,KWPS8FE9,Delay: 100
                    (1.148 s,F) GetModePID(01, 0C) - DTC count, MIL | NoEOL
11:56:35| DECODE_Bus: DAD_DLL_VERSION_16.12.25.0
3.0.7.0

421,TX MSG,KWPS8FE9,C2 33 F1 01 0C 
562,RX MSG,KWPS8FE9,
562,RX MSG,KWPS8FE9,84 F1 10 41 0C 0C 22 

11:56:35| sr | Get RPM(1): 0 | 1
11:56:35| ... SetupMyLastCommResult: ConditionsNotCorrect
11:56:35| ... DoDad | Action: System.Action | tag: GetModePID(01, 0C) - DTC count, MIL
11:56:35| ... GetCallingProcedure | lVehiculoLink
11:56:35| ... GetCallingProcedure | VehiculoLink
11:56:35| ... GetCallingProcedure | VehTest
11:56:35| DoDad-01 | GetModePID(01, 0C) - DTC count, MIL (Open:True,999.99 | lVehiculoLink,VehiculoLink,VehTest)
11:56:35| DoDad-01  ClearCommandLog ...
11:56:35| DoDad-01  Invoke ... (GetModePID(01, 0C) - DTC count, MIL)
11:56:36| DoDad-01  Invoke ... (GetModePID(01, 0C) - DTC count, MIL)  (1157)
11:56:36| DoDad-01  CommandLog.Length ...
11:56:36| DoDad-01  CommandLog ... (0)
11:56:36| DoDad-01-CommandLog-Len:141 Siz:141 | iStart: 0
11:56:36| DoDad-01  SerialData.Length ... (323)
11:56:36| DoDad-01 | GetModePID(01, 0C) - DTC count, MIL-SLL:00323,00323-CF:F-DLLInfo:'DAD_DLL_VERSION_16.12.25.0 .. 3.0.7.0'
                    -  DAD_DLL_VERSION_16.12.25.0
                    -  434,TX MSG,KWPS8FE9,C2 33 F1 01 0C 
                    -  465,RX QRY,KWPS8FE9,Delay: 100
                    -  574,RX MSG,KWPS8FE9,
                    -  574,RX MSG,KWPS8FE9,84 F1 10 41 0C 0C 3D 
                    -  574,RX QRY,KWPS8FE9,Delay: 100
                    -  683,RX QRY,KWPS8FE9,Delay: 100
                    -  796,RX QRY,KWPS8FE9,Delay: 100
                    -  906,RX QRY,KWPS8FE9,Delay: 100
                    -  1015,RX QRY,KWPS8FE9,Delay: 100
                    (1.172 s,F) GetModePID(01, 0C) - DTC count, MIL | NoEOL
11:56:36| DECODE_Bus: DAD_DLL_VERSION_16.12.25.0
3.0.7.0

434,TX MSG,KWPS8FE9,C2 33 F1 01 0C 
574,RX MSG,KWPS8FE9,
574,RX MSG,KWPS8FE9,84 F1 10 41 0C 0C 3D 

11:56:36| sr | Get RPM(2): 0 | 1
11:56:36| ... SetupMyLastCommResult: ConditionsNotCorrect
11:56:36| ... DoDad | Action: System.Action | tag: GetModePID(01, 0C) - DTC count, MIL
11:56:36| ... GetCallingProcedure | lVehiculoLink
11:56:36| ... GetCallingProcedure | VehiculoLink
11:56:36| ... GetCallingProcedure | VehTest
11:56:36| DoDad-01 | GetModePID(01, 0C) - DTC count, MIL (Open:True,999.99 | lVehiculoLink,VehiculoLink,VehTest)
11:56:36| DoDad-01  ClearCommandLog ...
11:56:36| DoDad-01  Invoke ... (GetModePID(01, 0C) - DTC count, MIL)
11:56:37| DoDad-01  Invoke ... (GetModePID(01, 0C) - DTC count, MIL)  (1156)
11:56:37| DoDad-01  CommandLog.Length ...
11:56:37| DoDad-01  CommandLog ... (0)
11:56:37| DoDad-01-CommandLog-Len:141 Siz:141 | iStart: 0
11:56:37| DoDad-01  SerialData.Length ... (323)
11:56:37| DoDad-01 | GetModePID(01, 0C) - DTC count, MIL-SLL:00323,00323-CF:F-DLLInfo:'DAD_DLL_VERSION_16.12.25.0 .. 3.0.7.0'
                    -  DAD_DLL_VERSION_16.12.25.0
                    -  434,TX MSG,KWPS8FE9,C2 33 F1 01 0C 
                    -  465,RX QRY,KWPS8FE9,Delay: 100
                    -  574,RX MSG,KWPS8FE9,
                    -  574,RX MSG,KWPS8FE9,84 F1 10 41 0C 0C 04 
                    -  574,RX QRY,KWPS8FE9,Delay: 100
                    -  684,RX QRY,KWPS8FE9,Delay: 100
                    -  793,RX QRY,KWPS8FE9,Delay: 100
                    -  903,RX QRY,KWPS8FE9,Delay: 100
                    -  1012,RX QRY,KWPS8FE9,Delay: 100
                    (1.153 s,F) GetModePID(01, 0C) - DTC count, MIL | NoEOL
11:56:37| DECODE_Bus: DAD_DLL_VERSION_16.12.25.0
3.0.7.0

434,TX MSG,KWPS8FE9,C2 33 F1 01 0C 
574,RX MSG,KWPS8FE9,
574,RX MSG,KWPS8FE9,84 F1 10 41 0C 0C 04 

11:56:37| sr | Get RPM(3): 0 | 1
11:56:37| ... SetupMyLastCommResult: ConditionsNotCorrect
11:56:37| ... DoDad | Action: System.Action | tag: GetModePID(01, 0C) - DTC count, MIL
11:56:37| ... GetCallingProcedure | lVehiculoLink
11:56:37| ... GetCallingProcedure | VehiculoLink
11:56:37| ... GetCallingProcedure | VehTest
11:56:37| DoDad-01 | GetModePID(01, 0C) - DTC count, MIL (Open:True,999.99 | lVehiculoLink,VehiculoLink,VehTest)
11:56:37| DoDad-01  ClearCommandLog ...
11:56:37| DoDad-01  Invoke ... (GetModePID(01, 0C) - DTC count, MIL)
11:56:38| DoDad-01  Invoke ... (GetModePID(01, 0C) - DTC count, MIL)  (1172)
11:56:38| DoDad-01  CommandLog.Length ...
11:56:38| DoDad-01  CommandLog ... (0)
11:56:38| DoDad-01-CommandLog-Len:141 Siz:141 | iStart: 0
11:56:38| DoDad-01  SerialData.Length ... (323)
11:56:38| DoDad-01 | GetModePID(01, 0C) - DTC count, MIL-SLL:00323,00323-CF:F-DLLInfo:'DAD_DLL_VERSION_16.12.25.0 .. 3.0.7.0'
                    -  DAD_DLL_VERSION_16.12.25.0
                    -  440,TX MSG,KWPS8FE9,C2 33 F1 01 0C 
                    -  472,RX QRY,KWPS8FE9,Delay: 100
                    -  581,RX MSG,KWPS8FE9,
                    -  581,RX MSG,KWPS8FE9,84 F1 10 41 0C 0C 3C 
                    -  581,RX QRY,KWPS8FE9,Delay: 100
                    -  694,RX QRY,KWPS8FE9,Delay: 100
                    -  803,RX QRY,KWPS8FE9,Delay: 100
                    -  916,RX QRY,KWPS8FE9,Delay: 100
                    -  1025,RX QRY,KWPS8FE9,Delay: 100
                    (1.167 s,F) GetModePID(01, 0C) - DTC count, MIL | NoEOL
11:56:39| DECODE_Bus: DAD_DLL_VERSION_16.12.25.0
3.0.7.0

440,TX MSG,KWPS8FE9,C2 33 F1 01 0C 
581,RX MSG,KWPS8FE9,
581,RX MSG,KWPS8FE9,84 F1 10 41 0C 0C 3C 

11:56:39| sr | Get RPM(4): 0 | 1
11:56:39| Success
11:56:39| InitIMCleanDevice | DeviceVoltage:13.7
11:56:39| InitIMCleanDevice | DeviceVoltageDLC:14.2
11:56:39| ... >>>-----------------------------------------------------------------------
11:56:39| ... >>>-----------------------------------------------------------------------
11:56:39| VIN: 
11:56:39| MON: Mil:0| Msi:110 | Ccm:110 | Cmb:110 | O2s:110 | Cat:110 | Ccc:009 | Evs:110 | Sas:009 | Faa:009 | O2c:110
11:56:39| DTC: 
11:56:39| Voltage: 13.7
11:56:39| VoltageDLC: 14.2
11:56:39| Pid0101 : 86 F1 10 41 01 00 07 65 00
11:56:39| Pid0300 : 87 F1 10 43 00 00 00 00 00 00
11:56:39| Pid0121 : 84 F1 10 41 21 00 00
11:56:39| Pid0131 : Null
11:56:39| Pid0133 : Null
11:56:39| Pid011F : Null
11:56:39| Pid017F : Null
11:56:39| Pid014D : Null
11:56:39| Pid0951 : Null
11:56:39| Pid0902 : Null
11:56:39| Pid0904 : 87 F1 10 49 04 04 31 30 30 34
11:56:39| Pid010C: Null
11:56:39| RPM: 948 | 1: 948 | 2: 948 | 3: 948
11:56:39| ****** Posible Simulación de lecturas OBD detectada.
11:56:39| *** Connect ... EOF()
11:56:39| VehiculoLink: Pass: Inspección vehicular OBD concluido.
12:07:22|  
12:07:22| ... Connect_OBD ===================================================================================================================
12:07:22|  
12:07:22| ... GetCallingProcedure | lVehiculoLink
12:07:22| ... GetCallingProcedure | VehiculoLink
12:07:22| ... GetCallingProcedure | VehTest
12:07:22| ... IncrementActiveCount | 1
12:07:22| ... GetCallingProcedure | OpusIMCleanOBDdrv.Module1:Connect_OBD
12:07:22| ... GetCallingProcedure | OpusIMCleanOBDdrv.Module1:lVehiculoLink
12:07:22| ... GetCallingProcedure | OpusIMCleanOBDdrv.IMCleanOBD:VehiculoLink
12:07:22| ... MyDADStatus | LCR:ConditionsNotCorrect,Unknown
12:07:22| ... Connect | ---------------- Connect --------------- SC:'' (LCR:ConditionsNotCorrect,Unknown) (lVehiculoLink,VehiculoLink,VehTest)
12:07:22| GetDAD | Starting ... Cnt:00007,00 Opn:T (Connect)
12:07:22| GetDAD | Success ... Cnt:00007,01 Opn:T (Connect, Connect)
12:07:22| ... Connect | 1 | GetDAD =Connect
12:07:22| ... SetupMyLastCommResult: InvalidData
12:07:22| ... MyDad.Initialize 
12:07:22| ... DoDad | Action: System.Action | tag: Initialize
12:07:22| ... GetCallingProcedure | lVehiculoLink
12:07:22| ... GetCallingProcedure | VehiculoLink
12:07:22| ... GetCallingProcedure | VehTest
12:07:22| DoDad-01 | Initialize (Open:True,999.99 | lVehiculoLink,VehiculoLink,VehTest)
12:07:22| DoDad-01  ClearCommandLog ...
12:07:22| DoDad-01  Invoke ... (Initialize)
12:07:34| ... SetupVehicleIsLinked
12:07:34| ... GetCallingProcedure | SetupMyLastCommResult
12:07:34| ... GetCallingProcedure | _Lambda$__0
12:07:34| ... GetCallingProcedure | DoDad
12:07:34| ... SetupMyLastCommResult: Success
12:07:34| DoDad-01  Invoke ... (Initialize)  (11984)
12:07:34| DoDad-01  CommandLog.Length ...
12:07:34| DoDad-01  CommandLog ... (0)
12:07:34| DoDad-01-CommandLog-Len:312 Siz:312 | iStart: 0
12:07:34| DoDad-01  SerialData.Length ... (508)
12:07:34| DoDad-01 | Initialize-SLL:00508,00508-CF:F-DLLInfo:'DAD_DLL_VERSION_16.12.25.0 .. 3.0.7.0'
                    -  DAD_DLL_VERSION_16.12.25.0
                    -  609,TX MSG,JVPW1850,68 6A F1 01 00 
                    -  609,RX QRY,JVPW1850,Delay: 100
                    -  719,RX QRY,JVPW1850,Delay: 100
                    -  828,RX QRY,JVPW1850,Delay: 100
                    -  937,TX MSG,JPWM1850,61 6A F1 01 00 
                    -  953,TX MSG,I9148FE9,33 
                    -  5272,TX MSG,KWPF**,C1 33 F1 81 
                    -  11720,TX MSG,ICAN11bt500,00 00 07 DF 01 00 
                    -  11720,RX QRY,ICAN11bt500,Delay: 100
                    -  11829,RX MSG,ICAN11bt500,00 00 07 DF 
                    -  11829,RX MSG,ICAN11bt500,00 00 07 E8 41 00 BE 3E B8 11 
                    -  11829,RX QRY,ICAN11bt500,Delay: 100
                    -  11942,RX QRY,ICAN11bt500,Delay: 100
                    (11.989 s,F) Initialize | 
12:07:34| ... MyLastResult | Success,Unknown,True->True
12:07:34| Connect | Init-Rty:2 (Success,Unknown,True->True | 12.09) | lVehiculoLink,VehiculoLink,VehTest
12:07:34| ... MyDad.Initialize > Success
12:07:34| DrewProtocol2MyProtocol | In:'ICAN11bt500'  Out:'CAN11' (CAN:True)
12:07:34| ... GetCallingProcedure | Connect_OBD
12:07:34| ... GetCallingProcedure | lVehiculoLink
12:07:34| ... GetCallingProcedure | VehiculoLink
12:07:34| GetSupportedPIDs | Starting ... (Mode:1) (Connect_OBD,lVehiculoLink,VehiculoLink)
12:07:34| ... SetupMyLastCommResult: InvalidData
12:07:34| ... DoDad | Action: System.Action | tag: GetModePID(01, 00) - PID support mask
12:07:34| ... GetCallingProcedure | Connect_OBD
12:07:34| ... GetCallingProcedure | lVehiculoLink
12:07:34| ... GetCallingProcedure | VehiculoLink
12:07:34| DoDad-01 | GetModePID(01, 00) - PID support mask (Open:True,999.99 | Connect_OBD,lVehiculoLink,VehiculoLink)
12:07:34| DoDad-01  ClearCommandLog ...
12:07:34| DoDad-01  Invoke ... (GetModePID(01, 00) - PID support mask)
12:07:35| DoDad-01  Invoke ... (GetModePID(01, 00) - PID support mask)  (656)
12:07:35| DoDad-01  CommandLog.Length ...
12:07:35| DoDad-01  CommandLog ... (0)
12:07:35| DoDad-01-CommandLog-Len:180 Siz:180 | iStart: 0
12:07:35| DoDad-01  SerialData.Length ... (871)
12:07:35| DoDad-01 | GetModePID(01, 00) - PID support mask-SLL:00871,00871-CF:F-DLLInfo:'DAD_DLL_VERSION_16.12.25.0 .. 3.0.7.0'
                    -  DAD_DLL_VERSION_16.12.25.0
                    -  609,TX MSG,JVPW1850,68 6A F1 01 00 
                    -  609,RX QRY,JVPW1850,Delay: 100
                    -  719,RX QRY,JVPW1850,Delay: 100
                    -  828,RX QRY,JVPW1850,Delay: 100
                    -  937,TX MSG,JPWM1850,61 6A F1 01 00 
                    -  953,TX MSG,I9148FE9,33 
                    -  5272,TX MSG,KWPF**,C1 33 F1 81 
                    -  11720,TX MSG,ICAN11bt500,00 00 07 DF 01 00 
                    -  11720,RX QRY,ICAN11bt500,Delay: 100
                    -  11829,RX MSG,ICAN11bt500,00 00 07 DF 
                    -  11829,RX MSG,ICAN11bt500,00 00 07 E8 41 00 BE 3E B8 11 
                    -  11829,RX QRY,ICAN11bt500,Delay: 100
                    -  11942,RX QRY,ICAN11bt500,Delay: 100
                    -  12161,TX MSG,ICAN11bt500,00 00 07 DF 01 00 
                    -  12161,RX QRY,ICAN11bt500,Delay: 100
                    -  12270,RX MSG,ICAN11bt500,00 00 07 DF 
                    -  12270,RX MSG,ICAN11bt500,00 00 07 E8 41 00 BE 3E B8 11 
                    -  12270,RX QRY,ICAN11bt500,Delay: 100
                    -  12379,RX QRY,ICAN11bt500,Delay: 100
                    -  12489,RX QRY,ICAN11bt500,Delay: 100
                    -  12598,RX QRY,ICAN11bt500,Delay: 100
                    -  12707,RX QRY,ICAN11bt500,Delay: 100
                    (0.672 s,F) GetModePID(01, 00) - PID support mask | NoEOL
12:07:35| ... SetupVehicleIsLinked
12:07:35| ... GetCallingProcedure | SetupMyLastCommResult
12:07:35| ... GetCallingProcedure | GetSupportedPIDs
12:07:35| ... GetCallingProcedure | Connect_OBD
12:07:35| ... SetupMyLastCommResult: Success
12:07:35| ... MyLastResult | Success,Unknown,True->True
12:07:35|  (Result:Success,Unknown,True->True)
12:07:35| GetSupportedPIDs | PID00 RspCnt:1
12:07:35| ... GetEcuIdFromAddress
12:07:35| ... ByteArrayToHexString | 07E8
12:07:35| ... ByteArrayToHexString | BE3EB811
12:07:35| ... DT_DataToString | Adr:07E8,Mod:01,PID:00,Dat:BE3EB811
12:07:35| GetSupportedPIDS | Data-Adr:07E8,Mod:01,PID:00,Dat:BE3EB811
12:07:35| SSBAFOB | MdPID:01,00 ECU:E8 ...  InCnt:4 (BE,3E,B8,11,BC:017) SrtIdx:001
12:07:35| ... SetSupportedBitArrayFromObdBytes | BitAryLen:256  BitSetCnt:018  BAI:4-4,01,03,04,05,06,07,0B,0C,0D,0E,0F,11,13,14,15,1C,20
12:07:35| 2 | GetSupportedPIDs | 1-E8-DBG3 -------------- 0,1,2,3,4,5,6,7, 8,9,A,B,C,D,E,F, G,H,I,J,K,L,M,N, O,P,Q,R,S,T,U,V
12:07:35| 2 | GetSupportedPIDs | 1-E8-DBG3 000-00_00-020: T,T,F,T,T,T,T,T, F,F,F,T,T,T,T,T, F,T,F,T,T,T,F,F, F,F,F,F,T,F,F,F
12:07:35| 2 | GetSupportedPIDs | 1-E8-DBG3 032-20_20-040: T,F,F,F,F,F,F,F, F,F,F,F,F,F,F,F, F,F,F,F,F,F,F,F, F,F,F,F,F,F,F,F
12:07:35| 2 | GetSupportedPIDs | 1-E8-DBG3 064-40_40-060: F,F,F,F,F,F,F,F, F,F,F,F,F,F,F,F, F,F,F,F,F,F,F,F, F,F,F,F,F,F,F,F
12:07:35| 2 | GetSupportedPIDs | 1-E8-DBG3 096-60_60-080: F,F,F,F,F,F,F,F, F,F,F,F,F,F,F,F, F,F,F,F,F,F,F,F, F,F,F,F,F,F,F,F
12:07:35| 2 | GetSupportedPIDs | 1-E8-DBG3 128-80_80-0A0: F,F,F,F,F,F,F,F, F,F,F,F,F,F,F,F, F,F,F,F,F,F,F,F, F,F,F,F,F,F,F,F
12:07:35| 2 | GetSupportedPIDs | 1-E8-DBG3 160-A0_A0-0C0: F,F,F,F,F,F,F,F, F,F,F,F,F,F,F,F, F,F,F,F,F,F,F,F, F,F,F,F,F,F,F,F
12:07:35| 2 | GetSupportedPIDs | 1-E8-DBG3 192-C0_C0-0E0: F,F,F,F,F,F,F,F, F,F,F,F,F,F,F,F, F,F,F,F,F,F,F,F, F,F,F,F,F,F,F,F
12:07:35| 2 | GetSupportedPIDs | 1-E8-DBG3 224-E0_E0-100: F,F,F,F,F,F,F,F, F,F,F,F,F,F,F,F, F,F,F,F,F,F,F,F, F,F,F,F,F,F,F,F  (T:018 F:238)
12:07:35| ... LogBitArray | 8
12:07:35| ... SetupMyLastCommResult: InvalidData
12:07:35| ... DoDad | Action: System.Action | tag: GetModePID(01, 20) - PID support mask
12:07:35| ... GetCallingProcedure | Connect_OBD
12:07:35| ... GetCallingProcedure | lVehiculoLink
12:07:35| ... GetCallingProcedure | VehiculoLink
12:07:35| DoDad-01 | GetModePID(01, 20) - PID support mask (Open:True,999.99 | Connect_OBD,lVehiculoLink,VehiculoLink)
12:07:35| DoDad-01  ClearCommandLog ...
12:07:35| DoDad-01  Invoke ... (GetModePID(01, 20) - PID support mask)
12:07:36| DoDad-01  Invoke ... (GetModePID(01, 20) - PID support mask)  (687)
12:07:36| DoDad-01  CommandLog.Length ...
12:07:36| DoDad-01  CommandLog ... (0)
12:07:36| DoDad-01-CommandLog-Len:180 Siz:180 | iStart: 0
12:07:36| DoDad-01  SerialData.Length ... (1234)
12:07:36| DoDad-01 | GetModePID(01, 20) - PID support mask-SLL:01234,01234-CF:F-DLLInfo:'DAD_DLL_VERSION_16.12.25.0 .. 3.0.7.0'
                    -  DAD_DLL_VERSION_16.12.25.0
                    -  609,TX MSG,JVPW1850,68 6A F1 01 00 
                    -  609,RX QRY,JVPW1850,Delay: 100
                    -  719,RX QRY,JVPW1850,Delay: 100
                    -  828,RX QRY,JVPW1850,Delay: 100
                    -  937,TX MSG,JPWM1850,61 6A F1 01 00 
                    -  953,TX MSG,I9148FE9,33 
                    -  5272,TX MSG,KWPF**,C1 33 F1 81 
                    -  11720,TX MSG,ICAN11bt500,00 00 07 DF 01 00 
                    -  11720,RX QRY,ICAN11bt500,Delay: 100
                    -  11829,RX MSG,ICAN11bt500,00 00 07 DF 
                    -  11829,RX MSG,ICAN11bt500,00 00 07 E8 41 00 BE 3E B8 11 
                    -  11829,RX QRY,ICAN11bt500,Delay: 100
                    -  11942,RX QRY,ICAN11bt500,Delay: 100
                    -  12161,TX MSG,ICAN11bt500,00 00 07 DF 01 00 
                    -  12161,RX QRY,ICAN11bt500,Delay: 100
                    -  12270,RX MSG,ICAN11bt500,00 00 07 DF 
                    -  12270,RX MSG,ICAN11bt500,00 00 07 E8 41 00 BE 3E B8 11 
                    -  12270,RX QRY,ICAN11bt500,Delay: 100
                    -  12379,RX QRY,ICAN11bt500,Delay: 100
                    -  12489,RX QRY,ICAN11bt500,Delay: 100
                    -  12598,RX QRY,ICAN11bt500,Delay: 100
                    -  12707,RX QRY,ICAN11bt500,Delay: 100
                    -  12973,TX MSG,ICAN11bt500,00 00 07 DF 01 20 
                    -  12973,RX QRY,ICAN11bt500,Delay: 100
                    -  13088,RX MSG,ICAN11bt500,00 00 07 DF 
                    -  13088,RX MSG,ICAN11bt500,00 00 07 E8 41 20 80 01 80 00 
                    -  13088,RX QRY,ICAN11bt500,Delay: 100
                    -  13197,RX QRY,ICAN11bt500,Delay: 100
                    -  13307,RX QRY,ICAN11bt500,Delay: 100
                    -  13420,RX QRY,ICAN11bt500,Delay: 100
                    -  13529,RX QRY,ICAN11bt500,Delay: 100
                    (0.681 s,F) GetModePID(01, 20) - PID support mask | NoEOL
12:07:36| ... SetupVehicleIsLinked
12:07:36| ... GetCallingProcedure | SetupMyLastCommResult
12:07:36| ... GetCallingProcedure | GetSupportedPIDs
12:07:36| ... GetCallingProcedure | Connect_OBD
12:07:36| ... SetupMyLastCommResult: Success
12:07:36| ... MyLastResult | Success,Unknown,True->True
12:07:36|  (Result:Success,Unknown,True->True)
12:07:36| GetSupportedPIDs | PID20 RspCnt:1
12:07:36| ... GetEcuIdFromAddress
12:07:36| ... ByteArrayToHexString | 07E8
12:07:36| ... ByteArrayToHexString | 80018000
12:07:36| ... DT_DataToString | Adr:07E8,Mod:01,PID:20,Dat:80018000
12:07:36| GetSupportedPIDS | Data-Adr:07E8,Mod:01,PID:20,Dat:80018000
12:07:36| SSBAFOB | MdPID:01,20 ECU:E8 ...  InCnt:4 (80,01,80,00,BC:003) SrtIdx:033
12:07:36| ... SetSupportedBitArrayFromObdBytes | BitAryLen:256  BitSetCnt:021  BAI:4-4,21,30,31
12:07:36| 2 | GetSupportedPIDs | 1-E8-DBG3 -------------- 0,1,2,3,4,5,6,7, 8,9,A,B,C,D,E,F, G,H,I,J,K,L,M,N, O,P,Q,R,S,T,U,V
12:07:36| 2 | GetSupportedPIDs | 1-E8-DBG3 000-00_00-020: T,T,F,T,T,T,T,T, F,F,F,T,T,T,T,T, F,T,F,T,T,T,F,F, F,F,F,F,T,F,F,F
12:07:36| 2 | GetSupportedPIDs | 1-E8-DBG3 032-20_20-040: T,T,F,F,F,F,F,F, F,F,F,F,F,F,F,F, T,T,F,F,F,F,F,F, F,F,F,F,F,F,F,F
12:07:36| 2 | GetSupportedPIDs | 1-E8-DBG3 064-40_40-060: F,F,F,F,F,F,F,F, F,F,F,F,F,F,F,F, F,F,F,F,F,F,F,F, F,F,F,F,F,F,F,F
12:07:36| 2 | GetSupportedPIDs | 1-E8-DBG3 096-60_60-080: F,F,F,F,F,F,F,F, F,F,F,F,F,F,F,F, F,F,F,F,F,F,F,F, F,F,F,F,F,F,F,F
12:07:36| 2 | GetSupportedPIDs | 1-E8-DBG3 128-80_80-0A0: F,F,F,F,F,F,F,F, F,F,F,F,F,F,F,F, F,F,F,F,F,F,F,F, F,F,F,F,F,F,F,F
12:07:36| 2 | GetSupportedPIDs | 1-E8-DBG3 160-A0_A0-0C0: F,F,F,F,F,F,F,F, F,F,F,F,F,F,F,F, F,F,F,F,F,F,F,F, F,F,F,F,F,F,F,F
12:07:36| 2 | GetSupportedPIDs | 1-E8-DBG3 192-C0_C0-0E0: F,F,F,F,F,F,F,F, F,F,F,F,F,F,F,F, F,F,F,F,F,F,F,F, F,F,F,F,F,F,F,F
12:07:36| 2 | GetSupportedPIDs | 1-E8-DBG3 224-E0_E0-100: F,F,F,F,F,F,F,F, F,F,F,F,F,F,F,F, F,F,F,F,F,F,F,F, F,F,F,F,F,F,F,F  (T:021 F:235)
12:07:36| ... LogBitArray | 8
12:07:36| GetSupportedPIDs | Mode:1 ECUCnt:1 PIDSupDicCnt:1
12:07:36| 4 | GetSupportedPIDS | Mode1-ECUE8:-------------- 0,1,2,3,4,5,6,7, 8,9,A,B,C,D,E,F, G,H,I,J,K,L,M,N, O,P,Q,R,S,T,U,V
12:07:36| 4 | GetSupportedPIDS | Mode1-ECUE8:000-00_00-020: T,T,F,T,T,T,T,T, F,F,F,T,T,T,T,T, F,T,F,T,T,T,F,F, F,F,F,F,T,F,F,F
12:07:36| 4 | GetSupportedPIDS | Mode1-ECUE8:032-20_20-040: T,T,F,F,F,F,F,F, F,F,F,F,F,F,F,F, T,T,F,F,F,F,F,F, F,F,F,F,F,F,F,F
12:07:36| 4 | GetSupportedPIDS | Mode1-ECUE8:064-40_40-060: F,F,F,F,F,F,F,F, F,F,F,F,F,F,F,F, F,F,F,F,F,F,F,F, F,F,F,F,F,F,F,F
12:07:36| 4 | GetSupportedPIDS | Mode1-ECUE8:096-60_60-080: F,F,F,F,F,F,F,F, F,F,F,F,F,F,F,F, F,F,F,F,F,F,F,F, F,F,F,F,F,F,F,F
12:07:36| 4 | GetSupportedPIDS | Mode1-ECUE8:128-80_80-0A0: F,F,F,F,F,F,F,F, F,F,F,F,F,F,F,F, F,F,F,F,F,F,F,F, F,F,F,F,F,F,F,F
12:07:36| 4 | GetSupportedPIDS | Mode1-ECUE8:160-A0_A0-0C0: F,F,F,F,F,F,F,F, F,F,F,F,F,F,F,F, F,F,F,F,F,F,F,F, F,F,F,F,F,F,F,F
12:07:36| 4 | GetSupportedPIDS | Mode1-ECUE8:192-C0_C0-0E0: F,F,F,F,F,F,F,F, F,F,F,F,F,F,F,F, F,F,F,F,F,F,F,F, F,F,F,F,F,F,F,F
12:07:36| 4 | GetSupportedPIDS | Mode1-ECUE8:224-E0_E0-100: F,F,F,F,F,F,F,F, F,F,F,F,F,F,F,F, F,F,F,F,F,F,F,F, F,F,F,F,F,F,F,F  (T:021 F:235)
12:07:36| ... LogBitArray | 8
12:07:36| 2 | GetSupportedPIDs | 1-ECUxx -------------- 0,1,2,3,4,5,6,7, 8,9,A,B,C,D,E,F, G,H,I,J,K,L,M,N, O,P,Q,R,S,T,U,V
12:07:36| 2 | GetSupportedPIDs | 1-ECUxx 000-00_00-020: T,T,F,T,T,T,T,T, F,F,F,T,T,T,T,T, F,T,F,T,T,T,F,F, F,F,F,F,T,F,F,F
12:07:36| 2 | GetSupportedPIDs | 1-ECUxx 032-20_20-040: T,T,F,F,F,F,F,F, F,F,F,F,F,F,F,F, T,T,F,F,F,F,F,F, F,F,F,F,F,F,F,F
12:07:36| 2 | GetSupportedPIDs | 1-ECUxx 064-40_40-060: F,F,F,F,F,F,F,F, F,F,F,F,F,F,F,F, F,F,F,F,F,F,F,F, F,F,F,F,F,F,F,F
12:07:36| 2 | GetSupportedPIDs | 1-ECUxx 096-60_60-080: F,F,F,F,F,F,F,F, F,F,F,F,F,F,F,F, F,F,F,F,F,F,F,F, F,F,F,F,F,F,F,F
12:07:36| 2 | GetSupportedPIDs | 1-ECUxx 128-80_80-0A0: F,F,F,F,F,F,F,F, F,F,F,F,F,F,F,F, F,F,F,F,F,F,F,F, F,F,F,F,F,F,F,F
12:07:36| 2 | GetSupportedPIDs | 1-ECUxx 160-A0_A0-0C0: F,F,F,F,F,F,F,F, F,F,F,F,F,F,F,F, F,F,F,F,F,F,F,F, F,F,F,F,F,F,F,F
12:07:36| 2 | GetSupportedPIDs | 1-ECUxx 192-C0_C0-0E0: F,F,F,F,F,F,F,F, F,F,F,F,F,F,F,F, F,F,F,F,F,F,F,F, F,F,F,F,F,F,F,F
12:07:36| 2 | GetSupportedPIDs | 1-ECUxx 224-E0_E0-100: F,F,F,F,F,F,F,F, F,F,F,F,F,F,F,F, F,F,F,F,F,F,F,F, F,F,F,F,F,F,F,F  (T:021 F:235)
12:07:36| ... LogBitArray | 8
12:07:36| GetSupportedPIDs | PIDCnt-1-E8:021  (TPC:21)
12:07:36| ... DictValueSortDesc
12:07:36| DVSD | E8:021->E8:021
12:07:36| GetSupportedPIDs | Mode:1 PIDs-'021:00 01 03 04 05 06 07 0B 0C 0D 0E 0F 11 13 14 15 1C 20 21 30 31
12:07:36|  GetSupportedPIDs | Ending ... Success:TrueTrue 1-E8:021
12:07:36| ReleaseDAD |  Starting ... Cnt:00007,01 (Connect)
12:07:36| ... ReleaseDAD | Success ... Cnt:00007,00 Opn:T (Connect, Connect)
12:07:36| ... Connect | 2
12:07:36| ... SetupVehicleIsLinked
12:07:36| ... GetCallingProcedure | Connect_OBD
12:07:36| ... GetCallingProcedure | lVehiculoLink
12:07:36| ... GetCallingProcedure | VehiculoLink
12:07:36| SVLI | VehicleIsLinked:'True'->'?'  (Connect_OBD,lVehiculoLink,VehiculoLink)
12:07:36| ... SetupVehicleIsLinked
12:07:36| ... GetCallingProcedure | Connect_OBD
12:07:36| ... GetCallingProcedure | lVehiculoLink
12:07:36| ... GetCallingProcedure | VehiculoLink
12:07:36| SVLI | VehicleIsLinked:'?'->'True'  (Connect_OBD,lVehiculoLink,VehiculoLink)
12:07:36| ... Connect | 3 | Connect_Succeeded = True
12:07:36| ... MyLastResult | Success,Unknown,?->True
12:07:36| Connect | Rslt:True EECUID:E8 ECUs:1-(E8:021->E8:021,) Prot:'CAN11', 'CAN11' PC:21  (Success,Unknown,?->True, 13.92) (lVehiculoLink,VehiculoLink,VehTest)
12:07:36| ... DecrementActiveCount | 0
12:07:36| ... GetCallingProcedure | OpusIMCleanOBDdrv.Module1:Connect_OBD
12:07:36| ... GetCallingProcedure | OpusIMCleanOBDdrv.Module1:lVehiculoLink
12:07:36| ... GetCallingProcedure | OpusIMCleanOBDdrv.IMCleanOBD:VehiculoLink
12:07:36| ... LocalDecrementActiveCount | 0
12:07:36|  
12:07:36| ... Get MON >>>-----------------------------------------------------------------------
12:07:36| ... SetupMyLastCommResult: ConditionsNotCorrect
12:07:36| ... DoDad | Action: System.Action | tag: GetModePID(01, 01) - Readiness, DTC count, MIL
12:07:36| ... GetCallingProcedure | lVehiculoLink
12:07:36| ... GetCallingProcedure | VehiculoLink
12:07:36| ... GetCallingProcedure | VehTest
12:07:36| DoDad-01 | GetModePID(01, 01) - Readiness, DTC count, MIL (Open:True,999.99 | lVehiculoLink,VehiculoLink,VehTest)
12:07:36| DoDad-01  ClearCommandLog ...
12:07:36| DoDad-01  Invoke ... (GetModePID(01, 01) - Readiness, DTC count, MIL)
12:07:37| DoDad-01  Invoke ... (GetModePID(01, 01) - Readiness, DTC count, MIL)  (656)
12:07:37| DoDad-01  CommandLog.Length ...
12:07:37| DoDad-01  CommandLog ... (0)
12:07:37| DoDad-01-CommandLog-Len:173 Siz:173 | iStart: 0
12:07:37| DoDad-01  SerialData.Length ... (371)
12:07:37| DoDad-01 | GetModePID(01, 01) - Readiness, DTC count, MIL-SLL:00371,00371-CF:F-DLLInfo:'DAD_DLL_VERSION_16.12.25.0 .. 3.0.7.0'
                    -  DAD_DLL_VERSION_16.12.25.0
                    -  31,TX MSG,ICAN11bt500,00 00 07 DF 01 01 
                    -  31,RX QRY,ICAN11bt500,Delay: 100
                    -  140,RX MSG,ICAN11bt500,00 00 07 DF 
                    -  140,RX MSG,ICAN11bt500,00 00 07 E8 41 01 00 05 21 00 
                    -  140,RX QRY,ICAN11bt500,Delay: 100
                    -  249,RX QRY,ICAN11bt500,Delay: 100
                    -  359,RX QRY,ICAN11bt500,Delay: 100
                    -  472,RX QRY,ICAN11bt500,Delay: 100
                    -  581,RX QRY,ICAN11bt500,Delay: 100
                    (0.691 s,F) GetModePID(01, 01) - Readiness, DTC count, MIL | NoEOL
12:07:37| DECODE_Bus: DAD_DLL_VERSION_16.12.25.0
3.0.7.0

31,TX MSG,ICAN11bt500,00 00 07 DF 01 01 
140,RX MSG,ICAN11bt500,00 00 07 DF 
140,RX MSG,ICAN11bt500,00 00 07 E8 41 01 00 05 21 00 

12:07:37| DECODE_MIL: 00 00 07 E8 41 01 00 05 21 00
12:07:37| zipESP: 00 00 07 E8 41 01 00 05 21 00 | 000007E8410100052100
12:07:37| DECODE_MIL dato: 00052100
12:07:37| Status: 00052100
12:07:37| A: 00 | 0 | 00000000
12:07:37| B: 05 | 5 | 00000101
12:07:37| C: 21 | 33 | 00100001
12:07:37| D: 00 | 0 | 00000000
12:07:37| sr | Get MON: 0 | 1
12:07:37|  
12:07:37| ... Get DTC >>>-----------------------------------------------------------------------
12:07:37| ... SetupMyLastCommResult: ConditionsNotCorrect
12:07:37| ... DoDad | Action: System.Action | tag: GetModePID(03, 00) - DTC count, MIL
12:07:37| ... GetCallingProcedure | lVehiculoLink
12:07:37| ... GetCallingProcedure | VehiculoLink
12:07:37| ... GetCallingProcedure | VehTest
12:07:37| DoDad-01 | GetModePID(03, 00) - DTC count, MIL (Open:True,999.99 | lVehiculoLink,VehiculoLink,VehTest)
12:07:37| DoDad-01  ClearCommandLog ...
12:07:37| DoDad-01  Invoke ... (GetModePID(03, 00) - DTC count, MIL)
12:07:37| DoDad-01  Invoke ... (GetModePID(03, 00) - DTC count, MIL)  (672)
12:07:37| DoDad-01  CommandLog.Length ...
12:07:37| DoDad-01  CommandLog ... (0)
12:07:37| DoDad-01-CommandLog-Len:201 Siz:201 | iStart: 0
12:07:37| DoDad-01  SerialData.Length ... (399)
12:07:37| DoDad-01 | GetModePID(03, 00) - DTC count, MIL-SLL:00399,00399-CF:F-DLLInfo:'DAD_DLL_VERSION_16.12.25.0 .. 3.0.7.0'
                    -  DAD_DLL_VERSION_16.12.25.0
                    -  31,TX MSG,ICAN11bt500,00 00 07 DF 03 
                    -  31,RX QRY,ICAN11bt500,Delay: 100
                    -  140,RX MSG,ICAN11bt500,00 00 07 DF 
                    -  140,RX MSG,ICAN11bt500,00 00 07 E8 43 00 
                    -  140,RX MSG,ICAN11bt500,00 00 07 E9 43 00 
                    -  140,RX QRY,ICAN11bt500,Delay: 100
                    -  250,RX QRY,ICAN11bt500,Delay: 100
                    -  359,RX QRY,ICAN11bt500,Delay: 100
                    -  468,RX QRY,ICAN11bt500,Delay: 100
                    -  578,RX QRY,ICAN11bt500,Delay: 100
                    (0.675 s,F) GetModePID(03, 00) - DTC count, MIL | NoEOL
12:07:37| DECODE_Bus: DAD_DLL_VERSION_16.12.25.0
3.0.7.0

31,TX MSG,ICAN11bt500,00 00 07 DF 03 
140,RX MSG,ICAN11bt500,00 00 07 DF 
140,RX MSG,ICAN11bt500,00 00 07 E8 43 00 
140,RX MSG,ICAN11bt500,00 00 07 E9 43 00 

12:07:37| ... DECODE_DTC: 00 00 07 E8 43 00
12:07:37| zipESP: 00 00 07 E8 43 00 | 000007E84300
12:07:37| sr | Get DTC: 0 | 2
12:07:37|  
12:07:38| ... (01, 1F) Tmp. Encendido >>>-----------------------------------------------------------------------
12:07:38| ... SetupMyLastCommResult: ConditionsNotCorrect
12:07:38| ... DoDad | Action: System.Action | tag: GetModePID(01, 1F) - Tmp. Encendido
12:07:38| ... GetCallingProcedure | lVehiculoLink
12:07:38| ... GetCallingProcedure | VehiculoLink
12:07:38| ... GetCallingProcedure | VehTest
12:07:38| DoDad-01 | GetModePID(01, 1F) - Tmp. Encendido (Open:True,999.99 | lVehiculoLink,VehiculoLink,VehTest)
12:07:38| DoDad-01  ClearCommandLog ...
12:07:38| DoDad-01  Invoke ... (GetModePID(01, 1F) - Tmp. Encendido)
12:07:38| DoDad-01  Invoke ... (GetModePID(01, 1F) - Tmp. Encendido)  (656)
12:07:38| DoDad-01  CommandLog.Length ...
12:07:38| DoDad-01  CommandLog ... (0)
12:07:38| DoDad-01-CommandLog-Len:118 Siz:118 | iStart: 0
12:07:38| DoDad-01  SerialData.Length ... (316)
12:07:38| DoDad-01 | GetModePID(01, 1F) - Tmp. Encendido-SLL:00316,00316-CF:F-DLLInfo:'DAD_DLL_VERSION_16.12.25.0 .. 3.0.7.0'
                    -  DAD_DLL_VERSION_16.12.25.0
                    -  31,TX MSG,ICAN11bt500,00 00 07 DF 01 1F 
                    -  31,RX QRY,ICAN11bt500,Delay: 100
                    -  140,RX MSG,ICAN11bt500,00 00 07 DF 
                    -  140,RX QRY,ICAN11bt500,Delay: 100
                    -  250,RX QRY,ICAN11bt500,Delay: 100
                    -  359,RX QRY,ICAN11bt500,Delay: 100
                    -  468,RX QRY,ICAN11bt500,Delay: 100
                    -  578,RX QRY,ICAN11bt500,Delay: 100
                    (0.656 s,F) GetModePID(01, 1F) - Tmp. Encendido | NoEOL
12:07:38|  
12:07:38| ... (01, 21) Distancia MIL >>>-----------------------------------------------------------------------
12:07:38| ... SetupMyLastCommResult: ConditionsNotCorrect
12:07:38| ... DoDad | Action: System.Action | tag: GetModePID(01, 21) - Distancia MIL
12:07:38| ... GetCallingProcedure | lVehiculoLink
12:07:38| ... GetCallingProcedure | VehiculoLink
12:07:38| ... GetCallingProcedure | VehTest
12:07:38| DoDad-01 | GetModePID(01, 21) - Distancia MIL (Open:True,999.99 | lVehiculoLink,VehiculoLink,VehTest)
12:07:38| DoDad-01  ClearCommandLog ...
12:07:38| DoDad-01  Invoke ... (GetModePID(01, 21) - Distancia MIL)
12:07:39| DoDad-01  Invoke ... (GetModePID(01, 21) - Distancia MIL)  (656)
12:07:39| DoDad-01  CommandLog.Length ...
12:07:39| DoDad-01  CommandLog ... (0)
12:07:39| DoDad-01-CommandLog-Len:167 Siz:167 | iStart: 0
12:07:39| DoDad-01  SerialData.Length ... (365)
12:07:39| DoDad-01 | GetModePID(01, 21) - Distancia MIL-SLL:00365,00365-CF:F-DLLInfo:'DAD_DLL_VERSION_16.12.25.0 .. 3.0.7.0'
                    -  DAD_DLL_VERSION_16.12.25.0
                    -  31,TX MSG,ICAN11bt500,00 00 07 DF 01 15 
                    -  31,RX QRY,ICAN11bt500,Delay: 100
                    -  140,RX MSG,ICAN11bt500,00 00 07 DF 
                    -  140,RX MSG,ICAN11bt500,00 00 07 E8 41 15 46 00 
                    -  140,RX QRY,ICAN11bt500,Delay: 100
                    -  250,RX QRY,ICAN11bt500,Delay: 100
                    -  359,RX QRY,ICAN11bt500,Delay: 100
                    -  469,RX QRY,ICAN11bt500,Delay: 100
                    -  578,RX QRY,ICAN11bt500,Delay: 100
                    (0.656 s,F) GetModePID(01, 21) - Distancia MIL | NoEOL
12:07:39| DECODE_Bus: DAD_DLL_VERSION_16.12.25.0
3.0.7.0

31,TX MSG,ICAN11bt500,00 00 07 DF 01 15 
140,RX MSG,ICAN11bt500,00 00 07 DF 
140,RX MSG,ICAN11bt500,00 00 07 E8 41 15 46 00 

12:07:39| sr | Distancia MIL: 0 | 1
12:07:39|  
12:07:39| ... (01, 31) Distancia MIL Borrada >>>-----------------------------------------------------------------------
12:07:39| ... SetupMyLastCommResult: ConditionsNotCorrect
12:07:39| ... DoDad | Action: System.Action | tag: GetModePID(01, 31) - Distancia MIL Borrada
12:07:39| ... GetCallingProcedure | lVehiculoLink
12:07:39| ... GetCallingProcedure | VehiculoLink
12:07:39| ... GetCallingProcedure | VehTest
12:07:39| DoDad-01 | GetModePID(01, 31) - Distancia MIL Borrada (Open:True,999.99 | lVehiculoLink,VehiculoLink,VehTest)
12:07:39| DoDad-01  ClearCommandLog ...
12:07:39| DoDad-01  Invoke ... (GetModePID(01, 31) - Distancia MIL Borrada)
12:07:40| DoDad-01  Invoke ... (GetModePID(01, 31) - Distancia MIL Borrada)  (672)
12:07:40| DoDad-01  CommandLog.Length ...
12:07:40| DoDad-01  CommandLog ... (0)
12:07:40| DoDad-01-CommandLog-Len:118 Siz:118 | iStart: 0
12:07:40| DoDad-01  SerialData.Length ... (316)
12:07:40| DoDad-01 | GetModePID(01, 31) - Distancia MIL Borrada-SLL:00316,00316-CF:F-DLLInfo:'DAD_DLL_VERSION_16.12.25.0 .. 3.0.7.0'
                    -  DAD_DLL_VERSION_16.12.25.0
                    -  46,TX MSG,ICAN11bt500,00 00 07 DF 01 1F 
                    -  46,RX QRY,ICAN11bt500,Delay: 100
                    -  156,RX MSG,ICAN11bt500,00 00 07 DF 
                    -  156,RX QRY,ICAN11bt500,Delay: 100
                    -  265,RX QRY,ICAN11bt500,Delay: 100
                    -  375,RX QRY,ICAN11bt500,Delay: 100
                    -  484,RX QRY,ICAN11bt500,Delay: 100
                    -  593,RX QRY,ICAN11bt500,Delay: 100
                    (0.672 s,F) GetModePID(01, 31) - Distancia MIL Borrada | NoEOL
12:07:40|  
12:07:40| ... (01, 33) Presion Barometrica Kpa >>>-----------------------------------------------------------------------
12:07:40| ... SetupMyLastCommResult: ConditionsNotCorrect
12:07:40| ... DoDad | Action: System.Action | tag: GetModePID(01, 33) - Presion Barometrica Kpa
12:07:40| ... GetCallingProcedure | lVehiculoLink
12:07:40| ... GetCallingProcedure | VehiculoLink
12:07:40| ... GetCallingProcedure | VehTest
12:07:40| DoDad-01 | GetModePID(01, 33) - Presion Barometrica Kpa (Open:True,999.99 | lVehiculoLink,VehiculoLink,VehTest)
12:07:40| DoDad-01  ClearCommandLog ...
12:07:40| DoDad-01  Invoke ... (GetModePID(01, 33) - Presion Barometrica Kpa)
12:07:40| DoDad-01  Invoke ... (GetModePID(01, 33) - Presion Barometrica Kpa)  (656)
12:07:40| DoDad-01  CommandLog.Length ...
12:07:40| DoDad-01  CommandLog ... (0)
12:07:40| DoDad-01-CommandLog-Len:216 Siz:216 | iStart: 0
12:07:40| DoDad-01  SerialData.Length ... (414)
12:07:40| DoDad-01 | GetModePID(01, 33) - Presion Barometrica Kpa-SLL:00414,00414-CF:F-DLLInfo:'DAD_DLL_VERSION_16.12.25.0 .. 3.0.7.0'
                    -  DAD_DLL_VERSION_16.12.25.0
                    -  31,TX MSG,ICAN11bt500,00 00 07 DF 01 21 
                    -  31,RX QRY,ICAN11bt500,Delay: 100
                    -  140,RX MSG,ICAN11bt500,00 00 07 DF 
                    -  140,RX MSG,ICAN11bt500,00 00 07 E9 41 21 00 00 
                    -  140,RX MSG,ICAN11bt500,00 00 07 E8 41 21 00 00 
                    -  140,RX QRY,ICAN11bt500,Delay: 100
                    -  250,RX QRY,ICAN11bt500,Delay: 100
                    -  359,RX QRY,ICAN11bt500,Delay: 100
                    -  468,RX QRY,ICAN11bt500,Delay: 100
                    -  578,RX QRY,ICAN11bt500,Delay: 100
                    (0.656 s,F) GetModePID(01, 33) - Presion Barometrica Kpa | NoEOL
12:07:40| DECODE_Bus: DAD_DLL_VERSION_16.12.25.0
3.0.7.0

31,TX MSG,ICAN11bt500,00 00 07 DF 01 21 
140,RX MSG,ICAN11bt500,00 00 07 DF 
140,RX MSG,ICAN11bt500,00 00 07 E9 41 21 00 00 
140,RX MSG,ICAN11bt500,00 00 07 E8 41 21 00 00 

12:07:40| sr | Presion Barometrica Kpa: 0 | 2
12:07:40|  
12:07:40| ... (01, 4D) Tmp MIL on >>>-----------------------------------------------------------------------
12:07:40| ... SetupMyLastCommResult: ConditionsNotCorrect
12:07:40| ... DoDad | Action: System.Action | tag: GetModePID(01, 4D) - Tmp MIL on
12:07:40| ... GetCallingProcedure | lVehiculoLink
12:07:40| ... GetCallingProcedure | VehiculoLink
12:07:40| ... GetCallingProcedure | VehTest
12:07:40| DoDad-01 | GetModePID(01, 4D) - Tmp MIL on (Open:True,999.99 | lVehiculoLink,VehiculoLink,VehTest)
12:07:40| DoDad-01  ClearCommandLog ...
12:07:40| DoDad-01  Invoke ... (GetModePID(01, 4D) - Tmp MIL on)
12:07:41| DoDad-01  Invoke ... (GetModePID(01, 4D) - Tmp MIL on)  (672)
12:07:41| DoDad-01  CommandLog.Length ...
12:07:41| DoDad-01  CommandLog ... (0)
12:07:41| DoDad-01-CommandLog-Len:118 Siz:118 | iStart: 0
12:07:41| DoDad-01  SerialData.Length ... (316)
12:07:41| DoDad-01 | GetModePID(01, 4D) - Tmp MIL on-SLL:00316,00316-CF:F-DLLInfo:'DAD_DLL_VERSION_16.12.25.0 .. 3.0.7.0'
                    -  DAD_DLL_VERSION_16.12.25.0
                    -  46,TX MSG,ICAN11bt500,00 00 07 DF 01 4D 
                    -  46,RX QRY,ICAN11bt500,Delay: 100
                    -  156,RX MSG,ICAN11bt500,00 00 07 DF 
                    -  156,RX QRY,ICAN11bt500,Delay: 100
                    -  265,RX QRY,ICAN11bt500,Delay: 100
                    -  375,RX QRY,ICAN11bt500,Delay: 100
                    -  484,RX QRY,ICAN11bt500,Delay: 100
                    -  594,RX QRY,ICAN11bt500,Delay: 100
                    (0.672 s,F) GetModePID(01, 4D) - Tmp MIL on | NoEOL
12:07:41|  
12:07:41| ... (01, 51) Tipo Combustible >>>-----------------------------------------------------------------------
12:07:41| ... SetupMyLastCommResult: ConditionsNotCorrect
12:07:41| ... DoDad | Action: System.Action | tag: GetModePID(01, 51) - Tipo Combustible
12:07:41| ... GetCallingProcedure | lVehiculoLink
12:07:41| ... GetCallingProcedure | VehiculoLink
12:07:41| ... GetCallingProcedure | VehTest
12:07:41| DoDad-01 | GetModePID(01, 51) - Tipo Combustible (Open:True,999.99 | lVehiculoLink,VehiculoLink,VehTest)
12:07:41| DoDad-01  ClearCommandLog ...
12:07:41| DoDad-01  Invoke ... (GetModePID(01, 51) - Tipo Combustible)
12:07:42| DoDad-01  Invoke ... (GetModePID(01, 51) - Tipo Combustible)  (656)
12:07:42| DoDad-01  CommandLog.Length ...
12:07:42| DoDad-01  CommandLog ... (0)
12:07:42| DoDad-01-CommandLog-Len:118 Siz:118 | iStart: 0
12:07:42| DoDad-01  SerialData.Length ... (316)
12:07:42| DoDad-01 | GetModePID(01, 51) - Tipo Combustible-SLL:00316,00316-CF:F-DLLInfo:'DAD_DLL_VERSION_16.12.25.0 .. 3.0.7.0'
                    -  DAD_DLL_VERSION_16.12.25.0
                    -  31,TX MSG,ICAN11bt500,00 00 07 DF 01 33 
                    -  31,RX QRY,ICAN11bt500,Delay: 100
                    -  140,RX MSG,ICAN11bt500,00 00 07 DF 
                    -  140,RX QRY,ICAN11bt500,Delay: 100
                    -  250,RX QRY,ICAN11bt500,Delay: 100
                    -  359,RX QRY,ICAN11bt500,Delay: 100
                    -  468,RX QRY,ICAN11bt500,Delay: 100
                    -  578,RX QRY,ICAN11bt500,Delay: 100
                    (0.672 s,F) GetModePID(01, 51) - Tipo Combustible | NoEOL
12:07:42|  
12:07:42| ... (01, 7F) Tmp Marcha Motor >>>-----------------------------------------------------------------------
12:07:42| ... SetupMyLastCommResult: ConditionsNotCorrect
12:07:42| ... DoDad | Action: System.Action | tag: GetModePID(01, 7F) - Tmp Marcha Motor
12:07:42| ... GetCallingProcedure | lVehiculoLink
12:07:42| ... GetCallingProcedure | VehiculoLink
12:07:42| ... GetCallingProcedure | VehTest
12:07:42| DoDad-01 | GetModePID(01, 7F) - Tmp Marcha Motor (Open:True,999.99 | lVehiculoLink,VehiculoLink,VehTest)
12:07:42| DoDad-01  ClearCommandLog ...
12:07:42| DoDad-01  Invoke ... (GetModePID(01, 7F) - Tmp Marcha Motor)
12:07:43| DoDad-01  Invoke ... (GetModePID(01, 7F) - Tmp Marcha Motor)  (656)
12:07:43| DoDad-01  CommandLog.Length ...
12:07:43| DoDad-01  CommandLog ... (0)
12:07:43| DoDad-01-CommandLog-Len:118 Siz:118 | iStart: 0
12:07:43| DoDad-01  SerialData.Length ... (316)
12:07:43| DoDad-01 | GetModePID(01, 7F) - Tmp Marcha Motor-SLL:00316,00316-CF:F-DLLInfo:'DAD_DLL_VERSION_16.12.25.0 .. 3.0.7.0'
                    -  DAD_DLL_VERSION_16.12.25.0
                    -  31,TX MSG,ICAN11bt500,00 00 07 DF 01 7F 
                    -  31,RX QRY,ICAN11bt500,Delay: 100
                    -  140,RX MSG,ICAN11bt500,00 00 07 DF 
                    -  140,RX QRY,ICAN11bt500,Delay: 100
                    -  250,RX QRY,ICAN11bt500,Delay: 100
                    -  359,RX QRY,ICAN11bt500,Delay: 100
                    -  468,RX QRY,ICAN11bt500,Delay: 100
                    -  578,RX QRY,ICAN11bt500,Delay: 100
                    (0.656 s,F) GetModePID(01, 7F) - Tmp Marcha Motor | NoEOL
12:07:43|  
12:07:43| ... (09, 04) Cal ID >>>-----------------------------------------------------------------------
12:07:43| ... SetupMyLastCommResult: ConditionsNotCorrect
12:07:43| ... DoDad | Action: System.Action | tag: GetModePID(09, 04) - Cal ID
12:07:43| ... GetCallingProcedure | lVehiculoLink
12:07:43| ... GetCallingProcedure | VehiculoLink
12:07:43| ... GetCallingProcedure | VehTest
12:07:43| DoDad-01 | GetModePID(09, 04) - Cal ID (Open:True,999.99 | lVehiculoLink,VehiculoLink,VehTest)
12:07:43| DoDad-01  ClearCommandLog ...
12:07:43| DoDad-01  Invoke ... (GetModePID(09, 04) - Cal ID)
12:07:43| DoDad-01  Invoke ... (GetModePID(09, 04) - Cal ID)  (656)
12:07:43| DoDad-01  CommandLog.Length ...
12:07:43| DoDad-01  CommandLog ... (0)
12:07:43| DoDad-01-CommandLog-Len:476 Siz:476 | iStart: 0
12:07:43| DoDad-01  SerialData.Length ... (674)
12:07:43| DoDad-01 | GetModePID(09, 04) - Cal ID-SLL:00674,00674-CF:F-DLLInfo:'DAD_DLL_VERSION_16.12.25.0 .. 3.0.7.0'
                    -  DAD_DLL_VERSION_16.12.25.0
                    -  31,TX MSG,ICAN11bt500,00 00 07 DF 09 04 
                    -  31,RX QRY,ICAN11bt500,Delay: 100
                    -  140,RX MSG,ICAN11bt500,00 00 07 DF 
                    -  140,RX MSG,ICAN11bt500,00 00 07 E9 
                    -  140,RX MSG,ICAN11bt500,00 00 07 E8 
                    -  140,RX MSG,ICAN11bt500,00 00 07 E8 49 04 02 38 32 30 31 31 30 38 34 32 36 00 00 00 00 00 00 32 33 37 31 30 30 39 35 30 52 30 30 30 30 30 30 
                    -  140,RX MSG,ICAN11bt500,00 00 07 E9 49 04 02 38 32 30 31 30 34 31 30 37 30 00 00 00 00 00 00 33 31 30 33 32 30 32 33 34 52 00 00 00 00 00 00 
                    -  140,RX QRY,ICAN11bt500,Delay: 100
                    -  250,RX QRY,ICAN11bt500,Delay: 100
                    -  359,RX QRY,ICAN11bt500,Delay: 100
                    -  468,RX QRY,ICAN11bt500,Delay: 100
                    -  578,RX QRY,ICAN11bt500,Delay: 100
                    (0.656 s,F) GetModePID(09, 04) - Cal ID | NoEOL
12:07:43| DECODE_Bus: DAD_DLL_VERSION_16.12.25.0
3.0.7.0

31,TX MSG,ICAN11bt500,00 00 07 DF 09 04 
140,RX MSG,ICAN11bt500,00 00 07 DF 
140,RX MSG,ICAN11bt500,00 00 07 E9 
140,RX MSG,ICAN11bt500,00 00 07 E8 
140,RX MSG,ICAN11bt500,00 00 07 E8 49 04 02 38 32 30 31 31 30 38 34 32 36 00 00 00 00 00 00 32 33 37 31 30 30 39 35 30 52 30 30 30 30 30 30 
140,RX MSG,ICAN11bt500,00 00 07 E9 49 04 02 38 32 30 31 30 34 31 30 37 30 00 00 00 00 00 00 33 31 30 33 32 30 32 33 34 52 00 00 00 00 00 00 

12:07:43| sr | Cal ID: 0 | 2
12:07:43|  
12:07:43| ... Get VIN >>>-----------------------------------------------------------------------
12:07:44| DAD_DLL_VERSION_16.12.25.0
3.0.7.0

31,TX MSG,ICAN11bt500,00 00 07 DF 09 04 
140,RX MSG,ICAN11bt500,00 00 07 DF 
140,RX MSG,ICAN11bt500,00 00 07 E9 
140,RX MSG,ICAN11bt500,00 00 07 E8 
140,RX MSG,ICAN11bt500,00 00 07 E8 49 04 02 38 32 30 31 31 30 38 34 32 36 00 00 00 00 00 00 32 33 37 31 30 30 39 35 30 52 30 30 30 30 30 30 
140,RX MSG,ICAN11bt500,00 00 07 E9 49 04 02 38 32 30 31 30 34 31 30 37 30 00 00 00 00 00 00 33 31 30 33 32 30 32 33 34 52 00 00 00 00 00 00 
718,TX MSG,ICAN11bt500,00 00 07 DF 09 02 
843,RX MSG,ICAN11bt500,00 00 07 DF 
843,RX MSG,ICAN11bt500,00 00 07 E8 
843,RX MSG,ICAN11bt500,00 00 07 E8 49 02 01 56 46 31 4C 5A 33 32 54 32 42 43 32 34 37 36 35 39 

12:07:44| SR: 0 | 1
12:07:44| ... GetEcuIdFromAddress
12:07:44| ... ByteArrayToHexString | 01 56 46 31 4C 5A 33 32 54 32 42 43 32 34 37 36 35 39
12:07:44| GetVIN | ECU:E8  DLen:018 (01 56 46 31 4C 5A 33 32 54 32 42 43 32 34 37 36 35 39)
12:07:44| ... ByteArrayToHexString | 01,56,46,31,4C,5A,33,32,54,32,42,43,32,34,37,36,35,39
12:07:44| ... CheckForNAK | Ret:False  Len:18  Buf:01,56,46,31,4C,5A,33,32,54,32,42,43,32,34,37,36,35,39  SID:09  PID:02  Prot:'CAN11'
12:07:44| ... ByteArrayToString | VF1LZ32T2BC247659
12:07:44| GetVIN | ECU:E8  VIN: Null
12:07:44| DECODE_Bus: DAD_DLL_VERSION_16.12.25.0
3.0.7.0

31,TX MSG,ICAN11bt500,00 00 07 DF 09 04 
140,RX MSG,ICAN11bt500,00 00 07 DF 
140,RX MSG,ICAN11bt500,00 00 07 E9 
140,RX MSG,ICAN11bt500,00 00 07 E8 
140,RX MSG,ICAN11bt500,00 00 07 E8 49 04 02 38 32 30 31 31 30 38 34 32 36 00 00 00 00 00 00 32 33 37 31 30 30 39 35 30 52 30 30 30 30 30 30 
140,RX MSG,ICAN11bt500,00 00 07 E9 49 04 02 38 32 30 31 30 34 31 30 37 30 00 00 00 00 00 00 33 31 30 33 32 30 32 33 34 52 00 00 00 00 00 00 
718,TX MSG,ICAN11bt500,00 00 07 DF 09 02 
843,RX MSG,ICAN11bt500,00 00 07 DF 
843,RX MSG,ICAN11bt500,00 00 07 E8 
843,RX MSG,ICAN11bt500,00 00 07 E8 49 02 01 56 46 31 4C 5A 33 32 54 32 42 43 32 34 37 36 35 39 

12:07:44|  
12:07:44| ... Get VOLTAJES >>>-----------------------------------------------------------------------
12:07:44| ... SetupMyLastCommResult: ConditionsNotCorrect
12:07:44| ... DoDad | Action: System.Action | tag: GetModePID(01, 42) - Voltaje
12:07:44| ... GetCallingProcedure | lVehiculoLink
12:07:44| ... GetCallingProcedure | VehiculoLink
12:07:44| ... GetCallingProcedure | VehTest
12:07:44| DoDad-01 | GetModePID(01, 42) - Voltaje (Open:True,999.99 | lVehiculoLink,VehiculoLink,VehTest)
12:07:44| DoDad-01  ClearCommandLog ...
12:07:44| DoDad-01  Invoke ... (GetModePID(01, 42) - Voltaje)
12:07:45| DoDad-01  Invoke ... (GetModePID(01, 42) - Voltaje)  (656)
12:07:45| DoDad-01  CommandLog.Length ...
12:07:45| DoDad-01  CommandLog ... (0)
12:07:45| DoDad-01-CommandLog-Len:118 Siz:118 | iStart: 0
12:07:45| DoDad-01  SerialData.Length ... (316)
12:07:45| DoDad-01 | GetModePID(01, 42) - Voltaje-SLL:00316,00316-CF:F-DLLInfo:'DAD_DLL_VERSION_16.12.25.0 .. 3.0.7.0'
                    -  DAD_DLL_VERSION_16.12.25.0
                    -  31,TX MSG,ICAN11bt500,00 00 07 DF 01 2A 
                    -  31,RX QRY,ICAN11bt500,Delay: 100
                    -  140,RX MSG,ICAN11bt500,00 00 07 DF 
                    -  140,RX QRY,ICAN11bt500,Delay: 100
                    -  250,RX QRY,ICAN11bt500,Delay: 100
                    -  362,RX QRY,ICAN11bt500,Delay: 100
                    -  472,RX QRY,ICAN11bt500,Delay: 100
                    -  581,RX QRY,ICAN11bt500,Delay: 100
                    (0.660 s,F) GetModePID(01, 42) - Voltaje | NoEOL
12:07:45|  
12:07:45| ... Get RPM >>>-----------------------------------------------------------------------
12:07:45| ... SetupMyLastCommResult: ConditionsNotCorrect
12:07:45| ... DoDad | Action: System.Action | tag: GetModePID(01, 0C) - DTC count, MIL
12:07:45| ... GetCallingProcedure | lVehiculoLink
12:07:45| ... GetCallingProcedure | VehiculoLink
12:07:45| ... GetCallingProcedure | VehTest
12:07:45| DoDad-01 | GetModePID(01, 0C) - DTC count, MIL (Open:True,999.99 | lVehiculoLink,VehiculoLink,VehTest)
12:07:45| DoDad-01  ClearCommandLog ...
12:07:45| DoDad-01  Invoke ... (GetModePID(01, 0C) - DTC count, MIL)
12:07:45| DoDad-01  Invoke ... (GetModePID(01, 0C) - DTC count, MIL)  (656)
12:07:45| DoDad-01  CommandLog.Length ...
12:07:45| DoDad-01  CommandLog ... (0)
12:07:45| DoDad-01-CommandLog-Len:216 Siz:216 | iStart: 0
12:07:45| DoDad-01  SerialData.Length ... (414)
12:07:45| DoDad-01 | GetModePID(01, 0C) - DTC count, MIL-SLL:00414,00414-CF:F-DLLInfo:'DAD_DLL_VERSION_16.12.25.0 .. 3.0.7.0'
                    -  DAD_DLL_VERSION_16.12.25.0
                    -  31,TX MSG,ICAN11bt500,00 00 07 DF 01 0C 
                    -  31,RX QRY,ICAN11bt500,Delay: 100
                    -  140,RX MSG,ICAN11bt500,00 00 07 DF 
                    -  140,RX MSG,ICAN11bt500,00 00 07 E9 41 0C 0C 40 
                    -  140,RX MSG,ICAN11bt500,00 00 07 E8 41 0C 0C 34 
                    -  140,RX QRY,ICAN11bt500,Delay: 100
                    -  249,RX QRY,ICAN11bt500,Delay: 100
                    -  359,RX QRY,ICAN11bt500,Delay: 100
                    -  468,RX QRY,ICAN11bt500,Delay: 100
                    -  578,RX QRY,ICAN11bt500,Delay: 100
                    (0.647 s,F) GetModePID(01, 0C) - DTC count, MIL | NoEOL
12:07:45| DECODE_Bus: DAD_DLL_VERSION_16.12.25.0
3.0.7.0

31,TX MSG,ICAN11bt500,00 00 07 DF 01 0C 
140,RX MSG,ICAN11bt500,00 00 07 DF 
140,RX MSG,ICAN11bt500,00 00 07 E9 41 0C 0C 40 
140,RX MSG,ICAN11bt500,00 00 07 E8 41 0C 0C 34 

12:07:45| zipESP: 00 00 07 E8 41 0C 0C 34 | 000007E8410C0C34
12:07:45| DECODE_RPM: 000007E8410C0C34
12:07:45| sr | Get RPM(1): 0 | 2
12:07:45| ... SetupMyLastCommResult: ConditionsNotCorrect
12:07:45| ... DoDad | Action: System.Action | tag: GetModePID(01, 0C) - DTC count, MIL
12:07:45| ... GetCallingProcedure | lVehiculoLink
12:07:45| ... GetCallingProcedure | VehiculoLink
12:07:45| ... GetCallingProcedure | VehTest
12:07:45| DoDad-01 | GetModePID(01, 0C) - DTC count, MIL (Open:True,999.99 | lVehiculoLink,VehiculoLink,VehTest)
12:07:45| DoDad-01  ClearCommandLog ...
12:07:45| DoDad-01  Invoke ... (GetModePID(01, 0C) - DTC count, MIL)
12:07:46| DoDad-01  Invoke ... (GetModePID(01, 0C) - DTC count, MIL)  (672)
12:07:46| DoDad-01  CommandLog.Length ...
12:07:46| DoDad-01  CommandLog ... (0)
12:07:46| DoDad-01-CommandLog-Len:216 Siz:216 | iStart: 0
12:07:46| DoDad-01  SerialData.Length ... (414)
12:07:46| DoDad-01 | GetModePID(01, 0C) - DTC count, MIL-SLL:00414,00414-CF:F-DLLInfo:'DAD_DLL_VERSION_16.12.25.0 .. 3.0.7.0'
                    -  DAD_DLL_VERSION_16.12.25.0
                    -  31,TX MSG,ICAN11bt500,00 00 07 DF 01 0C 
                    -  46,RX QRY,ICAN11bt500,Delay: 100
                    -  156,RX MSG,ICAN11bt500,00 00 07 DF 
                    -  156,RX MSG,ICAN11bt500,00 00 07 E8 41 0C 0C 30 
                    -  156,RX MSG,ICAN11bt500,00 00 07 E9 41 0C 0C 30 
                    -  156,RX QRY,ICAN11bt500,Delay: 100
                    -  265,RX QRY,ICAN11bt500,Delay: 100
                    -  375,RX QRY,ICAN11bt500,Delay: 100
                    -  484,RX QRY,ICAN11bt500,Delay: 100
                    -  593,RX QRY,ICAN11bt500,Delay: 100
                    (0.672 s,F) GetModePID(01, 0C) - DTC count, MIL | NoEOL
12:07:46| DECODE_Bus: DAD_DLL_VERSION_16.12.25.0
3.0.7.0

31,TX MSG,ICAN11bt500,00 00 07 DF 01 0C 
156,RX MSG,ICAN11bt500,00 00 07 DF 
156,RX MSG,ICAN11bt500,00 00 07 E8 41 0C 0C 30 
156,RX MSG,ICAN11bt500,00 00 07 E9 41 0C 0C 30 

12:07:46| zipESP: 00 00 07 E8 41 0C 0C 30 | 000007E8410C0C30
12:07:46| DECODE_RPM: 000007E8410C0C30
12:07:46| sr | Get RPM(2): 0 | 2
12:07:46| ... SetupMyLastCommResult: ConditionsNotCorrect
12:07:46| ... DoDad | Action: System.Action | tag: GetModePID(01, 0C) - DTC count, MIL
12:07:46| ... GetCallingProcedure | lVehiculoLink
12:07:46| ... GetCallingProcedure | VehiculoLink
12:07:46| ... GetCallingProcedure | VehTest
12:07:46| DoDad-01 | GetModePID(01, 0C) - DTC count, MIL (Open:True,999.99 | lVehiculoLink,VehiculoLink,VehTest)
12:07:46| DoDad-01  ClearCommandLog ...
12:07:46| DoDad-01  Invoke ... (GetModePID(01, 0C) - DTC count, MIL)
12:07:47| DoDad-01  Invoke ... (GetModePID(01, 0C) - DTC count, MIL)  (672)
12:07:47| DoDad-01  CommandLog.Length ...
12:07:47| DoDad-01  CommandLog ... (0)
12:07:47| DoDad-01-CommandLog-Len:216 Siz:216 | iStart: 0
12:07:47| DoDad-01  SerialData.Length ... (414)
12:07:47| DoDad-01 | GetModePID(01, 0C) - DTC count, MIL-SLL:00414,00414-CF:F-DLLInfo:'DAD_DLL_VERSION_16.12.25.0 .. 3.0.7.0'
                    -  DAD_DLL_VERSION_16.12.25.0
                    -  31,TX MSG,ICAN11bt500,00 00 07 DF 01 0C 
                    -  46,RX QRY,ICAN11bt500,Delay: 100
                    -  159,RX MSG,ICAN11bt500,00 00 07 DF 
                    -  159,RX MSG,ICAN11bt500,00 00 07 E9 41 0C 0C 38 
                    -  159,RX MSG,ICAN11bt500,00 00 07 E8 41 0C 0C 40 
                    -  159,RX QRY,ICAN11bt500,Delay: 100
                    -  268,RX QRY,ICAN11bt500,Delay: 100
                    -  378,RX QRY,ICAN11bt500,Delay: 100
                    -  487,RX QRY,ICAN11bt500,Delay: 100
                    -  597,RX QRY,ICAN11bt500,Delay: 100
                    (0.675 s,F) GetModePID(01, 0C) - DTC count, MIL | NoEOL
12:07:47| DECODE_Bus: DAD_DLL_VERSION_16.12.25.0
3.0.7.0

31,TX MSG,ICAN11bt500,00 00 07 DF 01 0C 
159,RX MSG,ICAN11bt500,00 00 07 DF 
159,RX MSG,ICAN11bt500,00 00 07 E9 41 0C 0C 38 
159,RX MSG,ICAN11bt500,00 00 07 E8 41 0C 0C 40 

12:07:47| zipESP: 00 00 07 E8 41 0C 0C 40 | 000007E8410C0C40
12:07:47| DECODE_RPM: 000007E8410C0C40
12:07:47| sr | Get RPM(3): 0 | 2
12:07:47| ... SetupMyLastCommResult: ConditionsNotCorrect
12:07:47| ... DoDad | Action: System.Action | tag: GetModePID(01, 0C) - DTC count, MIL
12:07:47| ... GetCallingProcedure | lVehiculoLink
12:07:47| ... GetCallingProcedure | VehiculoLink
12:07:47| ... GetCallingProcedure | VehTest
12:07:47| DoDad-01 | GetModePID(01, 0C) - DTC count, MIL (Open:True,999.99 | lVehiculoLink,VehiculoLink,VehTest)
12:07:47| DoDad-01  ClearCommandLog ...
12:07:47| DoDad-01  Invoke ... (GetModePID(01, 0C) - DTC count, MIL)
12:07:48| DoDad-01  Invoke ... (GetModePID(01, 0C) - DTC count, MIL)  (672)
12:07:48| DoDad-01  CommandLog.Length ...
12:07:48| DoDad-01  CommandLog ... (0)
12:07:48| DoDad-01-CommandLog-Len:216 Siz:216 | iStart: 0
12:07:48| DoDad-01  SerialData.Length ... (414)
12:07:48| DoDad-01 | GetModePID(01, 0C) - DTC count, MIL-SLL:00414,00414-CF:F-DLLInfo:'DAD_DLL_VERSION_16.12.25.0 .. 3.0.7.0'
                    -  DAD_DLL_VERSION_16.12.25.0
                    -  46,TX MSG,ICAN11bt500,00 00 07 DF 01 0C 
                    -  46,RX QRY,ICAN11bt500,Delay: 100
                    -  156,RX MSG,ICAN11bt500,00 00 07 DF 
                    -  156,RX MSG,ICAN11bt500,00 00 07 E9 41 0C 0C 50 
                    -  156,RX MSG,ICAN11bt500,00 00 07 E8 41 0C 0C 56 
                    -  156,RX QRY,ICAN11bt500,Delay: 100
                    -  265,RX QRY,ICAN11bt500,Delay: 100
                    -  375,RX QRY,ICAN11bt500,Delay: 100
                    -  487,RX QRY,ICAN11bt500,Delay: 100
                    -  597,RX QRY,ICAN11bt500,Delay: 100
                    (0.675 s,F) GetModePID(01, 0C) - DTC count, MIL | NoEOL
12:07:48| DECODE_Bus: DAD_DLL_VERSION_16.12.25.0
3.0.7.0

46,TX MSG,ICAN11bt500,00 00 07 DF 01 0C 
156,RX MSG,ICAN11bt500,00 00 07 DF 
156,RX MSG,ICAN11bt500,00 00 07 E9 41 0C 0C 50 
156,RX MSG,ICAN11bt500,00 00 07 E8 41 0C 0C 56 

12:07:48| zipESP: 00 00 07 E8 41 0C 0C 56 | 000007E8410C0C56
12:07:48| DECODE_RPM: 000007E8410C0C56
12:07:48| sr | Get RPM(4): 0 | 2
12:07:48| Success
12:07:48| InitIMCleanDevice | DeviceVoltage:11.8
12:07:48| InitIMCleanDevice | DeviceVoltageDLC:12.2
12:07:48| ... >>>-----------------------------------------------------------------------
12:07:48| ... >>>-----------------------------------------------------------------------
12:07:48| VIN: VF1LZ32T2BC247659
12:07:48| MON: Mil:0| Msi:110 | Ccm:110 | Cmb:009 | O2s:110 | Cat:110 | Ccc:009 | Evs:009 | Sas:009 | Faa:009 | O2c:110
12:07:48| DTC: 
12:07:48| Voltage: 11.8
12:07:48| VoltageDLC: 12.2
12:07:48| Pid0101 : 00 00 07 E8 41 01 00 05 21 00
12:07:48| Pid0300 : 00 00 07 E8 43 00
12:07:48| Pid0121 : 00 00 07 E8 41 21 00 00
12:07:48| Pid0131 : Null
12:07:48| Pid0133 : Null
12:07:48| Pid011F : Null
12:07:48| Pid017F : Null
12:07:48| Pid014D : Null
12:07:48| Pid0951 : Null
12:07:48| Pid0902 : 00 00 07 E8 49 02 01 56 46 31 4C 5A 33 32 54 32 42 43 32 34 37 36 35 39
12:07:48| Pid0904 : 00 00 07 E8 49 04 02 38 32 30 31 31 30 38 34 32 36 00 00 00 00 00 00 32 33 37 31 30 30 39 35 30 52 30 30 30 30 30 30
12:07:48| Pid010C: 00 00 07 E8 41 0C 0C 56
12:07:48| RPM: 790 | 1: 781 | 2: 780 | 3: 784
12:07:48| *** Connect ... EOF()
12:07:48| VehiculoLink: Pass: Inspección vehicular OBD concluido.
12:21:58|  
12:21:58| ... Connect_OBD ===================================================================================================================
12:21:58|  
12:21:58| ... GetCallingProcedure | lVehiculoLink
12:21:58| ... GetCallingProcedure | VehiculoLink
12:21:58| ... GetCallingProcedure | VehTest
12:21:58| ... IncrementActiveCount | 1
12:21:58| ... GetCallingProcedure | OpusIMCleanOBDdrv.Module1:Connect_OBD
12:21:58| ... GetCallingProcedure | OpusIMCleanOBDdrv.Module1:lVehiculoLink
12:21:58| ... GetCallingProcedure | OpusIMCleanOBDdrv.IMCleanOBD:VehiculoLink
12:21:58| ... MyDADStatus | LCR:ConditionsNotCorrect,Unknown
12:21:58| ... Connect | ---------------- Connect --------------- SC:'' (LCR:ConditionsNotCorrect,Unknown) (lVehiculoLink,VehiculoLink,VehTest)
12:21:58| GetDAD | Starting ... Cnt:00008,00 Opn:T (Connect)
12:21:58| GetDAD | Success ... Cnt:00008,01 Opn:T (Connect, Connect)
12:21:58| ... Connect | 1 | GetDAD =Connect
12:21:58| ... SetupMyLastCommResult: InvalidData
12:21:58| ... MyDad.Initialize 
12:21:58| ... DoDad | Action: System.Action | tag: Initialize
12:21:58| ... GetCallingProcedure | lVehiculoLink
12:21:58| ... GetCallingProcedure | VehiculoLink
12:21:58| ... GetCallingProcedure | VehTest
12:21:58| DoDad-01 | Initialize (Open:True,999.99 | lVehiculoLink,VehiculoLink,VehTest)
12:21:58| DoDad-01  ClearCommandLog ...
12:21:58| DoDad-01  Invoke ... (Initialize)
12:22:10| ... SetupVehicleIsLinked
12:22:10| ... GetCallingProcedure | SetupMyLastCommResult
12:22:10| ... GetCallingProcedure | _Lambda$__0
12:22:10| ... GetCallingProcedure | DoDad
12:22:10| ... SetupMyLastCommResult: Success
12:22:10| DoDad-01  Invoke ... (Initialize)  (11984)
12:22:10| DoDad-01  CommandLog.Length ...
12:22:10| DoDad-01  CommandLog ... (0)
12:22:10| DoDad-01-CommandLog-Len:367 Siz:367 | iStart: 0
12:22:10| DoDad-01  SerialData.Length ... (563)
12:22:10| DoDad-01 | Initialize-SLL:00563,00563-CF:F-DLLInfo:'DAD_DLL_VERSION_16.12.25.0 .. 3.0.7.0'
                    -  DAD_DLL_VERSION_16.12.25.0
                    -  593,TX MSG,JVPW1850,68 6A F1 01 00 
                    -  609,RX QRY,JVPW1850,Delay: 100
                    -  718,RX QRY,JVPW1850,Delay: 100
                    -  828,RX QRY,JVPW1850,Delay: 100
                    -  937,TX MSG,JPWM1850,61 6A F1 01 00 
                    -  952,TX MSG,I914**,33 
                    -  5266,TX MSG,KWPF**,C1 33 F1 81 
                    -  11725,TX MSG,ICAN11bt500,00 00 07 DF 01 00 
                    -  11725,RX QRY,ICAN11bt500,Delay: 100
                    -  11835,RX MSG,ICAN11bt500,00 00 07 DF 
                    -  11835,RX MSG,ICAN11bt500,00 00 07 E9 41 00 98 18 00 01 
                    -  11835,RX MSG,ICAN11bt500,00 00 07 E8 41 00 BF BF E8 93 
                    -  11835,RX QRY,ICAN11bt500,Delay: 100
                    -  11944,RX QRY,ICAN11bt500,Delay: 100
                    (11.991 s,F) Initialize | 
12:22:10| ... MyLastResult | Success,Unknown,True->True
12:22:10| Connect | Init-Rty:2 (Success,Unknown,True->True | 12.09) | lVehiculoLink,VehiculoLink,VehTest
12:22:10| ... MyDad.Initialize > Success
12:22:10| DrewProtocol2MyProtocol | In:'ICAN11bt500'  Out:'CAN11' (CAN:True)
12:22:10| ... GetCallingProcedure | Connect_OBD
12:22:10| ... GetCallingProcedure | lVehiculoLink
12:22:10| ... GetCallingProcedure | VehiculoLink
12:22:10| GetSupportedPIDs | Starting ... (Mode:1) (Connect_OBD,lVehiculoLink,VehiculoLink)
12:22:10| ... SetupMyLastCommResult: InvalidData
12:22:10| ... DoDad | Action: System.Action | tag: GetModePID(01, 00) - PID support mask
12:22:10| ... GetCallingProcedure | Connect_OBD
12:22:10| ... GetCallingProcedure | lVehiculoLink
12:22:10| ... GetCallingProcedure | VehiculoLink
12:22:10| DoDad-01 | GetModePID(01, 00) - PID support mask (Open:True,999.99 | Connect_OBD,lVehiculoLink,VehiculoLink)
12:22:10| DoDad-01  ClearCommandLog ...
12:22:10| DoDad-01  Invoke ... (GetModePID(01, 00) - PID support mask)
12:22:11| DoDad-01  Invoke ... (GetModePID(01, 00) - PID support mask)  (672)
12:22:11| DoDad-01  CommandLog.Length ...
12:22:11| DoDad-01  CommandLog ... (0)
12:22:11| DoDad-01-CommandLog-Len:237 Siz:237 | iStart: 0
12:22:11| DoDad-01  SerialData.Length ... (983)
12:22:11| DoDad-01 | GetModePID(01, 00) - PID support mask-SLL:00983,00983-CF:F-DLLInfo:'DAD_DLL_VERSION_16.12.25.0 .. 3.0.7.0'
                    -  DAD_DLL_VERSION_16.12.25.0
                    -  593,TX MSG,JVPW1850,68 6A F1 01 00 
                    -  609,RX QRY,JVPW1850,Delay: 100
                    -  718,RX QRY,JVPW1850,Delay: 100
                    -  828,RX QRY,JVPW1850,Delay: 100
                    -  937,TX MSG,JPWM1850,61 6A F1 01 00 
                    -  952,TX MSG,I914**,33 
                    -  5266,TX MSG,KWPF**,C1 33 F1 81 
                    -  11725,TX MSG,ICAN11bt500,00 00 07 DF 01 00 
                    -  11725,RX QRY,ICAN11bt500,Delay: 100
                    -  11835,RX MSG,ICAN11bt500,00 00 07 DF 
                    -  11835,RX MSG,ICAN11bt500,00 00 07 E9 41 00 98 18 00 01 
                    -  11835,RX MSG,ICAN11bt500,00 00 07 E8 41 00 BF BF E8 93 
                    -  11835,RX QRY,ICAN11bt500,Delay: 100
                    -  11944,RX QRY,ICAN11bt500,Delay: 100
                    -  12163,TX MSG,ICAN11bt500,00 00 07 DF 01 00 
                    -  12163,RX QRY,ICAN11bt500,Delay: 100
                    -  12272,RX MSG,ICAN11bt500,00 00 07 DF 
                    -  12272,RX MSG,ICAN11bt500,00 00 07 E9 41 00 98 18 00 01 
                    -  12272,RX MSG,ICAN11bt500,00 00 07 E8 41 00 BF BF E8 93 
                    -  12272,RX QRY,ICAN11bt500,Delay: 100
                    -  12382,RX QRY,ICAN11bt500,Delay: 100
                    -  12493,RX QRY,ICAN11bt500,Delay: 100
                    -  12603,RX QRY,ICAN11bt500,Delay: 100
                    -  12712,RX QRY,ICAN11bt500,Delay: 100
                    (0.674 s,F) GetModePID(01, 00) - PID support mask | NoEOL
12:22:11| ... SetupVehicleIsLinked
12:22:11| ... GetCallingProcedure | SetupMyLastCommResult
12:22:11| ... GetCallingProcedure | GetSupportedPIDs
12:22:11| ... GetCallingProcedure | Connect_OBD
12:22:11| ... SetupMyLastCommResult: Success
12:22:11| ... MyLastResult | Success,Unknown,True->True
12:22:11|  (Result:Success,Unknown,True->True)
12:22:11| GetSupportedPIDs | PID00 RspCnt:2
12:22:11| ... GetEcuIdFromAddress
12:22:11| ... ByteArrayToHexString | 07E9
12:22:11| ... ByteArrayToHexString | 98180001
12:22:11| ... DT_DataToString | Adr:07E9,Mod:01,PID:00,Dat:98180001
12:22:11| GetSupportedPIDS | Data-Adr:07E9,Mod:01,PID:00,Dat:98180001
12:22:11| SSBAFOB | MdPID:01,00 ECU:E9 ...  InCnt:4 (98,18,00,01,BC:006) SrtIdx:001
12:22:11| ... SetSupportedBitArrayFromObdBytes | BitAryLen:256  BitSetCnt:007  BAI:4-4,01,04,05,0C,0D,20
12:22:11| 2 | GetSupportedPIDs | 1-E9-DBG3 -------------- 0,1,2,3,4,5,6,7, 8,9,A,B,C,D,E,F, G,H,I,J,K,L,M,N, O,P,Q,R,S,T,U,V
12:22:11| 2 | GetSupportedPIDs | 1-E9-DBG3 000-00_00-020: T,T,F,F,T,T,F,F, F,F,F,F,T,T,F,F, F,F,F,F,F,F,F,F, F,F,F,F,F,F,F,F
12:22:11| 2 | GetSupportedPIDs | 1-E9-DBG3 032-20_20-040: T,F,F,F,F,F,F,F, F,F,F,F,F,F,F,F, F,F,F,F,F,F,F,F, F,F,F,F,F,F,F,F
12:22:11| 2 | GetSupportedPIDs | 1-E9-DBG3 064-40_40-060: F,F,F,F,F,F,F,F, F,F,F,F,F,F,F,F, F,F,F,F,F,F,F,F, F,F,F,F,F,F,F,F
12:22:11| 2 | GetSupportedPIDs | 1-E9-DBG3 096-60_60-080: F,F,F,F,F,F,F,F, F,F,F,F,F,F,F,F, F,F,F,F,F,F,F,F, F,F,F,F,F,F,F,F
12:22:11| 2 | GetSupportedPIDs | 1-E9-DBG3 128-80_80-0A0: F,F,F,F,F,F,F,F, F,F,F,F,F,F,F,F, F,F,F,F,F,F,F,F, F,F,F,F,F,F,F,F
12:22:11| 2 | GetSupportedPIDs | 1-E9-DBG3 160-A0_A0-0C0: F,F,F,F,F,F,F,F, F,F,F,F,F,F,F,F, F,F,F,F,F,F,F,F, F,F,F,F,F,F,F,F
12:22:11| 2 | GetSupportedPIDs | 1-E9-DBG3 192-C0_C0-0E0: F,F,F,F,F,F,F,F, F,F,F,F,F,F,F,F, F,F,F,F,F,F,F,F, F,F,F,F,F,F,F,F
12:22:11| 2 | GetSupportedPIDs | 1-E9-DBG3 224-E0_E0-100: F,F,F,F,F,F,F,F, F,F,F,F,F,F,F,F, F,F,F,F,F,F,F,F, F,F,F,F,F,F,F,F  (T:007 F:249)
12:22:11| ... LogBitArray | 8
12:22:11| ... GetEcuIdFromAddress
12:22:11| ... ByteArrayToHexString | 07E8
12:22:11| ... ByteArrayToHexString | BFBFE893
12:22:11| ... DT_DataToString | Adr:07E8,Mod:01,PID:00,Dat:BFBFE893
12:22:11| GetSupportedPIDS | Data-Adr:07E8,Mod:01,PID:00,Dat:BFBFE893
12:22:11| SSBAFOB | MdPID:01,00 ECU:E8 ...  InCnt:4 (BF,BF,E8,93,BC:022) SrtIdx:001
12:22:11| ... SetSupportedBitArrayFromObdBytes | BitAryLen:256  BitSetCnt:023  BAI:4-4,01,03,04,05,06,07,08,09,0B,0C,0D,0E,0F,10,11,12,13,15,19,1C,1F,20
12:22:11| 2 | GetSupportedPIDs | 1-E8-DBG3 -------------- 0,1,2,3,4,5,6,7, 8,9,A,B,C,D,E,F, G,H,I,J,K,L,M,N, O,P,Q,R,S,T,U,V
12:22:11| 2 | GetSupportedPIDs | 1-E8-DBG3 000-00_00-020: T,T,F,T,T,T,T,T, T,T,F,T,T,T,T,T, T,T,T,T,F,T,F,F, F,T,F,F,T,F,F,T
12:22:11| 2 | GetSupportedPIDs | 1-E8-DBG3 032-20_20-040: T,F,F,F,F,F,F,F, F,F,F,F,F,F,F,F, F,F,F,F,F,F,F,F, F,F,F,F,F,F,F,F
12:22:11| 2 | GetSupportedPIDs | 1-E8-DBG3 064-40_40-060: F,F,F,F,F,F,F,F, F,F,F,F,F,F,F,F, F,F,F,F,F,F,F,F, F,F,F,F,F,F,F,F
12:22:11| 2 | GetSupportedPIDs | 1-E8-DBG3 096-60_60-080: F,F,F,F,F,F,F,F, F,F,F,F,F,F,F,F, F,F,F,F,F,F,F,F, F,F,F,F,F,F,F,F
12:22:11| 2 | GetSupportedPIDs | 1-E8-DBG3 128-80_80-0A0: F,F,F,F,F,F,F,F, F,F,F,F,F,F,F,F, F,F,F,F,F,F,F,F, F,F,F,F,F,F,F,F
12:22:11| 2 | GetSupportedPIDs | 1-E8-DBG3 160-A0_A0-0C0: F,F,F,F,F,F,F,F, F,F,F,F,F,F,F,F, F,F,F,F,F,F,F,F, F,F,F,F,F,F,F,F
12:22:11| 2 | GetSupportedPIDs | 1-E8-DBG3 192-C0_C0-0E0: F,F,F,F,F,F,F,F, F,F,F,F,F,F,F,F, F,F,F,F,F,F,F,F, F,F,F,F,F,F,F,F
12:22:11| 2 | GetSupportedPIDs | 1-E8-DBG3 224-E0_E0-100: F,F,F,F,F,F,F,F, F,F,F,F,F,F,F,F, F,F,F,F,F,F,F,F, F,F,F,F,F,F,F,F  (T:023 F:233)
12:22:11| ... LogBitArray | 8
12:22:11| ... SetupMyLastCommResult: InvalidData
12:22:11| ... DoDad | Action: System.Action | tag: GetModePID(01, 20) - PID support mask
12:22:11| ... GetCallingProcedure | Connect_OBD
12:22:11| ... GetCallingProcedure | lVehiculoLink
12:22:11| ... GetCallingProcedure | VehiculoLink
12:22:11| DoDad-01 | GetModePID(01, 20) - PID support mask (Open:True,999.99 | Connect_OBD,lVehiculoLink,VehiculoLink)
12:22:11| DoDad-01  ClearCommandLog ...
12:22:11| DoDad-01  Invoke ... (GetModePID(01, 20) - PID support mask)
12:22:11| DoDad-01  Invoke ... (GetModePID(01, 20) - PID support mask)  (656)
12:22:11| DoDad-01  CommandLog.Length ...
12:22:11| DoDad-01  CommandLog ... (0)
12:22:11| DoDad-01-CommandLog-Len:237 Siz:237 | iStart: 0
12:22:11| DoDad-01  SerialData.Length ... (1403)
12:22:11| DoDad-01 | GetModePID(01, 20) - PID support mask-SLL:01403,01403-CF:F-DLLInfo:'DAD_DLL_VERSION_16.12.25.0 .. 3.0.7.0'
                    -  DAD_DLL_VERSION_16.12.25.0
                    -  593,TX MSG,JVPW1850,68 6A F1 01 00 
                    -  609,RX QRY,JVPW1850,Delay: 100
                    -  718,RX QRY,JVPW1850,Delay: 100
                    -  828,RX QRY,JVPW1850,Delay: 100
                    -  937,TX MSG,JPWM1850,61 6A F1 01 00 
                    -  952,TX MSG,I914**,33 
                    -  5266,TX MSG,KWPF**,C1 33 F1 81 
                    -  11725,TX MSG,ICAN11bt500,00 00 07 DF 01 00 
                    -  11725,RX QRY,ICAN11bt500,Delay: 100
                    -  11835,RX MSG,ICAN11bt500,00 00 07 DF 
                    -  11835,RX MSG,ICAN11bt500,00 00 07 E9 41 00 98 18 00 01 
                    -  11835,RX MSG,ICAN11bt500,00 00 07 E8 41 00 BF BF E8 93 
                    -  11835,RX QRY,ICAN11bt500,Delay: 100
                    -  11944,RX QRY,ICAN11bt500,Delay: 100
                    -  12163,TX MSG,ICAN11bt500,00 00 07 DF 01 00 
                    -  12163,RX QRY,ICAN11bt500,Delay: 100
                    -  12272,RX MSG,ICAN11bt500,00 00 07 DF 
                    -  12272,RX MSG,ICAN11bt500,00 00 07 E9 41 00 98 18 00 01 
                    -  12272,RX MSG,ICAN11bt500,00 00 07 E8 41 00 BF BF E8 93 
                    -  12272,RX QRY,ICAN11bt500,Delay: 100
                    -  12382,RX QRY,ICAN11bt500,Delay: 100
                    -  12493,RX QRY,ICAN11bt500,Delay: 100
                    -  12603,RX QRY,ICAN11bt500,Delay: 100
                    -  12712,RX QRY,ICAN11bt500,Delay: 100
                    -  13041,TX MSG,ICAN11bt500,00 00 07 DF 01 20 
                    -  13041,RX QRY,ICAN11bt500,Delay: 100
                    -  13151,RX MSG,ICAN11bt500,00 00 07 DF 
                    -  13151,RX MSG,ICAN11bt500,00 00 07 E8 41 20 80 07 B1 19 
                    -  13151,RX MSG,ICAN11bt500,00 00 07 E9 41 20 80 01 80 01 
                    -  13151,RX QRY,ICAN11bt500,Delay: 100
                    -  13260,RX QRY,ICAN11bt500,Delay: 100
                    -  13369,RX QRY,ICAN11bt500,Delay: 100
                    -  13479,RX QRY,ICAN11bt500,Delay: 100
                    -  13588,RX QRY,ICAN11bt500,Delay: 100
                    (0.672 s,F) GetModePID(01, 20) - PID support mask | NoEOL
12:22:11| ... SetupVehicleIsLinked
12:22:11| ... GetCallingProcedure | SetupMyLastCommResult
12:22:11| ... GetCallingProcedure | GetSupportedPIDs
12:22:11| ... GetCallingProcedure | Connect_OBD
12:22:11| ... SetupMyLastCommResult: Success
12:22:11| ... MyLastResult | Success,Unknown,True->True
12:22:11|  (Result:Success,Unknown,True->True)
12:22:11| GetSupportedPIDs | PID20 RspCnt:2
12:22:11| ... GetEcuIdFromAddress
12:22:11| ... ByteArrayToHexString | 07E8
12:22:11| ... ByteArrayToHexString | 8007B119
12:22:11| ... DT_DataToString | Adr:07E8,Mod:01,PID:20,Dat:8007B119
12:22:11| GetSupportedPIDS | Data-Adr:07E8,Mod:01,PID:20,Dat:8007B119
12:22:11| SSBAFOB | MdPID:01,20 ECU:E8 ...  InCnt:4 (80,07,B1,19,BC:011) SrtIdx:033
12:22:11| ... SetSupportedBitArrayFromObdBytes | BitAryLen:256  BitSetCnt:034  BAI:4-4,21,2E,2F,30,31,33,34,38,3C,3D,40
12:22:11| 2 | GetSupportedPIDs | 1-E8-DBG3 -------------- 0,1,2,3,4,5,6,7, 8,9,A,B,C,D,E,F, G,H,I,J,K,L,M,N, O,P,Q,R,S,T,U,V
12:22:11| 2 | GetSupportedPIDs | 1-E8-DBG3 000-00_00-020: T,T,F,T,T,T,T,T, T,T,F,T,T,T,T,T, T,T,T,T,F,T,F,F, F,T,F,F,T,F,F,T
12:22:11| 2 | GetSupportedPIDs | 1-E8-DBG3 032-20_20-040: T,T,F,F,F,F,F,F, F,F,F,F,F,F,T,T, T,T,F,T,T,F,F,F, T,F,F,F,T,T,F,F
12:22:11| 2 | GetSupportedPIDs | 1-E8-DBG3 064-40_40-060: T,F,F,F,F,F,F,F, F,F,F,F,F,F,F,F, F,F,F,F,F,F,F,F, F,F,F,F,F,F,F,F
12:22:11| 2 | GetSupportedPIDs | 1-E8-DBG3 096-60_60-080: F,F,F,F,F,F,F,F, F,F,F,F,F,F,F,F, F,F,F,F,F,F,F,F, F,F,F,F,F,F,F,F
12:22:11| 2 | GetSupportedPIDs | 1-E8-DBG3 128-80_80-0A0: F,F,F,F,F,F,F,F, F,F,F,F,F,F,F,F, F,F,F,F,F,F,F,F, F,F,F,F,F,F,F,F
12:22:11| 2 | GetSupportedPIDs | 1-E8-DBG3 160-A0_A0-0C0: F,F,F,F,F,F,F,F, F,F,F,F,F,F,F,F, F,F,F,F,F,F,F,F, F,F,F,F,F,F,F,F
12:22:11| 2 | GetSupportedPIDs | 1-E8-DBG3 192-C0_C0-0E0: F,F,F,F,F,F,F,F, F,F,F,F,F,F,F,F, F,F,F,F,F,F,F,F, F,F,F,F,F,F,F,F
12:22:11| 2 | GetSupportedPIDs | 1-E8-DBG3 224-E0_E0-100: F,F,F,F,F,F,F,F, F,F,F,F,F,F,F,F, F,F,F,F,F,F,F,F, F,F,F,F,F,F,F,F  (T:034 F:222)
12:22:12| ... LogBitArray | 8
12:22:12| ... GetEcuIdFromAddress
12:22:12| ... ByteArrayToHexString | 07E9
12:22:12| ... ByteArrayToHexString | 80018001
12:22:12| ... DT_DataToString | Adr:07E9,Mod:01,PID:20,Dat:80018001
12:22:12| GetSupportedPIDS | Data-Adr:07E9,Mod:01,PID:20,Dat:80018001
12:22:12| SSBAFOB | MdPID:01,20 ECU:E9 ...  InCnt:4 (80,01,80,01,BC:004) SrtIdx:033
12:22:12| ... SetSupportedBitArrayFromObdBytes | BitAryLen:256  BitSetCnt:011  BAI:4-4,21,30,31,40
12:22:12| 2 | GetSupportedPIDs | 1-E9-DBG3 -------------- 0,1,2,3,4,5,6,7, 8,9,A,B,C,D,E,F, G,H,I,J,K,L,M,N, O,P,Q,R,S,T,U,V
12:22:12| 2 | GetSupportedPIDs | 1-E9-DBG3 000-00_00-020: T,T,F,F,T,T,F,F, F,F,F,F,T,T,F,F, F,F,F,F,F,F,F,F, F,F,F,F,F,F,F,F
12:22:12| 2 | GetSupportedPIDs | 1-E9-DBG3 032-20_20-040: T,T,F,F,F,F,F,F, F,F,F,F,F,F,F,F, T,T,F,F,F,F,F,F, F,F,F,F,F,F,F,F
12:22:12| 2 | GetSupportedPIDs | 1-E9-DBG3 064-40_40-060: T,F,F,F,F,F,F,F, F,F,F,F,F,F,F,F, F,F,F,F,F,F,F,F, F,F,F,F,F,F,F,F
12:22:12| 2 | GetSupportedPIDs | 1-E9-DBG3 096-60_60-080: F,F,F,F,F,F,F,F, F,F,F,F,F,F,F,F, F,F,F,F,F,F,F,F, F,F,F,F,F,F,F,F
12:22:12| 2 | GetSupportedPIDs | 1-E9-DBG3 128-80_80-0A0: F,F,F,F,F,F,F,F, F,F,F,F,F,F,F,F, F,F,F,F,F,F,F,F, F,F,F,F,F,F,F,F
12:22:12| 2 | GetSupportedPIDs | 1-E9-DBG3 160-A0_A0-0C0: F,F,F,F,F,F,F,F, F,F,F,F,F,F,F,F, F,F,F,F,F,F,F,F, F,F,F,F,F,F,F,F
12:22:12| 2 | GetSupportedPIDs | 1-E9-DBG3 192-C0_C0-0E0: F,F,F,F,F,F,F,F, F,F,F,F,F,F,F,F, F,F,F,F,F,F,F,F, F,F,F,F,F,F,F,F
12:22:12| 2 | GetSupportedPIDs | 1-E9-DBG3 224-E0_E0-100: F,F,F,F,F,F,F,F, F,F,F,F,F,F,F,F, F,F,F,F,F,F,F,F, F,F,F,F,F,F,F,F  (T:011 F:245)
12:22:12| ... LogBitArray | 8
12:22:12| ... SetupMyLastCommResult: InvalidData
12:22:12| ... DoDad | Action: System.Action | tag: GetModePID(01, 40) - PID support mask
12:22:12| ... GetCallingProcedure | Connect_OBD
12:22:12| ... GetCallingProcedure | lVehiculoLink
12:22:12| ... GetCallingProcedure | VehiculoLink
12:22:12| DoDad-01 | GetModePID(01, 40) - PID support mask (Open:True,999.99 | Connect_OBD,lVehiculoLink,VehiculoLink)
12:22:12| DoDad-01  ClearCommandLog ...
12:22:12| DoDad-01  Invoke ... (GetModePID(01, 40) - PID support mask)
12:22:12| DoDad-01  Invoke ... (GetModePID(01, 40) - PID support mask)  (656)
12:22:12| DoDad-01  CommandLog.Length ...
12:22:12| DoDad-01  CommandLog ... (0)
12:22:12| DoDad-01-CommandLog-Len:237 Siz:237 | iStart: 0
12:22:12| DoDad-01  SerialData.Length ... (1823)
12:22:12| DoDad-01 | GetModePID(01, 40) - PID support mask-SLL:01823,01823-CF:F-DLLInfo:'DAD_DLL_VERSION_16.12.25.0 .. 3.0.7.0'
                    -  DAD_DLL_VERSION_16.12.25.0
                    -  593,TX MSG,JVPW1850,68 6A F1 01 00 
                    -  609,RX QRY,JVPW1850,Delay: 100
                    -  718,RX QRY,JVPW1850,Delay: 100
                    -  828,RX QRY,JVPW1850,Delay: 100
                    -  937,TX MSG,JPWM1850,61 6A F1 01 00 
                    -  952,TX MSG,I914**,33 
                    -  5266,TX MSG,KWPF**,C1 33 F1 81 
                    -  11725,TX MSG,ICAN11bt500,00 00 07 DF 01 00 
                    -  11725,RX QRY,ICAN11bt500,Delay: 100
                    -  11835,RX MSG,ICAN11bt500,00 00 07 DF 
                    -  11835,RX MSG,ICAN11bt500,00 00 07 E9 41 00 98 18 00 01 
                    -  11835,RX MSG,ICAN11bt500,00 00 07 E8 41 00 BF BF E8 93 
                    -  11835,RX QRY,ICAN11bt500,Delay: 100
                    -  11944,RX QRY,ICAN11bt500,Delay: 100
                    -  12163,TX MSG,ICAN11bt500,00 00 07 DF 01 00 
                    -  12163,RX QRY,ICAN11bt500,Delay: 100
                    -  12272,RX MSG,ICAN11bt500,00 00 07 DF 
                    -  12272,RX MSG,ICAN11bt500,00 00 07 E9 41 00 98 18 00 01 
                    -  12272,RX MSG,ICAN11bt500,00 00 07 E8 41 00 BF BF E8 93 
                    -  12272,RX QRY,ICAN11bt500,Delay: 100
                    -  12382,RX QRY,ICAN11bt500,Delay: 100
                    -  12493,RX QRY,ICAN11bt500,Delay: 100
                    -  12603,RX QRY,ICAN11bt500,Delay: 100
                    -  12712,RX QRY,ICAN11bt500,Delay: 100
                    -  13041,TX MSG,ICAN11bt500,00 00 07 DF 01 20 
                    -  13041,RX QRY,ICAN11bt500,Delay: 100
                    -  13151,RX MSG,ICAN11bt500,00 00 07 DF 
                    -  13151,RX MSG,ICAN11bt500,00 00 07 E8 41 20 80 07 B1 19 
                    -  13151,RX MSG,ICAN11bt500,00 00 07 E9 41 20 80 01 80 01 
                    -  13151,RX QRY,ICAN11bt500,Delay: 100
                    -  13260,RX QRY,ICAN11bt500,Delay: 100
                    -  13369,RX QRY,ICAN11bt500,Delay: 100
                    -  13479,RX QRY,ICAN11bt500,Delay: 100
                    -  13588,RX QRY,ICAN11bt500,Delay: 100
                    -  13916,TX MSG,ICAN11bt500,00 00 07 DF 01 40 
                    -  13916,RX QRY,ICAN11bt500,Delay: 100
                    -  14029,RX MSG,ICAN11bt500,00 00 07 DF 
                    -  14029,RX MSG,ICAN11bt500,00 00 07 E9 41 40 40 80 00 00 
                    -  14029,RX MSG,ICAN11bt500,00 00 07 E8 41 40 FE D0 00 00 
                    -  14029,RX QRY,ICAN11bt500,Delay: 100
                    -  14138,RX QRY,ICAN11bt500,Delay: 100
                    -  14247,RX QRY,ICAN11bt500,Delay: 100
                    -  14357,RX QRY,ICAN11bt500,Delay: 100
                    -  14466,RX QRY,ICAN11bt500,Delay: 100
                    (0.660 s,F) GetModePID(01, 40) - PID support mask | NoEOL
12:22:12| ... SetupVehicleIsLinked
12:22:12| ... GetCallingProcedure | SetupMyLastCommResult
12:22:12| ... GetCallingProcedure | GetSupportedPIDs
12:22:12| ... GetCallingProcedure | Connect_OBD
12:22:12| ... SetupMyLastCommResult: Success
12:22:12| ... MyLastResult | Success,Unknown,True->True
12:22:12|  (Result:Success,Unknown,True->True)
12:22:12| GetSupportedPIDs | PID40 RspCnt:2
12:22:12| ... GetEcuIdFromAddress
12:22:12| ... ByteArrayToHexString | 07E9
12:22:12| ... ByteArrayToHexString | 40800000
12:22:12| ... DT_DataToString | Adr:07E9,Mod:01,PID:40,Dat:40800000
12:22:12| GetSupportedPIDS | Data-Adr:07E9,Mod:01,PID:40,Dat:40800000
12:22:12| SSBAFOB | MdPID:01,40 ECU:E9 ...  InCnt:4 (40,80,00,00,BC:002) SrtIdx:065
12:22:12| ... SetSupportedBitArrayFromObdBytes | BitAryLen:256  BitSetCnt:013  BAI:4-4,42,49
12:22:12| 2 | GetSupportedPIDs | 1-E9-DBG3 -------------- 0,1,2,3,4,5,6,7, 8,9,A,B,C,D,E,F, G,H,I,J,K,L,M,N, O,P,Q,R,S,T,U,V
12:22:12| 2 | GetSupportedPIDs | 1-E9-DBG3 000-00_00-020: T,T,F,F,T,T,F,F, F,F,F,F,T,T,F,F, F,F,F,F,F,F,F,F, F,F,F,F,F,F,F,F
12:22:12| 2 | GetSupportedPIDs | 1-E9-DBG3 032-20_20-040: T,T,F,F,F,F,F,F, F,F,F,F,F,F,F,F, T,T,F,F,F,F,F,F, F,F,F,F,F,F,F,F
12:22:12| 2 | GetSupportedPIDs | 1-E9-DBG3 064-40_40-060: T,F,T,F,F,F,F,F, F,T,F,F,F,F,F,F, F,F,F,F,F,F,F,F, F,F,F,F,F,F,F,F
12:22:12| 2 | GetSupportedPIDs | 1-E9-DBG3 096-60_60-080: F,F,F,F,F,F,F,F, F,F,F,F,F,F,F,F, F,F,F,F,F,F,F,F, F,F,F,F,F,F,F,F
12:22:12| 2 | GetSupportedPIDs | 1-E9-DBG3 128-80_80-0A0: F,F,F,F,F,F,F,F, F,F,F,F,F,F,F,F, F,F,F,F,F,F,F,F, F,F,F,F,F,F,F,F
12:22:12| 2 | GetSupportedPIDs | 1-E9-DBG3 160-A0_A0-0C0: F,F,F,F,F,F,F,F, F,F,F,F,F,F,F,F, F,F,F,F,F,F,F,F, F,F,F,F,F,F,F,F
12:22:12| 2 | GetSupportedPIDs | 1-E9-DBG3 192-C0_C0-0E0: F,F,F,F,F,F,F,F, F,F,F,F,F,F,F,F, F,F,F,F,F,F,F,F, F,F,F,F,F,F,F,F
12:22:12| 2 | GetSupportedPIDs | 1-E9-DBG3 224-E0_E0-100: F,F,F,F,F,F,F,F, F,F,F,F,F,F,F,F, F,F,F,F,F,F,F,F, F,F,F,F,F,F,F,F  (T:013 F:243)
12:22:12| ... LogBitArray | 8
12:22:12| ... GetEcuIdFromAddress
12:22:12| ... ByteArrayToHexString | 07E8
12:22:12| ... ByteArrayToHexString | FED00000
12:22:12| ... DT_DataToString | Adr:07E8,Mod:01,PID:40,Dat:FED00000
12:22:12| GetSupportedPIDS | Data-Adr:07E8,Mod:01,PID:40,Dat:FED00000
12:22:12| SSBAFOB | MdPID:01,40 ECU:E8 ...  InCnt:4 (FE,D0,00,00,BC:010) SrtIdx:065
12:22:12| ... SetSupportedBitArrayFromObdBytes | BitAryLen:256  BitSetCnt:044  BAI:4-4,41,42,43,44,45,46,47,49,4A,4C
12:22:12| 2 | GetSupportedPIDs | 1-E8-DBG3 -------------- 0,1,2,3,4,5,6,7, 8,9,A,B,C,D,E,F, G,H,I,J,K,L,M,N, O,P,Q,R,S,T,U,V
12:22:12| 2 | GetSupportedPIDs | 1-E8-DBG3 000-00_00-020: T,T,F,T,T,T,T,T, T,T,F,T,T,T,T,T, T,T,T,T,F,T,F,F, F,T,F,F,T,F,F,T
12:22:12| 2 | GetSupportedPIDs | 1-E8-DBG3 032-20_20-040: T,T,F,F,F,F,F,F, F,F,F,F,F,F,T,T, T,T,F,T,T,F,F,F, T,F,F,F,T,T,F,F
12:22:12| 2 | GetSupportedPIDs | 1-E8-DBG3 064-40_40-060: T,T,T,T,T,T,T,T, F,T,T,F,T,F,F,F, F,F,F,F,F,F,F,F, F,F,F,F,F,F,F,F
12:22:12| 2 | GetSupportedPIDs | 1-E8-DBG3 096-60_60-080: F,F,F,F,F,F,F,F, F,F,F,F,F,F,F,F, F,F,F,F,F,F,F,F, F,F,F,F,F,F,F,F
12:22:12| 2 | GetSupportedPIDs | 1-E8-DBG3 128-80_80-0A0: F,F,F,F,F,F,F,F, F,F,F,F,F,F,F,F, F,F,F,F,F,F,F,F, F,F,F,F,F,F,F,F
12:22:12| 2 | GetSupportedPIDs | 1-E8-DBG3 160-A0_A0-0C0: F,F,F,F,F,F,F,F, F,F,F,F,F,F,F,F, F,F,F,F,F,F,F,F, F,F,F,F,F,F,F,F
12:22:12| 2 | GetSupportedPIDs | 1-E8-DBG3 192-C0_C0-0E0: F,F,F,F,F,F,F,F, F,F,F,F,F,F,F,F, F,F,F,F,F,F,F,F, F,F,F,F,F,F,F,F
12:22:12| 2 | GetSupportedPIDs | 1-E8-DBG3 224-E0_E0-100: F,F,F,F,F,F,F,F, F,F,F,F,F,F,F,F, F,F,F,F,F,F,F,F, F,F,F,F,F,F,F,F  (T:044 F:212)
12:22:12| ... LogBitArray | 8
12:22:12| GetSupportedPIDs | Mode:1 ECUCnt:2 PIDSupDicCnt:2
12:22:12| 4 | GetSupportedPIDS | Mode1-ECUE9:-------------- 0,1,2,3,4,5,6,7, 8,9,A,B,C,D,E,F, G,H,I,J,K,L,M,N, O,P,Q,R,S,T,U,V
12:22:12| 4 | GetSupportedPIDS | Mode1-ECUE9:000-00_00-020: T,T,F,F,T,T,F,F, F,F,F,F,T,T,F,F, F,F,F,F,F,F,F,F, F,F,F,F,F,F,F,F
12:22:12| 4 | GetSupportedPIDS | Mode1-ECUE9:032-20_20-040: T,T,F,F,F,F,F,F, F,F,F,F,F,F,F,F, T,T,F,F,F,F,F,F, F,F,F,F,F,F,F,F
12:22:12| 4 | GetSupportedPIDS | Mode1-ECUE9:064-40_40-060: T,F,T,F,F,F,F,F, F,T,F,F,F,F,F,F, F,F,F,F,F,F,F,F, F,F,F,F,F,F,F,F
12:22:12| 4 | GetSupportedPIDS | Mode1-ECUE9:096-60_60-080: F,F,F,F,F,F,F,F, F,F,F,F,F,F,F,F, F,F,F,F,F,F,F,F, F,F,F,F,F,F,F,F
12:22:12| 4 | GetSupportedPIDS | Mode1-ECUE9:128-80_80-0A0: F,F,F,F,F,F,F,F, F,F,F,F,F,F,F,F, F,F,F,F,F,F,F,F, F,F,F,F,F,F,F,F
12:22:12| 4 | GetSupportedPIDS | Mode1-ECUE9:160-A0_A0-0C0: F,F,F,F,F,F,F,F, F,F,F,F,F,F,F,F, F,F,F,F,F,F,F,F, F,F,F,F,F,F,F,F
12:22:12| 4 | GetSupportedPIDS | Mode1-ECUE9:192-C0_C0-0E0: F,F,F,F,F,F,F,F, F,F,F,F,F,F,F,F, F,F,F,F,F,F,F,F, F,F,F,F,F,F,F,F
12:22:12| 4 | GetSupportedPIDS | Mode1-ECUE9:224-E0_E0-100: F,F,F,F,F,F,F,F, F,F,F,F,F,F,F,F, F,F,F,F,F,F,F,F, F,F,F,F,F,F,F,F  (T:013 F:243)
12:22:12| ... LogBitArray | 8
12:22:12| 4 | GetSupportedPIDS | Mode1-ECUE8:-------------- 0,1,2,3,4,5,6,7, 8,9,A,B,C,D,E,F, G,H,I,J,K,L,M,N, O,P,Q,R,S,T,U,V
12:22:12| 4 | GetSupportedPIDS | Mode1-ECUE8:000-00_00-020: T,T,F,T,T,T,T,T, T,T,F,T,T,T,T,T, T,T,T,T,F,T,F,F, F,T,F,F,T,F,F,T
12:22:12| 4 | GetSupportedPIDS | Mode1-ECUE8:032-20_20-040: T,T,F,F,F,F,F,F, F,F,F,F,F,F,T,T, T,T,F,T,T,F,F,F, T,F,F,F,T,T,F,F
12:22:12| 4 | GetSupportedPIDS | Mode1-ECUE8:064-40_40-060: T,T,T,T,T,T,T,T, F,T,T,F,T,F,F,F, F,F,F,F,F,F,F,F, F,F,F,F,F,F,F,F
12:22:12| 4 | GetSupportedPIDS | Mode1-ECUE8:096-60_60-080: F,F,F,F,F,F,F,F, F,F,F,F,F,F,F,F, F,F,F,F,F,F,F,F, F,F,F,F,F,F,F,F
12:22:13| 4 | GetSupportedPIDS | Mode1-ECUE8:128-80_80-0A0: F,F,F,F,F,F,F,F, F,F,F,F,F,F,F,F, F,F,F,F,F,F,F,F, F,F,F,F,F,F,F,F
12:22:13| 4 | GetSupportedPIDS | Mode1-ECUE8:160-A0_A0-0C0: F,F,F,F,F,F,F,F, F,F,F,F,F,F,F,F, F,F,F,F,F,F,F,F, F,F,F,F,F,F,F,F
12:22:13| 4 | GetSupportedPIDS | Mode1-ECUE8:192-C0_C0-0E0: F,F,F,F,F,F,F,F, F,F,F,F,F,F,F,F, F,F,F,F,F,F,F,F, F,F,F,F,F,F,F,F
12:22:13| 4 | GetSupportedPIDS | Mode1-ECUE8:224-E0_E0-100: F,F,F,F,F,F,F,F, F,F,F,F,F,F,F,F, F,F,F,F,F,F,F,F, F,F,F,F,F,F,F,F  (T:044 F:212)
12:22:13| ... LogBitArray | 8
12:22:13| 2 | GetSupportedPIDs | 1-ECUxx -------------- 0,1,2,3,4,5,6,7, 8,9,A,B,C,D,E,F, G,H,I,J,K,L,M,N, O,P,Q,R,S,T,U,V
12:22:13| 2 | GetSupportedPIDs | 1-ECUxx 000-00_00-020: T,T,F,T,T,T,T,T, T,T,F,T,T,T,T,T, T,T,T,T,F,T,F,F, F,T,F,F,T,F,F,T
12:22:13| 2 | GetSupportedPIDs | 1-ECUxx 032-20_20-040: T,T,F,F,F,F,F,F, F,F,F,F,F,F,T,T, T,T,F,T,T,F,F,F, T,F,F,F,T,T,F,F
12:22:13| 2 | GetSupportedPIDs | 1-ECUxx 064-40_40-060: T,T,T,T,T,T,T,T, F,T,T,F,T,F,F,F, F,F,F,F,F,F,F,F, F,F,F,F,F,F,F,F
12:22:13| 2 | GetSupportedPIDs | 1-ECUxx 096-60_60-080: F,F,F,F,F,F,F,F, F,F,F,F,F,F,F,F, F,F,F,F,F,F,F,F, F,F,F,F,F,F,F,F
12:22:13| 2 | GetSupportedPIDs | 1-ECUxx 128-80_80-0A0: F,F,F,F,F,F,F,F, F,F,F,F,F,F,F,F, F,F,F,F,F,F,F,F, F,F,F,F,F,F,F,F
12:22:13| 2 | GetSupportedPIDs | 1-ECUxx 160-A0_A0-0C0: F,F,F,F,F,F,F,F, F,F,F,F,F,F,F,F, F,F,F,F,F,F,F,F, F,F,F,F,F,F,F,F
12:22:13| 2 | GetSupportedPIDs | 1-ECUxx 192-C0_C0-0E0: F,F,F,F,F,F,F,F, F,F,F,F,F,F,F,F, F,F,F,F,F,F,F,F, F,F,F,F,F,F,F,F
12:22:13| 2 | GetSupportedPIDs | 1-ECUxx 224-E0_E0-100: F,F,F,F,F,F,F,F, F,F,F,F,F,F,F,F, F,F,F,F,F,F,F,F, F,F,F,F,F,F,F,F  (T:044 F:212)
12:22:13| ... LogBitArray | 8
12:22:13| GetSupportedPIDs | PIDCnt-1-E9:013, E8:044  (TPC:44)
12:22:13| ... DictValueSortDesc
12:22:13| DVSD | E9:013,E8:044->E8:044,E9:013
12:22:13| GetSupportedPIDs | Mode:1 PIDs-'044:00 01 03 04 05 06 07 08 09 0B 0C 0D 0E 0F 10 11 12 13 15 19 1C 1F 20 21 2E 2F 30 31 33 34 38 3C 3D 40 41 42 43 44 45 46 47 49 4A 4C
12:22:13|  GetSupportedPIDs | Ending ... Success:TrueTrueTrue 1-E8:044 1-E9:013
12:22:13| ReleaseDAD |  Starting ... Cnt:00008,01 (Connect)
12:22:13| ... ReleaseDAD | Success ... Cnt:00008,00 Opn:T (Connect, Connect)
12:22:13| ... Connect | 2
12:22:13| ... SetupVehicleIsLinked
12:22:13| ... GetCallingProcedure | Connect_OBD
12:22:13| ... GetCallingProcedure | lVehiculoLink
12:22:13| ... GetCallingProcedure | VehiculoLink
12:22:13| SVLI | VehicleIsLinked:'True'->'?'  (Connect_OBD,lVehiculoLink,VehiculoLink)
12:22:13| ... SetupVehicleIsLinked
12:22:13| ... GetCallingProcedure | Connect_OBD
12:22:13| ... GetCallingProcedure | lVehiculoLink
12:22:13| ... GetCallingProcedure | VehiculoLink
12:22:13| SVLI | VehicleIsLinked:'?'->'True'  (Connect_OBD,lVehiculoLink,VehiculoLink)
12:22:13| ... Connect | 3 | Connect_Succeeded = True
12:22:13| ... MyLastResult | Success,Unknown,?->True
12:22:13| Connect | Rslt:True EECUID:E8 ECUs:2-(E9:013,E8:044->E8:044,E9:013,) Prot:'CAN11', 'CAN11' PC:44  (Success,Unknown,?->True, 14.97) (lVehiculoLink,VehiculoLink,VehTest)
12:22:13| ... DecrementActiveCount | 0
12:22:13| ... GetCallingProcedure | OpusIMCleanOBDdrv.Module1:Connect_OBD
12:22:13| ... GetCallingProcedure | OpusIMCleanOBDdrv.Module1:lVehiculoLink
12:22:13| ... GetCallingProcedure | OpusIMCleanOBDdrv.IMCleanOBD:VehiculoLink
12:22:13| ... LocalDecrementActiveCount | 0
12:22:13|  
12:22:13| ... Get MON >>>-----------------------------------------------------------------------
12:22:13| ... SetupMyLastCommResult: ConditionsNotCorrect
12:22:13| ... DoDad | Action: System.Action | tag: GetModePID(01, 01) - Readiness, DTC count, MIL
12:22:13| ... GetCallingProcedure | lVehiculoLink
12:22:13| ... GetCallingProcedure | VehiculoLink
12:22:13| ... GetCallingProcedure | VehTest
12:22:13| DoDad-01 | GetModePID(01, 01) - Readiness, DTC count, MIL (Open:True,999.99 | lVehiculoLink,VehiculoLink,VehTest)
12:22:13| DoDad-01  ClearCommandLog ...
12:22:13| DoDad-01  Invoke ... (GetModePID(01, 01) - Readiness, DTC count, MIL)
12:22:13| DoDad-01  Invoke ... (GetModePID(01, 01) - Readiness, DTC count, MIL)  (672)
12:22:13| DoDad-01  CommandLog.Length ...
12:22:13| DoDad-01  CommandLog ... (0)
12:22:13| DoDad-01-CommandLog-Len:228 Siz:228 | iStart: 0
12:22:13| DoDad-01  SerialData.Length ... (426)
12:22:13| DoDad-01 | GetModePID(01, 01) - Readiness, DTC count, MIL-SLL:00426,00426-CF:F-DLLInfo:'DAD_DLL_VERSION_16.12.25.0 .. 3.0.7.0'
                    -  DAD_DLL_VERSION_16.12.25.0
                    -  31,TX MSG,ICAN11bt500,00 00 07 DF 01 01 
                    -  31,RX QRY,ICAN11bt500,Delay: 100
                    -  140,RX MSG,ICAN11bt500,00 00 07 DF 
                    -  140,RX MSG,ICAN11bt500,00 00 07 E8 41 01 00 07 69 29 
                    -  140,RX MSG,ICAN11bt500,00 00 07 E9 41 01 00 04 00 00 
                    -  140,RX QRY,ICAN11bt500,Delay: 100
                    -  250,RX QRY,ICAN11bt500,Delay: 100
                    -  359,RX QRY,ICAN11bt500,Delay: 100
                    -  468,RX QRY,ICAN11bt500,Delay: 100
                    -  578,RX QRY,ICAN11bt500,Delay: 100
                    (0.672 s,F) GetModePID(01, 01) - Readiness, DTC count, MIL | NoEOL
12:22:13| DECODE_Bus: DAD_DLL_VERSION_16.12.25.0
3.0.7.0

31,TX MSG,ICAN11bt500,00 00 07 DF 01 01 
140,RX MSG,ICAN11bt500,00 00 07 DF 
140,RX MSG,ICAN11bt500,00 00 07 E8 41 01 00 07 69 29 
140,RX MSG,ICAN11bt500,00 00 07 E9 41 01 00 04 00 00 

12:22:13| DECODE_MIL: 00 00 07 E8 41 01 00 07 69 29
12:22:13| zipESP: 00 00 07 E8 41 01 00 07 69 29 | 000007E8410100076929
12:22:13| DECODE_MIL dato: 00076929
12:22:13| Status: 00076929
12:22:13| A: 00 | 0 | 00000000
12:22:13| B: 07 | 7 | 00000111
12:22:13| C: 69 | 105 | 01101001
12:22:13| D: 29 | 41 | 00101001
12:22:13| sr | Get MON: 0 | 2
12:22:13|  
12:22:13| ... Get DTC >>>-----------------------------------------------------------------------
12:22:13| ... SetupMyLastCommResult: ConditionsNotCorrect
12:22:13| ... DoDad | Action: System.Action | tag: GetModePID(03, 00) - DTC count, MIL
12:22:13| ... GetCallingProcedure | lVehiculoLink
12:22:13| ... GetCallingProcedure | VehiculoLink
12:22:13| ... GetCallingProcedure | VehTest
12:22:13| DoDad-01 | GetModePID(03, 00) - DTC count, MIL (Open:True,999.99 | lVehiculoLink,VehiculoLink,VehTest)
12:22:13| DoDad-01  ClearCommandLog ...
12:22:13| DoDad-01  Invoke ... (GetModePID(03, 00) - DTC count, MIL)
12:22:14| DoDad-01  Invoke ... (GetModePID(03, 00) - DTC count, MIL)  (672)
12:22:14| DoDad-01  CommandLog.Length ...
12:22:14| DoDad-01  CommandLog ... (0)
12:22:14| DoDad-01-CommandLog-Len:201 Siz:201 | iStart: 0
12:22:14| DoDad-01  SerialData.Length ... (399)
12:22:14| DoDad-01 | GetModePID(03, 00) - DTC count, MIL-SLL:00399,00399-CF:F-DLLInfo:'DAD_DLL_VERSION_16.12.25.0 .. 3.0.7.0'
                    -  DAD_DLL_VERSION_16.12.25.0
                    -  31,TX MSG,ICAN11bt500,00 00 07 DF 03 
                    -  31,RX QRY,ICAN11bt500,Delay: 100
                    -  140,RX MSG,ICAN11bt500,00 00 07 DF 
                    -  140,RX MSG,ICAN11bt500,00 00 07 E8 43 00 
                    -  140,RX MSG,ICAN11bt500,00 00 07 E9 43 00 
                    -  140,RX QRY,ICAN11bt500,Delay: 100
                    -  250,RX QRY,ICAN11bt500,Delay: 100
                    -  359,RX QRY,ICAN11bt500,Delay: 100
                    -  468,RX QRY,ICAN11bt500,Delay: 100
                    -  578,RX QRY,ICAN11bt500,Delay: 100
                    (0.672 s,F) GetModePID(03, 00) - DTC count, MIL | NoEOL
12:22:14| DECODE_Bus: DAD_DLL_VERSION_16.12.25.0
3.0.7.0

31,TX MSG,ICAN11bt500,00 00 07 DF 03 
140,RX MSG,ICAN11bt500,00 00 07 DF 
140,RX MSG,ICAN11bt500,00 00 07 E8 43 00 
140,RX MSG,ICAN11bt500,00 00 07 E9 43 00 

12:22:14| ... DECODE_DTC: 00 00 07 E8 43 00
12:22:14| zipESP: 00 00 07 E8 43 00 | 000007E84300
12:22:14| sr | Get DTC: 0 | 2
12:22:14|  
12:22:14| ... (01, 1F) Tmp. Encendido >>>-----------------------------------------------------------------------
12:22:14| ... SetupMyLastCommResult: ConditionsNotCorrect
12:22:14| ... DoDad | Action: System.Action | tag: GetModePID(01, 1F) - Tmp. Encendido
12:22:14| ... GetCallingProcedure | lVehiculoLink
12:22:14| ... GetCallingProcedure | VehiculoLink
12:22:14| ... GetCallingProcedure | VehTest
12:22:14| DoDad-01 | GetModePID(01, 1F) - Tmp. Encendido (Open:True,999.99 | lVehiculoLink,VehiculoLink,VehTest)
12:22:14| DoDad-01  ClearCommandLog ...
12:22:14| DoDad-01  Invoke ... (GetModePID(01, 1F) - Tmp. Encendido)
12:22:15| DoDad-01  Invoke ... (GetModePID(01, 1F) - Tmp. Encendido)  (656)
12:22:15| DoDad-01  CommandLog.Length ...
12:22:15| DoDad-01  CommandLog ... (0)
12:22:15| DoDad-01-CommandLog-Len:167 Siz:167 | iStart: 0
12:22:15| DoDad-01  SerialData.Length ... (365)
12:22:15| DoDad-01 | GetModePID(01, 1F) - Tmp. Encendido-SLL:00365,00365-CF:F-DLLInfo:'DAD_DLL_VERSION_16.12.25.0 .. 3.0.7.0'
                    -  DAD_DLL_VERSION_16.12.25.0
                    -  31,TX MSG,ICAN11bt500,00 00 07 DF 01 1F 
                    -  31,RX QRY,ICAN11bt500,Delay: 100
                    -  140,RX MSG,ICAN11bt500,00 00 07 DF 
                    -  140,RX MSG,ICAN11bt500,00 00 07 E8 41 1F 00 19 
                    -  140,RX QRY,ICAN11bt500,Delay: 100
                    -  250,RX QRY,ICAN11bt500,Delay: 100
                    -  360,RX QRY,ICAN11bt500,Delay: 100
                    -  469,RX QRY,ICAN11bt500,Delay: 100
                    -  578,RX QRY,ICAN11bt500,Delay: 100
                    (0.657 s,F) GetModePID(01, 1F) - Tmp. Encendido | NoEOL
12:22:15| DECODE_Bus: DAD_DLL_VERSION_16.12.25.0
3.0.7.0

31,TX MSG,ICAN11bt500,00 00 07 DF 01 1F 
140,RX MSG,ICAN11bt500,00 00 07 DF 
140,RX MSG,ICAN11bt500,00 00 07 E8 41 1F 00 19 

12:22:15| sr | Tmp. Encendido: 0 | 1
12:22:15|  
12:22:15| ... (01, 21) Distancia MIL >>>-----------------------------------------------------------------------
12:22:15| ... SetupMyLastCommResult: ConditionsNotCorrect
12:22:15| ... DoDad | Action: System.Action | tag: GetModePID(01, 21) - Distancia MIL
12:22:15| ... GetCallingProcedure | lVehiculoLink
12:22:15| ... GetCallingProcedure | VehiculoLink
12:22:15| ... GetCallingProcedure | VehTest
12:22:15| DoDad-01 | GetModePID(01, 21) - Distancia MIL (Open:True,999.99 | lVehiculoLink,VehiculoLink,VehTest)
12:22:15| DoDad-01  ClearCommandLog ...
12:22:15| DoDad-01  Invoke ... (GetModePID(01, 21) - Distancia MIL)
12:22:16| DoDad-01  Invoke ... (GetModePID(01, 21) - Distancia MIL)  (672)
12:22:16| DoDad-01  CommandLog.Length ...
12:22:16| DoDad-01  CommandLog ... (0)
12:22:16| DoDad-01-CommandLog-Len:167 Siz:167 | iStart: 0
12:22:16| DoDad-01  SerialData.Length ... (365)
12:22:16| DoDad-01 | GetModePID(01, 21) - Distancia MIL-SLL:00365,00365-CF:F-DLLInfo:'DAD_DLL_VERSION_16.12.25.0 .. 3.0.7.0'
                    -  DAD_DLL_VERSION_16.12.25.0
                    -  46,TX MSG,ICAN11bt500,00 00 07 DF 01 15 
                    -  46,RX QRY,ICAN11bt500,Delay: 100
                    -  156,RX MSG,ICAN11bt500,00 00 07 DF 
                    -  156,RX MSG,ICAN11bt500,00 00 07 E8 41 15 8F FF 
                    -  156,RX QRY,ICAN11bt500,Delay: 100
                    -  265,RX QRY,ICAN11bt500,Delay: 100
                    -  375,RX QRY,ICAN11bt500,Delay: 100
                    -  484,RX QRY,ICAN11bt500,Delay: 100
                    -  593,RX QRY,ICAN11bt500,Delay: 100
                    (0.672 s,F) GetModePID(01, 21) - Distancia MIL | NoEOL
12:22:16| DECODE_Bus: DAD_DLL_VERSION_16.12.25.0
3.0.7.0

46,TX MSG,ICAN11bt500,00 00 07 DF 01 15 
156,RX MSG,ICAN11bt500,00 00 07 DF 
156,RX MSG,ICAN11bt500,00 00 07 E8 41 15 8F FF 

12:22:16| sr | Distancia MIL: 0 | 1
12:22:16|  
12:22:16| ... (01, 31) Distancia MIL Borrada >>>-----------------------------------------------------------------------
12:22:16| ... SetupMyLastCommResult: ConditionsNotCorrect
12:22:16| ... DoDad | Action: System.Action | tag: GetModePID(01, 31) - Distancia MIL Borrada
12:22:16| ... GetCallingProcedure | lVehiculoLink
12:22:16| ... GetCallingProcedure | VehiculoLink
12:22:16| ... GetCallingProcedure | VehTest
12:22:16| DoDad-01 | GetModePID(01, 31) - Distancia MIL Borrada (Open:True,999.99 | lVehiculoLink,VehiculoLink,VehTest)
12:22:16| DoDad-01  ClearCommandLog ...
12:22:16| DoDad-01  Invoke ... (GetModePID(01, 31) - Distancia MIL Borrada)
12:22:16| DoDad-01  Invoke ... (GetModePID(01, 31) - Distancia MIL Borrada)  (672)
12:22:16| DoDad-01  CommandLog.Length ...
12:22:16| DoDad-01  CommandLog ... (0)
12:22:16| DoDad-01-CommandLog-Len:167 Siz:167 | iStart: 0
12:22:16| DoDad-01  SerialData.Length ... (365)
12:22:16| DoDad-01 | GetModePID(01, 31) - Distancia MIL Borrada-SLL:00365,00365-CF:F-DLLInfo:'DAD_DLL_VERSION_16.12.25.0 .. 3.0.7.0'
                    -  DAD_DLL_VERSION_16.12.25.0
                    -  46,TX MSG,ICAN11bt500,00 00 07 DF 01 1F 
                    -  46,RX QRY,ICAN11bt500,Delay: 100
                    -  156,RX MSG,ICAN11bt500,00 00 07 DF 
                    -  156,RX MSG,ICAN11bt500,00 00 07 E8 41 1F 00 1A 
                    -  156,RX QRY,ICAN11bt500,Delay: 100
                    -  265,RX QRY,ICAN11bt500,Delay: 100
                    -  375,RX QRY,ICAN11bt500,Delay: 100
                    -  484,RX QRY,ICAN11bt500,Delay: 100
                    -  593,RX QRY,ICAN11bt500,Delay: 100
                    (0.672 s,F) GetModePID(01, 31) - Distancia MIL Borrada | NoEOL
12:22:16| DECODE_Bus: DAD_DLL_VERSION_16.12.25.0
3.0.7.0

46,TX MSG,ICAN11bt500,00 00 07 DF 01 1F 
156,RX MSG,ICAN11bt500,00 00 07 DF 
156,RX MSG,ICAN11bt500,00 00 07 E8 41 1F 00 1A 

12:22:16| sr | Distancia MIL Borrada: 0 | 1
12:22:16|  
12:22:16| ... (01, 33) Presion Barometrica Kpa >>>-----------------------------------------------------------------------
12:22:16| ... SetupMyLastCommResult: ConditionsNotCorrect
12:22:16| ... DoDad | Action: System.Action | tag: GetModePID(01, 33) - Presion Barometrica Kpa
12:22:16| ... GetCallingProcedure | lVehiculoLink
12:22:16| ... GetCallingProcedure | VehiculoLink
12:22:16| ... GetCallingProcedure | VehTest
12:22:16| DoDad-01 | GetModePID(01, 33) - Presion Barometrica Kpa (Open:True,999.99 | lVehiculoLink,VehiculoLink,VehTest)
12:22:16| DoDad-01  ClearCommandLog ...
12:22:16| DoDad-01  Invoke ... (GetModePID(01, 33) - Presion Barometrica Kpa)
12:22:17| DoDad-01  Invoke ... (GetModePID(01, 33) - Presion Barometrica Kpa)  (671)
12:22:17| DoDad-01  CommandLog.Length ...
12:22:17| DoDad-01  CommandLog ... (0)
12:22:17| DoDad-01-CommandLog-Len:216 Siz:216 | iStart: 0
12:22:17| DoDad-01  SerialData.Length ... (414)
12:22:17| DoDad-01 | GetModePID(01, 33) - Presion Barometrica Kpa-SLL:00414,00414-CF:F-DLLInfo:'DAD_DLL_VERSION_16.12.25.0 .. 3.0.7.0'
                    -  DAD_DLL_VERSION_16.12.25.0
                    -  31,TX MSG,ICAN11bt500,00 00 07 DF 01 21 
                    -  46,RX QRY,ICAN11bt500,Delay: 100
                    -  156,RX MSG,ICAN11bt500,00 00 07 DF 
                    -  156,RX MSG,ICAN11bt500,00 00 07 E8 41 21 00 00 
                    -  156,RX MSG,ICAN11bt500,00 00 07 E9 41 21 00 00 
                    -  156,RX QRY,ICAN11bt500,Delay: 100
                    -  265,RX QRY,ICAN11bt500,Delay: 100
                    -  375,RX QRY,ICAN11bt500,Delay: 100
                    -  484,RX QRY,ICAN11bt500,Delay: 100
                    -  593,RX QRY,ICAN11bt500,Delay: 100
                    (0.672 s,F) GetModePID(01, 33) - Presion Barometrica Kpa | NoEOL
12:22:17| DECODE_Bus: DAD_DLL_VERSION_16.12.25.0
3.0.7.0

31,TX MSG,ICAN11bt500,00 00 07 DF 01 21 
156,RX MSG,ICAN11bt500,00 00 07 DF 
156,RX MSG,ICAN11bt500,00 00 07 E8 41 21 00 00 
156,RX MSG,ICAN11bt500,00 00 07 E9 41 21 00 00 

12:22:17| sr | Presion Barometrica Kpa: 0 | 2
12:22:17|  
12:22:17| ... (01, 4D) Tmp MIL on >>>-----------------------------------------------------------------------
12:22:17| ... SetupMyLastCommResult: ConditionsNotCorrect
12:22:17| ... DoDad | Action: System.Action | tag: GetModePID(01, 4D) - Tmp MIL on
12:22:17| ... GetCallingProcedure | lVehiculoLink
12:22:17| ... GetCallingProcedure | VehiculoLink
12:22:17| ... GetCallingProcedure | VehTest
12:22:17| DoDad-01 | GetModePID(01, 4D) - Tmp MIL on (Open:True,999.99 | lVehiculoLink,VehiculoLink,VehTest)
12:22:17| DoDad-01  ClearCommandLog ...
12:22:17| DoDad-01  Invoke ... (GetModePID(01, 4D) - Tmp MIL on)
12:22:18| DoDad-01  Invoke ... (GetModePID(01, 4D) - Tmp MIL on)  (672)
12:22:18| DoDad-01  CommandLog.Length ...
12:22:18| DoDad-01  CommandLog ... (0)
12:22:18| DoDad-01-CommandLog-Len:118 Siz:118 | iStart: 0
12:22:18| DoDad-01  SerialData.Length ... (316)
12:22:18| DoDad-01 | GetModePID(01, 4D) - Tmp MIL on-SLL:00316,00316-CF:F-DLLInfo:'DAD_DLL_VERSION_16.12.25.0 .. 3.0.7.0'
                    -  DAD_DLL_VERSION_16.12.25.0
                    -  46,TX MSG,ICAN11bt500,00 00 07 DF 01 4D 
                    -  46,RX QRY,ICAN11bt500,Delay: 100
                    -  156,RX MSG,ICAN11bt500,00 00 07 DF 
                    -  156,RX QRY,ICAN11bt500,Delay: 100
                    -  265,RX QRY,ICAN11bt500,Delay: 100
                    -  378,RX QRY,ICAN11bt500,Delay: 100
                    -  487,RX QRY,ICAN11bt500,Delay: 100
                    -  597,RX QRY,ICAN11bt500,Delay: 100
                    (0.675 s,F) GetModePID(01, 4D) - Tmp MIL on | NoEOL
12:22:18|  
12:22:18| ... (01, 51) Tipo Combustible >>>-----------------------------------------------------------------------
12:22:18| ... SetupMyLastCommResult: ConditionsNotCorrect
12:22:18| ... DoDad | Action: System.Action | tag: GetModePID(01, 51) - Tipo Combustible
12:22:18| ... GetCallingProcedure | lVehiculoLink
12:22:18| ... GetCallingProcedure | VehiculoLink
12:22:18| ... GetCallingProcedure | VehTest
12:22:18| DoDad-01 | GetModePID(01, 51) - Tipo Combustible (Open:True,999.99 | lVehiculoLink,VehiculoLink,VehTest)
12:22:18| DoDad-01  ClearCommandLog ...
12:22:18| DoDad-01  Invoke ... (GetModePID(01, 51) - Tipo Combustible)
12:22:19| DoDad-01  Invoke ... (GetModePID(01, 51) - Tipo Combustible)  (657)
12:22:19| DoDad-01  CommandLog.Length ...
12:22:19| DoDad-01  CommandLog ... (0)
12:22:19| DoDad-01-CommandLog-Len:164 Siz:164 | iStart: 0
12:22:19| DoDad-01  SerialData.Length ... (362)
12:22:19| DoDad-01 | GetModePID(01, 51) - Tipo Combustible-SLL:00362,00362-CF:F-DLLInfo:'DAD_DLL_VERSION_16.12.25.0 .. 3.0.7.0'
                    -  DAD_DLL_VERSION_16.12.25.0
                    -  31,TX MSG,ICAN11bt500,00 00 07 DF 01 33 
                    -  31,RX QRY,ICAN11bt500,Delay: 100
                    -  140,RX MSG,ICAN11bt500,00 00 07 DF 
                    -  140,RX MSG,ICAN11bt500,00 00 07 E8 41 33 4E 
                    -  140,RX QRY,ICAN11bt500,Delay: 100
                    -  250,RX QRY,ICAN11bt500,Delay: 100
                    -  359,RX QRY,ICAN11bt500,Delay: 100
                    -  469,RX QRY,ICAN11bt500,Delay: 100
                    -  578,RX QRY,ICAN11bt500,Delay: 100
                    (0.672 s,F) GetModePID(01, 51) - Tipo Combustible | NoEOL
12:22:19| DECODE_Bus: DAD_DLL_VERSION_16.12.25.0
3.0.7.0

31,TX MSG,ICAN11bt500,00 00 07 DF 01 33 
140,RX MSG,ICAN11bt500,00 00 07 DF 
140,RX MSG,ICAN11bt500,00 00 07 E8 41 33 4E 

12:22:19| sr | Tipo Combustible: 0 | 1
12:22:19|  
12:22:19| ... (01, 7F) Tmp Marcha Motor >>>-----------------------------------------------------------------------
12:22:19| ... SetupMyLastCommResult: ConditionsNotCorrect
12:22:19| ... DoDad | Action: System.Action | tag: GetModePID(01, 7F) - Tmp Marcha Motor
12:22:19| ... GetCallingProcedure | lVehiculoLink
12:22:19| ... GetCallingProcedure | VehiculoLink
12:22:19| ... GetCallingProcedure | VehTest
12:22:19| DoDad-01 | GetModePID(01, 7F) - Tmp Marcha Motor (Open:True,999.99 | lVehiculoLink,VehiculoLink,VehTest)
12:22:19| DoDad-01  ClearCommandLog ...
12:22:19| DoDad-01  Invoke ... (GetModePID(01, 7F) - Tmp Marcha Motor)
12:22:19| DoDad-01  Invoke ... (GetModePID(01, 7F) - Tmp Marcha Motor)  (672)
12:22:19| DoDad-01  CommandLog.Length ...
12:22:19| DoDad-01  CommandLog ... (0)
12:22:19| DoDad-01-CommandLog-Len:118 Siz:118 | iStart: 0
12:22:19| DoDad-01  SerialData.Length ... (316)
12:22:19| DoDad-01 | GetModePID(01, 7F) - Tmp Marcha Motor-SLL:00316,00316-CF:F-DLLInfo:'DAD_DLL_VERSION_16.12.25.0 .. 3.0.7.0'
                    -  DAD_DLL_VERSION_16.12.25.0
                    -  46,TX MSG,ICAN11bt500,00 00 07 DF 01 7F 
                    -  46,RX QRY,ICAN11bt500,Delay: 100
                    -  156,RX MSG,ICAN11bt500,00 00 07 DF 
                    -  156,RX QRY,ICAN11bt500,Delay: 100
                    -  265,RX QRY,ICAN11bt500,Delay: 100
                    -  370,RX QRY,ICAN11bt500,Delay: 100
                    -  479,RX QRY,ICAN11bt500,Delay: 100
                    -  589,RX QRY,ICAN11bt500,Delay: 100
                    (0.668 s,F) GetModePID(01, 7F) - Tmp Marcha Motor | NoEOL
12:22:19|  
12:22:19| ... (09, 04) Cal ID >>>-----------------------------------------------------------------------
12:22:19| ... SetupMyLastCommResult: ConditionsNotCorrect
12:22:19| ... DoDad | Action: System.Action | tag: GetModePID(09, 04) - Cal ID
12:22:19| ... GetCallingProcedure | lVehiculoLink
12:22:19| ... GetCallingProcedure | VehiculoLink
12:22:19| ... GetCallingProcedure | VehTest
12:22:19| DoDad-01 | GetModePID(09, 04) - Cal ID (Open:True,999.99 | lVehiculoLink,VehiculoLink,VehTest)
12:22:19| DoDad-01  ClearCommandLog ...
12:22:19| DoDad-01  Invoke ... (GetModePID(09, 04) - Cal ID)
12:22:20| DoDad-01  Invoke ... (GetModePID(09, 04) - Cal ID)  (657)
12:22:20| DoDad-01  CommandLog.Length ...
12:22:20| DoDad-01  CommandLog ... (0)
12:22:20| DoDad-01-CommandLog-Len:472 Siz:472 | iStart: 0
12:22:20| DoDad-01  SerialData.Length ... (670)
12:22:20| DoDad-01 | GetModePID(09, 04) - Cal ID-SLL:00670,00670-CF:F-DLLInfo:'DAD_DLL_VERSION_16.12.25.0 .. 3.0.7.0'
                    -  DAD_DLL_VERSION_16.12.25.0
                    -  31,TX MSG,ICAN11bt500,00 00 07 DF 09 04 
                    -  31,RX QRY,ICAN11bt500,Delay: 100
                    -  140,RX MSG,ICAN11bt500,00 00 07 DF 
                    -  140,RX MSG,ICAN11bt500,00 00 07 E8 
                    -  140,RX MSG,ICAN11bt500,00 00 07 E9 7F 09 78 
                    -  140,RX MSG,ICAN11bt500,00 00 07 E9 7F 09 78 
                    -  140,RX MSG,ICAN11bt500,00 00 07 E8 49 04 01 30 30 33 34 34 36 37 36 34 30 30 31 30 31 31 38 
                    -  140,RX MSG,ICAN11bt500,00 00 07 E9 
                    -  140,RX MSG,ICAN11bt500,00 00 07 E9 49 04 01 30 30 36 34 34 38 36 34 31 30 30 31 30 30 30 38 
                    -  140,RX QRY,ICAN11bt500,Delay: 100
                    -  250,RX QRY,ICAN11bt500,Delay: 100
                    -  359,RX QRY,ICAN11bt500,Delay: 100
                    -  468,RX QRY,ICAN11bt500,Delay: 100
                    -  578,RX QRY,ICAN11bt500,Delay: 100
                    (0.672 s,F) GetModePID(09, 04) - Cal ID | NoEOL
12:22:20| DECODE_Bus: DAD_DLL_VERSION_16.12.25.0
3.0.7.0

31,TX MSG,ICAN11bt500,00 00 07 DF 09 04 
140,RX MSG,ICAN11bt500,00 00 07 DF 
140,RX MSG,ICAN11bt500,00 00 07 E8 
140,RX MSG,ICAN11bt500,00 00 07 E9 7F 09 78 
140,RX MSG,ICAN11bt500,00 00 07 E9 7F 09 78 
140,RX MSG,ICAN11bt500,00 00 07 E8 49 04 01 30 30 33 34 34 36 37 36 34 30 30 31 30 31 31 38 
140,RX MSG,ICAN11bt500,00 00 07 E9 
140,RX MSG,ICAN11bt500,00 00 07 E9 49 04 01 30 30 36 34 34 38 36 34 31 30 30 31 30 30 30 38 

12:22:20| sr | Cal ID: 0 | 2
12:22:20|  
12:22:20| ... Get VIN >>>-----------------------------------------------------------------------
12:22:21| DAD_DLL_VERSION_16.12.25.0
3.0.7.0

31,TX MSG,ICAN11bt500,00 00 07 DF 09 04 
140,RX MSG,ICAN11bt500,00 00 07 DF 
140,RX MSG,ICAN11bt500,00 00 07 E8 
140,RX MSG,ICAN11bt500,00 00 07 E9 7F 09 78 
140,RX MSG,ICAN11bt500,00 00 07 E9 7F 09 78 
140,RX MSG,ICAN11bt500,00 00 07 E8 49 04 01 30 30 33 34 34 36 37 36 34 30 30 31 30 31 31 38 
140,RX MSG,ICAN11bt500,00 00 07 E9 
140,RX MSG,ICAN11bt500,00 00 07 E9 49 04 01 30 30 36 34 34 38 36 34 31 30 30 31 30 30 30 38 
718,TX MSG,ICAN11bt500,00 00 07 DF 09 02 
843,RX MSG,ICAN11bt500,00 00 07 DF 
843,RX MSG,ICAN11bt500,00 00 07 E8 
843,RX MSG,ICAN11bt500,00 00 07 E8 49 02 01 57 44 42 55 46 35 36 58 58 39 42 33 34 30 39 35 33 

12:22:21| SR: 0 | 1
12:22:21| ... GetEcuIdFromAddress
12:22:21| ... ByteArrayToHexString | 01 57 44 42 55 46 35 36 58 58 39 42 33 34 30 39 35 33
12:22:21| GetVIN | ECU:E8  DLen:018 (01 57 44 42 55 46 35 36 58 58 39 42 33 34 30 39 35 33)
12:22:21| ... ByteArrayToHexString | 01,57,44,42,55,46,35,36,58,58,39,42,33,34,30,39,35,33
12:22:21| ... CheckForNAK | Ret:False  Len:18  Buf:01,57,44,42,55,46,35,36,58,58,39,42,33,34,30,39,35,33  SID:09  PID:02  Prot:'CAN11'
12:22:21| ... ByteArrayToString | WDBUF56XX9B340953
12:22:21| GetVIN | ECU:E8  VIN: Null
12:22:21| DECODE_Bus: DAD_DLL_VERSION_16.12.25.0
3.0.7.0

31,TX MSG,ICAN11bt500,00 00 07 DF 09 04 
140,RX MSG,ICAN11bt500,00 00 07 DF 
140,RX MSG,ICAN11bt500,00 00 07 E8 
140,RX MSG,ICAN11bt500,00 00 07 E9 7F 09 78 
140,RX MSG,ICAN11bt500,00 00 07 E9 7F 09 78 
140,RX MSG,ICAN11bt500,00 00 07 E8 49 04 01 30 30 33 34 34 36 37 36 34 30 30 31 30 31 31 38 
140,RX MSG,ICAN11bt500,00 00 07 E9 
140,RX MSG,ICAN11bt500,00 00 07 E9 49 04 01 30 30 36 34 34 38 36 34 31 30 30 31 30 30 30 38 
718,TX MSG,ICAN11bt500,00 00 07 DF 09 02 
843,RX MSG,ICAN11bt500,00 00 07 DF 
843,RX MSG,ICAN11bt500,00 00 07 E8 
843,RX MSG,ICAN11bt500,00 00 07 E8 49 02 01 57 44 42 55 46 35 36 58 58 39 42 33 34 30 39 35 33 

12:22:21|  
12:22:21| ... Get VOLTAJES >>>-----------------------------------------------------------------------
12:22:21| ... SetupMyLastCommResult: ConditionsNotCorrect
12:22:21| ... DoDad | Action: System.Action | tag: GetModePID(01, 42) - Voltaje
12:22:21| ... GetCallingProcedure | lVehiculoLink
12:22:21| ... GetCallingProcedure | VehiculoLink
12:22:21| ... GetCallingProcedure | VehTest
12:22:21| DoDad-01 | GetModePID(01, 42) - Voltaje (Open:True,999.99 | lVehiculoLink,VehiculoLink,VehTest)
12:22:21| DoDad-01  ClearCommandLog ...
12:22:21| DoDad-01  Invoke ... (GetModePID(01, 42) - Voltaje)
12:22:21| DoDad-01  Invoke ... (GetModePID(01, 42) - Voltaje)  (656)
12:22:21| DoDad-01  CommandLog.Length ...
12:22:21| DoDad-01  CommandLog ... (0)
12:22:21| DoDad-01-CommandLog-Len:118 Siz:118 | iStart: 0
12:22:21| DoDad-01  SerialData.Length ... (316)
12:22:21| DoDad-01 | GetModePID(01, 42) - Voltaje-SLL:00316,00316-CF:F-DLLInfo:'DAD_DLL_VERSION_16.12.25.0 .. 3.0.7.0'
                    -  DAD_DLL_VERSION_16.12.25.0
                    -  31,TX MSG,ICAN11bt500,00 00 07 DF 01 2A 
                    -  31,RX QRY,ICAN11bt500,Delay: 100
                    -  140,RX MSG,ICAN11bt500,00 00 07 DF 
                    -  140,RX QRY,ICAN11bt500,Delay: 100
                    -  250,RX QRY,ICAN11bt500,Delay: 100
                    -  359,RX QRY,ICAN11bt500,Delay: 100
                    -  468,RX QRY,ICAN11bt500,Delay: 100
                    -  578,RX QRY,ICAN11bt500,Delay: 100
                    (0.656 s,F) GetModePID(01, 42) - Voltaje | NoEOL
12:22:21|  
12:22:21| ... Get RPM >>>-----------------------------------------------------------------------
12:22:21| ... SetupMyLastCommResult: ConditionsNotCorrect
12:22:21| ... DoDad | Action: System.Action | tag: GetModePID(01, 0C) - DTC count, MIL
12:22:21| ... GetCallingProcedure | lVehiculoLink
12:22:21| ... GetCallingProcedure | VehiculoLink
12:22:21| ... GetCallingProcedure | VehTest
12:22:21| DoDad-01 | GetModePID(01, 0C) - DTC count, MIL (Open:True,999.99 | lVehiculoLink,VehiculoLink,VehTest)
12:22:21| DoDad-01  ClearCommandLog ...
12:22:21| DoDad-01  Invoke ... (GetModePID(01, 0C) - DTC count, MIL)
12:22:22| DoDad-01  Invoke ... (GetModePID(01, 0C) - DTC count, MIL)  (656)
12:22:22| DoDad-01  CommandLog.Length ...
12:22:22| DoDad-01  CommandLog ... (0)
12:22:22| DoDad-01-CommandLog-Len:216 Siz:216 | iStart: 0
12:22:22| DoDad-01  SerialData.Length ... (414)
12:22:22| DoDad-01 | GetModePID(01, 0C) - DTC count, MIL-SLL:00414,00414-CF:F-DLLInfo:'DAD_DLL_VERSION_16.12.25.0 .. 3.0.7.0'
                    -  DAD_DLL_VERSION_16.12.25.0
                    -  31,TX MSG,ICAN11bt500,00 00 07 DF 01 0C 
                    -  31,RX QRY,ICAN11bt500,Delay: 100
                    -  140,RX MSG,ICAN11bt500,00 00 07 DF 
                    -  140,RX MSG,ICAN11bt500,00 00 07 E8 41 0C 09 4C 
                    -  140,RX MSG,ICAN11bt500,00 00 07 E9 41 0C 09 50 
                    -  140,RX QRY,ICAN11bt500,Delay: 100
                    -  250,RX QRY,ICAN11bt500,Delay: 100
                    -  359,RX QRY,ICAN11bt500,Delay: 100
                    -  468,RX QRY,ICAN11bt500,Delay: 100
                    -  578,RX QRY,ICAN11bt500,Delay: 100
                    (0.672 s,F) GetModePID(01, 0C) - DTC count, MIL | NoEOL
12:22:22| DECODE_Bus: DAD_DLL_VERSION_16.12.25.0
3.0.7.0

31,TX MSG,ICAN11bt500,00 00 07 DF 01 0C 
140,RX MSG,ICAN11bt500,00 00 07 DF 
140,RX MSG,ICAN11bt500,00 00 07 E8 41 0C 09 4C 
140,RX MSG,ICAN11bt500,00 00 07 E9 41 0C 09 50 

12:22:22| zipESP: 00 00 07 E8 41 0C 09 4C | 000007E8410C094C
12:22:22| DECODE_RPM: 000007E8410C094C
12:22:22| sr | Get RPM(1): 0 | 2
12:22:22| ... SetupMyLastCommResult: ConditionsNotCorrect
12:22:22| ... DoDad | Action: System.Action | tag: GetModePID(01, 0C) - DTC count, MIL
12:22:22| ... GetCallingProcedure | lVehiculoLink
12:22:22| ... GetCallingProcedure | VehiculoLink
12:22:22| ... GetCallingProcedure | VehTest
12:22:22| DoDad-01 | GetModePID(01, 0C) - DTC count, MIL (Open:True,999.99 | lVehiculoLink,VehiculoLink,VehTest)
12:22:22| DoDad-01  ClearCommandLog ...
12:22:22| DoDad-01  Invoke ... (GetModePID(01, 0C) - DTC count, MIL)
12:22:23| DoDad-01  Invoke ... (GetModePID(01, 0C) - DTC count, MIL)  (672)
12:22:23| DoDad-01  CommandLog.Length ...
12:22:23| DoDad-01  CommandLog ... (0)
12:22:23| DoDad-01-CommandLog-Len:216 Siz:216 | iStart: 0
12:22:23| DoDad-01  SerialData.Length ... (414)
12:22:23| DoDad-01 | GetModePID(01, 0C) - DTC count, MIL-SLL:00414,00414-CF:F-DLLInfo:'DAD_DLL_VERSION_16.12.25.0 .. 3.0.7.0'
                    -  DAD_DLL_VERSION_16.12.25.0
                    -  31,TX MSG,ICAN11bt500,00 00 07 DF 01 0C 
                    -  46,RX QRY,ICAN11bt500,Delay: 100
                    -  156,RX MSG,ICAN11bt500,00 00 07 DF 
                    -  156,RX MSG,ICAN11bt500,00 00 07 E8 41 0C 09 56 
                    -  156,RX MSG,ICAN11bt500,00 00 07 E9 41 0C 09 48 
                    -  156,RX QRY,ICAN11bt500,Delay: 100
                    -  266,RX QRY,ICAN11bt500,Delay: 100
                    -  375,RX QRY,ICAN11bt500,Delay: 100
                    -  484,RX QRY,ICAN11bt500,Delay: 100
                    -  594,RX QRY,ICAN11bt500,Delay: 100
                    (0.672 s,F) GetModePID(01, 0C) - DTC count, MIL | NoEOL
12:22:23| DECODE_Bus: DAD_DLL_VERSION_16.12.25.0
3.0.7.0

31,TX MSG,ICAN11bt500,00 00 07 DF 01 0C 
156,RX MSG,ICAN11bt500,00 00 07 DF 
156,RX MSG,ICAN11bt500,00 00 07 E8 41 0C 09 56 
156,RX MSG,ICAN11bt500,00 00 07 E9 41 0C 09 48 

12:22:23| zipESP: 00 00 07 E8 41 0C 09 56 | 000007E8410C0956
12:22:23| DECODE_RPM: 000007E8410C0956
12:22:23| sr | Get RPM(2): 0 | 2
12:22:23| ... SetupMyLastCommResult: ConditionsNotCorrect
12:22:23| ... DoDad | Action: System.Action | tag: GetModePID(01, 0C) - DTC count, MIL
12:22:23| ... GetCallingProcedure | lVehiculoLink
12:22:23| ... GetCallingProcedure | VehiculoLink
12:22:23| ... GetCallingProcedure | VehTest
12:22:23| DoDad-01 | GetModePID(01, 0C) - DTC count, MIL (Open:True,999.99 | lVehiculoLink,VehiculoLink,VehTest)
12:22:23| DoDad-01  ClearCommandLog ...
12:22:23| DoDad-01  Invoke ... (GetModePID(01, 0C) - DTC count, MIL)
12:22:24| DoDad-01  Invoke ... (GetModePID(01, 0C) - DTC count, MIL)  (672)
12:22:24| DoDad-01  CommandLog.Length ...
12:22:24| DoDad-01  CommandLog ... (0)
12:22:24| DoDad-01-CommandLog-Len:216 Siz:216 | iStart: 0
12:22:24| DoDad-01  SerialData.Length ... (414)
12:22:24| DoDad-01 | GetModePID(01, 0C) - DTC count, MIL-SLL:00414,00414-CF:F-DLLInfo:'DAD_DLL_VERSION_16.12.25.0 .. 3.0.7.0'
                    -  DAD_DLL_VERSION_16.12.25.0
                    -  31,TX MSG,ICAN11bt500,00 00 07 DF 01 0C 
                    -  47,RX QRY,ICAN11bt500,Delay: 100
                    -  156,RX MSG,ICAN11bt500,00 00 07 DF 
                    -  156,RX MSG,ICAN11bt500,00 00 07 E8 41 0C 09 58 
                    -  156,RX MSG,ICAN11bt500,00 00 07 E9 41 0C 09 58 
                    -  156,RX QRY,ICAN11bt500,Delay: 100
                    -  265,RX QRY,ICAN11bt500,Delay: 100
                    -  375,RX QRY,ICAN11bt500,Delay: 100
                    -  484,RX QRY,ICAN11bt500,Delay: 100
                    -  594,RX QRY,ICAN11bt500,Delay: 100
                    (0.672 s,F) GetModePID(01, 0C) - DTC count, MIL | NoEOL
12:22:24| DECODE_Bus: DAD_DLL_VERSION_16.12.25.0
3.0.7.0

31,TX MSG,ICAN11bt500,00 00 07 DF 01 0C 
156,RX MSG,ICAN11bt500,00 00 07 DF 
156,RX MSG,ICAN11bt500,00 00 07 E8 41 0C 09 58 
156,RX MSG,ICAN11bt500,00 00 07 E9 41 0C 09 58 

12:22:24| zipESP: 00 00 07 E8 41 0C 09 58 | 000007E8410C0958
12:22:24| DECODE_RPM: 000007E8410C0958
12:22:24| sr | Get RPM(3): 0 | 2
12:22:24| ... SetupMyLastCommResult: ConditionsNotCorrect
12:22:24| ... DoDad | Action: System.Action | tag: GetModePID(01, 0C) - DTC count, MIL
12:22:24| ... GetCallingProcedure | lVehiculoLink
12:22:24| ... GetCallingProcedure | VehiculoLink
12:22:24| ... GetCallingProcedure | VehTest
12:22:24| DoDad-01 | GetModePID(01, 0C) - DTC count, MIL (Open:True,999.99 | lVehiculoLink,VehiculoLink,VehTest)
12:22:24| DoDad-01  ClearCommandLog ...
12:22:24| DoDad-01  Invoke ... (GetModePID(01, 0C) - DTC count, MIL)
12:22:24| DoDad-01  Invoke ... (GetModePID(01, 0C) - DTC count, MIL)  (656)
12:22:24| DoDad-01  CommandLog.Length ...
12:22:24| DoDad-01  CommandLog ... (0)
12:22:24| DoDad-01-CommandLog-Len:216 Siz:216 | iStart: 0
12:22:24| DoDad-01  SerialData.Length ... (414)
12:22:24| DoDad-01 | GetModePID(01, 0C) - DTC count, MIL-SLL:00414,00414-CF:F-DLLInfo:'DAD_DLL_VERSION_16.12.25.0 .. 3.0.7.0'
                    -  DAD_DLL_VERSION_16.12.25.0
                    -  46,TX MSG,ICAN11bt500,00 00 07 DF 01 0C 
                    -  46,RX QRY,ICAN11bt500,Delay: 100
                    -  156,RX MSG,ICAN11bt500,00 00 07 DF 
                    -  156,RX MSG,ICAN11bt500,00 00 07 E8 41 0C 09 5B 
                    -  156,RX MSG,ICAN11bt500,00 00 07 E9 41 0C 09 50 
                    -  156,RX QRY,ICAN11bt500,Delay: 100
                    -  265,RX QRY,ICAN11bt500,Delay: 100
                    -  375,RX QRY,ICAN11bt500,Delay: 100
                    -  484,RX QRY,ICAN11bt500,Delay: 100
                    -  594,RX QRY,ICAN11bt500,Delay: 100
                    (0.672 s,F) GetModePID(01, 0C) - DTC count, MIL | NoEOL
12:22:24| DECODE_Bus: DAD_DLL_VERSION_16.12.25.0
3.0.7.0

46,TX MSG,ICAN11bt500,00 00 07 DF 01 0C 
156,RX MSG,ICAN11bt500,00 00 07 DF 
156,RX MSG,ICAN11bt500,00 00 07 E8 41 0C 09 5B 
156,RX MSG,ICAN11bt500,00 00 07 E9 41 0C 09 50 

12:22:24| zipESP: 00 00 07 E8 41 0C 09 5B | 000007E8410C095B
12:22:24| DECODE_RPM: 000007E8410C095B
12:22:24| sr | Get RPM(4): 0 | 2
12:22:24| Success
12:22:24| InitIMCleanDevice | DeviceVoltage:13.6
12:22:25| InitIMCleanDevice | DeviceVoltageDLC:14
12:22:25| ... >>>-----------------------------------------------------------------------
12:22:25| ... >>>-----------------------------------------------------------------------
12:22:25| VIN: WDBUF56XX9B340953
12:22:25| MON: Mil:0| Msi:110 | Ccm:109 | Cmb:110 | O2s:109 | Cat:110 | Ccc:009 | Evs:009 | Sas:109 | Faa:009 | O2c:109
12:22:25| DTC: 
12:22:25| Voltage: 13.6
12:22:25| VoltageDLC: 14
12:22:25| Pid0101 : 00 00 07 E8 41 01 00 07 69 29
12:22:25| Pid0300 : 00 00 07 E8 43 00
12:22:25| Pid0121 : 00 00 07 E8 41 21 00 00
12:22:25| Pid0131 : Null
12:22:25| Pid0133 : 00 00 07 E8 41 33 4E
12:22:25| Pid011F : 00 00 07 E8 41 1F 00 1A
12:22:25| Pid017F : Null
12:22:25| Pid014D : Null
12:22:25| Pid0951 : Null
12:22:25| Pid0902 : 00 00 07 E8 49 02 01 57 44 42 55 46 35 36 58 58 39 42 33 34 30 39 35 33
12:22:25| Pid0904 : 00 00 07 E8 49 04 01 30 30 33 34 34 36 37 36 34 30 30 31 30 31 31 38
12:22:25| Pid010C: 00 00 07 E8 41 0C 09 5B
12:22:25| RPM: 599 | 1: 595 | 2: 598 | 3: 598
12:22:25| *** Connect ... EOF()
12:22:25| VehiculoLink: Pass: Inspección vehicular OBD concluido.
12:41:59|  
12:41:59| ... Connect_OBD ===================================================================================================================
12:41:59|  
12:41:59| ... GetCallingProcedure | lVehiculoLink
12:41:59| ... GetCallingProcedure | VehiculoLink
12:41:59| ... GetCallingProcedure | VehTest
12:41:59| ... IncrementActiveCount | 1
12:41:59| ... GetCallingProcedure | OpusIMCleanOBDdrv.Module1:Connect_OBD
12:41:59| ... GetCallingProcedure | OpusIMCleanOBDdrv.Module1:lVehiculoLink
12:41:59| ... GetCallingProcedure | OpusIMCleanOBDdrv.IMCleanOBD:VehiculoLink
12:41:59| ... MyDADStatus | LCR:ConditionsNotCorrect,Unknown
12:41:59| ... Connect | ---------------- Connect --------------- SC:'' (LCR:ConditionsNotCorrect,Unknown) (lVehiculoLink,VehiculoLink,VehTest)
12:41:59| GetDAD | Starting ... Cnt:00009,00 Opn:T (Connect)
12:41:59| GetDAD | Success ... Cnt:00009,01 Opn:T (Connect, Connect)
12:41:59| ... Connect | 1 | GetDAD =Connect
12:41:59| ... SetupMyLastCommResult: InvalidData
12:41:59| ... MyDad.Initialize 
12:41:59| ... DoDad | Action: System.Action | tag: Initialize
12:41:59| ... GetCallingProcedure | lVehiculoLink
12:41:59| ... GetCallingProcedure | VehiculoLink
12:41:59| ... GetCallingProcedure | VehTest
12:41:59| DoDad-01 | Initialize (Open:True,999.99 | lVehiculoLink,VehiculoLink,VehTest)
12:41:59| DoDad-01  ClearCommandLog ...
12:41:59| DoDad-01  Invoke ... (Initialize)
12:42:11| ... SetupVehicleIsLinked
12:42:11| ... GetCallingProcedure | SetupMyLastCommResult
12:42:11| ... GetCallingProcedure | _Lambda$__0
12:42:11| ... GetCallingProcedure | DoDad
12:42:11| ... SetupMyLastCommResult: Success
12:42:11| DoDad-01  Invoke ... (Initialize)  (12000)
12:42:11| DoDad-01  CommandLog.Length ...
12:42:11| DoDad-01  CommandLog ... (0)
12:42:11| DoDad-01-CommandLog-Len:310 Siz:310 | iStart: 0
12:42:11| DoDad-01  SerialData.Length ... (506)
12:42:11| DoDad-01 | Initialize-SLL:00506,00506-CF:F-DLLInfo:'DAD_DLL_VERSION_16.12.25.0 .. 3.0.7.0'
                    -  DAD_DLL_VERSION_16.12.25.0
                    -  612,TX MSG,JVPW1850,68 6A F1 01 00 
                    -  612,RX QRY,JVPW1850,Delay: 100
                    -  722,RX QRY,JVPW1850,Delay: 100
                    -  831,RX QRY,JVPW1850,Delay: 100
                    -  947,TX MSG,JPWM1850,61 6A F1 01 00 
                    -  963,TX MSG,I914**,33 
                    -  5271,TX MSG,KWPF**,C1 33 F1 81 
                    -  11731,TX MSG,ICAN11bt500,00 00 07 DF 01 00 
                    -  11731,RX QRY,ICAN11bt500,Delay: 100
                    -  11840,RX MSG,ICAN11bt500,00 00 07 DF 
                    -  11840,RX MSG,ICAN11bt500,00 00 07 E8 41 00 BE 3E B8 13 
                    -  11840,RX QRY,ICAN11bt500,Delay: 100
                    -  11949,RX QRY,ICAN11bt500,Delay: 100
                    (11.997 s,F) Initialize | 
12:42:11| ... MyLastResult | Success,Unknown,True->True
12:42:11| Connect | Init-Rty:2 (Success,Unknown,True->True | 12.11) | lVehiculoLink,VehiculoLink,VehTest
12:42:11| ... MyDad.Initialize > Success
12:42:11| DrewProtocol2MyProtocol | In:'ICAN11bt500'  Out:'CAN11' (CAN:True)
12:42:11| ... GetCallingProcedure | Connect_OBD
12:42:11| ... GetCallingProcedure | lVehiculoLink
12:42:11| ... GetCallingProcedure | VehiculoLink
12:42:11| GetSupportedPIDs | Starting ... (Mode:1) (Connect_OBD,lVehiculoLink,VehiculoLink)
12:42:11| ... SetupMyLastCommResult: InvalidData
12:42:11| ... DoDad | Action: System.Action | tag: GetModePID(01, 00) - PID support mask
12:42:11| ... GetCallingProcedure | Connect_OBD
12:42:11| ... GetCallingProcedure | lVehiculoLink
12:42:11| ... GetCallingProcedure | VehiculoLink
12:42:11| DoDad-01 | GetModePID(01, 00) - PID support mask (Open:True,999.99 | Connect_OBD,lVehiculoLink,VehiculoLink)
12:42:11| DoDad-01  ClearCommandLog ...
12:42:11| DoDad-01  Invoke ... (GetModePID(01, 00) - PID support mask)
12:42:12| DoDad-01  Invoke ... (GetModePID(01, 00) - PID support mask)  (657)
12:42:12| DoDad-01  CommandLog.Length ...
12:42:12| DoDad-01  CommandLog ... (0)
12:42:12| DoDad-01-CommandLog-Len:180 Siz:180 | iStart: 0
12:42:12| DoDad-01  SerialData.Length ... (869)
12:42:12| DoDad-01 | GetModePID(01, 00) - PID support mask-SLL:00869,00869-CF:F-DLLInfo:'DAD_DLL_VERSION_16.12.25.0 .. 3.0.7.0'
                    -  DAD_DLL_VERSION_16.12.25.0
                    -  612,TX MSG,JVPW1850,68 6A F1 01 00 
                    -  612,RX QRY,JVPW1850,Delay: 100
                    -  722,RX QRY,JVPW1850,Delay: 100
                    -  831,RX QRY,JVPW1850,Delay: 100
                    -  947,TX MSG,JPWM1850,61 6A F1 01 00 
                    -  963,TX MSG,I914**,33 
                    -  5271,TX MSG,KWPF**,C1 33 F1 81 
                    -  11731,TX MSG,ICAN11bt500,00 00 07 DF 01 00 
                    -  11731,RX QRY,ICAN11bt500,Delay: 100
                    -  11840,RX MSG,ICAN11bt500,00 00 07 DF 
                    -  11840,RX MSG,ICAN11bt500,00 00 07 E8 41 00 BE 3E B8 13 
                    -  11840,RX QRY,ICAN11bt500,Delay: 100
                    -  11949,RX QRY,ICAN11bt500,Delay: 100
                    -  12168,TX MSG,ICAN11bt500,00 00 07 DF 01 00 
                    -  12168,RX QRY,ICAN11bt500,Delay: 100
                    -  12277,RX MSG,ICAN11bt500,00 00 07 DF 
                    -  12277,RX MSG,ICAN11bt500,00 00 07 E8 41 00 BE 3E B8 13 
                    -  12277,RX QRY,ICAN11bt500,Delay: 100
                    -  12387,RX QRY,ICAN11bt500,Delay: 100
                    -  12496,RX QRY,ICAN11bt500,Delay: 100
                    -  12606,RX QRY,ICAN11bt500,Delay: 100
                    -  12715,RX QRY,ICAN11bt500,Delay: 100
                    (0.672 s,F) GetModePID(01, 00) - PID support mask | NoEOL
12:42:12| ... SetupVehicleIsLinked
12:42:12| ... GetCallingProcedure | SetupMyLastCommResult
12:42:12| ... GetCallingProcedure | GetSupportedPIDs
12:42:12| ... GetCallingProcedure | Connect_OBD
12:42:12| ... SetupMyLastCommResult: Success
12:42:12| ... MyLastResult | Success,Unknown,True->True
12:42:12|  (Result:Success,Unknown,True->True)
12:42:12| GetSupportedPIDs | PID00 RspCnt:1
12:42:12| ... GetEcuIdFromAddress
12:42:12| ... ByteArrayToHexString | 07E8
12:42:12| ... ByteArrayToHexString | BE3EB813
12:42:12| ... DT_DataToString | Adr:07E8,Mod:01,PID:00,Dat:BE3EB813
12:42:12| GetSupportedPIDS | Data-Adr:07E8,Mod:01,PID:00,Dat:BE3EB813
12:42:12| SSBAFOB | MdPID:01,00 ECU:E8 ...  InCnt:4 (BE,3E,B8,13,BC:018) SrtIdx:001
12:42:12| ... SetSupportedBitArrayFromObdBytes | BitAryLen:256  BitSetCnt:019  BAI:4-4,01,03,04,05,06,07,0B,0C,0D,0E,0F,11,13,14,15,1C,1F,20
12:42:12| 2 | GetSupportedPIDs | 1-E8-DBG3 -------------- 0,1,2,3,4,5,6,7, 8,9,A,B,C,D,E,F, G,H,I,J,K,L,M,N, O,P,Q,R,S,T,U,V
12:42:12| 2 | GetSupportedPIDs | 1-E8-DBG3 000-00_00-020: T,T,F,T,T,T,T,T, F,F,F,T,T,T,T,T, F,T,F,T,T,T,F,F, F,F,F,F,T,F,F,T
12:42:12| 2 | GetSupportedPIDs | 1-E8-DBG3 032-20_20-040: T,F,F,F,F,F,F,F, F,F,F,F,F,F,F,F, F,F,F,F,F,F,F,F, F,F,F,F,F,F,F,F
12:42:12| 2 | GetSupportedPIDs | 1-E8-DBG3 064-40_40-060: F,F,F,F,F,F,F,F, F,F,F,F,F,F,F,F, F,F,F,F,F,F,F,F, F,F,F,F,F,F,F,F
12:42:12| 2 | GetSupportedPIDs | 1-E8-DBG3 096-60_60-080: F,F,F,F,F,F,F,F, F,F,F,F,F,F,F,F, F,F,F,F,F,F,F,F, F,F,F,F,F,F,F,F
12:42:12| 2 | GetSupportedPIDs | 1-E8-DBG3 128-80_80-0A0: F,F,F,F,F,F,F,F, F,F,F,F,F,F,F,F, F,F,F,F,F,F,F,F, F,F,F,F,F,F,F,F
12:42:12| 2 | GetSupportedPIDs | 1-E8-DBG3 160-A0_A0-0C0: F,F,F,F,F,F,F,F, F,F,F,F,F,F,F,F, F,F,F,F,F,F,F,F, F,F,F,F,F,F,F,F
12:42:12| 2 | GetSupportedPIDs | 1-E8-DBG3 192-C0_C0-0E0: F,F,F,F,F,F,F,F, F,F,F,F,F,F,F,F, F,F,F,F,F,F,F,F, F,F,F,F,F,F,F,F
12:42:12| 2 | GetSupportedPIDs | 1-E8-DBG3 224-E0_E0-100: F,F,F,F,F,F,F,F, F,F,F,F,F,F,F,F, F,F,F,F,F,F,F,F, F,F,F,F,F,F,F,F  (T:019 F:237)
12:42:12| ... LogBitArray | 8
12:42:12| ... SetupMyLastCommResult: InvalidData
12:42:12| ... DoDad | Action: System.Action | tag: GetModePID(01, 20) - PID support mask
12:42:12| ... GetCallingProcedure | Connect_OBD
12:42:12| ... GetCallingProcedure | lVehiculoLink
12:42:12| ... GetCallingProcedure | VehiculoLink
12:42:12| DoDad-01 | GetModePID(01, 20) - PID support mask (Open:True,999.99 | Connect_OBD,lVehiculoLink,VehiculoLink)
12:42:12| DoDad-01  ClearCommandLog ...
12:42:12| DoDad-01  Invoke ... (GetModePID(01, 20) - PID support mask)
12:42:12| DoDad-01  Invoke ... (GetModePID(01, 20) - PID support mask)  (656)
12:42:12| DoDad-01  CommandLog.Length ...
12:42:12| DoDad-01  CommandLog ... (0)
12:42:12| DoDad-01-CommandLog-Len:180 Siz:180 | iStart: 0
12:42:12| DoDad-01  SerialData.Length ... (1232)
12:42:12| DoDad-01 | GetModePID(01, 20) - PID support mask-SLL:01232,01232-CF:F-DLLInfo:'DAD_DLL_VERSION_16.12.25.0 .. 3.0.7.0'
                    -  DAD_DLL_VERSION_16.12.25.0
                    -  612,TX MSG,JVPW1850,68 6A F1 01 00 
                    -  612,RX QRY,JVPW1850,Delay: 100
                    -  722,RX QRY,JVPW1850,Delay: 100
                    -  831,RX QRY,JVPW1850,Delay: 100
                    -  947,TX MSG,JPWM1850,61 6A F1 01 00 
                    -  963,TX MSG,I914**,33 
                    -  5271,TX MSG,KWPF**,C1 33 F1 81 
                    -  11731,TX MSG,ICAN11bt500,00 00 07 DF 01 00 
                    -  11731,RX QRY,ICAN11bt500,Delay: 100
                    -  11840,RX MSG,ICAN11bt500,00 00 07 DF 
                    -  11840,RX MSG,ICAN11bt500,00 00 07 E8 41 00 BE 3E B8 13 
                    -  11840,RX QRY,ICAN11bt500,Delay: 100
                    -  11949,RX QRY,ICAN11bt500,Delay: 100
                    -  12168,TX MSG,ICAN11bt500,00 00 07 DF 01 00 
                    -  12168,RX QRY,ICAN11bt500,Delay: 100
                    -  12277,RX MSG,ICAN11bt500,00 00 07 DF 
                    -  12277,RX MSG,ICAN11bt500,00 00 07 E8 41 00 BE 3E B8 13 
                    -  12277,RX QRY,ICAN11bt500,Delay: 100
                    -  12387,RX QRY,ICAN11bt500,Delay: 100
                    -  12496,RX QRY,ICAN11bt500,Delay: 100
                    -  12606,RX QRY,ICAN11bt500,Delay: 100
                    -  12715,RX QRY,ICAN11bt500,Delay: 100
                    -  12980,TX MSG,ICAN11bt500,00 00 07 DF 01 20 
                    -  12980,RX QRY,ICAN11bt500,Delay: 100
                    -  13090,RX MSG,ICAN11bt500,00 00 07 DF 
                    -  13090,RX MSG,ICAN11bt500,00 00 07 E8 41 20 80 07 E0 11 
                    -  13090,RX QRY,ICAN11bt500,Delay: 100
                    -  13199,RX QRY,ICAN11bt500,Delay: 100
                    -  13309,RX QRY,ICAN11bt500,Delay: 100
                    -  13418,RX QRY,ICAN11bt500,Delay: 100
                    -  13527,RX QRY,ICAN11bt500,Delay: 100
                    (0.672 s,F) GetModePID(01, 20) - PID support mask | NoEOL
12:42:12| ... SetupVehicleIsLinked
12:42:12| ... GetCallingProcedure | SetupMyLastCommResult
12:42:12| ... GetCallingProcedure | GetSupportedPIDs
12:42:12| ... GetCallingProcedure | Connect_OBD
12:42:12| ... SetupMyLastCommResult: Success
12:42:12| ... MyLastResult | Success,Unknown,True->True
12:42:12|  (Result:Success,Unknown,True->True)
12:42:12| GetSupportedPIDs | PID20 RspCnt:1
12:42:12| ... GetEcuIdFromAddress
12:42:12| ... ByteArrayToHexString | 07E8
12:42:12| ... ByteArrayToHexString | 8007E011
12:42:12| ... DT_DataToString | Adr:07E8,Mod:01,PID:20,Dat:8007E011
12:42:12| GetSupportedPIDS | Data-Adr:07E8,Mod:01,PID:20,Dat:8007E011
12:42:12| SSBAFOB | MdPID:01,20 ECU:E8 ...  InCnt:4 (80,07,E0,11,BC:009) SrtIdx:033
12:42:12| ... SetSupportedBitArrayFromObdBytes | BitAryLen:256  BitSetCnt:028  BAI:4-4,21,2E,2F,30,31,32,33,3C,40
12:42:12| 2 | GetSupportedPIDs | 1-E8-DBG3 -------------- 0,1,2,3,4,5,6,7, 8,9,A,B,C,D,E,F, G,H,I,J,K,L,M,N, O,P,Q,R,S,T,U,V
12:42:13| 2 | GetSupportedPIDs | 1-E8-DBG3 000-00_00-020: T,T,F,T,T,T,T,T, F,F,F,T,T,T,T,T, F,T,F,T,T,T,F,F, F,F,F,F,T,F,F,T
12:42:13| 2 | GetSupportedPIDs | 1-E8-DBG3 032-20_20-040: T,T,F,F,F,F,F,F, F,F,F,F,F,F,T,T, T,T,T,T,F,F,F,F, F,F,F,F,T,F,F,F
12:42:13| 2 | GetSupportedPIDs | 1-E8-DBG3 064-40_40-060: T,F,F,F,F,F,F,F, F,F,F,F,F,F,F,F, F,F,F,F,F,F,F,F, F,F,F,F,F,F,F,F
12:42:13| 2 | GetSupportedPIDs | 1-E8-DBG3 096-60_60-080: F,F,F,F,F,F,F,F, F,F,F,F,F,F,F,F, F,F,F,F,F,F,F,F, F,F,F,F,F,F,F,F
12:42:13| 2 | GetSupportedPIDs | 1-E8-DBG3 128-80_80-0A0: F,F,F,F,F,F,F,F, F,F,F,F,F,F,F,F, F,F,F,F,F,F,F,F, F,F,F,F,F,F,F,F
12:42:13| 2 | GetSupportedPIDs | 1-E8-DBG3 160-A0_A0-0C0: F,F,F,F,F,F,F,F, F,F,F,F,F,F,F,F, F,F,F,F,F,F,F,F, F,F,F,F,F,F,F,F
12:42:13| 2 | GetSupportedPIDs | 1-E8-DBG3 192-C0_C0-0E0: F,F,F,F,F,F,F,F, F,F,F,F,F,F,F,F, F,F,F,F,F,F,F,F, F,F,F,F,F,F,F,F
12:42:13| 2 | GetSupportedPIDs | 1-E8-DBG3 224-E0_E0-100: F,F,F,F,F,F,F,F, F,F,F,F,F,F,F,F, F,F,F,F,F,F,F,F, F,F,F,F,F,F,F,F  (T:028 F:228)
12:42:13| ... LogBitArray | 8
12:42:13| ... SetupMyLastCommResult: InvalidData
12:42:13| ... DoDad | Action: System.Action | tag: GetModePID(01, 40) - PID support mask
12:42:13| ... GetCallingProcedure | Connect_OBD
12:42:13| ... GetCallingProcedure | lVehiculoLink
12:42:13| ... GetCallingProcedure | VehiculoLink
12:42:13| DoDad-01 | GetModePID(01, 40) - PID support mask (Open:True,999.99 | Connect_OBD,lVehiculoLink,VehiculoLink)
12:42:13| DoDad-01  ClearCommandLog ...
12:42:13| DoDad-01  Invoke ... (GetModePID(01, 40) - PID support mask)
12:42:13| DoDad-01  Invoke ... (GetModePID(01, 40) - PID support mask)  (641)
12:42:13| DoDad-01  CommandLog.Length ...
12:42:13| DoDad-01  CommandLog ... (0)
12:42:13| DoDad-01-CommandLog-Len:180 Siz:180 | iStart: 0
12:42:13| DoDad-01  SerialData.Length ... (1595)
12:42:13| DoDad-01 | GetModePID(01, 40) - PID support mask-SLL:01595,01595-CF:F-DLLInfo:'DAD_DLL_VERSION_16.12.25.0 .. 3.0.7.0'
                    -  DAD_DLL_VERSION_16.12.25.0
                    -  612,TX MSG,JVPW1850,68 6A F1 01 00 
                    -  612,RX QRY,JVPW1850,Delay: 100
                    -  722,RX QRY,JVPW1850,Delay: 100
                    -  831,RX QRY,JVPW1850,Delay: 100
                    -  947,TX MSG,JPWM1850,61 6A F1 01 00 
                    -  963,TX MSG,I914**,33 
                    -  5271,TX MSG,KWPF**,C1 33 F1 81 
                    -  11731,TX MSG,ICAN11bt500,00 00 07 DF 01 00 
                    -  11731,RX QRY,ICAN11bt500,Delay: 100
                    -  11840,RX MSG,ICAN11bt500,00 00 07 DF 
                    -  11840,RX MSG,ICAN11bt500,00 00 07 E8 41 00 BE 3E B8 13 
                    -  11840,RX QRY,ICAN11bt500,Delay: 100
                    -  11949,RX QRY,ICAN11bt500,Delay: 100
                    -  12168,TX MSG,ICAN11bt500,00 00 07 DF 01 00 
                    -  12168,RX QRY,ICAN11bt500,Delay: 100
                    -  12277,RX MSG,ICAN11bt500,00 00 07 DF 
                    -  12277,RX MSG,ICAN11bt500,00 00 07 E8 41 00 BE 3E B8 13 
                    -  12277,RX QRY,ICAN11bt500,Delay: 100
                    -  12387,RX QRY,ICAN11bt500,Delay: 100
                    -  12496,RX QRY,ICAN11bt500,Delay: 100
                    -  12606,RX QRY,ICAN11bt500,Delay: 100
                    -  12715,RX QRY,ICAN11bt500,Delay: 100
                    -  12980,TX MSG,ICAN11bt500,00 00 07 DF 01 20 
                    -  12980,RX QRY,ICAN11bt500,Delay: 100
                    -  13090,RX MSG,ICAN11bt500,00 00 07 DF 
                    -  13090,RX MSG,ICAN11bt500,00 00 07 E8 41 20 80 07 E0 11 
                    -  13090,RX QRY,ICAN11bt500,Delay: 100
                    -  13199,RX QRY,ICAN11bt500,Delay: 100
                    -  13309,RX QRY,ICAN11bt500,Delay: 100
                    -  13418,RX QRY,ICAN11bt500,Delay: 100
                    -  13527,RX QRY,ICAN11bt500,Delay: 100
                    -  13793,TX MSG,ICAN11bt500,00 00 07 DF 01 40 
                    -  13793,RX QRY,ICAN11bt500,Delay: 100
                    -  13902,RX MSG,ICAN11bt500,00 00 07 DF 
                    -  13902,RX MSG,ICAN11bt500,00 00 07 E8 41 40 FE D0 04 01 
                    -  13902,RX QRY,ICAN11bt500,Delay: 100
                    -  14012,RX QRY,ICAN11bt500,Delay: 100
                    -  14113,RX QRY,ICAN11bt500,Delay: 100
                    -  14222,RX QRY,ICAN11bt500,Delay: 100
                    -  14332,RX QRY,ICAN11bt500,Delay: 100
                    (0.664 s,F) GetModePID(01, 40) - PID support mask | NoEOL
12:42:13| ... SetupVehicleIsLinked
12:42:13| ... GetCallingProcedure | SetupMyLastCommResult
12:42:13| ... GetCallingProcedure | GetSupportedPIDs
12:42:13| ... GetCallingProcedure | Connect_OBD
12:42:13| ... SetupMyLastCommResult: Success
12:42:13| ... MyLastResult | Success,Unknown,True->True
12:42:13|  (Result:Success,Unknown,True->True)
12:42:13| GetSupportedPIDs | PID40 RspCnt:1
12:42:13| ... GetEcuIdFromAddress
12:42:13| ... ByteArrayToHexString | 07E8
12:42:13| ... ByteArrayToHexString | FED00401
12:42:13| ... DT_DataToString | Adr:07E8,Mod:01,PID:40,Dat:FED00401
12:42:13| GetSupportedPIDS | Data-Adr:07E8,Mod:01,PID:40,Dat:FED00401
12:42:13| SSBAFOB | MdPID:01,40 ECU:E8 ...  InCnt:4 (FE,D0,04,01,BC:012) SrtIdx:065
12:42:13| ... SetSupportedBitArrayFromObdBytes | BitAryLen:256  BitSetCnt:040  BAI:4-4,41,42,43,44,45,46,47,49,4A,4C,56,60
12:42:13| 2 | GetSupportedPIDs | 1-E8-DBG3 -------------- 0,1,2,3,4,5,6,7, 8,9,A,B,C,D,E,F, G,H,I,J,K,L,M,N, O,P,Q,R,S,T,U,V
12:42:13| 2 | GetSupportedPIDs | 1-E8-DBG3 000-00_00-020: T,T,F,T,T,T,T,T, F,F,F,T,T,T,T,T, F,T,F,T,T,T,F,F, F,F,F,F,T,F,F,T
12:42:13| 2 | GetSupportedPIDs | 1-E8-DBG3 032-20_20-040: T,T,F,F,F,F,F,F, F,F,F,F,F,F,T,T, T,T,T,T,F,F,F,F, F,F,F,F,T,F,F,F
12:42:13| 2 | GetSupportedPIDs | 1-E8-DBG3 064-40_40-060: T,T,T,T,T,T,T,T, F,T,T,F,T,F,F,F, F,F,F,F,F,F,T,F, F,F,F,F,F,F,F,F
12:42:13| 2 | GetSupportedPIDs | 1-E8-DBG3 096-60_60-080: T,F,F,F,F,F,F,F, F,F,F,F,F,F,F,F, F,F,F,F,F,F,F,F, F,F,F,F,F,F,F,F
12:42:13| 2 | GetSupportedPIDs | 1-E8-DBG3 128-80_80-0A0: F,F,F,F,F,F,F,F, F,F,F,F,F,F,F,F, F,F,F,F,F,F,F,F, F,F,F,F,F,F,F,F
12:42:13| 2 | GetSupportedPIDs | 1-E8-DBG3 160-A0_A0-0C0: F,F,F,F,F,F,F,F, F,F,F,F,F,F,F,F, F,F,F,F,F,F,F,F, F,F,F,F,F,F,F,F
12:42:13| 2 | GetSupportedPIDs | 1-E8-DBG3 192-C0_C0-0E0: F,F,F,F,F,F,F,F, F,F,F,F,F,F,F,F, F,F,F,F,F,F,F,F, F,F,F,F,F,F,F,F
12:42:13| 2 | GetSupportedPIDs | 1-E8-DBG3 224-E0_E0-100: F,F,F,F,F,F,F,F, F,F,F,F,F,F,F,F, F,F,F,F,F,F,F,F, F,F,F,F,F,F,F,F  (T:040 F:216)
12:42:13| ... LogBitArray | 8
12:42:13| ... SetupMyLastCommResult: InvalidData
12:42:13| ... DoDad | Action: System.Action | tag: GetModePID(01, 60) - PID support mask
12:42:13| ... GetCallingProcedure | Connect_OBD
12:42:13| ... GetCallingProcedure | lVehiculoLink
12:42:13| ... GetCallingProcedure | VehiculoLink
12:42:13| DoDad-01 | GetModePID(01, 60) - PID support mask (Open:True,999.99 | Connect_OBD,lVehiculoLink,VehiculoLink)
12:42:13| DoDad-01  ClearCommandLog ...
12:42:13| DoDad-01  Invoke ... (GetModePID(01, 60) - PID support mask)
12:42:14| DoDad-01  Invoke ... (GetModePID(01, 60) - PID support mask)  (687)
12:42:14| DoDad-01  CommandLog.Length ...
12:42:14| DoDad-01  CommandLog ... (0)
12:42:14| DoDad-01-CommandLog-Len:180 Siz:180 | iStart: 0
12:42:14| DoDad-01  SerialData.Length ... (1958)
12:42:14| DoDad-01 | GetModePID(01, 60) - PID support mask-SLL:01958,01958-CF:F-DLLInfo:'DAD_DLL_VERSION_16.12.25.0 .. 3.0.7.0'
                    -  DAD_DLL_VERSION_16.12.25.0
                    -  612,TX MSG,JVPW1850,68 6A F1 01 00 
                    -  612,RX QRY,JVPW1850,Delay: 100
                    -  722,RX QRY,JVPW1850,Delay: 100
                    -  831,RX QRY,JVPW1850,Delay: 100
                    -  947,TX MSG,JPWM1850,61 6A F1 01 00 
                    -  963,TX MSG,I914**,33 
                    -  5271,TX MSG,KWPF**,C1 33 F1 81 
                    -  11731,TX MSG,ICAN11bt500,00 00 07 DF 01 00 
                    -  11731,RX QRY,ICAN11bt500,Delay: 100
                    -  11840,RX MSG,ICAN11bt500,00 00 07 DF 
                    -  11840,RX MSG,ICAN11bt500,00 00 07 E8 41 00 BE 3E B8 13 
                    -  11840,RX QRY,ICAN11bt500,Delay: 100
                    -  11949,RX QRY,ICAN11bt500,Delay: 100
                    -  12168,TX MSG,ICAN11bt500,00 00 07 DF 01 00 
                    -  12168,RX QRY,ICAN11bt500,Delay: 100
                    -  12277,RX MSG,ICAN11bt500,00 00 07 DF 
                    -  12277,RX MSG,ICAN11bt500,00 00 07 E8 41 00 BE 3E B8 13 
                    -  12277,RX QRY,ICAN11bt500,Delay: 100
                    -  12387,RX QRY,ICAN11bt500,Delay: 100
                    -  12496,RX QRY,ICAN11bt500,Delay: 100
                    -  12606,RX QRY,ICAN11bt500,Delay: 100
                    -  12715,RX QRY,ICAN11bt500,Delay: 100
                    -  12980,TX MSG,ICAN11bt500,00 00 07 DF 01 20 
                    -  12980,RX QRY,ICAN11bt500,Delay: 100
                    -  13090,RX MSG,ICAN11bt500,00 00 07 DF 
                    -  13090,RX MSG,ICAN11bt500,00 00 07 E8 41 20 80 07 E0 11 
                    -  13090,RX QRY,ICAN11bt500,Delay: 100
                    -  13199,RX QRY,ICAN11bt500,Delay: 100
                    -  13309,RX QRY,ICAN11bt500,Delay: 100
                    -  13418,RX QRY,ICAN11bt500,Delay: 100
                    -  13527,RX QRY,ICAN11bt500,Delay: 100
                    -  13793,TX MSG,ICAN11bt500,00 00 07 DF 01 40 
                    -  13793,RX QRY,ICAN11bt500,Delay: 100
                    -  13902,RX MSG,ICAN11bt500,00 00 07 DF 
                    -  13902,RX MSG,ICAN11bt500,00 00 07 E8 41 40 FE D0 04 01 
                    -  13902,RX QRY,ICAN11bt500,Delay: 100
                    -  14012,RX QRY,ICAN11bt500,Delay: 100
                    -  14113,RX QRY,ICAN11bt500,Delay: 100
                    -  14222,RX QRY,ICAN11bt500,Delay: 100
                    -  14332,RX QRY,ICAN11bt500,Delay: 100
                    -  14597,TX MSG,ICAN11bt500,00 00 07 DF 01 60 
                    -  14597,RX QRY,ICAN11bt500,Delay: 100
                    -  14707,RX MSG,ICAN11bt500,00 00 07 DF 
                    -  14707,RX MSG,ICAN11bt500,00 00 07 E8 41 60 00 00 00 01 
                    -  14707,RX QRY,ICAN11bt500,Delay: 100
                    -  14816,RX QRY,ICAN11bt500,Delay: 100
                    -  14926,RX QRY,ICAN11bt500,Delay: 100
                    -  15035,RX QRY,ICAN11bt500,Delay: 100
                    -  15144,RX QRY,ICAN11bt500,Delay: 100
                    (0.672 s,F) GetModePID(01, 60) - PID support mask | NoEOL
12:42:14| ... SetupVehicleIsLinked
12:42:14| ... GetCallingProcedure | SetupMyLastCommResult
12:42:14| ... GetCallingProcedure | GetSupportedPIDs
12:42:14| ... GetCallingProcedure | Connect_OBD
12:42:14| ... SetupMyLastCommResult: Success
12:42:14| ... MyLastResult | Success,Unknown,True->True
12:42:14|  (Result:Success,Unknown,True->True)
12:42:14| GetSupportedPIDs | PID60 RspCnt:1
12:42:14| ... GetEcuIdFromAddress
12:42:14| ... ByteArrayToHexString | 07E8
12:42:14| ... ByteArrayToHexString | 00000001
12:42:14| ... DT_DataToString | Adr:07E8,Mod:01,PID:60,Dat:00000001
12:42:14| GetSupportedPIDS | Data-Adr:07E8,Mod:01,PID:60,Dat:00000001
12:42:14| SSBAFOB | MdPID:01,60 ECU:E8 ...  InCnt:4 (00,00,00,01,BC:001) SrtIdx:097
12:42:14| ... SetSupportedBitArrayFromObdBytes | BitAryLen:256  BitSetCnt:041  BAI:4-4,80
12:42:14| 2 | GetSupportedPIDs | 1-E8-DBG3 -------------- 0,1,2,3,4,5,6,7, 8,9,A,B,C,D,E,F, G,H,I,J,K,L,M,N, O,P,Q,R,S,T,U,V
12:42:14| 2 | GetSupportedPIDs | 1-E8-DBG3 000-00_00-020: T,T,F,T,T,T,T,T, F,F,F,T,T,T,T,T, F,T,F,T,T,T,F,F, F,F,F,F,T,F,F,T
12:42:14| 2 | GetSupportedPIDs | 1-E8-DBG3 032-20_20-040: T,T,F,F,F,F,F,F, F,F,F,F,F,F,T,T, T,T,T,T,F,F,F,F, F,F,F,F,T,F,F,F
12:42:14| 2 | GetSupportedPIDs | 1-E8-DBG3 064-40_40-060: T,T,T,T,T,T,T,T, F,T,T,F,T,F,F,F, F,F,F,F,F,F,T,F, F,F,F,F,F,F,F,F
12:42:14| 2 | GetSupportedPIDs | 1-E8-DBG3 096-60_60-080: T,F,F,F,F,F,F,F, F,F,F,F,F,F,F,F, F,F,F,F,F,F,F,F, F,F,F,F,F,F,F,F
12:42:14| 2 | GetSupportedPIDs | 1-E8-DBG3 128-80_80-0A0: T,F,F,F,F,F,F,F, F,F,F,F,F,F,F,F, F,F,F,F,F,F,F,F, F,F,F,F,F,F,F,F
12:42:14| 2 | GetSupportedPIDs | 1-E8-DBG3 160-A0_A0-0C0: F,F,F,F,F,F,F,F, F,F,F,F,F,F,F,F, F,F,F,F,F,F,F,F, F,F,F,F,F,F,F,F
12:42:14| 2 | GetSupportedPIDs | 1-E8-DBG3 192-C0_C0-0E0: F,F,F,F,F,F,F,F, F,F,F,F,F,F,F,F, F,F,F,F,F,F,F,F, F,F,F,F,F,F,F,F
12:42:14| 2 | GetSupportedPIDs | 1-E8-DBG3 224-E0_E0-100: F,F,F,F,F,F,F,F, F,F,F,F,F,F,F,F, F,F,F,F,F,F,F,F, F,F,F,F,F,F,F,F  (T:041 F:215)
12:42:14| ... LogBitArray | 8
12:42:14| ... SetupMyLastCommResult: InvalidData
12:42:14| ... DoDad | Action: System.Action | tag: GetModePID(01, 80) - PID support mask
12:42:14| ... GetCallingProcedure | Connect_OBD
12:42:14| ... GetCallingProcedure | lVehiculoLink
12:42:14| ... GetCallingProcedure | VehiculoLink
12:42:14| DoDad-01 | GetModePID(01, 80) - PID support mask (Open:True,999.99 | Connect_OBD,lVehiculoLink,VehiculoLink)
12:42:14| DoDad-01  ClearCommandLog ...
12:42:14| DoDad-01  Invoke ... (GetModePID(01, 80) - PID support mask)
12:42:15| DoDad-01  Invoke ... (GetModePID(01, 80) - PID support mask)  (672)
12:42:15| DoDad-01  CommandLog.Length ...
12:42:15| DoDad-01  CommandLog ... (0)
12:42:15| DoDad-01-CommandLog-Len:180 Siz:180 | iStart: 0
12:42:15| DoDad-01  SerialData.Length ... (2321)
12:42:15| DoDad-01 | GetModePID(01, 80) - PID support mask-SLL:02321,02321-CF:F-DLLInfo:'DAD_DLL_VERSION_16.12.25.0 .. 3.0.7.0'
                    -  DAD_DLL_VERSION_16.12.25.0
                    -  612,TX MSG,JVPW1850,68 6A F1 01 00 
                    -  612,RX QRY,JVPW1850,Delay: 100
                    -  722,RX QRY,JVPW1850,Delay: 100
                    -  831,RX QRY,JVPW1850,Delay: 100
                    -  947,TX MSG,JPWM1850,61 6A F1 01 00 
                    -  963,TX MSG,I914**,33 
                    -  5271,TX MSG,KWPF**,C1 33 F1 81 
                    -  11731,TX MSG,ICAN11bt500,00 00 07 DF 01 00 
                    -  11731,RX QRY,ICAN11bt500,Delay: 100
                    -  11840,RX MSG,ICAN11bt500,00 00 07 DF 
                    -  11840,RX MSG,ICAN11bt500,00 00 07 E8 41 00 BE 3E B8 13 
                    -  11840,RX QRY,ICAN11bt500,Delay: 100
                    -  11949,RX QRY,ICAN11bt500,Delay: 100
                    -  12168,TX MSG,ICAN11bt500,00 00 07 DF 01 00 
                    -  12168,RX QRY,ICAN11bt500,Delay: 100
                    -  12277,RX MSG,ICAN11bt500,00 00 07 DF 
                    -  12277,RX MSG,ICAN11bt500,00 00 07 E8 41 00 BE 3E B8 13 
                    -  12277,RX QRY,ICAN11bt500,Delay: 100
                    -  12387,RX QRY,ICAN11bt500,Delay: 100
                    -  12496,RX QRY,ICAN11bt500,Delay: 100
                    -  12606,RX QRY,ICAN11bt500,Delay: 100
                    -  12715,RX QRY,ICAN11bt500,Delay: 100
                    -  12980,TX MSG,ICAN11bt500,00 00 07 DF 01 20 
                    -  12980,RX QRY,ICAN11bt500,Delay: 100
                    -  13090,RX MSG,ICAN11bt500,00 00 07 DF 
                    -  13090,RX MSG,ICAN11bt500,00 00 07 E8 41 20 80 07 E0 11 
                    -  13090,RX QRY,ICAN11bt500,Delay: 100
                    -  13199,RX QRY,ICAN11bt500,Delay: 100
                    -  13309,RX QRY,ICAN11bt500,Delay: 100
                    -  13418,RX QRY,ICAN11bt500,Delay: 100
                    -  13527,RX QRY,ICAN11bt500,Delay: 100
                    -  13793,TX MSG,ICAN11bt500,00 00 07 DF 01 40 
                    -  13793,RX QRY,ICAN11bt500,Delay: 100
                    -  13902,RX MSG,ICAN11bt500,00 00 07 DF 
                    -  13902,RX MSG,ICAN11bt500,00 00 07 E8 41 40 FE D0 04 01 
                    -  13902,RX QRY,ICAN11bt500,Delay: 100
                    -  14012,RX QRY,ICAN11bt500,Delay: 100
                    -  14113,RX QRY,ICAN11bt500,Delay: 100
                    -  14222,RX QRY,ICAN11bt500,Delay: 100
                    -  14332,RX QRY,ICAN11bt500,Delay: 100
                    -  14597,TX MSG,ICAN11bt500,00 00 07 DF 01 60 
                    -  14597,RX QRY,ICAN11bt500,Delay: 100
                    -  14707,RX MSG,ICAN11bt500,00 00 07 DF 
                    -  14707,RX MSG,ICAN11bt500,00 00 07 E8 41 60 00 00 00 01 
                    -  14707,RX QRY,ICAN11bt500,Delay: 100
                    -  14816,RX QRY,ICAN11bt500,Delay: 100
                    -  14926,RX QRY,ICAN11bt500,Delay: 100
                    -  15035,RX QRY,ICAN11bt500,Delay: 100
                    -  15144,RX QRY,ICAN11bt500,Delay: 100
                    -  15410,TX MSG,ICAN11bt500,00 00 07 DF 01 80 
                    -  15410,RX QRY,ICAN11bt500,Delay: 100
                    -  15519,RX MSG,ICAN11bt500,00 00 07 DF 
                    -  15519,RX MSG,ICAN11bt500,00 00 07 E8 41 80 00 00 01 80 
                    -  15519,RX QRY,ICAN11bt500,Delay: 100
                    -  15629,RX QRY,ICAN11bt500,Delay: 100
                    -  15738,RX QRY,ICAN11bt500,Delay: 100
                    -  15852,RX QRY,ICAN11bt500,Delay: 100
                    -  15961,RX QRY,ICAN11bt500,Delay: 100
                    (0.676 s,F) GetModePID(01, 80) - PID support mask | NoEOL
12:42:15| ... SetupVehicleIsLinked
12:42:15| ... GetCallingProcedure | SetupMyLastCommResult
12:42:15| ... GetCallingProcedure | GetSupportedPIDs
12:42:15| ... GetCallingProcedure | Connect_OBD
12:42:15| ... SetupMyLastCommResult: Success
12:42:15| ... MyLastResult | Success,Unknown,True->True
12:42:15|  (Result:Success,Unknown,True->True)
12:42:15| GetSupportedPIDs | PID80 RspCnt:1
12:42:15| ... GetEcuIdFromAddress
12:42:15| ... ByteArrayToHexString | 07E8
12:42:15| ... ByteArrayToHexString | 00000180
12:42:15| ... DT_DataToString | Adr:07E8,Mod:01,PID:80,Dat:00000180
12:42:15| GetSupportedPIDS | Data-Adr:07E8,Mod:01,PID:80,Dat:00000180
12:42:15| SSBAFOB | MdPID:01,80 ECU:E8 ...  InCnt:4 (00,00,01,80,BC:002) SrtIdx:129
12:42:15| ... SetSupportedBitArrayFromObdBytes | BitAryLen:256  BitSetCnt:043  BAI:4-4,98,99
12:42:15| 2 | GetSupportedPIDs | 1-E8-DBG3 -------------- 0,1,2,3,4,5,6,7, 8,9,A,B,C,D,E,F, G,H,I,J,K,L,M,N, O,P,Q,R,S,T,U,V
12:42:15| 2 | GetSupportedPIDs | 1-E8-DBG3 000-00_00-020: T,T,F,T,T,T,T,T, F,F,F,T,T,T,T,T, F,T,F,T,T,T,F,F, F,F,F,F,T,F,F,T
12:42:15| 2 | GetSupportedPIDs | 1-E8-DBG3 032-20_20-040: T,T,F,F,F,F,F,F, F,F,F,F,F,F,T,T, T,T,T,T,F,F,F,F, F,F,F,F,T,F,F,F
12:42:15| 2 | GetSupportedPIDs | 1-E8-DBG3 064-40_40-060: T,T,T,T,T,T,T,T, F,T,T,F,T,F,F,F, F,F,F,F,F,F,T,F, F,F,F,F,F,F,F,F
12:42:15| 2 | GetSupportedPIDs | 1-E8-DBG3 096-60_60-080: T,F,F,F,F,F,F,F, F,F,F,F,F,F,F,F, F,F,F,F,F,F,F,F, F,F,F,F,F,F,F,F
12:42:15| 2 | GetSupportedPIDs | 1-E8-DBG3 128-80_80-0A0: T,F,F,F,F,F,F,F, F,F,F,F,F,F,F,F, F,F,F,F,F,F,F,F, T,T,F,F,F,F,F,F
12:42:15| 2 | GetSupportedPIDs | 1-E8-DBG3 160-A0_A0-0C0: F,F,F,F,F,F,F,F, F,F,F,F,F,F,F,F, F,F,F,F,F,F,F,F, F,F,F,F,F,F,F,F
12:42:15| 2 | GetSupportedPIDs | 1-E8-DBG3 192-C0_C0-0E0: F,F,F,F,F,F,F,F, F,F,F,F,F,F,F,F, F,F,F,F,F,F,F,F, F,F,F,F,F,F,F,F
12:42:15| 2 | GetSupportedPIDs | 1-E8-DBG3 224-E0_E0-100: F,F,F,F,F,F,F,F, F,F,F,F,F,F,F,F, F,F,F,F,F,F,F,F, F,F,F,F,F,F,F,F  (T:043 F:213)
12:42:15| ... LogBitArray | 8
12:42:15| GetSupportedPIDs | Mode:1 ECUCnt:1 PIDSupDicCnt:1
12:42:15| 4 | GetSupportedPIDS | Mode1-ECUE8:-------------- 0,1,2,3,4,5,6,7, 8,9,A,B,C,D,E,F, G,H,I,J,K,L,M,N, O,P,Q,R,S,T,U,V
12:42:15| 4 | GetSupportedPIDS | Mode1-ECUE8:000-00_00-020: T,T,F,T,T,T,T,T, F,F,F,T,T,T,T,T, F,T,F,T,T,T,F,F, F,F,F,F,T,F,F,T
12:42:15| 4 | GetSupportedPIDS | Mode1-ECUE8:032-20_20-040: T,T,F,F,F,F,F,F, F,F,F,F,F,F,T,T, T,T,T,T,F,F,F,F, F,F,F,F,T,F,F,F
12:42:15| 4 | GetSupportedPIDS | Mode1-ECUE8:064-40_40-060: T,T,T,T,T,T,T,T, F,T,T,F,T,F,F,F, F,F,F,F,F,F,T,F, F,F,F,F,F,F,F,F
12:42:15| 4 | GetSupportedPIDS | Mode1-ECUE8:096-60_60-080: T,F,F,F,F,F,F,F, F,F,F,F,F,F,F,F, F,F,F,F,F,F,F,F, F,F,F,F,F,F,F,F
12:42:15| 4 | GetSupportedPIDS | Mode1-ECUE8:128-80_80-0A0: T,F,F,F,F,F,F,F, F,F,F,F,F,F,F,F, F,F,F,F,F,F,F,F, T,T,F,F,F,F,F,F
12:42:15| 4 | GetSupportedPIDS | Mode1-ECUE8:160-A0_A0-0C0: F,F,F,F,F,F,F,F, F,F,F,F,F,F,F,F, F,F,F,F,F,F,F,F, F,F,F,F,F,F,F,F
12:42:15| 4 | GetSupportedPIDS | Mode1-ECUE8:192-C0_C0-0E0: F,F,F,F,F,F,F,F, F,F,F,F,F,F,F,F, F,F,F,F,F,F,F,F, F,F,F,F,F,F,F,F
12:42:15| 4 | GetSupportedPIDS | Mode1-ECUE8:224-E0_E0-100: F,F,F,F,F,F,F,F, F,F,F,F,F,F,F,F, F,F,F,F,F,F,F,F, F,F,F,F,F,F,F,F  (T:043 F:213)
12:42:15| ... LogBitArray | 8
12:42:15| 2 | GetSupportedPIDs | 1-ECUxx -------------- 0,1,2,3,4,5,6,7, 8,9,A,B,C,D,E,F, G,H,I,J,K,L,M,N, O,P,Q,R,S,T,U,V
12:42:15| 2 | GetSupportedPIDs | 1-ECUxx 000-00_00-020: T,T,F,T,T,T,T,T, F,F,F,T,T,T,T,T, F,T,F,T,T,T,F,F, F,F,F,F,T,F,F,T
12:42:15| 2 | GetSupportedPIDs | 1-ECUxx 032-20_20-040: T,T,F,F,F,F,F,F, F,F,F,F,F,F,T,T, T,T,T,T,F,F,F,F, F,F,F,F,T,F,F,F
12:42:15| 2 | GetSupportedPIDs | 1-ECUxx 064-40_40-060: T,T,T,T,T,T,T,T, F,T,T,F,T,F,F,F, F,F,F,F,F,F,T,F, F,F,F,F,F,F,F,F
12:42:15| 2 | GetSupportedPIDs | 1-ECUxx 096-60_60-080: T,F,F,F,F,F,F,F, F,F,F,F,F,F,F,F, F,F,F,F,F,F,F,F, F,F,F,F,F,F,F,F
12:42:15| 2 | GetSupportedPIDs | 1-ECUxx 128-80_80-0A0: T,F,F,F,F,F,F,F, F,F,F,F,F,F,F,F, F,F,F,F,F,F,F,F, T,T,F,F,F,F,F,F
12:42:15| 2 | GetSupportedPIDs | 1-ECUxx 160-A0_A0-0C0: F,F,F,F,F,F,F,F, F,F,F,F,F,F,F,F, F,F,F,F,F,F,F,F, F,F,F,F,F,F,F,F
12:42:15| 2 | GetSupportedPIDs | 1-ECUxx 192-C0_C0-0E0: F,F,F,F,F,F,F,F, F,F,F,F,F,F,F,F, F,F,F,F,F,F,F,F, F,F,F,F,F,F,F,F
12:42:15| 2 | GetSupportedPIDs | 1-ECUxx 224-E0_E0-100: F,F,F,F,F,F,F,F, F,F,F,F,F,F,F,F, F,F,F,F,F,F,F,F, F,F,F,F,F,F,F,F  (T:043 F:213)
12:42:15| ... LogBitArray | 8
12:42:15| GetSupportedPIDs | PIDCnt-1-E8:043  (TPC:43)
12:42:15| ... DictValueSortDesc
12:42:15| DVSD | E8:043->E8:043
12:42:15| GetSupportedPIDs | Mode:1 PIDs-'043:00 01 03 04 05 06 07 0B 0C 0D 0E 0F 11 13 14 15 1C 1F 20 21 2E 2F 30 31 32 33 3C 40 41 42 43 44 45 46 47 49 4A 4C 56 60 80 98 99
12:42:15|  GetSupportedPIDs | Ending ... Success:TrueTrueTrueTrueTrue 1-E8:043
12:42:15| ReleaseDAD |  Starting ... Cnt:00009,01 (Connect)
12:42:15| ... ReleaseDAD | Success ... Cnt:00009,00 Opn:T (Connect, Connect)
12:42:15| ... Connect | 2
12:42:15| ... SetupVehicleIsLinked
12:42:15| ... GetCallingProcedure | Connect_OBD
12:42:15| ... GetCallingProcedure | lVehiculoLink
12:42:15| ... GetCallingProcedure | VehiculoLink
12:42:15| SVLI | VehicleIsLinked:'True'->'?'  (Connect_OBD,lVehiculoLink,VehiculoLink)
12:42:15| ... SetupVehicleIsLinked
12:42:15| ... GetCallingProcedure | Connect_OBD
12:42:15| ... GetCallingProcedure | lVehiculoLink
12:42:15| ... GetCallingProcedure | VehiculoLink
12:42:15| SVLI | VehicleIsLinked:'?'->'True'  (Connect_OBD,lVehiculoLink,VehiculoLink)
12:42:15| ... Connect | 3 | Connect_Succeeded = True
12:42:15| ... MyLastResult | Success,Unknown,?->True
12:42:15| Connect | Rslt:True EECUID:E8 ECUs:1-(E8:043->E8:043,) Prot:'CAN11', 'CAN11' PC:43  (Success,Unknown,?->True, 16.36) (lVehiculoLink,VehiculoLink,VehTest)
12:42:15| ... DecrementActiveCount | 0
12:42:15| ... GetCallingProcedure | OpusIMCleanOBDdrv.Module1:Connect_OBD
12:42:15| ... GetCallingProcedure | OpusIMCleanOBDdrv.Module1:lVehiculoLink
12:42:15| ... GetCallingProcedure | OpusIMCleanOBDdrv.IMCleanOBD:VehiculoLink
12:42:15| ... LocalDecrementActiveCount | 0
12:42:15|  
12:42:15| ... Get MON >>>-----------------------------------------------------------------------
12:42:15| ... SetupMyLastCommResult: ConditionsNotCorrect
12:42:15| ... DoDad | Action: System.Action | tag: GetModePID(01, 01) - Readiness, DTC count, MIL
12:42:15| ... GetCallingProcedure | lVehiculoLink
12:42:15| ... GetCallingProcedure | VehiculoLink
12:42:15| ... GetCallingProcedure | VehTest
12:42:15| DoDad-01 | GetModePID(01, 01) - Readiness, DTC count, MIL (Open:True,999.99 | lVehiculoLink,VehiculoLink,VehTest)
12:42:15| DoDad-01  ClearCommandLog ...
12:42:15| DoDad-01  Invoke ... (GetModePID(01, 01) - Readiness, DTC count, MIL)
12:42:16| DoDad-01  Invoke ... (GetModePID(01, 01) - Readiness, DTC count, MIL)  (657)
12:42:16| DoDad-01  CommandLog.Length ...
12:42:16| DoDad-01  CommandLog ... (0)
12:42:16| DoDad-01-CommandLog-Len:173 Siz:173 | iStart: 0
12:42:16| DoDad-01  SerialData.Length ... (371)
12:42:16| DoDad-01 | GetModePID(01, 01) - Readiness, DTC count, MIL-SLL:00371,00371-CF:F-DLLInfo:'DAD_DLL_VERSION_16.12.25.0 .. 3.0.7.0'
                    -  DAD_DLL_VERSION_16.12.25.0
                    -  31,TX MSG,ICAN11bt500,00 00 07 DF 01 01 
                    -  31,RX QRY,ICAN11bt500,Delay: 100
                    -  140,RX MSG,ICAN11bt500,00 00 07 DF 
                    -  140,RX MSG,ICAN11bt500,00 00 07 E8 41 01 00 07 E1 00 
                    -  140,RX QRY,ICAN11bt500,Delay: 100
                    -  250,RX QRY,ICAN11bt500,Delay: 100
                    -  359,RX QRY,ICAN11bt500,Delay: 100
                    -  472,RX QRY,ICAN11bt500,Delay: 100
                    -  581,RX QRY,ICAN11bt500,Delay: 100
                    (0.675 s,F) GetModePID(01, 01) - Readiness, DTC count, MIL | NoEOL
12:42:16| DECODE_Bus: DAD_DLL_VERSION_16.12.25.0
3.0.7.0

31,TX MSG,ICAN11bt500,00 00 07 DF 01 01 
140,RX MSG,ICAN11bt500,00 00 07 DF 
140,RX MSG,ICAN11bt500,00 00 07 E8 41 01 00 07 E1 00 

12:42:16| DECODE_MIL: 00 00 07 E8 41 01 00 07 E1 00
12:42:16| zipESP: 00 00 07 E8 41 01 00 07 E1 00 | 000007E841010007E100
12:42:16| DECODE_MIL dato: 0007E100
12:42:16| Status: 0007E100
12:42:16| A: 00 | 0 | 00000000
12:42:16| B: 07 | 7 | 00000111
12:42:16| C: E1 | 225 | 11100001
12:42:16| D: 00 | 0 | 00000000
12:42:16| sr | Get MON: 0 | 1
12:42:16|  
12:42:16| ... Get DTC >>>-----------------------------------------------------------------------
12:42:16| ... SetupMyLastCommResult: ConditionsNotCorrect
12:42:16| ... DoDad | Action: System.Action | tag: GetModePID(03, 00) - DTC count, MIL
12:42:16| ... GetCallingProcedure | lVehiculoLink
12:42:16| ... GetCallingProcedure | VehiculoLink
12:42:16| ... GetCallingProcedure | VehTest
12:42:16| DoDad-01 | GetModePID(03, 00) - DTC count, MIL (Open:True,999.99 | lVehiculoLink,VehiculoLink,VehTest)
12:42:16| DoDad-01  ClearCommandLog ...
12:42:16| DoDad-01  Invoke ... (GetModePID(03, 00) - DTC count, MIL)
12:42:17| DoDad-01  Invoke ... (GetModePID(03, 00) - DTC count, MIL)  (672)
12:42:17| DoDad-01  CommandLog.Length ...
12:42:17| DoDad-01  CommandLog ... (0)
12:42:17| DoDad-01-CommandLog-Len:158 Siz:158 | iStart: 0
12:42:17| DoDad-01  SerialData.Length ... (356)
12:42:17| DoDad-01 | GetModePID(03, 00) - DTC count, MIL-SLL:00356,00356-CF:F-DLLInfo:'DAD_DLL_VERSION_16.12.25.0 .. 3.0.7.0'
                    -  DAD_DLL_VERSION_16.12.25.0
                    -  31,TX MSG,ICAN11bt500,00 00 07 DF 03 
                    -  31,RX QRY,ICAN11bt500,Delay: 100
                    -  140,RX MSG,ICAN11bt500,00 00 07 DF 
                    -  140,RX MSG,ICAN11bt500,00 00 07 E8 43 00 
                    -  140,RX QRY,ICAN11bt500,Delay: 100
                    -  250,RX QRY,ICAN11bt500,Delay: 100
                    -  359,RX QRY,ICAN11bt500,Delay: 100
                    -  468,RX QRY,ICAN11bt500,Delay: 100
                    -  578,RX QRY,ICAN11bt500,Delay: 100
                    (0.672 s,F) GetModePID(03, 00) - DTC count, MIL | NoEOL
12:42:17| DECODE_Bus: DAD_DLL_VERSION_16.12.25.0
3.0.7.0

31,TX MSG,ICAN11bt500,00 00 07 DF 03 
140,RX MSG,ICAN11bt500,00 00 07 DF 
140,RX MSG,ICAN11bt500,00 00 07 E8 43 00 

12:42:17| ... DECODE_DTC: 00 00 07 E8 43 00
12:42:17| zipESP: 00 00 07 E8 43 00 | 000007E84300
12:42:17| sr | Get DTC: 0 | 1
12:42:17|  
12:42:17| ... (01, 1F) Tmp. Encendido >>>-----------------------------------------------------------------------
12:42:17| ... SetupMyLastCommResult: ConditionsNotCorrect
12:42:17| ... DoDad | Action: System.Action | tag: GetModePID(01, 1F) - Tmp. Encendido
12:42:17| ... GetCallingProcedure | lVehiculoLink
12:42:17| ... GetCallingProcedure | VehiculoLink
12:42:17| ... GetCallingProcedure | VehTest
12:42:17| DoDad-01 | GetModePID(01, 1F) - Tmp. Encendido (Open:True,999.99 | lVehiculoLink,VehiculoLink,VehTest)
12:42:17| DoDad-01  ClearCommandLog ...
12:42:17| DoDad-01  Invoke ... (GetModePID(01, 1F) - Tmp. Encendido)
12:42:17| DoDad-01  Invoke ... (GetModePID(01, 1F) - Tmp. Encendido)  (657)
12:42:17| DoDad-01  CommandLog.Length ...
12:42:17| DoDad-01  CommandLog ... (0)
12:42:17| DoDad-01-CommandLog-Len:167 Siz:167 | iStart: 0
12:42:17| DoDad-01  SerialData.Length ... (365)
12:42:17| DoDad-01 | GetModePID(01, 1F) - Tmp. Encendido-SLL:00365,00365-CF:F-DLLInfo:'DAD_DLL_VERSION_16.12.25.0 .. 3.0.7.0'
                    -  DAD_DLL_VERSION_16.12.25.0
                    -  31,TX MSG,ICAN11bt500,00 00 07 DF 01 1F 
                    -  31,RX QRY,ICAN11bt500,Delay: 100
                    -  140,RX MSG,ICAN11bt500,00 00 07 DF 
                    -  140,RX MSG,ICAN11bt500,00 00 07 E8 41 1F 00 1D 
                    -  140,RX QRY,ICAN11bt500,Delay: 100
                    -  250,RX QRY,ICAN11bt500,Delay: 100
                    -  359,RX QRY,ICAN11bt500,Delay: 100
                    -  468,RX QRY,ICAN11bt500,Delay: 100
                    -  578,RX QRY,ICAN11bt500,Delay: 100
                    (0.659 s,F) GetModePID(01, 1F) - Tmp. Encendido | NoEOL
12:42:17| DECODE_Bus: DAD_DLL_VERSION_16.12.25.0
3.0.7.0

31,TX MSG,ICAN11bt500,00 00 07 DF 01 1F 
140,RX MSG,ICAN11bt500,00 00 07 DF 
140,RX MSG,ICAN11bt500,00 00 07 E8 41 1F 00 1D 

12:42:17| sr | Tmp. Encendido: 0 | 1
12:42:17|  
12:42:17| ... (01, 21) Distancia MIL >>>-----------------------------------------------------------------------
12:42:17| ... SetupMyLastCommResult: ConditionsNotCorrect
12:42:17| ... DoDad | Action: System.Action | tag: GetModePID(01, 21) - Distancia MIL
12:42:17| ... GetCallingProcedure | lVehiculoLink
12:42:17| ... GetCallingProcedure | VehiculoLink
12:42:17| ... GetCallingProcedure | VehTest
12:42:17| DoDad-01 | GetModePID(01, 21) - Distancia MIL (Open:True,999.99 | lVehiculoLink,VehiculoLink,VehTest)
12:42:17| DoDad-01  ClearCommandLog ...
12:42:17| DoDad-01  Invoke ... (GetModePID(01, 21) - Distancia MIL)
12:42:18| DoDad-01  Invoke ... (GetModePID(01, 21) - Distancia MIL)  (672)
12:42:18| DoDad-01  CommandLog.Length ...
12:42:18| DoDad-01  CommandLog ... (0)
12:42:18| DoDad-01-CommandLog-Len:167 Siz:167 | iStart: 0
12:42:18| DoDad-01  SerialData.Length ... (365)
12:42:18| DoDad-01 | GetModePID(01, 21) - Distancia MIL-SLL:00365,00365-CF:F-DLLInfo:'DAD_DLL_VERSION_16.12.25.0 .. 3.0.7.0'
                    -  DAD_DLL_VERSION_16.12.25.0
                    -  31,TX MSG,ICAN11bt500,00 00 07 DF 01 15 
                    -  31,RX QRY,ICAN11bt500,Delay: 100
                    -  140,RX MSG,ICAN11bt500,00 00 07 DF 
                    -  140,RX MSG,ICAN11bt500,00 00 07 E8 41 15 FF FF 
                    -  140,RX QRY,ICAN11bt500,Delay: 100
                    -  249,RX QRY,ICAN11bt500,Delay: 100
                    -  359,RX QRY,ICAN11bt500,Delay: 100
                    -  469,RX QRY,ICAN11bt500,Delay: 100
                    -  578,RX QRY,ICAN11bt500,Delay: 100
                    (0.672 s,F) GetModePID(01, 21) - Distancia MIL | NoEOL
12:42:18| DECODE_Bus: DAD_DLL_VERSION_16.12.25.0
3.0.7.0

31,TX MSG,ICAN11bt500,00 00 07 DF 01 15 
140,RX MSG,ICAN11bt500,00 00 07 DF 
140,RX MSG,ICAN11bt500,00 00 07 E8 41 15 FF FF 

12:42:18| sr | Distancia MIL: 0 | 1
12:42:18|  
12:42:18| ... (01, 31) Distancia MIL Borrada >>>-----------------------------------------------------------------------
12:42:18| ... SetupMyLastCommResult: ConditionsNotCorrect
12:42:18| ... DoDad | Action: System.Action | tag: GetModePID(01, 31) - Distancia MIL Borrada
12:42:18| ... GetCallingProcedure | lVehiculoLink
12:42:18| ... GetCallingProcedure | VehiculoLink
12:42:18| ... GetCallingProcedure | VehTest
12:42:18| DoDad-01 | GetModePID(01, 31) - Distancia MIL Borrada (Open:True,999.99 | lVehiculoLink,VehiculoLink,VehTest)
12:42:18| DoDad-01  ClearCommandLog ...
12:42:18| DoDad-01  Invoke ... (GetModePID(01, 31) - Distancia MIL Borrada)
12:42:19| DoDad-01  Invoke ... (GetModePID(01, 31) - Distancia MIL Borrada)  (671)
12:42:19| DoDad-01  CommandLog.Length ...
12:42:19| DoDad-01  CommandLog ... (0)
12:42:19| DoDad-01-CommandLog-Len:167 Siz:167 | iStart: 0
12:42:19| DoDad-01  SerialData.Length ... (365)
12:42:19| DoDad-01 | GetModePID(01, 31) - Distancia MIL Borrada-SLL:00365,00365-CF:F-DLLInfo:'DAD_DLL_VERSION_16.12.25.0 .. 3.0.7.0'
                    -  DAD_DLL_VERSION_16.12.25.0
                    -  46,TX MSG,ICAN11bt500,00 00 07 DF 01 1F 
                    -  46,RX QRY,ICAN11bt500,Delay: 100
                    -  156,RX MSG,ICAN11bt500,00 00 07 DF 
                    -  156,RX MSG,ICAN11bt500,00 00 07 E8 41 1F 00 1E 
                    -  156,RX QRY,ICAN11bt500,Delay: 100
                    -  265,RX QRY,ICAN11bt500,Delay: 100
                    -  375,RX QRY,ICAN11bt500,Delay: 100
                    -  484,RX QRY,ICAN11bt500,Delay: 100
                    -  594,RX QRY,ICAN11bt500,Delay: 100
                    (0.672 s,F) GetModePID(01, 31) - Distancia MIL Borrada | NoEOL
12:42:19| DECODE_Bus: DAD_DLL_VERSION_16.12.25.0
3.0.7.0

46,TX MSG,ICAN11bt500,00 00 07 DF 01 1F 
156,RX MSG,ICAN11bt500,00 00 07 DF 
156,RX MSG,ICAN11bt500,00 00 07 E8 41 1F 00 1E 

12:42:19| sr | Distancia MIL Borrada: 0 | 1
12:42:19|  
12:42:19| ... (01, 33) Presion Barometrica Kpa >>>-----------------------------------------------------------------------
12:42:19| ... SetupMyLastCommResult: ConditionsNotCorrect
12:42:19| ... DoDad | Action: System.Action | tag: GetModePID(01, 33) - Presion Barometrica Kpa
12:42:19| ... GetCallingProcedure | lVehiculoLink
12:42:19| ... GetCallingProcedure | VehiculoLink
12:42:19| ... GetCallingProcedure | VehTest
12:42:19| DoDad-01 | GetModePID(01, 33) - Presion Barometrica Kpa (Open:True,999.99 | lVehiculoLink,VehiculoLink,VehTest)
12:42:19| DoDad-01  ClearCommandLog ...
12:42:19| DoDad-01  Invoke ... (GetModePID(01, 33) - Presion Barometrica Kpa)
12:42:20| DoDad-01  Invoke ... (GetModePID(01, 33) - Presion Barometrica Kpa)  (672)
12:42:20| DoDad-01  CommandLog.Length ...
12:42:20| DoDad-01  CommandLog ... (0)
12:42:20| DoDad-01-CommandLog-Len:167 Siz:167 | iStart: 0
12:42:20| DoDad-01  SerialData.Length ... (365)
12:42:20| DoDad-01 | GetModePID(01, 33) - Presion Barometrica Kpa-SLL:00365,00365-CF:F-DLLInfo:'DAD_DLL_VERSION_16.12.25.0 .. 3.0.7.0'
                    -  DAD_DLL_VERSION_16.12.25.0
                    -  46,TX MSG,ICAN11bt500,00 00 07 DF 01 21 
                    -  46,RX QRY,ICAN11bt500,Delay: 100
                    -  156,RX MSG,ICAN11bt500,00 00 07 DF 
                    -  156,RX MSG,ICAN11bt500,00 00 07 E8 41 21 00 00 
                    -  156,RX QRY,ICAN11bt500,Delay: 100
                    -  265,RX QRY,ICAN11bt500,Delay: 100
                    -  375,RX QRY,ICAN11bt500,Delay: 100
                    -  476,RX QRY,ICAN11bt500,Delay: 100
                    -  588,RX QRY,ICAN11bt500,Delay: 100
                    (0.673 s,F) GetModePID(01, 33) - Presion Barometrica Kpa | NoEOL
12:42:20| DECODE_Bus: DAD_DLL_VERSION_16.12.25.0
3.0.7.0

46,TX MSG,ICAN11bt500,00 00 07 DF 01 21 
156,RX MSG,ICAN11bt500,00 00 07 DF 
156,RX MSG,ICAN11bt500,00 00 07 E8 41 21 00 00 

12:42:20| sr | Presion Barometrica Kpa: 0 | 1
12:42:20|  
12:42:20| ... (01, 4D) Tmp MIL on >>>-----------------------------------------------------------------------
12:42:20| ... SetupMyLastCommResult: ConditionsNotCorrect
12:42:20| ... DoDad | Action: System.Action | tag: GetModePID(01, 4D) - Tmp MIL on
12:42:20| ... GetCallingProcedure | lVehiculoLink
12:42:20| ... GetCallingProcedure | VehiculoLink
12:42:20| ... GetCallingProcedure | VehTest
12:42:20| DoDad-01 | GetModePID(01, 4D) - Tmp MIL on (Open:True,999.99 | lVehiculoLink,VehiculoLink,VehTest)
12:42:20| DoDad-01  ClearCommandLog ...
12:42:20| DoDad-01  Invoke ... (GetModePID(01, 4D) - Tmp MIL on)
12:42:20| DoDad-01  Invoke ... (GetModePID(01, 4D) - Tmp MIL on)  (688)
12:42:20| DoDad-01  CommandLog.Length ...
12:42:20| DoDad-01  CommandLog ... (0)
12:42:20| DoDad-01-CommandLog-Len:118 Siz:118 | iStart: 0
12:42:20| DoDad-01  SerialData.Length ... (316)
12:42:20| DoDad-01 | GetModePID(01, 4D) - Tmp MIL on-SLL:00316,00316-CF:F-DLLInfo:'DAD_DLL_VERSION_16.12.25.0 .. 3.0.7.0'
                    -  DAD_DLL_VERSION_16.12.25.0
                    -  31,TX MSG,ICAN11bt500,00 00 07 DF 01 4D 
                    -  31,RX QRY,ICAN11bt500,Delay: 100
                    -  140,RX MSG,ICAN11bt500,00 00 07 DF 
                    -  140,RX QRY,ICAN11bt500,Delay: 100
                    -  250,RX QRY,ICAN11bt500,Delay: 100
                    -  359,RX QRY,ICAN11bt500,Delay: 100
                    -  475,RX QRY,ICAN11bt500,Delay: 100
                    -  584,RX QRY,ICAN11bt500,Delay: 100
                    (0.679 s,F) GetModePID(01, 4D) - Tmp MIL on | NoEOL
12:42:20|  
12:42:20| ... (01, 51) Tipo Combustible >>>-----------------------------------------------------------------------
12:42:20| ... SetupMyLastCommResult: ConditionsNotCorrect
12:42:20| ... DoDad | Action: System.Action | tag: GetModePID(01, 51) - Tipo Combustible
12:42:20| ... GetCallingProcedure | lVehiculoLink
12:42:20| ... GetCallingProcedure | VehiculoLink
12:42:20| ... GetCallingProcedure | VehTest
12:42:20| DoDad-01 | GetModePID(01, 51) - Tipo Combustible (Open:True,999.99 | lVehiculoLink,VehiculoLink,VehTest)
12:42:20| DoDad-01  ClearCommandLog ...
12:42:20| DoDad-01  Invoke ... (GetModePID(01, 51) - Tipo Combustible)
12:42:21| DoDad-01  Invoke ... (GetModePID(01, 51) - Tipo Combustible)  (657)
12:42:21| DoDad-01  CommandLog.Length ...
12:42:21| DoDad-01  CommandLog ... (0)
12:42:21| DoDad-01-CommandLog-Len:164 Siz:164 | iStart: 0
12:42:21| DoDad-01  SerialData.Length ... (362)
12:42:21| DoDad-01 | GetModePID(01, 51) - Tipo Combustible-SLL:00362,00362-CF:F-DLLInfo:'DAD_DLL_VERSION_16.12.25.0 .. 3.0.7.0'
                    -  DAD_DLL_VERSION_16.12.25.0
                    -  31,TX MSG,ICAN11bt500,00 00 07 DF 01 33 
                    -  31,RX QRY,ICAN11bt500,Delay: 100
                    -  140,RX MSG,ICAN11bt500,00 00 07 DF 
                    -  140,RX MSG,ICAN11bt500,00 00 07 E8 41 33 4E 
                    -  140,RX QRY,ICAN11bt500,Delay: 100
                    -  250,RX QRY,ICAN11bt500,Delay: 100
                    -  363,RX QRY,ICAN11bt500,Delay: 100
                    -  472,RX QRY,ICAN11bt500,Delay: 100
                    -  582,RX QRY,ICAN11bt500,Delay: 100
                    (0.676 s,F) GetModePID(01, 51) - Tipo Combustible | NoEOL
12:42:21| DECODE_Bus: DAD_DLL_VERSION_16.12.25.0
3.0.7.0

31,TX MSG,ICAN11bt500,00 00 07 DF 01 33 
140,RX MSG,ICAN11bt500,00 00 07 DF 
140,RX MSG,ICAN11bt500,00 00 07 E8 41 33 4E 

12:42:21| sr | Tipo Combustible: 0 | 1
12:42:21|  
12:42:21| ... (01, 7F) Tmp Marcha Motor >>>-----------------------------------------------------------------------
12:42:21| ... SetupMyLastCommResult: ConditionsNotCorrect
12:42:21| ... DoDad | Action: System.Action | tag: GetModePID(01, 7F) - Tmp Marcha Motor
12:42:21| ... GetCallingProcedure | lVehiculoLink
12:42:21| ... GetCallingProcedure | VehiculoLink
12:42:21| ... GetCallingProcedure | VehTest
12:42:21| DoDad-01 | GetModePID(01, 7F) - Tmp Marcha Motor (Open:True,999.99 | lVehiculoLink,VehiculoLink,VehTest)
12:42:21| DoDad-01  ClearCommandLog ...
12:42:21| DoDad-01  Invoke ... (GetModePID(01, 7F) - Tmp Marcha Motor)
12:42:22| DoDad-01  Invoke ... (GetModePID(01, 7F) - Tmp Marcha Motor)  (672)
12:42:22| DoDad-01  CommandLog.Length ...
12:42:22| DoDad-01  CommandLog ... (0)
12:42:22| DoDad-01-CommandLog-Len:118 Siz:118 | iStart: 0
12:42:22| DoDad-01  SerialData.Length ... (316)
12:42:22| DoDad-01 | GetModePID(01, 7F) - Tmp Marcha Motor-SLL:00316,00316-CF:F-DLLInfo:'DAD_DLL_VERSION_16.12.25.0 .. 3.0.7.0'
                    -  DAD_DLL_VERSION_16.12.25.0
                    -  31,TX MSG,ICAN11bt500,00 00 07 DF 01 7F 
                    -  31,RX QRY,ICAN11bt500,Delay: 100
                    -  140,RX MSG,ICAN11bt500,00 00 07 DF 
                    -  140,RX QRY,ICAN11bt500,Delay: 100
                    -  250,RX QRY,ICAN11bt500,Delay: 100
                    -  359,RX QRY,ICAN11bt500,Delay: 100
                    -  467,RX QRY,ICAN11bt500,Delay: 100
                    -  576,RX QRY,ICAN11bt500,Delay: 100
                    (0.670 s,F) GetModePID(01, 7F) - Tmp Marcha Motor | NoEOL
12:42:22|  
12:42:22| ... (09, 04) Cal ID >>>-----------------------------------------------------------------------
12:42:22| ... SetupMyLastCommResult: ConditionsNotCorrect
12:42:22| ... DoDad | Action: System.Action | tag: GetModePID(09, 04) - Cal ID
12:42:22| ... GetCallingProcedure | lVehiculoLink
12:42:22| ... GetCallingProcedure | VehiculoLink
12:42:22| ... GetCallingProcedure | VehTest
12:42:22| DoDad-01 | GetModePID(09, 04) - Cal ID (Open:True,999.99 | lVehiculoLink,VehiculoLink,VehTest)
12:42:22| DoDad-01  ClearCommandLog ...
12:42:22| DoDad-01  Invoke ... (GetModePID(09, 04) - Cal ID)
12:42:22| DoDad-01  Invoke ... (GetModePID(09, 04) - Cal ID)  (657)
12:42:22| DoDad-01  CommandLog.Length ...
12:42:22| DoDad-01  CommandLog ... (0)
12:42:22| DoDad-01-CommandLog-Len:249 Siz:249 | iStart: 0
12:42:22| DoDad-01  SerialData.Length ... (447)
12:42:22| DoDad-01 | GetModePID(09, 04) - Cal ID-SLL:00447,00447-CF:F-DLLInfo:'DAD_DLL_VERSION_16.12.25.0 .. 3.0.7.0'
                    -  DAD_DLL_VERSION_16.12.25.0
                    -  31,TX MSG,ICAN11bt500,00 00 07 DF 09 04 
                    -  31,RX QRY,ICAN11bt500,Delay: 100
                    -  140,RX MSG,ICAN11bt500,00 00 07 DF 
                    -  140,RX MSG,ICAN11bt500,00 00 07 E8 
                    -  140,RX MSG,ICAN11bt500,00 00 07 E8 49 04 01 4D 41 49 33 4B 47 34 30 32 46 30 30 30 36 30 41 
                    -  140,RX QRY,ICAN11bt500,Delay: 100
                    -  250,RX QRY,ICAN11bt500,Delay: 100
                    -  359,RX QRY,ICAN11bt500,Delay: 100
                    -  468,RX QRY,ICAN11bt500,Delay: 100
                    -  572,RX QRY,ICAN11bt500,Delay: 100
                    (0.669 s,F) GetModePID(09, 04) - Cal ID | NoEOL
12:42:22| DECODE_Bus: DAD_DLL_VERSION_16.12.25.0
3.0.7.0

31,TX MSG,ICAN11bt500,00 00 07 DF 09 04 
140,RX MSG,ICAN11bt500,00 00 07 DF 
140,RX MSG,ICAN11bt500,00 00 07 E8 
140,RX MSG,ICAN11bt500,00 00 07 E8 49 04 01 4D 41 49 33 4B 47 34 30 32 46 30 30 30 36 30 41 

12:42:23| sr | Cal ID: 0 | 1
12:42:23|  
12:42:23| ... Get VIN >>>-----------------------------------------------------------------------
12:42:23| DAD_DLL_VERSION_16.12.25.0
3.0.7.0

31,TX MSG,ICAN11bt500,00 00 07 DF 09 04 
140,RX MSG,ICAN11bt500,00 00 07 DF 
140,RX MSG,ICAN11bt500,00 00 07 E8 
140,RX MSG,ICAN11bt500,00 00 07 E8 49 04 01 4D 41 49 33 4B 47 34 30 32 46 30 30 30 36 30 41 
716,TX MSG,ICAN11bt500,00 00 07 DF 09 02 
828,RX MSG,ICAN11bt500,00 00 07 DF 
828,RX MSG,ICAN11bt500,00 00 07 E8 
828,RX MSG,ICAN11bt500,00 00 07 E8 49 02 01 4D 41 4C 42 32 35 42 43 32 4D 4D 30 38 31 33 31 33 

12:42:23| SR: 0 | 1
12:42:23| ... GetEcuIdFromAddress
12:42:23| ... ByteArrayToHexString | 01 4D 41 4C 42 32 35 42 43 32 4D 4D 30 38 31 33 31 33
12:42:23| GetVIN | ECU:E8  DLen:018 (01 4D 41 4C 42 32 35 42 43 32 4D 4D 30 38 31 33 31 33)
12:42:23| ... ByteArrayToHexString | 01,4D,41,4C,42,32,35,42,43,32,4D,4D,30,38,31,33,31,33
12:42:23| ... CheckForNAK | Ret:False  Len:18  Buf:01,4D,41,4C,42,32,35,42,43,32,4D,4D,30,38,31,33,31,33  SID:09  PID:02  Prot:'CAN11'
12:42:23| ... ByteArrayToString | MALB25BC2MM081313
12:42:23| GetVIN | ECU:E8  VIN: Null
12:42:23| DECODE_Bus: DAD_DLL_VERSION_16.12.25.0
3.0.7.0

31,TX MSG,ICAN11bt500,00 00 07 DF 09 04 
140,RX MSG,ICAN11bt500,00 00 07 DF 
140,RX MSG,ICAN11bt500,00 00 07 E8 
140,RX MSG,ICAN11bt500,00 00 07 E8 49 04 01 4D 41 49 33 4B 47 34 30 32 46 30 30 30 36 30 41 
716,TX MSG,ICAN11bt500,00 00 07 DF 09 02 
828,RX MSG,ICAN11bt500,00 00 07 DF 
828,RX MSG,ICAN11bt500,00 00 07 E8 
828,RX MSG,ICAN11bt500,00 00 07 E8 49 02 01 4D 41 4C 42 32 35 42 43 32 4D 4D 30 38 31 33 31 33 

12:42:23|  
12:42:23| ... Get VOLTAJES >>>-----------------------------------------------------------------------
12:42:23| ... SetupMyLastCommResult: ConditionsNotCorrect
12:42:23| ... DoDad | Action: System.Action | tag: GetModePID(01, 42) - Voltaje
12:42:23| ... GetCallingProcedure | lVehiculoLink
12:42:23| ... GetCallingProcedure | VehiculoLink
12:42:23| ... GetCallingProcedure | VehTest
12:42:23| DoDad-01 | GetModePID(01, 42) - Voltaje (Open:True,999.99 | lVehiculoLink,VehiculoLink,VehTest)
12:42:23| DoDad-01  ClearCommandLog ...
12:42:23| DoDad-01  Invoke ... (GetModePID(01, 42) - Voltaje)
12:42:24| DoDad-01  Invoke ... (GetModePID(01, 42) - Voltaje)  (672)
12:42:24| DoDad-01  CommandLog.Length ...
12:42:24| DoDad-01  CommandLog ... (0)
12:42:24| DoDad-01-CommandLog-Len:118 Siz:118 | iStart: 0
12:42:24| DoDad-01  SerialData.Length ... (316)
12:42:24| DoDad-01 | GetModePID(01, 42) - Voltaje-SLL:00316,00316-CF:F-DLLInfo:'DAD_DLL_VERSION_16.12.25.0 .. 3.0.7.0'
                    -  DAD_DLL_VERSION_16.12.25.0
                    -  31,TX MSG,ICAN11bt500,00 00 07 DF 01 2A 
                    -  31,RX QRY,ICAN11bt500,Delay: 100
                    -  140,RX MSG,ICAN11bt500,00 00 07 DF 
                    -  140,RX QRY,ICAN11bt500,Delay: 100
                    -  250,RX QRY,ICAN11bt500,Delay: 100
                    -  359,RX QRY,ICAN11bt500,Delay: 100
                    -  468,RX QRY,ICAN11bt500,Delay: 100
                    -  578,RX QRY,ICAN11bt500,Delay: 100
                    (0.672 s,F) GetModePID(01, 42) - Voltaje | NoEOL
12:42:24|  
12:42:24| ... Get RPM >>>-----------------------------------------------------------------------
12:42:24| ... SetupMyLastCommResult: ConditionsNotCorrect
12:42:24| ... DoDad | Action: System.Action | tag: GetModePID(01, 0C) - DTC count, MIL
12:42:24| ... GetCallingProcedure | lVehiculoLink
12:42:24| ... GetCallingProcedure | VehiculoLink
12:42:24| ... GetCallingProcedure | VehTest
12:42:24| DoDad-01 | GetModePID(01, 0C) - DTC count, MIL (Open:True,999.99 | lVehiculoLink,VehiculoLink,VehTest)
12:42:24| DoDad-01  ClearCommandLog ...
12:42:24| DoDad-01  Invoke ... (GetModePID(01, 0C) - DTC count, MIL)
12:42:25| DoDad-01  Invoke ... (GetModePID(01, 0C) - DTC count, MIL)  (672)
12:42:25| DoDad-01  CommandLog.Length ...
12:42:25| DoDad-01  CommandLog ... (0)
12:42:25| DoDad-01-CommandLog-Len:167 Siz:167 | iStart: 0
12:42:25| DoDad-01  SerialData.Length ... (365)
12:42:25| DoDad-01 | GetModePID(01, 0C) - DTC count, MIL-SLL:00365,00365-CF:F-DLLInfo:'DAD_DLL_VERSION_16.12.25.0 .. 3.0.7.0'
                    -  DAD_DLL_VERSION_16.12.25.0
                    -  31,TX MSG,ICAN11bt500,00 00 07 DF 01 0C 
                    -  31,RX QRY,ICAN11bt500,Delay: 100
                    -  140,RX MSG,ICAN11bt500,00 00 07 DF 
                    -  140,RX MSG,ICAN11bt500,00 00 07 E8 41 0C 0A 2E 
                    -  140,RX QRY,ICAN11bt500,Delay: 100
                    -  250,RX QRY,ICAN11bt500,Delay: 100
                    -  359,RX QRY,ICAN11bt500,Delay: 100
                    -  468,RX QRY,ICAN11bt500,Delay: 100
                    -  578,RX QRY,ICAN11bt500,Delay: 100
                    (0.672 s,F) GetModePID(01, 0C) - DTC count, MIL | NoEOL
12:42:25| DECODE_Bus: DAD_DLL_VERSION_16.12.25.0
3.0.7.0

31,TX MSG,ICAN11bt500,00 00 07 DF 01 0C 
140,RX MSG,ICAN11bt500,00 00 07 DF 
140,RX MSG,ICAN11bt500,00 00 07 E8 41 0C 0A 2E 

12:42:25| zipESP: 00 00 07 E8 41 0C 0A 2E | 000007E8410C0A2E
12:42:25| DECODE_RPM: 000007E8410C0A2E
12:42:25| sr | Get RPM(1): 0 | 1
12:42:25| ... SetupMyLastCommResult: ConditionsNotCorrect
12:42:25| ... DoDad | Action: System.Action | tag: GetModePID(01, 0C) - DTC count, MIL
12:42:25| ... GetCallingProcedure | lVehiculoLink
12:42:25| ... GetCallingProcedure | VehiculoLink
12:42:25| ... GetCallingProcedure | VehTest
12:42:25| DoDad-01 | GetModePID(01, 0C) - DTC count, MIL (Open:True,999.99 | lVehiculoLink,VehiculoLink,VehTest)
12:42:25| DoDad-01  ClearCommandLog ...
12:42:25| DoDad-01  Invoke ... (GetModePID(01, 0C) - DTC count, MIL)
12:42:25| DoDad-01  Invoke ... (GetModePID(01, 0C) - DTC count, MIL)  (656)
12:42:25| DoDad-01  CommandLog.Length ...
12:42:25| DoDad-01  CommandLog ... (0)
12:42:25| DoDad-01-CommandLog-Len:167 Siz:167 | iStart: 0
12:42:25| DoDad-01  SerialData.Length ... (365)
12:42:25| DoDad-01 | GetModePID(01, 0C) - DTC count, MIL-SLL:00365,00365-CF:F-DLLInfo:'DAD_DLL_VERSION_16.12.25.0 .. 3.0.7.0'
                    -  DAD_DLL_VERSION_16.12.25.0
                    -  31,TX MSG,ICAN11bt500,00 00 07 DF 01 0C 
                    -  31,RX QRY,ICAN11bt500,Delay: 100
                    -  140,RX MSG,ICAN11bt500,00 00 07 DF 
                    -  140,RX MSG,ICAN11bt500,00 00 07 E8 41 0C 0A 1E 
                    -  140,RX QRY,ICAN11bt500,Delay: 100
                    -  250,RX QRY,ICAN11bt500,Delay: 100
                    -  359,RX QRY,ICAN11bt500,Delay: 100
                    -  468,RX QRY,ICAN11bt500,Delay: 100
                    -  578,RX QRY,ICAN11bt500,Delay: 100
                    (0.657 s,F) GetModePID(01, 0C) - DTC count, MIL | NoEOL
12:42:25| DECODE_Bus: DAD_DLL_VERSION_16.12.25.0
3.0.7.0

31,TX MSG,ICAN11bt500,00 00 07 DF 01 0C 
140,RX MSG,ICAN11bt500,00 00 07 DF 
140,RX MSG,ICAN11bt500,00 00 07 E8 41 0C 0A 1E 

12:42:25| zipESP: 00 00 07 E8 41 0C 0A 1E | 000007E8410C0A1E
12:42:25| DECODE_RPM: 000007E8410C0A1E
12:42:25| sr | Get RPM(2): 0 | 1
12:42:25| ... SetupMyLastCommResult: ConditionsNotCorrect
12:42:25| ... DoDad | Action: System.Action | tag: GetModePID(01, 0C) - DTC count, MIL
12:42:25| ... GetCallingProcedure | lVehiculoLink
12:42:25| ... GetCallingProcedure | VehiculoLink
12:42:25| ... GetCallingProcedure | VehTest
12:42:25| DoDad-01 | GetModePID(01, 0C) - DTC count, MIL (Open:True,999.99 | lVehiculoLink,VehiculoLink,VehTest)
12:42:25| DoDad-01  ClearCommandLog ...
12:42:25| DoDad-01  Invoke ... (GetModePID(01, 0C) - DTC count, MIL)
12:42:26| DoDad-01  Invoke ... (GetModePID(01, 0C) - DTC count, MIL)  (656)
12:42:26| DoDad-01  CommandLog.Length ...
12:42:26| DoDad-01  CommandLog ... (0)
12:42:26| DoDad-01-CommandLog-Len:167 Siz:167 | iStart: 0
12:42:26| DoDad-01  SerialData.Length ... (365)
12:42:26| DoDad-01 | GetModePID(01, 0C) - DTC count, MIL-SLL:00365,00365-CF:F-DLLInfo:'DAD_DLL_VERSION_16.12.25.0 .. 3.0.7.0'
                    -  DAD_DLL_VERSION_16.12.25.0
                    -  31,TX MSG,ICAN11bt500,00 00 07 DF 01 0C 
                    -  31,RX QRY,ICAN11bt500,Delay: 100
                    -  140,RX MSG,ICAN11bt500,00 00 07 DF 
                    -  140,RX MSG,ICAN11bt500,00 00 07 E8 41 0C 0A 2A 
                    -  140,RX QRY,ICAN11bt500,Delay: 100
                    -  250,RX QRY,ICAN11bt500,Delay: 100
                    -  359,RX QRY,ICAN11bt500,Delay: 100
                    -  468,RX QRY,ICAN11bt500,Delay: 100
                    -  578,RX QRY,ICAN11bt500,Delay: 100
                    (0.656 s,F) GetModePID(01, 0C) - DTC count, MIL | NoEOL
12:42:26| DECODE_Bus: DAD_DLL_VERSION_16.12.25.0
3.0.7.0

31,TX MSG,ICAN11bt500,00 00 07 DF 01 0C 
140,RX MSG,ICAN11bt500,00 00 07 DF 
140,RX MSG,ICAN11bt500,00 00 07 E8 41 0C 0A 2A 

12:42:26| zipESP: 00 00 07 E8 41 0C 0A 2A | 000007E8410C0A2A
12:42:26| DECODE_RPM: 000007E8410C0A2A
12:42:26| sr | Get RPM(3): 0 | 1
12:42:26| ... SetupMyLastCommResult: ConditionsNotCorrect
12:42:26| ... DoDad | Action: System.Action | tag: GetModePID(01, 0C) - DTC count, MIL
12:42:26| ... GetCallingProcedure | lVehiculoLink
12:42:26| ... GetCallingProcedure | VehiculoLink
12:42:26| ... GetCallingProcedure | VehTest
12:42:26| DoDad-01 | GetModePID(01, 0C) - DTC count, MIL (Open:True,999.99 | lVehiculoLink,VehiculoLink,VehTest)
12:42:26| DoDad-01  ClearCommandLog ...
12:42:26| DoDad-01  Invoke ... (GetModePID(01, 0C) - DTC count, MIL)
12:42:27| DoDad-01  Invoke ... (GetModePID(01, 0C) - DTC count, MIL)  (657)
12:42:27| DoDad-01  CommandLog.Length ...
12:42:27| DoDad-01  CommandLog ... (0)
12:42:27| DoDad-01-CommandLog-Len:167 Siz:167 | iStart: 0
12:42:27| DoDad-01  SerialData.Length ... (365)
12:42:27| DoDad-01 | GetModePID(01, 0C) - DTC count, MIL-SLL:00365,00365-CF:F-DLLInfo:'DAD_DLL_VERSION_16.12.25.0 .. 3.0.7.0'
                    -  DAD_DLL_VERSION_16.12.25.0
                    -  31,TX MSG,ICAN11bt500,00 00 07 DF 01 0C 
                    -  31,RX QRY,ICAN11bt500,Delay: 100
                    -  140,RX MSG,ICAN11bt500,00 00 07 DF 
                    -  140,RX MSG,ICAN11bt500,00 00 07 E8 41 0C 0A 26 
                    -  140,RX QRY,ICAN11bt500,Delay: 100
                    -  250,RX QRY,ICAN11bt500,Delay: 100
                    -  359,RX QRY,ICAN11bt500,Delay: 100
                    -  469,RX QRY,ICAN11bt500,Delay: 100
                    -  578,RX QRY,ICAN11bt500,Delay: 100
                    (0.656 s,F) GetModePID(01, 0C) - DTC count, MIL | NoEOL
12:42:27| DECODE_Bus: DAD_DLL_VERSION_16.12.25.0
3.0.7.0

31,TX MSG,ICAN11bt500,00 00 07 DF 01 0C 
140,RX MSG,ICAN11bt500,00 00 07 DF 
140,RX MSG,ICAN11bt500,00 00 07 E8 41 0C 0A 26 

12:42:27| zipESP: 00 00 07 E8 41 0C 0A 26 | 000007E8410C0A26
12:42:27| DECODE_RPM: 000007E8410C0A26
12:42:27| sr | Get RPM(4): 0 | 1
12:42:27| Success
12:42:27| InitIMCleanDevice | DeviceVoltage:13.7
12:42:27| InitIMCleanDevice | DeviceVoltageDLC:14.2
12:42:27| ... >>>-----------------------------------------------------------------------
12:42:27| ... >>>-----------------------------------------------------------------------
12:42:27| VIN: MALB25BC2MM081313
12:42:27| MON: Mil:0| Msi:110 | Ccm:110 | Cmb:110 | O2s:110 | Cat:110 | Ccc:009 | Evs:009 | Sas:009 | Faa:009 | O2c:110
12:42:27| DTC: 
12:42:27| Voltage: 13.7
12:42:27| VoltageDLC: 14.2
12:42:27| Pid0101 : 00 00 07 E8 41 01 00 07 E1 00
12:42:27| Pid0300 : 00 00 07 E8 43 00
12:42:27| Pid0121 : 00 00 07 E8 41 21 00 00
12:42:27| Pid0131 : Null
12:42:27| Pid0133 : 00 00 07 E8 41 33 4E
12:42:27| Pid011F : 00 00 07 E8 41 1F 00 1E
12:42:27| Pid017F : Null
12:42:27| Pid014D : Null
12:42:27| Pid0951 : Null
12:42:27| Pid0902 : 00 00 07 E8 49 02 01 4D 41 4C 42 32 35 42 43 32 4D 4D 30 38 31 33 31 33
12:42:27| Pid0904 : 00 00 07 E8 49 04 01 4D 41 49 33 4B 47 34 30 32 46 30 30 30 36 30 41
12:42:27| Pid010C: 00 00 07 E8 41 0C 0A 26
12:42:27| RPM: 650 | 1: 652 | 2: 648 | 3: 650
12:42:27| *** Connect ... EOF()
12:42:27| VehiculoLink: Pass: Inspección vehicular OBD concluido.
12:56:25|  
12:56:25| ... Connect_OBD ===================================================================================================================
12:56:25|  
12:56:25| ... GetCallingProcedure | lVehiculoLink
12:56:25| ... GetCallingProcedure | VehiculoLink
12:56:25| ... GetCallingProcedure | VehTest
12:56:25| ... IncrementActiveCount | 1
12:56:25| ... GetCallingProcedure | OpusIMCleanOBDdrv.Module1:Connect_OBD
12:56:25| ... GetCallingProcedure | OpusIMCleanOBDdrv.Module1:lVehiculoLink
12:56:25| ... GetCallingProcedure | OpusIMCleanOBDdrv.IMCleanOBD:VehiculoLink
12:56:25| ... MyDADStatus | LCR:ConditionsNotCorrect,Unknown
12:56:25| ... Connect | ---------------- Connect --------------- SC:'' (LCR:ConditionsNotCorrect,Unknown) (lVehiculoLink,VehiculoLink,VehTest)
12:56:25| GetDAD | Starting ... Cnt:00010,00 Opn:T (Connect)
12:56:25| GetDAD | Success ... Cnt:00010,01 Opn:T (Connect, Connect)
12:56:25| ... Connect | 1 | GetDAD =Connect
12:56:25| ... SetupMyLastCommResult: InvalidData
12:56:25| ... MyDad.Initialize 
12:56:25| ... DoDad | Action: System.Action | tag: Initialize
12:56:25| ... GetCallingProcedure | lVehiculoLink
12:56:25| ... GetCallingProcedure | VehiculoLink
12:56:25| ... GetCallingProcedure | VehTest
12:56:25| DoDad-01 | Initialize (Open:True,999.99 | lVehiculoLink,VehiculoLink,VehTest)
12:56:25| DoDad-01  ClearCommandLog ...
12:56:25| DoDad-01  Invoke ... (Initialize)
12:56:37| ... SetupVehicleIsLinked
12:56:37| ... GetCallingProcedure | SetupMyLastCommResult
12:56:37| ... GetCallingProcedure | _Lambda$__0
12:56:37| ... GetCallingProcedure | DoDad
12:56:37| ... SetupMyLastCommResult: Success
12:56:37| DoDad-01  Invoke ... (Initialize)  (12000)
12:56:37| DoDad-01  CommandLog.Length ...
12:56:37| DoDad-01  CommandLog ... (0)
12:56:37| DoDad-01-CommandLog-Len:310 Siz:310 | iStart: 0
12:56:37| DoDad-01  SerialData.Length ... (506)
12:56:37| DoDad-01 | Initialize-SLL:00506,00506-CF:F-DLLInfo:'DAD_DLL_VERSION_16.12.25.0 .. 3.0.7.0'
                    -  DAD_DLL_VERSION_16.12.25.0
                    -  615,TX MSG,JVPW1850,68 6A F1 01 00 
                    -  615,RX QRY,JVPW1850,Delay: 100
                    -  725,RX QRY,JVPW1850,Delay: 100
                    -  834,RX QRY,JVPW1850,Delay: 100
                    -  944,TX MSG,JPWM1850,61 6A F1 01 00 
                    -  959,TX MSG,I914**,33 
                    -  5272,TX MSG,KWPF**,C1 33 F1 81 
                    -  11738,TX MSG,ICAN11bt500,00 00 07 DF 01 00 
                    -  11738,RX QRY,ICAN11bt500,Delay: 100
                    -  11847,RX MSG,ICAN11bt500,00 00 07 DF 
                    -  11847,RX MSG,ICAN11bt500,00 00 07 E8 41 00 BE 1F E8 13 
                    -  11847,RX QRY,ICAN11bt500,Delay: 100
                    -  11957,RX QRY,ICAN11bt500,Delay: 100
                    (12.004 s,F) Initialize | 
12:56:37| ... MyLastResult | Success,Unknown,True->True
12:56:37| Connect | Init-Rty:2 (Success,Unknown,True->True | 12.11) | lVehiculoLink,VehiculoLink,VehTest
12:56:37| ... MyDad.Initialize > Success
12:56:37| DrewProtocol2MyProtocol | In:'ICAN11bt500'  Out:'CAN11' (CAN:True)
12:56:37| ... GetCallingProcedure | Connect_OBD
12:56:37| ... GetCallingProcedure | lVehiculoLink
12:56:37| ... GetCallingProcedure | VehiculoLink
12:56:37| GetSupportedPIDs | Starting ... (Mode:1) (Connect_OBD,lVehiculoLink,VehiculoLink)
12:56:37| ... SetupMyLastCommResult: InvalidData
12:56:37| ... DoDad | Action: System.Action | tag: GetModePID(01, 00) - PID support mask
12:56:37| ... GetCallingProcedure | Connect_OBD
12:56:37| ... GetCallingProcedure | lVehiculoLink
12:56:37| ... GetCallingProcedure | VehiculoLink
12:56:37| DoDad-01 | GetModePID(01, 00) - PID support mask (Open:True,999.99 | Connect_OBD,lVehiculoLink,VehiculoLink)
12:56:37| DoDad-01  ClearCommandLog ...
12:56:37| DoDad-01  Invoke ... (GetModePID(01, 00) - PID support mask)
12:56:37| DoDad-01  Invoke ... (GetModePID(01, 00) - PID support mask)  (656)
12:56:37| DoDad-01  CommandLog.Length ...
12:56:37| DoDad-01  CommandLog ... (0)
12:56:37| DoDad-01-CommandLog-Len:180 Siz:180 | iStart: 0
12:56:37| DoDad-01  SerialData.Length ... (869)
12:56:37| DoDad-01 | GetModePID(01, 00) - PID support mask-SLL:00869,00869-CF:F-DLLInfo:'DAD_DLL_VERSION_16.12.25.0 .. 3.0.7.0'
                    -  DAD_DLL_VERSION_16.12.25.0
                    -  615,TX MSG,JVPW1850,68 6A F1 01 00 
                    -  615,RX QRY,JVPW1850,Delay: 100
                    -  725,RX QRY,JVPW1850,Delay: 100
                    -  834,RX QRY,JVPW1850,Delay: 100
                    -  944,TX MSG,JPWM1850,61 6A F1 01 00 
                    -  959,TX MSG,I914**,33 
                    -  5272,TX MSG,KWPF**,C1 33 F1 81 
                    -  11738,TX MSG,ICAN11bt500,00 00 07 DF 01 00 
                    -  11738,RX QRY,ICAN11bt500,Delay: 100
                    -  11847,RX MSG,ICAN11bt500,00 00 07 DF 
                    -  11847,RX MSG,ICAN11bt500,00 00 07 E8 41 00 BE 1F E8 13 
                    -  11847,RX QRY,ICAN11bt500,Delay: 100
                    -  11957,RX QRY,ICAN11bt500,Delay: 100
                    -  12161,TX MSG,ICAN11bt500,00 00 07 DF 01 00 
                    -  12161,RX QRY,ICAN11bt500,Delay: 100
                    -  12271,RX MSG,ICAN11bt500,00 00 07 DF 
                    -  12271,RX MSG,ICAN11bt500,00 00 07 E8 41 00 BE 1F E8 13 
                    -  12271,RX QRY,ICAN11bt500,Delay: 100
                    -  12380,RX QRY,ICAN11bt500,Delay: 100
                    -  12490,RX QRY,ICAN11bt500,Delay: 100
                    -  12599,RX QRY,ICAN11bt500,Delay: 100
                    -  12708,RX QRY,ICAN11bt500,Delay: 100
                    (0.656 s,F) GetModePID(01, 00) - PID support mask | NoEOL
12:56:37| ... SetupVehicleIsLinked
12:56:37| ... GetCallingProcedure | SetupMyLastCommResult
12:56:37| ... GetCallingProcedure | GetSupportedPIDs
12:56:37| ... GetCallingProcedure | Connect_OBD
12:56:37| ... SetupMyLastCommResult: Success
12:56:37| ... MyLastResult | Success,Unknown,True->True
12:56:37|  (Result:Success,Unknown,True->True)
12:56:37| GetSupportedPIDs | PID00 RspCnt:1
12:56:37| ... GetEcuIdFromAddress
12:56:37| ... ByteArrayToHexString | 07E8
12:56:37| ... ByteArrayToHexString | BE1FE813
12:56:37| ... DT_DataToString | Adr:07E8,Mod:01,PID:00,Dat:BE1FE813
12:56:37| GetSupportedPIDS | Data-Adr:07E8,Mod:01,PID:00,Dat:BE1FE813
12:56:37| SSBAFOB | MdPID:01,00 ECU:E8 ...  InCnt:4 (BE,1F,E8,13,BC:018) SrtIdx:001
12:56:37| ... SetSupportedBitArrayFromObdBytes | BitAryLen:256  BitSetCnt:019  BAI:4-4,01,03,04,05,06,07,0C,0D,0E,0F,10,11,12,13,15,1C,1F,20
12:56:37| 2 | GetSupportedPIDs | 1-E8-DBG3 -------------- 0,1,2,3,4,5,6,7, 8,9,A,B,C,D,E,F, G,H,I,J,K,L,M,N, O,P,Q,R,S,T,U,V
12:56:37| 2 | GetSupportedPIDs | 1-E8-DBG3 000-00_00-020: T,T,F,T,T,T,T,T, F,F,F,F,T,T,T,T, T,T,T,T,F,T,F,F, F,F,F,F,T,F,F,T
12:56:37| 2 | GetSupportedPIDs | 1-E8-DBG3 032-20_20-040: T,F,F,F,F,F,F,F, F,F,F,F,F,F,F,F, F,F,F,F,F,F,F,F, F,F,F,F,F,F,F,F
12:56:37| 2 | GetSupportedPIDs | 1-E8-DBG3 064-40_40-060: F,F,F,F,F,F,F,F, F,F,F,F,F,F,F,F, F,F,F,F,F,F,F,F, F,F,F,F,F,F,F,F
12:56:37| 2 | GetSupportedPIDs | 1-E8-DBG3 096-60_60-080: F,F,F,F,F,F,F,F, F,F,F,F,F,F,F,F, F,F,F,F,F,F,F,F, F,F,F,F,F,F,F,F
12:56:37| 2 | GetSupportedPIDs | 1-E8-DBG3 128-80_80-0A0: F,F,F,F,F,F,F,F, F,F,F,F,F,F,F,F, F,F,F,F,F,F,F,F, F,F,F,F,F,F,F,F
12:56:37| 2 | GetSupportedPIDs | 1-E8-DBG3 160-A0_A0-0C0: F,F,F,F,F,F,F,F, F,F,F,F,F,F,F,F, F,F,F,F,F,F,F,F, F,F,F,F,F,F,F,F
12:56:38| 2 | GetSupportedPIDs | 1-E8-DBG3 192-C0_C0-0E0: F,F,F,F,F,F,F,F, F,F,F,F,F,F,F,F, F,F,F,F,F,F,F,F, F,F,F,F,F,F,F,F
12:56:38| 2 | GetSupportedPIDs | 1-E8-DBG3 224-E0_E0-100: F,F,F,F,F,F,F,F, F,F,F,F,F,F,F,F, F,F,F,F,F,F,F,F, F,F,F,F,F,F,F,F  (T:019 F:237)
12:56:38| ... LogBitArray | 8
12:56:38| ... SetupMyLastCommResult: InvalidData
12:56:38| ... DoDad | Action: System.Action | tag: GetModePID(01, 20) - PID support mask
12:56:38| ... GetCallingProcedure | Connect_OBD
12:56:38| ... GetCallingProcedure | lVehiculoLink
12:56:38| ... GetCallingProcedure | VehiculoLink
12:56:38| DoDad-01 | GetModePID(01, 20) - PID support mask (Open:True,999.99 | Connect_OBD,lVehiculoLink,VehiculoLink)
12:56:38| DoDad-01  ClearCommandLog ...
12:56:38| DoDad-01  Invoke ... (GetModePID(01, 20) - PID support mask)
12:56:38| DoDad-01  Invoke ... (GetModePID(01, 20) - PID support mask)  (656)
12:56:38| DoDad-01  CommandLog.Length ...
12:56:38| DoDad-01  CommandLog ... (0)
12:56:38| DoDad-01-CommandLog-Len:180 Siz:180 | iStart: 0
12:56:38| DoDad-01  SerialData.Length ... (1232)
12:56:38| DoDad-01 | GetModePID(01, 20) - PID support mask-SLL:01232,01232-CF:F-DLLInfo:'DAD_DLL_VERSION_16.12.25.0 .. 3.0.7.0'
                    -  DAD_DLL_VERSION_16.12.25.0
                    -  615,TX MSG,JVPW1850,68 6A F1 01 00 
                    -  615,RX QRY,JVPW1850,Delay: 100
                    -  725,RX QRY,JVPW1850,Delay: 100
                    -  834,RX QRY,JVPW1850,Delay: 100
                    -  944,TX MSG,JPWM1850,61 6A F1 01 00 
                    -  959,TX MSG,I914**,33 
                    -  5272,TX MSG,KWPF**,C1 33 F1 81 
                    -  11738,TX MSG,ICAN11bt500,00 00 07 DF 01 00 
                    -  11738,RX QRY,ICAN11bt500,Delay: 100
                    -  11847,RX MSG,ICAN11bt500,00 00 07 DF 
                    -  11847,RX MSG,ICAN11bt500,00 00 07 E8 41 00 BE 1F E8 13 
                    -  11847,RX QRY,ICAN11bt500,Delay: 100
                    -  11957,RX QRY,ICAN11bt500,Delay: 100
                    -  12161,TX MSG,ICAN11bt500,00 00 07 DF 01 00 
                    -  12161,RX QRY,ICAN11bt500,Delay: 100
                    -  12271,RX MSG,ICAN11bt500,00 00 07 DF 
                    -  12271,RX MSG,ICAN11bt500,00 00 07 E8 41 00 BE 1F E8 13 
                    -  12271,RX QRY,ICAN11bt500,Delay: 100
                    -  12380,RX QRY,ICAN11bt500,Delay: 100
                    -  12490,RX QRY,ICAN11bt500,Delay: 100
                    -  12599,RX QRY,ICAN11bt500,Delay: 100
                    -  12708,RX QRY,ICAN11bt500,Delay: 100
                    -  12958,TX MSG,ICAN11bt500,00 00 07 DF 01 20 
                    -  12958,RX QRY,ICAN11bt500,Delay: 100
                    -  13068,RX MSG,ICAN11bt500,00 00 07 DF 
                    -  13068,RX MSG,ICAN11bt500,00 00 07 E8 41 20 90 01 B0 15 
                    -  13068,RX QRY,ICAN11bt500,Delay: 100
                    -  13177,RX QRY,ICAN11bt500,Delay: 100
                    -  13286,RX QRY,ICAN11bt500,Delay: 100
                    -  13396,RX QRY,ICAN11bt500,Delay: 100
                    -  13505,RX QRY,ICAN11bt500,Delay: 100
                    (0.656 s,F) GetModePID(01, 20) - PID support mask | NoEOL
12:56:38| ... SetupVehicleIsLinked
12:56:38| ... GetCallingProcedure | SetupMyLastCommResult
12:56:38| ... GetCallingProcedure | GetSupportedPIDs
12:56:38| ... GetCallingProcedure | Connect_OBD
12:56:38| ... SetupMyLastCommResult: Success
12:56:38| ... MyLastResult | Success,Unknown,True->True
12:56:38|  (Result:Success,Unknown,True->True)
12:56:38| GetSupportedPIDs | PID20 RspCnt:1
12:56:38| ... GetEcuIdFromAddress
12:56:38| ... ByteArrayToHexString | 07E8
12:56:38| ... ByteArrayToHexString | 9001B015
12:56:38| ... DT_DataToString | Adr:07E8,Mod:01,PID:20,Dat:9001B015
12:56:38| GetSupportedPIDS | Data-Adr:07E8,Mod:01,PID:20,Dat:9001B015
12:56:38| SSBAFOB | MdPID:01,20 ECU:E8 ...  InCnt:4 (90,01,B0,15,BC:009) SrtIdx:033
12:56:38| ... SetSupportedBitArrayFromObdBytes | BitAryLen:256  BitSetCnt:028  BAI:4-4,21,24,30,31,33,34,3C,3E,40
12:56:38| 2 | GetSupportedPIDs | 1-E8-DBG3 -------------- 0,1,2,3,4,5,6,7, 8,9,A,B,C,D,E,F, G,H,I,J,K,L,M,N, O,P,Q,R,S,T,U,V
12:56:38| 2 | GetSupportedPIDs | 1-E8-DBG3 000-00_00-020: T,T,F,T,T,T,T,T, F,F,F,F,T,T,T,T, T,T,T,T,F,T,F,F, F,F,F,F,T,F,F,T
12:56:38| 2 | GetSupportedPIDs | 1-E8-DBG3 032-20_20-040: T,T,F,F,T,F,F,F, F,F,F,F,F,F,F,F, T,T,F,T,T,F,F,F, F,F,F,F,T,F,T,F
12:56:38| 2 | GetSupportedPIDs | 1-E8-DBG3 064-40_40-060: T,F,F,F,F,F,F,F, F,F,F,F,F,F,F,F, F,F,F,F,F,F,F,F, F,F,F,F,F,F,F,F
12:56:38| 2 | GetSupportedPIDs | 1-E8-DBG3 096-60_60-080: F,F,F,F,F,F,F,F, F,F,F,F,F,F,F,F, F,F,F,F,F,F,F,F, F,F,F,F,F,F,F,F
12:56:38| 2 | GetSupportedPIDs | 1-E8-DBG3 128-80_80-0A0: F,F,F,F,F,F,F,F, F,F,F,F,F,F,F,F, F,F,F,F,F,F,F,F, F,F,F,F,F,F,F,F
12:56:38| 2 | GetSupportedPIDs | 1-E8-DBG3 160-A0_A0-0C0: F,F,F,F,F,F,F,F, F,F,F,F,F,F,F,F, F,F,F,F,F,F,F,F, F,F,F,F,F,F,F,F
12:56:38| 2 | GetSupportedPIDs | 1-E8-DBG3 192-C0_C0-0E0: F,F,F,F,F,F,F,F, F,F,F,F,F,F,F,F, F,F,F,F,F,F,F,F, F,F,F,F,F,F,F,F
12:56:38| 2 | GetSupportedPIDs | 1-E8-DBG3 224-E0_E0-100: F,F,F,F,F,F,F,F, F,F,F,F,F,F,F,F, F,F,F,F,F,F,F,F, F,F,F,F,F,F,F,F  (T:028 F:228)
12:56:38| ... LogBitArray | 8
12:56:38| ... SetupMyLastCommResult: InvalidData
12:56:38| ... DoDad | Action: System.Action | tag: GetModePID(01, 40) - PID support mask
12:56:38| ... GetCallingProcedure | Connect_OBD
12:56:38| ... GetCallingProcedure | lVehiculoLink
12:56:38| ... GetCallingProcedure | VehiculoLink
12:56:38| DoDad-01 | GetModePID(01, 40) - PID support mask (Open:True,999.99 | Connect_OBD,lVehiculoLink,VehiculoLink)
12:56:38| DoDad-01  ClearCommandLog ...
12:56:38| DoDad-01  Invoke ... (GetModePID(01, 40) - PID support mask)
12:56:39| DoDad-01  Invoke ... (GetModePID(01, 40) - PID support mask)  (657)
12:56:39| DoDad-01  CommandLog.Length ...
12:56:39| DoDad-01  CommandLog ... (0)
12:56:39| DoDad-01-CommandLog-Len:180 Siz:180 | iStart: 0
12:56:39| DoDad-01  SerialData.Length ... (1595)
12:56:39| DoDad-01 | GetModePID(01, 40) - PID support mask-SLL:01595,01595-CF:F-DLLInfo:'DAD_DLL_VERSION_16.12.25.0 .. 3.0.7.0'
                    -  DAD_DLL_VERSION_16.12.25.0
                    -  615,TX MSG,JVPW1850,68 6A F1 01 00 
                    -  615,RX QRY,JVPW1850,Delay: 100
                    -  725,RX QRY,JVPW1850,Delay: 100
                    -  834,RX QRY,JVPW1850,Delay: 100
                    -  944,TX MSG,JPWM1850,61 6A F1 01 00 
                    -  959,TX MSG,I914**,33 
                    -  5272,TX MSG,KWPF**,C1 33 F1 81 
                    -  11738,TX MSG,ICAN11bt500,00 00 07 DF 01 00 
                    -  11738,RX QRY,ICAN11bt500,Delay: 100
                    -  11847,RX MSG,ICAN11bt500,00 00 07 DF 
                    -  11847,RX MSG,ICAN11bt500,00 00 07 E8 41 00 BE 1F E8 13 
                    -  11847,RX QRY,ICAN11bt500,Delay: 100
                    -  11957,RX QRY,ICAN11bt500,Delay: 100
                    -  12161,TX MSG,ICAN11bt500,00 00 07 DF 01 00 
                    -  12161,RX QRY,ICAN11bt500,Delay: 100
                    -  12271,RX MSG,ICAN11bt500,00 00 07 DF 
                    -  12271,RX MSG,ICAN11bt500,00 00 07 E8 41 00 BE 1F E8 13 
                    -  12271,RX QRY,ICAN11bt500,Delay: 100
                    -  12380,RX QRY,ICAN11bt500,Delay: 100
                    -  12490,RX QRY,ICAN11bt500,Delay: 100
                    -  12599,RX QRY,ICAN11bt500,Delay: 100
                    -  12708,RX QRY,ICAN11bt500,Delay: 100
                    -  12958,TX MSG,ICAN11bt500,00 00 07 DF 01 20 
                    -  12958,RX QRY,ICAN11bt500,Delay: 100
                    -  13068,RX MSG,ICAN11bt500,00 00 07 DF 
                    -  13068,RX MSG,ICAN11bt500,00 00 07 E8 41 20 90 01 B0 15 
                    -  13068,RX QRY,ICAN11bt500,Delay: 100
                    -  13177,RX QRY,ICAN11bt500,Delay: 100
                    -  13286,RX QRY,ICAN11bt500,Delay: 100
                    -  13396,RX QRY,ICAN11bt500,Delay: 100
                    -  13505,RX QRY,ICAN11bt500,Delay: 100
                    -  13755,TX MSG,ICAN11bt500,00 00 07 DF 01 40 
                    -  13755,RX QRY,ICAN11bt500,Delay: 100
                    -  13864,RX MSG,ICAN11bt500,00 00 07 DF 
                    -  13864,RX MSG,ICAN11bt500,00 00 07 E8 41 40 7A DC 00 00 
                    -  13864,RX QRY,ICAN11bt500,Delay: 100
                    -  13974,RX QRY,ICAN11bt500,Delay: 100
                    -  14083,RX QRY,ICAN11bt500,Delay: 100
                    -  14193,RX QRY,ICAN11bt500,Delay: 100
                    -  14302,RX QRY,ICAN11bt500,Delay: 100
                    (0.656 s,F) GetModePID(01, 40) - PID support mask | NoEOL
12:56:39| ... SetupVehicleIsLinked
12:56:39| ... GetCallingProcedure | SetupMyLastCommResult
12:56:39| ... GetCallingProcedure | GetSupportedPIDs
12:56:39| ... GetCallingProcedure | Connect_OBD
12:56:39| ... SetupMyLastCommResult: Success
12:56:39| ... MyLastResult | Success,Unknown,True->True
12:56:39|  (Result:Success,Unknown,True->True)
12:56:39| GetSupportedPIDs | PID40 RspCnt:1
12:56:39| ... GetEcuIdFromAddress
12:56:39| ... ByteArrayToHexString | 07E8
12:56:39| ... ByteArrayToHexString | 7ADC0000
12:56:39| ... DT_DataToString | Adr:07E8,Mod:01,PID:40,Dat:7ADC0000
12:56:39| GetSupportedPIDS | Data-Adr:07E8,Mod:01,PID:40,Dat:7ADC0000
12:56:39| SSBAFOB | MdPID:01,40 ECU:E8 ...  InCnt:4 (7A,DC,00,00,BC:010) SrtIdx:065
12:56:39| ... SetSupportedBitArrayFromObdBytes | BitAryLen:256  BitSetCnt:038  BAI:4-4,42,43,44,45,47,49,4A,4C,4D,4E
12:56:39| 2 | GetSupportedPIDs | 1-E8-DBG3 -------------- 0,1,2,3,4,5,6,7, 8,9,A,B,C,D,E,F, G,H,I,J,K,L,M,N, O,P,Q,R,S,T,U,V
12:56:39| 2 | GetSupportedPIDs | 1-E8-DBG3 000-00_00-020: T,T,F,T,T,T,T,T, F,F,F,F,T,T,T,T, T,T,T,T,F,T,F,F, F,F,F,F,T,F,F,T
12:56:39| 2 | GetSupportedPIDs | 1-E8-DBG3 032-20_20-040: T,T,F,F,T,F,F,F, F,F,F,F,F,F,F,F, T,T,F,T,T,F,F,F, F,F,F,F,T,F,T,F
12:56:39| 2 | GetSupportedPIDs | 1-E8-DBG3 064-40_40-060: T,F,T,T,T,T,F,T, F,T,T,F,T,T,T,F, F,F,F,F,F,F,F,F, F,F,F,F,F,F,F,F
12:56:39| 2 | GetSupportedPIDs | 1-E8-DBG3 096-60_60-080: F,F,F,F,F,F,F,F, F,F,F,F,F,F,F,F, F,F,F,F,F,F,F,F, F,F,F,F,F,F,F,F
12:56:39| 2 | GetSupportedPIDs | 1-E8-DBG3 128-80_80-0A0: F,F,F,F,F,F,F,F, F,F,F,F,F,F,F,F, F,F,F,F,F,F,F,F, F,F,F,F,F,F,F,F
12:56:39| 2 | GetSupportedPIDs | 1-E8-DBG3 160-A0_A0-0C0: F,F,F,F,F,F,F,F, F,F,F,F,F,F,F,F, F,F,F,F,F,F,F,F, F,F,F,F,F,F,F,F
12:56:39| 2 | GetSupportedPIDs | 1-E8-DBG3 192-C0_C0-0E0: F,F,F,F,F,F,F,F, F,F,F,F,F,F,F,F, F,F,F,F,F,F,F,F, F,F,F,F,F,F,F,F
12:56:39| 2 | GetSupportedPIDs | 1-E8-DBG3 224-E0_E0-100: F,F,F,F,F,F,F,F, F,F,F,F,F,F,F,F, F,F,F,F,F,F,F,F, F,F,F,F,F,F,F,F  (T:038 F:218)
12:56:39| ... LogBitArray | 8
12:56:39| GetSupportedPIDs | Mode:1 ECUCnt:1 PIDSupDicCnt:1
12:56:39| 4 | GetSupportedPIDS | Mode1-ECUE8:-------------- 0,1,2,3,4,5,6,7, 8,9,A,B,C,D,E,F, G,H,I,J,K,L,M,N, O,P,Q,R,S,T,U,V
12:56:39| 4 | GetSupportedPIDS | Mode1-ECUE8:000-00_00-020: T,T,F,T,T,T,T,T, F,F,F,F,T,T,T,T, T,T,T,T,F,T,F,F, F,F,F,F,T,F,F,T
12:56:39| 4 | GetSupportedPIDS | Mode1-ECUE8:032-20_20-040: T,T,F,F,T,F,F,F, F,F,F,F,F,F,F,F, T,T,F,T,T,F,F,F, F,F,F,F,T,F,T,F
12:56:39| 4 | GetSupportedPIDS | Mode1-ECUE8:064-40_40-060: T,F,T,T,T,T,F,T, F,T,T,F,T,T,T,F, F,F,F,F,F,F,F,F, F,F,F,F,F,F,F,F
12:56:39| 4 | GetSupportedPIDS | Mode1-ECUE8:096-60_60-080: F,F,F,F,F,F,F,F, F,F,F,F,F,F,F,F, F,F,F,F,F,F,F,F, F,F,F,F,F,F,F,F
12:56:39| 4 | GetSupportedPIDS | Mode1-ECUE8:128-80_80-0A0: F,F,F,F,F,F,F,F, F,F,F,F,F,F,F,F, F,F,F,F,F,F,F,F, F,F,F,F,F,F,F,F
12:56:39| 4 | GetSupportedPIDS | Mode1-ECUE8:160-A0_A0-0C0: F,F,F,F,F,F,F,F, F,F,F,F,F,F,F,F, F,F,F,F,F,F,F,F, F,F,F,F,F,F,F,F
12:56:39| 4 | GetSupportedPIDS | Mode1-ECUE8:192-C0_C0-0E0: F,F,F,F,F,F,F,F, F,F,F,F,F,F,F,F, F,F,F,F,F,F,F,F, F,F,F,F,F,F,F,F
12:56:39| 4 | GetSupportedPIDS | Mode1-ECUE8:224-E0_E0-100: F,F,F,F,F,F,F,F, F,F,F,F,F,F,F,F, F,F,F,F,F,F,F,F, F,F,F,F,F,F,F,F  (T:038 F:218)
12:56:39| ... LogBitArray | 8
12:56:39| 2 | GetSupportedPIDs | 1-ECUxx -------------- 0,1,2,3,4,5,6,7, 8,9,A,B,C,D,E,F, G,H,I,J,K,L,M,N, O,P,Q,R,S,T,U,V
12:56:39| 2 | GetSupportedPIDs | 1-ECUxx 000-00_00-020: T,T,F,T,T,T,T,T, F,F,F,F,T,T,T,T, T,T,T,T,F,T,F,F, F,F,F,F,T,F,F,T
12:56:39| 2 | GetSupportedPIDs | 1-ECUxx 032-20_20-040: T,T,F,F,T,F,F,F, F,F,F,F,F,F,F,F, T,T,F,T,T,F,F,F, F,F,F,F,T,F,T,F
12:56:39| 2 | GetSupportedPIDs | 1-ECUxx 064-40_40-060: T,F,T,T,T,T,F,T, F,T,T,F,T,T,T,F, F,F,F,F,F,F,F,F, F,F,F,F,F,F,F,F
12:56:39| 2 | GetSupportedPIDs | 1-ECUxx 096-60_60-080: F,F,F,F,F,F,F,F, F,F,F,F,F,F,F,F, F,F,F,F,F,F,F,F, F,F,F,F,F,F,F,F
12:56:39| 2 | GetSupportedPIDs | 1-ECUxx 128-80_80-0A0: F,F,F,F,F,F,F,F, F,F,F,F,F,F,F,F, F,F,F,F,F,F,F,F, F,F,F,F,F,F,F,F
12:56:39| 2 | GetSupportedPIDs | 1-ECUxx 160-A0_A0-0C0: F,F,F,F,F,F,F,F, F,F,F,F,F,F,F,F, F,F,F,F,F,F,F,F, F,F,F,F,F,F,F,F
12:56:39| 2 | GetSupportedPIDs | 1-ECUxx 192-C0_C0-0E0: F,F,F,F,F,F,F,F, F,F,F,F,F,F,F,F, F,F,F,F,F,F,F,F, F,F,F,F,F,F,F,F
12:56:39| 2 | GetSupportedPIDs | 1-ECUxx 224-E0_E0-100: F,F,F,F,F,F,F,F, F,F,F,F,F,F,F,F, F,F,F,F,F,F,F,F, F,F,F,F,F,F,F,F  (T:038 F:218)
12:56:39| ... LogBitArray | 8
12:56:39| GetSupportedPIDs | PIDCnt-1-E8:038  (TPC:38)
12:56:39| ... DictValueSortDesc
12:56:39| DVSD | E8:038->E8:038
12:56:39| GetSupportedPIDs | Mode:1 PIDs-'038:00 01 03 04 05 06 07 0C 0D 0E 0F 10 11 12 13 15 1C 1F 20 21 24 30 31 33 34 3C 3E 40 42 43 44 45 47 49 4A 4C 4D 4E
12:56:39|  GetSupportedPIDs | Ending ... Success:TrueTrueTrue 1-E8:038
12:56:39| ReleaseDAD |  Starting ... Cnt:00010,01 (Connect)
12:56:39| ... ReleaseDAD | Success ... Cnt:00010,00 Opn:T (Connect, Connect)
12:56:39| ... Connect | 2
12:56:39| ... SetupVehicleIsLinked
12:56:39| ... GetCallingProcedure | Connect_OBD
12:56:39| ... GetCallingProcedure | lVehiculoLink
12:56:39| ... GetCallingProcedure | VehiculoLink
12:56:39| SVLI | VehicleIsLinked:'True'->'?'  (Connect_OBD,lVehiculoLink,VehiculoLink)
12:56:39| ... SetupVehicleIsLinked
12:56:39| ... GetCallingProcedure | Connect_OBD
12:56:39| ... GetCallingProcedure | lVehiculoLink
12:56:39| ... GetCallingProcedure | VehiculoLink
12:56:39| SVLI | VehicleIsLinked:'?'->'True'  (Connect_OBD,lVehiculoLink,VehiculoLink)
12:56:39| ... Connect | 3 | Connect_Succeeded = True
12:56:39| ... MyLastResult | Success,Unknown,?->True
12:56:39| Connect | Rslt:True EECUID:E8 ECUs:1-(E8:038->E8:038,) Prot:'CAN11', 'CAN11' PC:38  (Success,Unknown,?->True, 14.67) (lVehiculoLink,VehiculoLink,VehTest)
12:56:39| ... DecrementActiveCount | 0
12:56:39| ... GetCallingProcedure | OpusIMCleanOBDdrv.Module1:Connect_OBD
12:56:39| ... GetCallingProcedure | OpusIMCleanOBDdrv.Module1:lVehiculoLink
12:56:39| ... GetCallingProcedure | OpusIMCleanOBDdrv.IMCleanOBD:VehiculoLink
12:56:39| ... LocalDecrementActiveCount | 0
12:56:39|  
12:56:39| ... Get MON >>>-----------------------------------------------------------------------
12:56:39| ... SetupMyLastCommResult: ConditionsNotCorrect
12:56:39| ... DoDad | Action: System.Action | tag: GetModePID(01, 01) - Readiness, DTC count, MIL
12:56:39| ... GetCallingProcedure | lVehiculoLink
12:56:39| ... GetCallingProcedure | VehiculoLink
12:56:39| ... GetCallingProcedure | VehTest
12:56:39| DoDad-01 | GetModePID(01, 01) - Readiness, DTC count, MIL (Open:True,999.99 | lVehiculoLink,VehiculoLink,VehTest)
12:56:39| DoDad-01  ClearCommandLog ...
12:56:39| DoDad-01  Invoke ... (GetModePID(01, 01) - Readiness, DTC count, MIL)
12:56:40| DoDad-01  Invoke ... (GetModePID(01, 01) - Readiness, DTC count, MIL)  (656)
12:56:40| DoDad-01  CommandLog.Length ...
12:56:40| DoDad-01  CommandLog ... (0)
12:56:40| DoDad-01-CommandLog-Len:173 Siz:173 | iStart: 0
12:56:40| DoDad-01  SerialData.Length ... (371)
12:56:40| DoDad-01 | GetModePID(01, 01) - Readiness, DTC count, MIL-SLL:00371,00371-CF:F-DLLInfo:'DAD_DLL_VERSION_16.12.25.0 .. 3.0.7.0'
                    -  DAD_DLL_VERSION_16.12.25.0
                    -  31,TX MSG,ICAN11bt500,00 00 07 DF 01 01 
                    -  31,RX QRY,ICAN11bt500,Delay: 100
                    -  140,RX MSG,ICAN11bt500,00 00 07 DF 
                    -  140,RX MSG,ICAN11bt500,00 00 07 E8 41 01 00 07 21 00 
                    -  140,RX QRY,ICAN11bt500,Delay: 100
                    -  250,RX QRY,ICAN11bt500,Delay: 100
                    -  359,RX QRY,ICAN11bt500,Delay: 100
                    -  468,RX QRY,ICAN11bt500,Delay: 100
                    -  578,RX QRY,ICAN11bt500,Delay: 100
                    (0.656 s,F) GetModePID(01, 01) - Readiness, DTC count, MIL | NoEOL
12:56:40| DECODE_Bus: DAD_DLL_VERSION_16.12.25.0
3.0.7.0

31,TX MSG,ICAN11bt500,00 00 07 DF 01 01 
140,RX MSG,ICAN11bt500,00 00 07 DF 
140,RX MSG,ICAN11bt500,00 00 07 E8 41 01 00 07 21 00 

12:56:40| DECODE_MIL: 00 00 07 E8 41 01 00 07 21 00
12:56:40| zipESP: 00 00 07 E8 41 01 00 07 21 00 | 000007E8410100072100
12:56:40| DECODE_MIL dato: 00072100
12:56:40| Status: 00072100
12:56:40| A: 00 | 0 | 00000000
12:56:40| B: 07 | 7 | 00000111
12:56:40| C: 21 | 33 | 00100001
12:56:40| D: 00 | 0 | 00000000
12:56:40| sr | Get MON: 0 | 1
12:56:40|  
12:56:40| ... Get DTC >>>-----------------------------------------------------------------------
12:56:40| ... SetupMyLastCommResult: ConditionsNotCorrect
12:56:40| ... DoDad | Action: System.Action | tag: GetModePID(03, 00) - DTC count, MIL
12:56:40| ... GetCallingProcedure | lVehiculoLink
12:56:40| ... GetCallingProcedure | VehiculoLink
12:56:40| ... GetCallingProcedure | VehTest
12:56:40| DoDad-01 | GetModePID(03, 00) - DTC count, MIL (Open:True,999.99 | lVehiculoLink,VehiculoLink,VehTest)
12:56:40| DoDad-01  ClearCommandLog ...
12:56:40| DoDad-01  Invoke ... (GetModePID(03, 00) - DTC count, MIL)
12:56:41| DoDad-01  Invoke ... (GetModePID(03, 00) - DTC count, MIL)  (656)
12:56:41| DoDad-01  CommandLog.Length ...
12:56:41| DoDad-01  CommandLog ... (0)
12:56:41| DoDad-01-CommandLog-Len:158 Siz:158 | iStart: 0
12:56:41| DoDad-01  SerialData.Length ... (356)
12:56:41| DoDad-01 | GetModePID(03, 00) - DTC count, MIL-SLL:00356,00356-CF:F-DLLInfo:'DAD_DLL_VERSION_16.12.25.0 .. 3.0.7.0'
                    -  DAD_DLL_VERSION_16.12.25.0
                    -  31,TX MSG,ICAN11bt500,00 00 07 DF 03 
                    -  31,RX QRY,ICAN11bt500,Delay: 100
                    -  140,RX MSG,ICAN11bt500,00 00 07 DF 
                    -  140,RX MSG,ICAN11bt500,00 00 07 E8 43 00 
                    -  140,RX QRY,ICAN11bt500,Delay: 100
                    -  250,RX QRY,ICAN11bt500,Delay: 100
                    -  359,RX QRY,ICAN11bt500,Delay: 100
                    -  468,RX QRY,ICAN11bt500,Delay: 100
                    -  578,RX QRY,ICAN11bt500,Delay: 100
                    (0.656 s,F) GetModePID(03, 00) - DTC count, MIL | NoEOL
12:56:41| DECODE_Bus: DAD_DLL_VERSION_16.12.25.0
3.0.7.0

31,TX MSG,ICAN11bt500,00 00 07 DF 03 
140,RX MSG,ICAN11bt500,00 00 07 DF 
140,RX MSG,ICAN11bt500,00 00 07 E8 43 00 

12:56:41| ... DECODE_DTC: 00 00 07 E8 43 00
12:56:41| zipESP: 00 00 07 E8 43 00 | 000007E84300
12:56:41| sr | Get DTC: 0 | 1
12:56:41|  
12:56:41| ... (01, 1F) Tmp. Encendido >>>-----------------------------------------------------------------------
12:56:41| ... SetupMyLastCommResult: ConditionsNotCorrect
12:56:41| ... DoDad | Action: System.Action | tag: GetModePID(01, 1F) - Tmp. Encendido
12:56:41| ... GetCallingProcedure | lVehiculoLink
12:56:41| ... GetCallingProcedure | VehiculoLink
12:56:41| ... GetCallingProcedure | VehTest
12:56:41| DoDad-01 | GetModePID(01, 1F) - Tmp. Encendido (Open:True,999.99 | lVehiculoLink,VehiculoLink,VehTest)
12:56:41| DoDad-01  ClearCommandLog ...
12:56:41| DoDad-01  Invoke ... (GetModePID(01, 1F) - Tmp. Encendido)
12:56:41| DoDad-01  Invoke ... (GetModePID(01, 1F) - Tmp. Encendido)  (687)
12:56:41| DoDad-01  CommandLog.Length ...
12:56:41| DoDad-01  CommandLog ... (0)
12:56:41| DoDad-01-CommandLog-Len:167 Siz:167 | iStart: 0
12:56:41| DoDad-01  SerialData.Length ... (365)
12:56:41| DoDad-01 | GetModePID(01, 1F) - Tmp. Encendido-SLL:00365,00365-CF:F-DLLInfo:'DAD_DLL_VERSION_16.12.25.0 .. 3.0.7.0'
                    -  DAD_DLL_VERSION_16.12.25.0
                    -  31,TX MSG,ICAN11bt500,00 00 07 DF 01 1F 
                    -  31,RX QRY,ICAN11bt500,Delay: 100
                    -  140,RX MSG,ICAN11bt500,00 00 07 DF 
                    -  140,RX MSG,ICAN11bt500,00 00 07 E8 41 1F 00 19 
                    -  140,RX QRY,ICAN11bt500,Delay: 100
                    -  254,RX QRY,ICAN11bt500,Delay: 100
                    -  363,RX QRY,ICAN11bt500,Delay: 100
                    -  472,RX QRY,ICAN11bt500,Delay: 100
                    -  582,RX QRY,ICAN11bt500,Delay: 100
                    (0.676 s,F) GetModePID(01, 1F) - Tmp. Encendido | NoEOL
12:56:41| DECODE_Bus: DAD_DLL_VERSION_16.12.25.0
3.0.7.0

31,TX MSG,ICAN11bt500,00 00 07 DF 01 1F 
140,RX MSG,ICAN11bt500,00 00 07 DF 
140,RX MSG,ICAN11bt500,00 00 07 E8 41 1F 00 19 

12:56:41| sr | Tmp. Encendido: 0 | 1
12:56:41|  
12:56:41| ... (01, 21) Distancia MIL >>>-----------------------------------------------------------------------
12:56:41| ... SetupMyLastCommResult: ConditionsNotCorrect
12:56:42| ... DoDad | Action: System.Action | tag: GetModePID(01, 21) - Distancia MIL
12:56:42| ... GetCallingProcedure | lVehiculoLink
12:56:42| ... GetCallingProcedure | VehiculoLink
12:56:42| ... GetCallingProcedure | VehTest
12:56:42| DoDad-01 | GetModePID(01, 21) - Distancia MIL (Open:True,999.99 | lVehiculoLink,VehiculoLink,VehTest)
12:56:42| DoDad-01  ClearCommandLog ...
12:56:42| DoDad-01  Invoke ... (GetModePID(01, 21) - Distancia MIL)
12:56:42| DoDad-01  Invoke ... (GetModePID(01, 21) - Distancia MIL)  (656)
12:56:42| DoDad-01  CommandLog.Length ...
12:56:42| DoDad-01  CommandLog ... (0)
12:56:42| DoDad-01-CommandLog-Len:167 Siz:167 | iStart: 0
12:56:42| DoDad-01  SerialData.Length ... (365)
12:56:42| DoDad-01 | GetModePID(01, 21) - Distancia MIL-SLL:00365,00365-CF:F-DLLInfo:'DAD_DLL_VERSION_16.12.25.0 .. 3.0.7.0'
                    -  DAD_DLL_VERSION_16.12.25.0
                    -  31,TX MSG,ICAN11bt500,00 00 07 DF 01 15 
                    -  31,RX QRY,ICAN11bt500,Delay: 100
                    -  140,RX MSG,ICAN11bt500,00 00 07 DF 
                    -  140,RX MSG,ICAN11bt500,00 00 07 E8 41 15 9C FF 
                    -  140,RX QRY,ICAN11bt500,Delay: 100
                    -  250,RX QRY,ICAN11bt500,Delay: 100
                    -  359,RX QRY,ICAN11bt500,Delay: 100
                    -  468,RX QRY,ICAN11bt500,Delay: 100
                    -  578,RX QRY,ICAN11bt500,Delay: 100
                    (0.656 s,F) GetModePID(01, 21) - Distancia MIL | NoEOL
12:56:42| DECODE_Bus: DAD_DLL_VERSION_16.12.25.0
3.0.7.0

31,TX MSG,ICAN11bt500,00 00 07 DF 01 15 
140,RX MSG,ICAN11bt500,00 00 07 DF 
140,RX MSG,ICAN11bt500,00 00 07 E8 41 15 9C FF 

12:56:42| sr | Distancia MIL: 0 | 1
12:56:42|  
12:56:42| ... (01, 31) Distancia MIL Borrada >>>-----------------------------------------------------------------------
12:56:42| ... SetupMyLastCommResult: ConditionsNotCorrect
12:56:42| ... DoDad | Action: System.Action | tag: GetModePID(01, 31) - Distancia MIL Borrada
12:56:42| ... GetCallingProcedure | lVehiculoLink
12:56:42| ... GetCallingProcedure | VehiculoLink
12:56:42| ... GetCallingProcedure | VehTest
12:56:42| DoDad-01 | GetModePID(01, 31) - Distancia MIL Borrada (Open:True,999.99 | lVehiculoLink,VehiculoLink,VehTest)
12:56:42| DoDad-01  ClearCommandLog ...
12:56:42| DoDad-01  Invoke ... (GetModePID(01, 31) - Distancia MIL Borrada)
12:56:43| DoDad-01  Invoke ... (GetModePID(01, 31) - Distancia MIL Borrada)  (672)
12:56:43| DoDad-01  CommandLog.Length ...
12:56:43| DoDad-01  CommandLog ... (0)
12:56:43| DoDad-01-CommandLog-Len:167 Siz:167 | iStart: 0
12:56:43| DoDad-01  SerialData.Length ... (365)
12:56:43| DoDad-01 | GetModePID(01, 31) - Distancia MIL Borrada-SLL:00365,00365-CF:F-DLLInfo:'DAD_DLL_VERSION_16.12.25.0 .. 3.0.7.0'
                    -  DAD_DLL_VERSION_16.12.25.0
                    -  31,TX MSG,ICAN11bt500,00 00 07 DF 01 1F 
                    -  31,RX QRY,ICAN11bt500,Delay: 100
                    -  140,RX MSG,ICAN11bt500,00 00 07 DF 
                    -  140,RX MSG,ICAN11bt500,00 00 07 E8 41 1F 00 1A 
                    -  140,RX QRY,ICAN11bt500,Delay: 100
                    -  250,RX QRY,ICAN11bt500,Delay: 100
                    -  359,RX QRY,ICAN11bt500,Delay: 100
                    -  468,RX QRY,ICAN11bt500,Delay: 100
                    -  578,RX QRY,ICAN11bt500,Delay: 100
                    (0.678 s,F) GetModePID(01, 31) - Distancia MIL Borrada | NoEOL
12:56:43| DECODE_Bus: DAD_DLL_VERSION_16.12.25.0
3.0.7.0

31,TX MSG,ICAN11bt500,00 00 07 DF 01 1F 
140,RX MSG,ICAN11bt500,00 00 07 DF 
140,RX MSG,ICAN11bt500,00 00 07 E8 41 1F 00 1A 

12:56:43| sr | Distancia MIL Borrada: 0 | 1
12:56:43|  
12:56:43| ... (01, 33) Presion Barometrica Kpa >>>-----------------------------------------------------------------------
12:56:43| ... SetupMyLastCommResult: ConditionsNotCorrect
12:56:43| ... DoDad | Action: System.Action | tag: GetModePID(01, 33) - Presion Barometrica Kpa
12:56:43| ... GetCallingProcedure | lVehiculoLink
12:56:43| ... GetCallingProcedure | VehiculoLink
12:56:43| ... GetCallingProcedure | VehTest
12:56:43| DoDad-01 | GetModePID(01, 33) - Presion Barometrica Kpa (Open:True,999.99 | lVehiculoLink,VehiculoLink,VehTest)
12:56:43| DoDad-01  ClearCommandLog ...
12:56:43| DoDad-01  Invoke ... (GetModePID(01, 33) - Presion Barometrica Kpa)
12:56:44| DoDad-01  Invoke ... (GetModePID(01, 33) - Presion Barometrica Kpa)  (656)
12:56:44| DoDad-01  CommandLog.Length ...
12:56:44| DoDad-01  CommandLog ... (0)
12:56:44| DoDad-01-CommandLog-Len:167 Siz:167 | iStart: 0
12:56:44| DoDad-01  SerialData.Length ... (365)
12:56:44| DoDad-01 | GetModePID(01, 33) - Presion Barometrica Kpa-SLL:00365,00365-CF:F-DLLInfo:'DAD_DLL_VERSION_16.12.25.0 .. 3.0.7.0'
                    -  DAD_DLL_VERSION_16.12.25.0
                    -  31,TX MSG,ICAN11bt500,00 00 07 DF 01 21 
                    -  31,RX QRY,ICAN11bt500,Delay: 100
                    -  140,RX MSG,ICAN11bt500,00 00 07 DF 
                    -  140,RX MSG,ICAN11bt500,00 00 07 E8 41 21 00 00 
                    -  140,RX QRY,ICAN11bt500,Delay: 100
                    -  250,RX QRY,ICAN11bt500,Delay: 100
                    -  359,RX QRY,ICAN11bt500,Delay: 100
                    -  468,RX QRY,ICAN11bt500,Delay: 100
                    -  578,RX QRY,ICAN11bt500,Delay: 100
                    (0.657 s,F) GetModePID(01, 33) - Presion Barometrica Kpa | NoEOL
12:56:44| DECODE_Bus: DAD_DLL_VERSION_16.12.25.0
3.0.7.0

31,TX MSG,ICAN11bt500,00 00 07 DF 01 21 
140,RX MSG,ICAN11bt500,00 00 07 DF 
140,RX MSG,ICAN11bt500,00 00 07 E8 41 21 00 00 

12:56:44| sr | Presion Barometrica Kpa: 0 | 1
12:56:44|  
12:56:44| ... (01, 4D) Tmp MIL on >>>-----------------------------------------------------------------------
12:56:44| ... SetupMyLastCommResult: ConditionsNotCorrect
12:56:44| ... DoDad | Action: System.Action | tag: GetModePID(01, 4D) - Tmp MIL on
12:56:44| ... GetCallingProcedure | lVehiculoLink
12:56:44| ... GetCallingProcedure | VehiculoLink
12:56:44| ... GetCallingProcedure | VehTest
12:56:44| DoDad-01 | GetModePID(01, 4D) - Tmp MIL on (Open:True,999.99 | lVehiculoLink,VehiculoLink,VehTest)
12:56:44| DoDad-01  ClearCommandLog ...
12:56:44| DoDad-01  Invoke ... (GetModePID(01, 4D) - Tmp MIL on)
12:56:44| DoDad-01  Invoke ... (GetModePID(01, 4D) - Tmp MIL on)  (672)
12:56:44| DoDad-01  CommandLog.Length ...
12:56:44| DoDad-01  CommandLog ... (0)
12:56:44| DoDad-01-CommandLog-Len:167 Siz:167 | iStart: 0
12:56:44| DoDad-01  SerialData.Length ... (365)
12:56:44| DoDad-01 | GetModePID(01, 4D) - Tmp MIL on-SLL:00365,00365-CF:F-DLLInfo:'DAD_DLL_VERSION_16.12.25.0 .. 3.0.7.0'
                    -  DAD_DLL_VERSION_16.12.25.0
                    -  31,TX MSG,ICAN11bt500,00 00 07 DF 01 4D 
                    -  31,RX QRY,ICAN11bt500,Delay: 100
                    -  140,RX MSG,ICAN11bt500,00 00 07 DF 
                    -  140,RX MSG,ICAN11bt500,00 00 07 E8 41 4D 00 00 
                    -  140,RX QRY,ICAN11bt500,Delay: 100
                    -  250,RX QRY,ICAN11bt500,Delay: 100
                    -  359,RX QRY,ICAN11bt500,Delay: 100
                    -  468,RX QRY,ICAN11bt500,Delay: 100
                    -  584,RX QRY,ICAN11bt500,Delay: 100
                    (0.666 s,F) GetModePID(01, 4D) - Tmp MIL on | NoEOL
12:56:44| DECODE_Bus: DAD_DLL_VERSION_16.12.25.0
3.0.7.0

31,TX MSG,ICAN11bt500,00 00 07 DF 01 4D 
140,RX MSG,ICAN11bt500,00 00 07 DF 
140,RX MSG,ICAN11bt500,00 00 07 E8 41 4D 00 00 

12:56:44| sr | Tmp MIL on: 0 | 1
12:56:44|  
12:56:44| ... (01, 51) Tipo Combustible >>>-----------------------------------------------------------------------
12:56:44| ... SetupMyLastCommResult: ConditionsNotCorrect
12:56:44| ... DoDad | Action: System.Action | tag: GetModePID(01, 51) - Tipo Combustible
12:56:44| ... GetCallingProcedure | lVehiculoLink
12:56:44| ... GetCallingProcedure | VehiculoLink
12:56:44| ... GetCallingProcedure | VehTest
12:56:44| DoDad-01 | GetModePID(01, 51) - Tipo Combustible (Open:True,999.99 | lVehiculoLink,VehiculoLink,VehTest)
12:56:44| DoDad-01  ClearCommandLog ...
12:56:44| DoDad-01  Invoke ... (GetModePID(01, 51) - Tipo Combustible)
12:56:45| DoDad-01  Invoke ... (GetModePID(01, 51) - Tipo Combustible)  (656)
12:56:45| DoDad-01  CommandLog.Length ...
12:56:45| DoDad-01  CommandLog ... (0)
12:56:45| DoDad-01-CommandLog-Len:164 Siz:164 | iStart: 0
12:56:45| DoDad-01  SerialData.Length ... (362)
12:56:45| DoDad-01 | GetModePID(01, 51) - Tipo Combustible-SLL:00362,00362-CF:F-DLLInfo:'DAD_DLL_VERSION_16.12.25.0 .. 3.0.7.0'
                    -  DAD_DLL_VERSION_16.12.25.0
                    -  31,TX MSG,ICAN11bt500,00 00 07 DF 01 33 
                    -  31,RX QRY,ICAN11bt500,Delay: 100
                    -  140,RX MSG,ICAN11bt500,00 00 07 DF 
                    -  140,RX MSG,ICAN11bt500,00 00 07 E8 41 33 57 
                    -  140,RX QRY,ICAN11bt500,Delay: 100
                    -  250,RX QRY,ICAN11bt500,Delay: 100
                    -  359,RX QRY,ICAN11bt500,Delay: 100
                    -  469,RX QRY,ICAN11bt500,Delay: 100
                    -  578,RX QRY,ICAN11bt500,Delay: 100
                    (0.657 s,F) GetModePID(01, 51) - Tipo Combustible | NoEOL
12:56:45| DECODE_Bus: DAD_DLL_VERSION_16.12.25.0
3.0.7.0

31,TX MSG,ICAN11bt500,00 00 07 DF 01 33 
140,RX MSG,ICAN11bt500,00 00 07 DF 
140,RX MSG,ICAN11bt500,00 00 07 E8 41 33 57 

12:56:45| sr | Tipo Combustible: 0 | 1
12:56:45|  
12:56:45| ... (01, 7F) Tmp Marcha Motor >>>-----------------------------------------------------------------------
12:56:45| ... SetupMyLastCommResult: ConditionsNotCorrect
12:56:45| ... DoDad | Action: System.Action | tag: GetModePID(01, 7F) - Tmp Marcha Motor
12:56:45| ... GetCallingProcedure | lVehiculoLink
12:56:45| ... GetCallingProcedure | VehiculoLink
12:56:45| ... GetCallingProcedure | VehTest
12:56:45| DoDad-01 | GetModePID(01, 7F) - Tmp Marcha Motor (Open:True,999.99 | lVehiculoLink,VehiculoLink,VehTest)
12:56:45| DoDad-01  ClearCommandLog ...
12:56:45| DoDad-01  Invoke ... (GetModePID(01, 7F) - Tmp Marcha Motor)
12:56:46| DoDad-01  Invoke ... (GetModePID(01, 7F) - Tmp Marcha Motor)  (656)
12:56:46| DoDad-01  CommandLog.Length ...
12:56:46| DoDad-01  CommandLog ... (0)
12:56:46| DoDad-01-CommandLog-Len:118 Siz:118 | iStart: 0
12:56:46| DoDad-01  SerialData.Length ... (316)
12:56:46| DoDad-01 | GetModePID(01, 7F) - Tmp Marcha Motor-SLL:00316,00316-CF:F-DLLInfo:'DAD_DLL_VERSION_16.12.25.0 .. 3.0.7.0'
                    -  DAD_DLL_VERSION_16.12.25.0
                    -  31,TX MSG,ICAN11bt500,00 00 07 DF 01 7F 
                    -  31,RX QRY,ICAN11bt500,Delay: 100
                    -  140,RX MSG,ICAN11bt500,00 00 07 DF 
                    -  140,RX QRY,ICAN11bt500,Delay: 100
                    -  250,RX QRY,ICAN11bt500,Delay: 100
                    -  359,RX QRY,ICAN11bt500,Delay: 100
                    -  468,RX QRY,ICAN11bt500,Delay: 100
                    -  578,RX QRY,ICAN11bt500,Delay: 100
                    (0.657 s,F) GetModePID(01, 7F) - Tmp Marcha Motor | NoEOL
12:56:46|  
12:56:46| ... (09, 04) Cal ID >>>-----------------------------------------------------------------------
12:56:46| ... SetupMyLastCommResult: ConditionsNotCorrect
12:56:46| ... DoDad | Action: System.Action | tag: GetModePID(09, 04) - Cal ID
12:56:46| ... GetCallingProcedure | lVehiculoLink
12:56:46| ... GetCallingProcedure | VehiculoLink
12:56:46| ... GetCallingProcedure | VehTest
12:56:46| DoDad-01 | GetModePID(09, 04) - Cal ID (Open:True,999.99 | lVehiculoLink,VehiculoLink,VehTest)
12:56:46| DoDad-01  ClearCommandLog ...
12:56:46| DoDad-01  Invoke ... (GetModePID(09, 04) - Cal ID)
12:56:47| DoDad-01  Invoke ... (GetModePID(09, 04) - Cal ID)  (657)
12:56:47| DoDad-01  CommandLog.Length ...
12:56:47| DoDad-01  CommandLog ... (0)
12:56:47| DoDad-01-CommandLog-Len:249 Siz:249 | iStart: 0
12:56:47| DoDad-01  SerialData.Length ... (447)
12:56:47| DoDad-01 | GetModePID(09, 04) - Cal ID-SLL:00447,00447-CF:F-DLLInfo:'DAD_DLL_VERSION_16.12.25.0 .. 3.0.7.0'
                    -  DAD_DLL_VERSION_16.12.25.0
                    -  31,TX MSG,ICAN11bt500,00 00 07 DF 09 04 
                    -  31,RX QRY,ICAN11bt500,Delay: 100
                    -  140,RX MSG,ICAN11bt500,00 00 07 DF 
                    -  140,RX MSG,ICAN11bt500,00 00 07 E8 
                    -  140,RX MSG,ICAN11bt500,00 00 07 E8 49 04 01 33 32 36 43 32 30 30 30 00 00 00 00 00 00 00 00 
                    -  140,RX QRY,ICAN11bt500,Delay: 100
                    -  250,RX QRY,ICAN11bt500,Delay: 100
                    -  359,RX QRY,ICAN11bt500,Delay: 100
                    -  468,RX QRY,ICAN11bt500,Delay: 100
                    -  578,RX QRY,ICAN11bt500,Delay: 100
                    (0.675 s,F) GetModePID(09, 04) - Cal ID | NoEOL
12:56:47| DECODE_Bus: DAD_DLL_VERSION_16.12.25.0
3.0.7.0

31,TX MSG,ICAN11bt500,00 00 07 DF 09 04 
140,RX MSG,ICAN11bt500,00 00 07 DF 
140,RX MSG,ICAN11bt500,00 00 07 E8 
140,RX MSG,ICAN11bt500,00 00 07 E8 49 04 01 33 32 36 43 32 30 30 30 00 00 00 00 00 00 00 00 

12:56:47| sr | Cal ID: 0 | 1
12:56:47|  
12:56:47| ... Get VIN >>>-----------------------------------------------------------------------
12:56:47| DAD_DLL_VERSION_16.12.25.0
3.0.7.0

31,TX MSG,ICAN11bt500,00 00 07 DF 09 04 
140,RX MSG,ICAN11bt500,00 00 07 DF 
140,RX MSG,ICAN11bt500,00 00 07 E8 
140,RX MSG,ICAN11bt500,00 00 07 E8 49 04 01 33 32 36 43 32 30 30 30 00 00 00 00 00 00 00 00 
737,TX MSG,ICAN11bt500,00 00 07 DF 09 02 
847,RX MSG,ICAN11bt500,00 00 07 DF 
847,RX MSG,ICAN11bt500,00 00 07 E8 7F 09 22 

12:56:47| SR: 0 | 1
12:56:47| ... GetEcuIdFromAddress
12:56:47| ... ByteArrayToHexString | 7F 09 22
12:56:47| GetVIN | ECU:E8  DLen:003 (7F 09 22)
12:56:47| ... ByteArrayToHexString | 7F,09,22
12:56:47| ... CheckForNAK | Ret:True  Len:3  Buf:7F,09,22  SID:09  PID:02  Prot:'CAN11'
12:56:47| DECODE_Bus: DAD_DLL_VERSION_16.12.25.0
3.0.7.0

31,TX MSG,ICAN11bt500,00 00 07 DF 09 04 
140,RX MSG,ICAN11bt500,00 00 07 DF 
140,RX MSG,ICAN11bt500,00 00 07 E8 
140,RX MSG,ICAN11bt500,00 00 07 E8 49 04 01 33 32 36 43 32 30 30 30 00 00 00 00 00 00 00 00 
737,TX MSG,ICAN11bt500,00 00 07 DF 09 02 
847,RX MSG,ICAN11bt500,00 00 07 DF 
847,RX MSG,ICAN11bt500,00 00 07 E8 7F 09 22 

12:56:47|  
12:56:47| ... Get VOLTAJES >>>-----------------------------------------------------------------------
12:56:47| ... SetupMyLastCommResult: ConditionsNotCorrect
12:56:47| ... DoDad | Action: System.Action | tag: GetModePID(01, 42) - Voltaje
12:56:47| ... GetCallingProcedure | lVehiculoLink
12:56:47| ... GetCallingProcedure | VehiculoLink
12:56:47| ... GetCallingProcedure | VehTest
12:56:47| DoDad-01 | GetModePID(01, 42) - Voltaje (Open:True,999.99 | lVehiculoLink,VehiculoLink,VehTest)
12:56:47| DoDad-01  ClearCommandLog ...
12:56:47| DoDad-01  Invoke ... (GetModePID(01, 42) - Voltaje)
12:56:48| DoDad-01  Invoke ... (GetModePID(01, 42) - Voltaje)  (656)
12:56:48| DoDad-01  CommandLog.Length ...
12:56:48| DoDad-01  CommandLog ... (0)
12:56:48| DoDad-01-CommandLog-Len:118 Siz:118 | iStart: 0
12:56:48| DoDad-01  SerialData.Length ... (316)
12:56:48| DoDad-01 | GetModePID(01, 42) - Voltaje-SLL:00316,00316-CF:F-DLLInfo:'DAD_DLL_VERSION_16.12.25.0 .. 3.0.7.0'
                    -  DAD_DLL_VERSION_16.12.25.0
                    -  31,TX MSG,ICAN11bt500,00 00 07 DF 01 2A 
                    -  31,RX QRY,ICAN11bt500,Delay: 100
                    -  140,RX MSG,ICAN11bt500,00 00 07 DF 
                    -  140,RX QRY,ICAN11bt500,Delay: 100
                    -  250,RX QRY,ICAN11bt500,Delay: 100
                    -  359,RX QRY,ICAN11bt500,Delay: 100
                    -  468,RX QRY,ICAN11bt500,Delay: 100
                    -  578,RX QRY,ICAN11bt500,Delay: 100
                    (0.656 s,F) GetModePID(01, 42) - Voltaje | NoEOL
12:56:48|  
12:56:48| ... Get RPM >>>-----------------------------------------------------------------------
12:56:48| ... SetupMyLastCommResult: ConditionsNotCorrect
12:56:48| ... DoDad | Action: System.Action | tag: GetModePID(01, 0C) - DTC count, MIL
12:56:48| ... GetCallingProcedure | lVehiculoLink
12:56:48| ... GetCallingProcedure | VehiculoLink
12:56:48| ... GetCallingProcedure | VehTest
12:56:48| DoDad-01 | GetModePID(01, 0C) - DTC count, MIL (Open:True,999.99 | lVehiculoLink,VehiculoLink,VehTest)
12:56:48| DoDad-01  ClearCommandLog ...
12:56:48| DoDad-01  Invoke ... (GetModePID(01, 0C) - DTC count, MIL)
12:56:49| DoDad-01  Invoke ... (GetModePID(01, 0C) - DTC count, MIL)  (656)
12:56:49| DoDad-01  CommandLog.Length ...
12:56:49| DoDad-01  CommandLog ... (0)
12:56:49| DoDad-01-CommandLog-Len:167 Siz:167 | iStart: 0
12:56:49| DoDad-01  SerialData.Length ... (365)
12:56:49| DoDad-01 | GetModePID(01, 0C) - DTC count, MIL-SLL:00365,00365-CF:F-DLLInfo:'DAD_DLL_VERSION_16.12.25.0 .. 3.0.7.0'
                    -  DAD_DLL_VERSION_16.12.25.0
                    -  31,TX MSG,ICAN11bt500,00 00 07 DF 01 0C 
                    -  31,RX QRY,ICAN11bt500,Delay: 100
                    -  140,RX MSG,ICAN11bt500,00 00 07 DF 
                    -  140,RX MSG,ICAN11bt500,00 00 07 E8 41 0C 0A 21 
                    -  140,RX QRY,ICAN11bt500,Delay: 100
                    -  250,RX QRY,ICAN11bt500,Delay: 100
                    -  359,RX QRY,ICAN11bt500,Delay: 100
                    -  468,RX QRY,ICAN11bt500,Delay: 100
                    -  578,RX QRY,ICAN11bt500,Delay: 100
                    (0.672 s,F) GetModePID(01, 0C) - DTC count, MIL | NoEOL
12:56:49| DECODE_Bus: DAD_DLL_VERSION_16.12.25.0
3.0.7.0

31,TX MSG,ICAN11bt500,00 00 07 DF 01 0C 
140,RX MSG,ICAN11bt500,00 00 07 DF 
140,RX MSG,ICAN11bt500,00 00 07 E8 41 0C 0A 21 

12:56:49| zipESP: 00 00 07 E8 41 0C 0A 21 | 000007E8410C0A21
12:56:49| DECODE_RPM: 000007E8410C0A21
12:56:49| sr | Get RPM(1): 0 | 1
12:56:49| ... SetupMyLastCommResult: ConditionsNotCorrect
12:56:49| ... DoDad | Action: System.Action | tag: GetModePID(01, 0C) - DTC count, MIL
12:56:49| ... GetCallingProcedure | lVehiculoLink
12:56:49| ... GetCallingProcedure | VehiculoLink
12:56:49| ... GetCallingProcedure | VehTest
12:56:49| DoDad-01 | GetModePID(01, 0C) - DTC count, MIL (Open:True,999.99 | lVehiculoLink,VehiculoLink,VehTest)
12:56:49| DoDad-01  ClearCommandLog ...
12:56:49| DoDad-01  Invoke ... (GetModePID(01, 0C) - DTC count, MIL)
12:56:49| DoDad-01  Invoke ... (GetModePID(01, 0C) - DTC count, MIL)  (656)
12:56:49| DoDad-01  CommandLog.Length ...
12:56:49| DoDad-01  CommandLog ... (0)
12:56:49| DoDad-01-CommandLog-Len:167 Siz:167 | iStart: 0
12:56:49| DoDad-01  SerialData.Length ... (365)
12:56:49| DoDad-01 | GetModePID(01, 0C) - DTC count, MIL-SLL:00365,00365-CF:F-DLLInfo:'DAD_DLL_VERSION_16.12.25.0 .. 3.0.7.0'
                    -  DAD_DLL_VERSION_16.12.25.0
                    -  31,TX MSG,ICAN11bt500,00 00 07 DF 01 0C 
                    -  31,RX QRY,ICAN11bt500,Delay: 100
                    -  140,RX MSG,ICAN11bt500,00 00 07 DF 
                    -  140,RX MSG,ICAN11bt500,00 00 07 E8 41 0C 0A 1B 
                    -  140,RX QRY,ICAN11bt500,Delay: 100
                    -  250,RX QRY,ICAN11bt500,Delay: 100
                    -  359,RX QRY,ICAN11bt500,Delay: 100
                    -  468,RX QRY,ICAN11bt500,Delay: 100
                    -  578,RX QRY,ICAN11bt500,Delay: 100
                    (0.656 s,F) GetModePID(01, 0C) - DTC count, MIL | NoEOL
12:56:49| DECODE_Bus: DAD_DLL_VERSION_16.12.25.0
3.0.7.0

31,TX MSG,ICAN11bt500,00 00 07 DF 01 0C 
140,RX MSG,ICAN11bt500,00 00 07 DF 
140,RX MSG,ICAN11bt500,00 00 07 E8 41 0C 0A 1B 

12:56:49| zipESP: 00 00 07 E8 41 0C 0A 1B | 000007E8410C0A1B
12:56:49| DECODE_RPM: 000007E8410C0A1B
12:56:49| sr | Get RPM(2): 0 | 1
12:56:49| ... SetupMyLastCommResult: ConditionsNotCorrect
12:56:49| ... DoDad | Action: System.Action | tag: GetModePID(01, 0C) - DTC count, MIL
12:56:49| ... GetCallingProcedure | lVehiculoLink
12:56:49| ... GetCallingProcedure | VehiculoLink
12:56:49| ... GetCallingProcedure | VehTest
12:56:49| DoDad-01 | GetModePID(01, 0C) - DTC count, MIL (Open:True,999.99 | lVehiculoLink,VehiculoLink,VehTest)
12:56:49| DoDad-01  ClearCommandLog ...
12:56:49| DoDad-01  Invoke ... (GetModePID(01, 0C) - DTC count, MIL)
12:56:50| DoDad-01  Invoke ... (GetModePID(01, 0C) - DTC count, MIL)  (657)
12:56:50| DoDad-01  CommandLog.Length ...
12:56:50| DoDad-01  CommandLog ... (0)
12:56:50| DoDad-01-CommandLog-Len:167 Siz:167 | iStart: 0
12:56:50| DoDad-01  SerialData.Length ... (365)
12:56:50| DoDad-01 | GetModePID(01, 0C) - DTC count, MIL-SLL:00365,00365-CF:F-DLLInfo:'DAD_DLL_VERSION_16.12.25.0 .. 3.0.7.0'
                    -  DAD_DLL_VERSION_16.12.25.0
                    -  31,TX MSG,ICAN11bt500,00 00 07 DF 01 0C 
                    -  31,RX QRY,ICAN11bt500,Delay: 100
                    -  140,RX MSG,ICAN11bt500,00 00 07 DF 
                    -  140,RX MSG,ICAN11bt500,00 00 07 E8 41 0C 0A 28 
                    -  140,RX QRY,ICAN11bt500,Delay: 100
                    -  250,RX QRY,ICAN11bt500,Delay: 100
                    -  359,RX QRY,ICAN11bt500,Delay: 100
                    -  469,RX QRY,ICAN11bt500,Delay: 100
                    -  578,RX QRY,ICAN11bt500,Delay: 100
                    (0.656 s,F) GetModePID(01, 0C) - DTC count, MIL | NoEOL
12:56:50| DECODE_Bus: DAD_DLL_VERSION_16.12.25.0
3.0.7.0

31,TX MSG,ICAN11bt500,00 00 07 DF 01 0C 
140,RX MSG,ICAN11bt500,00 00 07 DF 
140,RX MSG,ICAN11bt500,00 00 07 E8 41 0C 0A 28 

12:56:50| zipESP: 00 00 07 E8 41 0C 0A 28 | 000007E8410C0A28
12:56:50| DECODE_RPM: 000007E8410C0A28
12:56:50| sr | Get RPM(3): 0 | 1
12:56:50| ... SetupMyLastCommResult: ConditionsNotCorrect
12:56:50| ... DoDad | Action: System.Action | tag: GetModePID(01, 0C) - DTC count, MIL
12:56:50| ... GetCallingProcedure | lVehiculoLink
12:56:50| ... GetCallingProcedure | VehiculoLink
12:56:50| ... GetCallingProcedure | VehTest
12:56:50| DoDad-01 | GetModePID(01, 0C) - DTC count, MIL (Open:True,999.99 | lVehiculoLink,VehiculoLink,VehTest)
12:56:50| DoDad-01  ClearCommandLog ...
12:56:50| DoDad-01  Invoke ... (GetModePID(01, 0C) - DTC count, MIL)
12:56:51| DoDad-01  Invoke ... (GetModePID(01, 0C) - DTC count, MIL)  (641)
12:56:51| DoDad-01  CommandLog.Length ...
12:56:51| DoDad-01  CommandLog ... (0)
12:56:51| DoDad-01-CommandLog-Len:167 Siz:167 | iStart: 0
12:56:51| DoDad-01  SerialData.Length ... (365)
12:56:51| DoDad-01 | GetModePID(01, 0C) - DTC count, MIL-SLL:00365,00365-CF:F-DLLInfo:'DAD_DLL_VERSION_16.12.25.0 .. 3.0.7.0'
                    -  DAD_DLL_VERSION_16.12.25.0
                    -  31,TX MSG,ICAN11bt500,00 00 07 DF 01 0C 
                    -  31,RX QRY,ICAN11bt500,Delay: 100
                    -  140,RX MSG,ICAN11bt500,00 00 07 DF 
                    -  140,RX MSG,ICAN11bt500,00 00 07 E8 41 0C 0A 24 
                    -  140,RX QRY,ICAN11bt500,Delay: 100
                    -  250,RX QRY,ICAN11bt500,Delay: 100
                    -  359,RX QRY,ICAN11bt500,Delay: 100
                    -  469,RX QRY,ICAN11bt500,Delay: 100
                    -  570,RX QRY,ICAN11bt500,Delay: 100
                    (0.664 s,F) GetModePID(01, 0C) - DTC count, MIL | NoEOL
12:56:51| DECODE_Bus: DAD_DLL_VERSION_16.12.25.0
3.0.7.0

31,TX MSG,ICAN11bt500,00 00 07 DF 01 0C 
140,RX MSG,ICAN11bt500,00 00 07 DF 
140,RX MSG,ICAN11bt500,00 00 07 E8 41 0C 0A 24 

12:56:51| zipESP: 00 00 07 E8 41 0C 0A 24 | 000007E8410C0A24
12:56:51| DECODE_RPM: 000007E8410C0A24
12:56:51| sr | Get RPM(4): 0 | 1
12:56:51| Success
12:56:51| InitIMCleanDevice | DeviceVoltage:12.9
12:56:51| InitIMCleanDevice | DeviceVoltageDLC:13.4
12:56:51| ... >>>-----------------------------------------------------------------------
12:56:51| ... >>>-----------------------------------------------------------------------
12:56:51| VIN: 
12:56:51| MON: Mil:0| Msi:110 | Ccm:110 | Cmb:110 | O2s:110 | Cat:110 | Ccc:009 | Evs:009 | Sas:009 | Faa:009 | O2c:110
12:56:51| DTC: 
12:56:51| Voltage: 12.9
12:56:51| VoltageDLC: 13.4
12:56:51| Pid0101 : 00 00 07 E8 41 01 00 07 21 00
12:56:51| Pid0300 : 00 00 07 E8 43 00
12:56:51| Pid0121 : 00 00 07 E8 41 21 00 00
12:56:51| Pid0131 : Null
12:56:51| Pid0133 : 00 00 07 E8 41 33 57
12:56:51| Pid011F : 00 00 07 E8 41 1F 00 1A
12:56:51| Pid017F : Null
12:56:51| Pid014D : 00 00 07 E8 41 4D 00 00
12:56:51| Pid0951 : Null
12:56:51| Pid0902 : Null
12:56:51| Pid0904 : 00 00 07 E8 49 04 01 33 32 36 43 32 30 30 30 00 00 00 00 00 00 00 00
12:56:51| Pid010C: 00 00 07 E8 41 0C 0A 24
12:56:51| RPM: 649 | 1: 648 | 2: 647 | 3: 650
12:56:51| *** Connect ... EOF()
12:56:51| VehiculoLink: Pass: Inspección vehicular OBD concluido.
01:39:35|  
01:39:35| ... Connect_OBD ===================================================================================================================
01:39:35|  
01:39:35| ... GetCallingProcedure | lVehiculoLink
01:39:35| ... GetCallingProcedure | VehiculoLink
01:39:35| ... GetCallingProcedure | VehTest
01:39:35| ... IncrementActiveCount | 1
01:39:35| ... GetCallingProcedure | OpusIMCleanOBDdrv.Module1:Connect_OBD
01:39:35| ... GetCallingProcedure | OpusIMCleanOBDdrv.Module1:lVehiculoLink
01:39:35| ... GetCallingProcedure | OpusIMCleanOBDdrv.IMCleanOBD:VehiculoLink
01:39:35| ... MyDADStatus | LCR:ConditionsNotCorrect,Unknown
01:39:35| ... Connect | ---------------- Connect --------------- SC:'' (LCR:ConditionsNotCorrect,Unknown) (lVehiculoLink,VehiculoLink,VehTest)
01:39:35| GetDAD | Starting ... Cnt:00011,00 Opn:T (Connect)
01:39:35| GetDAD | Success ... Cnt:00011,01 Opn:T (Connect, Connect)
01:39:35| ... Connect | 1 | GetDAD =Connect
01:39:35| ... SetupMyLastCommResult: InvalidData
01:39:35| ... MyDad.Initialize 
01:39:35| ... DoDad | Action: System.Action | tag: Initialize
01:39:35| ... GetCallingProcedure | lVehiculoLink
01:39:35| ... GetCallingProcedure | VehiculoLink
01:39:35| ... GetCallingProcedure | VehTest
01:39:35| DoDad-01 | Initialize (Open:True,999.99 | lVehiculoLink,VehiculoLink,VehTest)
01:39:35| DoDad-01  ClearCommandLog ...
01:39:35| DoDad-01  Invoke ... (Initialize)
01:39:47| ... SetupVehicleIsLinked
01:39:47| ... GetCallingProcedure | SetupMyLastCommResult
01:39:47| ... GetCallingProcedure | _Lambda$__0
01:39:47| ... GetCallingProcedure | DoDad
01:39:47| ... SetupMyLastCommResult: Success
01:39:47| DoDad-01  Invoke ... (Initialize)  (11985)
01:39:47| DoDad-01  CommandLog.Length ...
01:39:47| DoDad-01  CommandLog ... (0)
01:39:47| DoDad-01-CommandLog-Len:310 Siz:310 | iStart: 0
01:39:47| DoDad-01  SerialData.Length ... (506)
01:39:47| DoDad-01 | Initialize-SLL:00506,00506-CF:F-DLLInfo:'DAD_DLL_VERSION_16.12.25.0 .. 3.0.7.0'
                    -  DAD_DLL_VERSION_16.12.25.0
                    -  609,TX MSG,JVPW1850,68 6A F1 01 00 
                    -  609,RX QRY,JVPW1850,Delay: 100
                    -  718,RX QRY,JVPW1850,Delay: 100
                    -  828,RX QRY,JVPW1850,Delay: 100
                    -  937,TX MSG,JPWM1850,61 6A F1 01 00 
                    -  952,TX MSG,I914**,33 
                    -  5273,TX MSG,KWPF**,C1 33 F1 81 
                    -  11717,TX MSG,ICAN11bt500,00 00 07 DF 01 00 
                    -  11717,RX QRY,ICAN11bt500,Delay: 100
                    -  11824,RX MSG,ICAN11bt500,00 00 07 DF 
                    -  11824,RX MSG,ICAN11bt500,00 00 07 E8 41 00 BF BE B9 93 
                    -  11824,RX QRY,ICAN11bt500,Delay: 100
                    -  11933,RX QRY,ICAN11bt500,Delay: 100
                    (11.996 s,F) Initialize | 
01:39:47| ... MyLastResult | Success,Unknown,True->True
01:39:47| Connect | Init-Rty:2 (Success,Unknown,True->True | 12.09) | lVehiculoLink,VehiculoLink,VehTest
01:39:47| ... MyDad.Initialize > Success
01:39:47| DrewProtocol2MyProtocol | In:'ICAN11bt500'  Out:'CAN11' (CAN:True)
01:39:47| ... GetCallingProcedure | Connect_OBD
01:39:47| ... GetCallingProcedure | lVehiculoLink
01:39:47| ... GetCallingProcedure | VehiculoLink
01:39:47| GetSupportedPIDs | Starting ... (Mode:1) (Connect_OBD,lVehiculoLink,VehiculoLink)
01:39:47| ... SetupMyLastCommResult: InvalidData
01:39:47| ... DoDad | Action: System.Action | tag: GetModePID(01, 00) - PID support mask
01:39:47| ... GetCallingProcedure | Connect_OBD
01:39:47| ... GetCallingProcedure | lVehiculoLink
01:39:48| ... GetCallingProcedure | VehiculoLink
01:39:48| DoDad-01 | GetModePID(01, 00) - PID support mask (Open:True,999.99 | Connect_OBD,lVehiculoLink,VehiculoLink)
01:39:48| DoDad-01  ClearCommandLog ...
01:39:48| DoDad-01  Invoke ... (GetModePID(01, 00) - PID support mask)
01:39:48| DoDad-01  Invoke ... (GetModePID(01, 00) - PID support mask)  (672)
01:39:48| DoDad-01  CommandLog.Length ...
01:39:48| DoDad-01  CommandLog ... (0)
01:39:48| DoDad-01-CommandLog-Len:180 Siz:180 | iStart: 0
01:39:48| DoDad-01  SerialData.Length ... (869)
01:39:48| DoDad-01 | GetModePID(01, 00) - PID support mask-SLL:00869,00869-CF:F-DLLInfo:'DAD_DLL_VERSION_16.12.25.0 .. 3.0.7.0'
                    -  DAD_DLL_VERSION_16.12.25.0
                    -  609,TX MSG,JVPW1850,68 6A F1 01 00 
                    -  609,RX QRY,JVPW1850,Delay: 100
                    -  718,RX QRY,JVPW1850,Delay: 100
                    -  828,RX QRY,JVPW1850,Delay: 100
                    -  937,TX MSG,JPWM1850,61 6A F1 01 00 
                    -  952,TX MSG,I914**,33 
                    -  5273,TX MSG,KWPF**,C1 33 F1 81 
                    -  11717,TX MSG,ICAN11bt500,00 00 07 DF 01 00 
                    -  11717,RX QRY,ICAN11bt500,Delay: 100
                    -  11824,RX MSG,ICAN11bt500,00 00 07 DF 
                    -  11824,RX MSG,ICAN11bt500,00 00 07 E8 41 00 BF BE B9 93 
                    -  11824,RX QRY,ICAN11bt500,Delay: 100
                    -  11933,RX QRY,ICAN11bt500,Delay: 100
                    -  12152,TX MSG,ICAN11bt500,00 00 07 DF 01 00 
                    -  12152,RX QRY,ICAN11bt500,Delay: 100
                    -  12261,RX MSG,ICAN11bt500,00 00 07 DF 
                    -  12261,RX MSG,ICAN11bt500,00 00 07 E8 41 00 BF BE B9 93 
                    -  12261,RX QRY,ICAN11bt500,Delay: 100
                    -  12371,RX QRY,ICAN11bt500,Delay: 100
                    -  12480,RX QRY,ICAN11bt500,Delay: 100
                    -  12589,RX QRY,ICAN11bt500,Delay: 100
                    -  12699,RX QRY,ICAN11bt500,Delay: 100
                    (0.672 s,F) GetModePID(01, 00) - PID support mask | NoEOL
01:39:48| ... SetupVehicleIsLinked
01:39:48| ... GetCallingProcedure | SetupMyLastCommResult
01:39:48| ... GetCallingProcedure | GetSupportedPIDs
01:39:48| ... GetCallingProcedure | Connect_OBD
01:39:48| ... SetupMyLastCommResult: Success
01:39:48| ... MyLastResult | Success,Unknown,True->True
01:39:48|  (Result:Success,Unknown,True->True)
01:39:48| GetSupportedPIDs | PID00 RspCnt:1
01:39:48| ... GetEcuIdFromAddress
01:39:48| ... ByteArrayToHexString | 07E8
01:39:48| ... ByteArrayToHexString | BFBEB993
01:39:48| ... DT_DataToString | Adr:07E8,Mod:01,PID:00,Dat:BFBEB993
01:39:48| GetSupportedPIDS | Data-Adr:07E8,Mod:01,PID:00,Dat:BFBEB993
01:39:48| SSBAFOB | MdPID:01,00 ECU:E8 ...  InCnt:4 (BF,BE,B9,93,BC:022) SrtIdx:001
01:39:48| ... SetSupportedBitArrayFromObdBytes | BitAryLen:256  BitSetCnt:023  BAI:4-4,01,03,04,05,06,07,08,09,0B,0C,0D,0E,0F,11,13,14,15,18,19,1C,1F,20
01:39:48| 2 | GetSupportedPIDs | 1-E8-DBG3 -------------- 0,1,2,3,4,5,6,7, 8,9,A,B,C,D,E,F, G,H,I,J,K,L,M,N, O,P,Q,R,S,T,U,V
01:39:48| 2 | GetSupportedPIDs | 1-E8-DBG3 000-00_00-020: T,T,F,T,T,T,T,T, T,T,F,T,T,T,T,T, F,T,F,T,T,T,F,F, T,T,F,F,T,F,F,T
01:39:48| 2 | GetSupportedPIDs | 1-E8-DBG3 032-20_20-040: T,F,F,F,F,F,F,F, F,F,F,F,F,F,F,F, F,F,F,F,F,F,F,F, F,F,F,F,F,F,F,F
01:39:48| 2 | GetSupportedPIDs | 1-E8-DBG3 064-40_40-060: F,F,F,F,F,F,F,F, F,F,F,F,F,F,F,F, F,F,F,F,F,F,F,F, F,F,F,F,F,F,F,F
01:39:48| 2 | GetSupportedPIDs | 1-E8-DBG3 096-60_60-080: F,F,F,F,F,F,F,F, F,F,F,F,F,F,F,F, F,F,F,F,F,F,F,F, F,F,F,F,F,F,F,F
01:39:48| 2 | GetSupportedPIDs | 1-E8-DBG3 128-80_80-0A0: F,F,F,F,F,F,F,F, F,F,F,F,F,F,F,F, F,F,F,F,F,F,F,F, F,F,F,F,F,F,F,F
01:39:48| 2 | GetSupportedPIDs | 1-E8-DBG3 160-A0_A0-0C0: F,F,F,F,F,F,F,F, F,F,F,F,F,F,F,F, F,F,F,F,F,F,F,F, F,F,F,F,F,F,F,F
01:39:48| 2 | GetSupportedPIDs | 1-E8-DBG3 192-C0_C0-0E0: F,F,F,F,F,F,F,F, F,F,F,F,F,F,F,F, F,F,F,F,F,F,F,F, F,F,F,F,F,F,F,F
01:39:48| 2 | GetSupportedPIDs | 1-E8-DBG3 224-E0_E0-100: F,F,F,F,F,F,F,F, F,F,F,F,F,F,F,F, F,F,F,F,F,F,F,F, F,F,F,F,F,F,F,F  (T:023 F:233)
01:39:48| ... LogBitArray | 8
01:39:48| ... SetupMyLastCommResult: InvalidData
01:39:48| ... DoDad | Action: System.Action | tag: GetModePID(01, 20) - PID support mask
01:39:48| ... GetCallingProcedure | Connect_OBD
01:39:48| ... GetCallingProcedure | lVehiculoLink
01:39:48| ... GetCallingProcedure | VehiculoLink
01:39:48| DoDad-01 | GetModePID(01, 20) - PID support mask (Open:True,999.99 | Connect_OBD,lVehiculoLink,VehiculoLink)
01:39:48| DoDad-01  ClearCommandLog ...
01:39:48| DoDad-01  Invoke ... (GetModePID(01, 20) - PID support mask)
01:39:49| DoDad-01  Invoke ... (GetModePID(01, 20) - PID support mask)  (657)
01:39:49| DoDad-01  CommandLog.Length ...
01:39:49| DoDad-01  CommandLog ... (0)
01:39:49| DoDad-01-CommandLog-Len:180 Siz:180 | iStart: 0
01:39:49| DoDad-01  SerialData.Length ... (1232)
01:39:49| DoDad-01 | GetModePID(01, 20) - PID support mask-SLL:01232,01232-CF:F-DLLInfo:'DAD_DLL_VERSION_16.12.25.0 .. 3.0.7.0'
                    -  DAD_DLL_VERSION_16.12.25.0
                    -  609,TX MSG,JVPW1850,68 6A F1 01 00 
                    -  609,RX QRY,JVPW1850,Delay: 100
                    -  718,RX QRY,JVPW1850,Delay: 100
                    -  828,RX QRY,JVPW1850,Delay: 100
                    -  937,TX MSG,JPWM1850,61 6A F1 01 00 
                    -  952,TX MSG,I914**,33 
                    -  5273,TX MSG,KWPF**,C1 33 F1 81 
                    -  11717,TX MSG,ICAN11bt500,00 00 07 DF 01 00 
                    -  11717,RX QRY,ICAN11bt500,Delay: 100
                    -  11824,RX MSG,ICAN11bt500,00 00 07 DF 
                    -  11824,RX MSG,ICAN11bt500,00 00 07 E8 41 00 BF BE B9 93 
                    -  11824,RX QRY,ICAN11bt500,Delay: 100
                    -  11933,RX QRY,ICAN11bt500,Delay: 100
                    -  12152,TX MSG,ICAN11bt500,00 00 07 DF 01 00 
                    -  12152,RX QRY,ICAN11bt500,Delay: 100
                    -  12261,RX MSG,ICAN11bt500,00 00 07 DF 
                    -  12261,RX MSG,ICAN11bt500,00 00 07 E8 41 00 BF BE B9 93 
                    -  12261,RX QRY,ICAN11bt500,Delay: 100
                    -  12371,RX QRY,ICAN11bt500,Delay: 100
                    -  12480,RX QRY,ICAN11bt500,Delay: 100
                    -  12589,RX QRY,ICAN11bt500,Delay: 100
                    -  12699,RX QRY,ICAN11bt500,Delay: 100
                    -  12949,TX MSG,ICAN11bt500,00 00 07 DF 01 20 
                    -  12949,RX QRY,ICAN11bt500,Delay: 100
                    -  13058,RX MSG,ICAN11bt500,00 00 07 DF 
                    -  13058,RX MSG,ICAN11bt500,00 00 07 E8 41 20 80 07 E0 19 
                    -  13058,RX QRY,ICAN11bt500,Delay: 100
                    -  13168,RX QRY,ICAN11bt500,Delay: 100
                    -  13277,RX QRY,ICAN11bt500,Delay: 100
                    -  13386,RX QRY,ICAN11bt500,Delay: 100
                    -  13496,RX QRY,ICAN11bt500,Delay: 100
                    (0.657 s,F) GetModePID(01, 20) - PID support mask | NoEOL
01:39:49| ... SetupVehicleIsLinked
01:39:49| ... GetCallingProcedure | SetupMyLastCommResult
01:39:49| ... GetCallingProcedure | GetSupportedPIDs
01:39:49| ... GetCallingProcedure | Connect_OBD
01:39:49| ... SetupMyLastCommResult: Success
01:39:49| ... MyLastResult | Success,Unknown,True->True
01:39:49|  (Result:Success,Unknown,True->True)
01:39:49| GetSupportedPIDs | PID20 RspCnt:1
01:39:49| ... GetEcuIdFromAddress
01:39:49| ... ByteArrayToHexString | 07E8
01:39:49| ... ByteArrayToHexString | 8007E019
01:39:49| ... DT_DataToString | Adr:07E8,Mod:01,PID:20,Dat:8007E019
01:39:49| GetSupportedPIDS | Data-Adr:07E8,Mod:01,PID:20,Dat:8007E019
01:39:49| SSBAFOB | MdPID:01,20 ECU:E8 ...  InCnt:4 (80,07,E0,19,BC:010) SrtIdx:033
01:39:49| ... SetSupportedBitArrayFromObdBytes | BitAryLen:256  BitSetCnt:033  BAI:4-4,21,2E,2F,30,31,32,33,3C,3D,40
01:39:49| 2 | GetSupportedPIDs | 1-E8-DBG3 -------------- 0,1,2,3,4,5,6,7, 8,9,A,B,C,D,E,F, G,H,I,J,K,L,M,N, O,P,Q,R,S,T,U,V
01:39:49| 2 | GetSupportedPIDs | 1-E8-DBG3 000-00_00-020: T,T,F,T,T,T,T,T, T,T,F,T,T,T,T,T, F,T,F,T,T,T,F,F, T,T,F,F,T,F,F,T
01:39:49| 2 | GetSupportedPIDs | 1-E8-DBG3 032-20_20-040: T,T,F,F,F,F,F,F, F,F,F,F,F,F,T,T, T,T,T,T,F,F,F,F, F,F,F,F,T,T,F,F
01:39:49| 2 | GetSupportedPIDs | 1-E8-DBG3 064-40_40-060: T,F,F,F,F,F,F,F, F,F,F,F,F,F,F,F, F,F,F,F,F,F,F,F, F,F,F,F,F,F,F,F
01:39:49| 2 | GetSupportedPIDs | 1-E8-DBG3 096-60_60-080: F,F,F,F,F,F,F,F, F,F,F,F,F,F,F,F, F,F,F,F,F,F,F,F, F,F,F,F,F,F,F,F
01:39:49| 2 | GetSupportedPIDs | 1-E8-DBG3 128-80_80-0A0: F,F,F,F,F,F,F,F, F,F,F,F,F,F,F,F, F,F,F,F,F,F,F,F, F,F,F,F,F,F,F,F
01:39:49| 2 | GetSupportedPIDs | 1-E8-DBG3 160-A0_A0-0C0: F,F,F,F,F,F,F,F, F,F,F,F,F,F,F,F, F,F,F,F,F,F,F,F, F,F,F,F,F,F,F,F
01:39:49| 2 | GetSupportedPIDs | 1-E8-DBG3 192-C0_C0-0E0: F,F,F,F,F,F,F,F, F,F,F,F,F,F,F,F, F,F,F,F,F,F,F,F, F,F,F,F,F,F,F,F
01:39:49| 2 | GetSupportedPIDs | 1-E8-DBG3 224-E0_E0-100: F,F,F,F,F,F,F,F, F,F,F,F,F,F,F,F, F,F,F,F,F,F,F,F, F,F,F,F,F,F,F,F  (T:033 F:223)
01:39:49| ... LogBitArray | 8
01:39:49| ... SetupMyLastCommResult: InvalidData
01:39:49| ... DoDad | Action: System.Action | tag: GetModePID(01, 40) - PID support mask
01:39:49| ... GetCallingProcedure | Connect_OBD
01:39:49| ... GetCallingProcedure | lVehiculoLink
01:39:49| ... GetCallingProcedure | VehiculoLink
01:39:49| DoDad-01 | GetModePID(01, 40) - PID support mask (Open:True,999.99 | Connect_OBD,lVehiculoLink,VehiculoLink)
01:39:49| DoDad-01  ClearCommandLog ...
01:39:49| DoDad-01  Invoke ... (GetModePID(01, 40) - PID support mask)
01:39:50| DoDad-01  Invoke ... (GetModePID(01, 40) - PID support mask)  (657)
01:39:50| DoDad-01  CommandLog.Length ...
01:39:50| DoDad-01  CommandLog ... (0)
01:39:50| DoDad-01-CommandLog-Len:180 Siz:180 | iStart: 0
01:39:50| DoDad-01  SerialData.Length ... (1595)
01:39:50| DoDad-01 | GetModePID(01, 40) - PID support mask-SLL:01595,01595-CF:F-DLLInfo:'DAD_DLL_VERSION_16.12.25.0 .. 3.0.7.0'
                    -  DAD_DLL_VERSION_16.12.25.0
                    -  609,TX MSG,JVPW1850,68 6A F1 01 00 
                    -  609,RX QRY,JVPW1850,Delay: 100
                    -  718,RX QRY,JVPW1850,Delay: 100
                    -  828,RX QRY,JVPW1850,Delay: 100
                    -  937,TX MSG,JPWM1850,61 6A F1 01 00 
                    -  952,TX MSG,I914**,33 
                    -  5273,TX MSG,KWPF**,C1 33 F1 81 
                    -  11717,TX MSG,ICAN11bt500,00 00 07 DF 01 00 
                    -  11717,RX QRY,ICAN11bt500,Delay: 100
                    -  11824,RX MSG,ICAN11bt500,00 00 07 DF 
                    -  11824,RX MSG,ICAN11bt500,00 00 07 E8 41 00 BF BE B9 93 
                    -  11824,RX QRY,ICAN11bt500,Delay: 100
                    -  11933,RX QRY,ICAN11bt500,Delay: 100
                    -  12152,TX MSG,ICAN11bt500,00 00 07 DF 01 00 
                    -  12152,RX QRY,ICAN11bt500,Delay: 100
                    -  12261,RX MSG,ICAN11bt500,00 00 07 DF 
                    -  12261,RX MSG,ICAN11bt500,00 00 07 E8 41 00 BF BE B9 93 
                    -  12261,RX QRY,ICAN11bt500,Delay: 100
                    -  12371,RX QRY,ICAN11bt500,Delay: 100
                    -  12480,RX QRY,ICAN11bt500,Delay: 100
                    -  12589,RX QRY,ICAN11bt500,Delay: 100
                    -  12699,RX QRY,ICAN11bt500,Delay: 100
                    -  12949,TX MSG,ICAN11bt500,00 00 07 DF 01 20 
                    -  12949,RX QRY,ICAN11bt500,Delay: 100
                    -  13058,RX MSG,ICAN11bt500,00 00 07 DF 
                    -  13058,RX MSG,ICAN11bt500,00 00 07 E8 41 20 80 07 E0 19 
                    -  13058,RX QRY,ICAN11bt500,Delay: 100
                    -  13168,RX QRY,ICAN11bt500,Delay: 100
                    -  13277,RX QRY,ICAN11bt500,Delay: 100
                    -  13386,RX QRY,ICAN11bt500,Delay: 100
                    -  13496,RX QRY,ICAN11bt500,Delay: 100
                    -  13746,TX MSG,ICAN11bt500,00 00 07 DF 01 40 
                    -  13746,RX QRY,ICAN11bt500,Delay: 100
                    -  13855,RX MSG,ICAN11bt500,00 00 07 DF 
                    -  13855,RX MSG,ICAN11bt500,00 00 07 E8 41 40 FE D0 00 00 
                    -  13855,RX QRY,ICAN11bt500,Delay: 100
                    -  13971,RX QRY,ICAN11bt500,Delay: 100
                    -  14081,RX QRY,ICAN11bt500,Delay: 100
                    -  14190,RX QRY,ICAN11bt500,Delay: 100
                    -  14299,RX QRY,ICAN11bt500,Delay: 100
                    (0.663 s,F) GetModePID(01, 40) - PID support mask | NoEOL
01:39:50| ... SetupVehicleIsLinked
01:39:50| ... GetCallingProcedure | SetupMyLastCommResult
01:39:50| ... GetCallingProcedure | GetSupportedPIDs
01:39:50| ... GetCallingProcedure | Connect_OBD
01:39:50| ... SetupMyLastCommResult: Success
01:39:50| ... MyLastResult | Success,Unknown,True->True
01:39:50|  (Result:Success,Unknown,True->True)
01:39:50| GetSupportedPIDs | PID40 RspCnt:1
01:39:50| ... GetEcuIdFromAddress
01:39:50| ... ByteArrayToHexString | 07E8
01:39:50| ... ByteArrayToHexString | FED00000
01:39:50| ... DT_DataToString | Adr:07E8,Mod:01,PID:40,Dat:FED00000
01:39:50| GetSupportedPIDS | Data-Adr:07E8,Mod:01,PID:40,Dat:FED00000
01:39:50| SSBAFOB | MdPID:01,40 ECU:E8 ...  InCnt:4 (FE,D0,00,00,BC:010) SrtIdx:065
01:39:50| ... SetSupportedBitArrayFromObdBytes | BitAryLen:256  BitSetCnt:043  BAI:4-4,41,42,43,44,45,46,47,49,4A,4C
01:39:50| 2 | GetSupportedPIDs | 1-E8-DBG3 -------------- 0,1,2,3,4,5,6,7, 8,9,A,B,C,D,E,F, G,H,I,J,K,L,M,N, O,P,Q,R,S,T,U,V
01:39:50| 2 | GetSupportedPIDs | 1-E8-DBG3 000-00_00-020: T,T,F,T,T,T,T,T, T,T,F,T,T,T,T,T, F,T,F,T,T,T,F,F, T,T,F,F,T,F,F,T
01:39:50| 2 | GetSupportedPIDs | 1-E8-DBG3 032-20_20-040: T,T,F,F,F,F,F,F, F,F,F,F,F,F,T,T, T,T,T,T,F,F,F,F, F,F,F,F,T,T,F,F
01:39:50| 2 | GetSupportedPIDs | 1-E8-DBG3 064-40_40-060: T,T,T,T,T,T,T,T, F,T,T,F,T,F,F,F, F,F,F,F,F,F,F,F, F,F,F,F,F,F,F,F
01:39:50| 2 | GetSupportedPIDs | 1-E8-DBG3 096-60_60-080: F,F,F,F,F,F,F,F, F,F,F,F,F,F,F,F, F,F,F,F,F,F,F,F, F,F,F,F,F,F,F,F
01:39:50| 2 | GetSupportedPIDs | 1-E8-DBG3 128-80_80-0A0: F,F,F,F,F,F,F,F, F,F,F,F,F,F,F,F, F,F,F,F,F,F,F,F, F,F,F,F,F,F,F,F
01:39:50| 2 | GetSupportedPIDs | 1-E8-DBG3 160-A0_A0-0C0: F,F,F,F,F,F,F,F, F,F,F,F,F,F,F,F, F,F,F,F,F,F,F,F, F,F,F,F,F,F,F,F
01:39:50| 2 | GetSupportedPIDs | 1-E8-DBG3 192-C0_C0-0E0: F,F,F,F,F,F,F,F, F,F,F,F,F,F,F,F, F,F,F,F,F,F,F,F, F,F,F,F,F,F,F,F
01:39:50| 2 | GetSupportedPIDs | 1-E8-DBG3 224-E0_E0-100: F,F,F,F,F,F,F,F, F,F,F,F,F,F,F,F, F,F,F,F,F,F,F,F, F,F,F,F,F,F,F,F  (T:043 F:213)
01:39:50| ... LogBitArray | 8
01:39:50| GetSupportedPIDs | Mode:1 ECUCnt:1 PIDSupDicCnt:1
01:39:50| 4 | GetSupportedPIDS | Mode1-ECUE8:-------------- 0,1,2,3,4,5,6,7, 8,9,A,B,C,D,E,F, G,H,I,J,K,L,M,N, O,P,Q,R,S,T,U,V
01:39:50| 4 | GetSupportedPIDS | Mode1-ECUE8:000-00_00-020: T,T,F,T,T,T,T,T, T,T,F,T,T,T,T,T, F,T,F,T,T,T,F,F, T,T,F,F,T,F,F,T
01:39:50| 4 | GetSupportedPIDS | Mode1-ECUE8:032-20_20-040: T,T,F,F,F,F,F,F, F,F,F,F,F,F,T,T, T,T,T,T,F,F,F,F, F,F,F,F,T,T,F,F
01:39:50| 4 | GetSupportedPIDS | Mode1-ECUE8:064-40_40-060: T,T,T,T,T,T,T,T, F,T,T,F,T,F,F,F, F,F,F,F,F,F,F,F, F,F,F,F,F,F,F,F
01:39:50| 4 | GetSupportedPIDS | Mode1-ECUE8:096-60_60-080: F,F,F,F,F,F,F,F, F,F,F,F,F,F,F,F, F,F,F,F,F,F,F,F, F,F,F,F,F,F,F,F
01:39:50| 4 | GetSupportedPIDS | Mode1-ECUE8:128-80_80-0A0: F,F,F,F,F,F,F,F, F,F,F,F,F,F,F,F, F,F,F,F,F,F,F,F, F,F,F,F,F,F,F,F
01:39:50| 4 | GetSupportedPIDS | Mode1-ECUE8:160-A0_A0-0C0: F,F,F,F,F,F,F,F, F,F,F,F,F,F,F,F, F,F,F,F,F,F,F,F, F,F,F,F,F,F,F,F
01:39:50| 4 | GetSupportedPIDS | Mode1-ECUE8:192-C0_C0-0E0: F,F,F,F,F,F,F,F, F,F,F,F,F,F,F,F, F,F,F,F,F,F,F,F, F,F,F,F,F,F,F,F
01:39:50| 4 | GetSupportedPIDS | Mode1-ECUE8:224-E0_E0-100: F,F,F,F,F,F,F,F, F,F,F,F,F,F,F,F, F,F,F,F,F,F,F,F, F,F,F,F,F,F,F,F  (T:043 F:213)
01:39:50| ... LogBitArray | 8
01:39:50| 2 | GetSupportedPIDs | 1-ECUxx -------------- 0,1,2,3,4,5,6,7, 8,9,A,B,C,D,E,F, G,H,I,J,K,L,M,N, O,P,Q,R,S,T,U,V
01:39:50| 2 | GetSupportedPIDs | 1-ECUxx 000-00_00-020: T,T,F,T,T,T,T,T, T,T,F,T,T,T,T,T, F,T,F,T,T,T,F,F, T,T,F,F,T,F,F,T
01:39:50| 2 | GetSupportedPIDs | 1-ECUxx 032-20_20-040: T,T,F,F,F,F,F,F, F,F,F,F,F,F,T,T, T,T,T,T,F,F,F,F, F,F,F,F,T,T,F,F
01:39:50| 2 | GetSupportedPIDs | 1-ECUxx 064-40_40-060: T,T,T,T,T,T,T,T, F,T,T,F,T,F,F,F, F,F,F,F,F,F,F,F, F,F,F,F,F,F,F,F
01:39:50| 2 | GetSupportedPIDs | 1-ECUxx 096-60_60-080: F,F,F,F,F,F,F,F, F,F,F,F,F,F,F,F, F,F,F,F,F,F,F,F, F,F,F,F,F,F,F,F
01:39:50| 2 | GetSupportedPIDs | 1-ECUxx 128-80_80-0A0: F,F,F,F,F,F,F,F, F,F,F,F,F,F,F,F, F,F,F,F,F,F,F,F, F,F,F,F,F,F,F,F
01:39:50| 2 | GetSupportedPIDs | 1-ECUxx 160-A0_A0-0C0: F,F,F,F,F,F,F,F, F,F,F,F,F,F,F,F, F,F,F,F,F,F,F,F, F,F,F,F,F,F,F,F
01:39:50| 2 | GetSupportedPIDs | 1-ECUxx 192-C0_C0-0E0: F,F,F,F,F,F,F,F, F,F,F,F,F,F,F,F, F,F,F,F,F,F,F,F, F,F,F,F,F,F,F,F
01:39:50| 2 | GetSupportedPIDs | 1-ECUxx 224-E0_E0-100: F,F,F,F,F,F,F,F, F,F,F,F,F,F,F,F, F,F,F,F,F,F,F,F, F,F,F,F,F,F,F,F  (T:043 F:213)
01:39:50| ... LogBitArray | 8
01:39:50| GetSupportedPIDs | PIDCnt-1-E8:043  (TPC:43)
01:39:50| ... DictValueSortDesc
01:39:50| DVSD | E8:043->E8:043
01:39:50| GetSupportedPIDs | Mode:1 PIDs-'043:00 01 03 04 05 06 07 08 09 0B 0C 0D 0E 0F 11 13 14 15 18 19 1C 1F 20 21 2E 2F 30 31 32 33 3C 3D 40 41 42 43 44 45 46 47 49 4A 4C
01:39:50|  GetSupportedPIDs | Ending ... Success:TrueTrueTrue 1-E8:043
01:39:50| ReleaseDAD |  Starting ... Cnt:00011,01 (Connect)
01:39:50| ... ReleaseDAD | Success ... Cnt:00011,00 Opn:T (Connect, Connect)
01:39:50| ... Connect | 2
01:39:50| ... SetupVehicleIsLinked
01:39:50| ... GetCallingProcedure | Connect_OBD
01:39:50| ... GetCallingProcedure | lVehiculoLink
01:39:50| ... GetCallingProcedure | VehiculoLink
01:39:50| SVLI | VehicleIsLinked:'True'->'?'  (Connect_OBD,lVehiculoLink,VehiculoLink)
01:39:50| ... SetupVehicleIsLinked
01:39:50| ... GetCallingProcedure | Connect_OBD
01:39:50| ... GetCallingProcedure | lVehiculoLink
01:39:50| ... GetCallingProcedure | VehiculoLink
01:39:50| SVLI | VehicleIsLinked:'?'->'True'  (Connect_OBD,lVehiculoLink,VehiculoLink)
01:39:50| ... Connect | 3 | Connect_Succeeded = True
01:39:50| ... MyLastResult | Success,Unknown,?->True
01:39:50| Connect | Rslt:True EECUID:E8 ECUs:1-(E8:043->E8:043,) Prot:'CAN11', 'CAN11' PC:43  (Success,Unknown,?->True, 14.67) (lVehiculoLink,VehiculoLink,VehTest)
01:39:50| ... DecrementActiveCount | 0
01:39:50| ... GetCallingProcedure | OpusIMCleanOBDdrv.Module1:Connect_OBD
01:39:50| ... GetCallingProcedure | OpusIMCleanOBDdrv.Module1:lVehiculoLink
01:39:50| ... GetCallingProcedure | OpusIMCleanOBDdrv.IMCleanOBD:VehiculoLink
01:39:50| ... LocalDecrementActiveCount | 0
01:39:50|  
01:39:50| ... Get MON >>>-----------------------------------------------------------------------
01:39:50| ... SetupMyLastCommResult: ConditionsNotCorrect
01:39:50| ... DoDad | Action: System.Action | tag: GetModePID(01, 01) - Readiness, DTC count, MIL
01:39:50| ... GetCallingProcedure | lVehiculoLink
01:39:50| ... GetCallingProcedure | VehiculoLink
01:39:50| ... GetCallingProcedure | VehTest
01:39:50| DoDad-01 | GetModePID(01, 01) - Readiness, DTC count, MIL (Open:True,999.99 | lVehiculoLink,VehiculoLink,VehTest)
01:39:50| DoDad-01  ClearCommandLog ...
01:39:50| DoDad-01  Invoke ... (GetModePID(01, 01) - Readiness, DTC count, MIL)
01:39:51| DoDad-01  Invoke ... (GetModePID(01, 01) - Readiness, DTC count, MIL)  (672)
01:39:51| DoDad-01  CommandLog.Length ...
01:39:51| DoDad-01  CommandLog ... (0)
01:39:51| DoDad-01-CommandLog-Len:173 Siz:173 | iStart: 0
01:39:51| DoDad-01  SerialData.Length ... (371)
01:39:51| DoDad-01 | GetModePID(01, 01) - Readiness, DTC count, MIL-SLL:00371,00371-CF:F-DLLInfo:'DAD_DLL_VERSION_16.12.25.0 .. 3.0.7.0'
                    -  DAD_DLL_VERSION_16.12.25.0
                    -  31,TX MSG,ICAN11bt500,00 00 07 DF 01 01 
                    -  31,RX QRY,ICAN11bt500,Delay: 100
                    -  140,RX MSG,ICAN11bt500,00 00 07 DF 
                    -  140,RX MSG,ICAN11bt500,00 00 07 E8 41 01 00 27 E5 A5 
                    -  140,RX QRY,ICAN11bt500,Delay: 100
                    -  250,RX QRY,ICAN11bt500,Delay: 100
                    -  359,RX QRY,ICAN11bt500,Delay: 100
                    -  462,RX QRY,ICAN11bt500,Delay: 100
                    -  571,RX QRY,ICAN11bt500,Delay: 100
                    (0.665 s,F) GetModePID(01, 01) - Readiness, DTC count, MIL | NoEOL
01:39:51| DECODE_Bus: DAD_DLL_VERSION_16.12.25.0
3.0.7.0

31,TX MSG,ICAN11bt500,00 00 07 DF 01 01 
140,RX MSG,ICAN11bt500,00 00 07 DF 
140,RX MSG,ICAN11bt500,00 00 07 E8 41 01 00 27 E5 A5 

01:39:51| DECODE_MIL: 00 00 07 E8 41 01 00 27 E5 A5
01:39:51| zipESP: 00 00 07 E8 41 01 00 27 E5 A5 | 000007E841010027E5A5
01:39:51| DECODE_MIL dato: 0027E5A5
01:39:51| Status: 0027E5A5
01:39:51| A: 00 | 0 | 00000000
01:39:51| B: 27 | 39 | 00100111
01:39:51| C: E5 | 229 | 11100101
01:39:51| D: A5 | 165 | 10100101
01:39:51| sr | Get MON: 0 | 1
01:39:51|  
01:39:51| ... Get DTC >>>-----------------------------------------------------------------------
01:39:51| ... SetupMyLastCommResult: ConditionsNotCorrect
01:39:51| ... DoDad | Action: System.Action | tag: GetModePID(03, 00) - DTC count, MIL
01:39:51| ... GetCallingProcedure | lVehiculoLink
01:39:51| ... GetCallingProcedure | VehiculoLink
01:39:51| ... GetCallingProcedure | VehTest
01:39:51| DoDad-01 | GetModePID(03, 00) - DTC count, MIL (Open:True,999.99 | lVehiculoLink,VehiculoLink,VehTest)
01:39:51| DoDad-01  ClearCommandLog ...
01:39:51| DoDad-01  Invoke ... (GetModePID(03, 00) - DTC count, MIL)
01:39:51| DoDad-01  Invoke ... (GetModePID(03, 00) - DTC count, MIL)  (640)
01:39:51| DoDad-01  CommandLog.Length ...
01:39:51| DoDad-01  CommandLog ... (0)
01:39:52| DoDad-01-CommandLog-Len:158 Siz:158 | iStart: 0
01:39:52| DoDad-01  SerialData.Length ... (356)
01:39:52| DoDad-01 | GetModePID(03, 00) - DTC count, MIL-SLL:00356,00356-CF:F-DLLInfo:'DAD_DLL_VERSION_16.12.25.0 .. 3.0.7.0'
                    -  DAD_DLL_VERSION_16.12.25.0
                    -  31,TX MSG,ICAN11bt500,00 00 07 DF 03 
                    -  31,RX QRY,ICAN11bt500,Delay: 100
                    -  132,RX MSG,ICAN11bt500,00 00 07 DF 
                    -  132,RX MSG,ICAN11bt500,00 00 07 E8 43 00 
                    -  132,RX QRY,ICAN11bt500,Delay: 100
                    -  242,RX QRY,ICAN11bt500,Delay: 100
                    -  343,RX QRY,ICAN11bt500,Delay: 100
                    -  453,RX QRY,ICAN11bt500,Delay: 100
                    -  562,RX QRY,ICAN11bt500,Delay: 100
                    (0.645 s,F) GetModePID(03, 00) - DTC count, MIL | NoEOL
01:39:52| DECODE_Bus: DAD_DLL_VERSION_16.12.25.0
3.0.7.0

31,TX MSG,ICAN11bt500,00 00 07 DF 03 
132,RX MSG,ICAN11bt500,00 00 07 DF 
132,RX MSG,ICAN11bt500,00 00 07 E8 43 00 

01:39:52| ... DECODE_DTC: 00 00 07 E8 43 00
01:39:52| zipESP: 00 00 07 E8 43 00 | 000007E84300
01:39:52| sr | Get DTC: 0 | 1
01:39:52|  
01:39:52| ... (01, 1F) Tmp. Encendido >>>-----------------------------------------------------------------------
01:39:52| ... SetupMyLastCommResult: ConditionsNotCorrect
01:39:52| ... DoDad | Action: System.Action | tag: GetModePID(01, 1F) - Tmp. Encendido
01:39:52| ... GetCallingProcedure | lVehiculoLink
01:39:52| ... GetCallingProcedure | VehiculoLink
01:39:52| ... GetCallingProcedure | VehTest
01:39:52| DoDad-01 | GetModePID(01, 1F) - Tmp. Encendido (Open:True,999.99 | lVehiculoLink,VehiculoLink,VehTest)
01:39:52| DoDad-01  ClearCommandLog ...
01:39:52| DoDad-01  Invoke ... (GetModePID(01, 1F) - Tmp. Encendido)
01:39:52| DoDad-01  Invoke ... (GetModePID(01, 1F) - Tmp. Encendido)  (687)
01:39:52| DoDad-01  CommandLog.Length ...
01:39:52| DoDad-01  CommandLog ... (0)
01:39:52| DoDad-01-CommandLog-Len:167 Siz:167 | iStart: 0
01:39:52| DoDad-01  SerialData.Length ... (365)
01:39:52| DoDad-01 | GetModePID(01, 1F) - Tmp. Encendido-SLL:00365,00365-CF:F-DLLInfo:'DAD_DLL_VERSION_16.12.25.0 .. 3.0.7.0'
                    -  DAD_DLL_VERSION_16.12.25.0
                    -  31,TX MSG,ICAN11bt500,00 00 07 DF 01 1F 
                    -  31,RX QRY,ICAN11bt500,Delay: 100
                    -  146,RX MSG,ICAN11bt500,00 00 07 DF 
                    -  146,RX MSG,ICAN11bt500,00 00 07 E8 41 1F 00 17 
                    -  146,RX QRY,ICAN11bt500,Delay: 100
                    -  255,RX QRY,ICAN11bt500,Delay: 100
                    -  368,RX QRY,ICAN11bt500,Delay: 100
                    -  477,RX QRY,ICAN11bt500,Delay: 100
                    -  587,RX QRY,ICAN11bt500,Delay: 100
                    (0.681 s,F) GetModePID(01, 1F) - Tmp. Encendido | NoEOL
01:39:52| DECODE_Bus: DAD_DLL_VERSION_16.12.25.0
3.0.7.0

31,TX MSG,ICAN11bt500,00 00 07 DF 01 1F 
146,RX MSG,ICAN11bt500,00 00 07 DF 
146,RX MSG,ICAN11bt500,00 00 07 E8 41 1F 00 17 

01:39:52| sr | Tmp. Encendido: 0 | 1
01:39:52|  
01:39:52| ... (01, 21) Distancia MIL >>>-----------------------------------------------------------------------
01:39:52| ... SetupMyLastCommResult: ConditionsNotCorrect
01:39:52| ... DoDad | Action: System.Action | tag: GetModePID(01, 21) - Distancia MIL
01:39:52| ... GetCallingProcedure | lVehiculoLink
01:39:52| ... GetCallingProcedure | VehiculoLink
01:39:52| ... GetCallingProcedure | VehTest
01:39:52| DoDad-01 | GetModePID(01, 21) - Distancia MIL (Open:True,999.99 | lVehiculoLink,VehiculoLink,VehTest)
01:39:52| DoDad-01  ClearCommandLog ...
01:39:52| DoDad-01  Invoke ... (GetModePID(01, 21) - Distancia MIL)
01:39:53| DoDad-01  Invoke ... (GetModePID(01, 21) - Distancia MIL)  (656)
01:39:53| DoDad-01  CommandLog.Length ...
01:39:53| DoDad-01  CommandLog ... (0)
01:39:53| DoDad-01-CommandLog-Len:167 Siz:167 | iStart: 0
01:39:53| DoDad-01  SerialData.Length ... (365)
01:39:53| DoDad-01 | GetModePID(01, 21) - Distancia MIL-SLL:00365,00365-CF:F-DLLInfo:'DAD_DLL_VERSION_16.12.25.0 .. 3.0.7.0'
                    -  DAD_DLL_VERSION_16.12.25.0
                    -  31,TX MSG,ICAN11bt500,00 00 07 DF 01 15 
                    -  31,RX QRY,ICAN11bt500,Delay: 100
                    -  140,RX MSG,ICAN11bt500,00 00 07 DF 
                    -  140,RX MSG,ICAN11bt500,00 00 07 E8 41 15 1B FF 
                    -  140,RX QRY,ICAN11bt500,Delay: 100
                    -  250,RX QRY,ICAN11bt500,Delay: 100
                    -  359,RX QRY,ICAN11bt500,Delay: 100
                    -  468,RX QRY,ICAN11bt500,Delay: 100
                    -  578,RX QRY,ICAN11bt500,Delay: 100
                    (0.656 s,F) GetModePID(01, 21) - Distancia MIL | NoEOL
01:39:53| DECODE_Bus: DAD_DLL_VERSION_16.12.25.0
3.0.7.0

31,TX MSG,ICAN11bt500,00 00 07 DF 01 15 
140,RX MSG,ICAN11bt500,00 00 07 DF 
140,RX MSG,ICAN11bt500,00 00 07 E8 41 15 1B FF 

01:39:53| sr | Distancia MIL: 0 | 1
01:39:53|  
01:39:53| ... (01, 31) Distancia MIL Borrada >>>-----------------------------------------------------------------------
01:39:53| ... SetupMyLastCommResult: ConditionsNotCorrect
01:39:53| ... DoDad | Action: System.Action | tag: GetModePID(01, 31) - Distancia MIL Borrada
01:39:53| ... GetCallingProcedure | lVehiculoLink
01:39:53| ... GetCallingProcedure | VehiculoLink
01:39:53| ... GetCallingProcedure | VehTest
01:39:53| DoDad-01 | GetModePID(01, 31) - Distancia MIL Borrada (Open:True,999.99 | lVehiculoLink,VehiculoLink,VehTest)
01:39:53| DoDad-01  ClearCommandLog ...
01:39:53| DoDad-01  Invoke ... (GetModePID(01, 31) - Distancia MIL Borrada)
01:39:54| DoDad-01  Invoke ... (GetModePID(01, 31) - Distancia MIL Borrada)  (656)
01:39:54| DoDad-01  CommandLog.Length ...
01:39:54| DoDad-01  CommandLog ... (0)
01:39:54| DoDad-01-CommandLog-Len:167 Siz:167 | iStart: 0
01:39:54| DoDad-01  SerialData.Length ... (365)
01:39:54| DoDad-01 | GetModePID(01, 31) - Distancia MIL Borrada-SLL:00365,00365-CF:F-DLLInfo:'DAD_DLL_VERSION_16.12.25.0 .. 3.0.7.0'
                    -  DAD_DLL_VERSION_16.12.25.0
                    -  31,TX MSG,ICAN11bt500,00 00 07 DF 01 1F 
                    -  31,RX QRY,ICAN11bt500,Delay: 100
                    -  140,RX MSG,ICAN11bt500,00 00 07 DF 
                    -  140,RX MSG,ICAN11bt500,00 00 07 E8 41 1F 00 18 
                    -  140,RX QRY,ICAN11bt500,Delay: 100
                    -  250,RX QRY,ICAN11bt500,Delay: 100
                    -  359,RX QRY,ICAN11bt500,Delay: 100
                    -  468,RX QRY,ICAN11bt500,Delay: 100
                    -  578,RX QRY,ICAN11bt500,Delay: 100
                    (0.656 s,F) GetModePID(01, 31) - Distancia MIL Borrada | NoEOL
01:39:54| DECODE_Bus: DAD_DLL_VERSION_16.12.25.0
3.0.7.0

31,TX MSG,ICAN11bt500,00 00 07 DF 01 1F 
140,RX MSG,ICAN11bt500,00 00 07 DF 
140,RX MSG,ICAN11bt500,00 00 07 E8 41 1F 00 18 

01:39:54| sr | Distancia MIL Borrada: 0 | 1
01:39:54|  
01:39:54| ... (01, 33) Presion Barometrica Kpa >>>-----------------------------------------------------------------------
01:39:54| ... SetupMyLastCommResult: ConditionsNotCorrect
01:39:54| ... DoDad | Action: System.Action | tag: GetModePID(01, 33) - Presion Barometrica Kpa
01:39:54| ... GetCallingProcedure | lVehiculoLink
01:39:54| ... GetCallingProcedure | VehiculoLink
01:39:54| ... GetCallingProcedure | VehTest
01:39:54| DoDad-01 | GetModePID(01, 33) - Presion Barometrica Kpa (Open:True,999.99 | lVehiculoLink,VehiculoLink,VehTest)
01:39:54| DoDad-01  ClearCommandLog ...
01:39:54| DoDad-01  Invoke ... (GetModePID(01, 33) - Presion Barometrica Kpa)
01:39:54| DoDad-01  Invoke ... (GetModePID(01, 33) - Presion Barometrica Kpa)  (657)
01:39:54| DoDad-01  CommandLog.Length ...
01:39:54| DoDad-01  CommandLog ... (0)
01:39:54| DoDad-01-CommandLog-Len:167 Siz:167 | iStart: 0
01:39:54| DoDad-01  SerialData.Length ... (365)
01:39:54| DoDad-01 | GetModePID(01, 33) - Presion Barometrica Kpa-SLL:00365,00365-CF:F-DLLInfo:'DAD_DLL_VERSION_16.12.25.0 .. 3.0.7.0'
                    -  DAD_DLL_VERSION_16.12.25.0
                    -  31,TX MSG,ICAN11bt500,00 00 07 DF 01 21 
                    -  31,RX QRY,ICAN11bt500,Delay: 100
                    -  140,RX MSG,ICAN11bt500,00 00 07 DF 
                    -  140,RX MSG,ICAN11bt500,00 00 07 E8 41 21 00 00 
                    -  140,RX QRY,ICAN11bt500,Delay: 100
                    -  250,RX QRY,ICAN11bt500,Delay: 100
                    -  359,RX QRY,ICAN11bt500,Delay: 100
                    -  468,RX QRY,ICAN11bt500,Delay: 100
                    -  578,RX QRY,ICAN11bt500,Delay: 100
                    (0.656 s,F) GetModePID(01, 33) - Presion Barometrica Kpa | NoEOL
01:39:54| DECODE_Bus: DAD_DLL_VERSION_16.12.25.0
3.0.7.0

31,TX MSG,ICAN11bt500,00 00 07 DF 01 21 
140,RX MSG,ICAN11bt500,00 00 07 DF 
140,RX MSG,ICAN11bt500,00 00 07 E8 41 21 00 00 

01:39:54| sr | Presion Barometrica Kpa: 0 | 1
01:39:54|  
01:39:54| ... (01, 4D) Tmp MIL on >>>-----------------------------------------------------------------------
01:39:54| ... SetupMyLastCommResult: ConditionsNotCorrect
01:39:54| ... DoDad | Action: System.Action | tag: GetModePID(01, 4D) - Tmp MIL on
01:39:54| ... GetCallingProcedure | lVehiculoLink
01:39:54| ... GetCallingProcedure | VehiculoLink
01:39:54| ... GetCallingProcedure | VehTest
01:39:54| DoDad-01 | GetModePID(01, 4D) - Tmp MIL on (Open:True,999.99 | lVehiculoLink,VehiculoLink,VehTest)
01:39:54| DoDad-01  ClearCommandLog ...
01:39:54| DoDad-01  Invoke ... (GetModePID(01, 4D) - Tmp MIL on)
01:39:55| DoDad-01  Invoke ... (GetModePID(01, 4D) - Tmp MIL on)  (656)
01:39:55| DoDad-01  CommandLog.Length ...
01:39:55| DoDad-01  CommandLog ... (0)
01:39:55| DoDad-01-CommandLog-Len:118 Siz:118 | iStart: 0
01:39:55| DoDad-01  SerialData.Length ... (316)
01:39:55| DoDad-01 | GetModePID(01, 4D) - Tmp MIL on-SLL:00316,00316-CF:F-DLLInfo:'DAD_DLL_VERSION_16.12.25.0 .. 3.0.7.0'
                    -  DAD_DLL_VERSION_16.12.25.0
                    -  31,TX MSG,ICAN11bt500,00 00 07 DF 01 4D 
                    -  31,RX QRY,ICAN11bt500,Delay: 100
                    -  140,RX MSG,ICAN11bt500,00 00 07 DF 
                    -  140,RX QRY,ICAN11bt500,Delay: 100
                    -  250,RX QRY,ICAN11bt500,Delay: 100
                    -  359,RX QRY,ICAN11bt500,Delay: 100
                    -  468,RX QRY,ICAN11bt500,Delay: 100
                    -  578,RX QRY,ICAN11bt500,Delay: 100
                    (0.656 s,F) GetModePID(01, 4D) - Tmp MIL on | NoEOL
01:39:55|  
01:39:55| ... (01, 51) Tipo Combustible >>>-----------------------------------------------------------------------
01:39:55| ... SetupMyLastCommResult: ConditionsNotCorrect
01:39:55| ... DoDad | Action: System.Action | tag: GetModePID(01, 51) - Tipo Combustible
01:39:55| ... GetCallingProcedure | lVehiculoLink
01:39:55| ... GetCallingProcedure | VehiculoLink
01:39:55| ... GetCallingProcedure | VehTest
01:39:55| DoDad-01 | GetModePID(01, 51) - Tipo Combustible (Open:True,999.99 | lVehiculoLink,VehiculoLink,VehTest)
01:39:55| DoDad-01  ClearCommandLog ...
01:39:55| DoDad-01  Invoke ... (GetModePID(01, 51) - Tipo Combustible)
01:39:56| DoDad-01  Invoke ... (GetModePID(01, 51) - Tipo Combustible)  (672)
01:39:56| DoDad-01  CommandLog.Length ...
01:39:56| DoDad-01  CommandLog ... (0)
01:39:56| DoDad-01-CommandLog-Len:164 Siz:164 | iStart: 0
01:39:56| DoDad-01  SerialData.Length ... (362)
01:39:56| DoDad-01 | GetModePID(01, 51) - Tipo Combustible-SLL:00362,00362-CF:F-DLLInfo:'DAD_DLL_VERSION_16.12.25.0 .. 3.0.7.0'
                    -  DAD_DLL_VERSION_16.12.25.0
                    -  31,TX MSG,ICAN11bt500,00 00 07 DF 01 33 
                    -  31,RX QRY,ICAN11bt500,Delay: 100
                    -  140,RX MSG,ICAN11bt500,00 00 07 DF 
                    -  140,RX MSG,ICAN11bt500,00 00 07 E8 41 33 4D 
                    -  140,RX QRY,ICAN11bt500,Delay: 100
                    -  250,RX QRY,ICAN11bt500,Delay: 100
                    -  359,RX QRY,ICAN11bt500,Delay: 100
                    -  468,RX QRY,ICAN11bt500,Delay: 100
                    -  578,RX QRY,ICAN11bt500,Delay: 100
                    (0.672 s,F) GetModePID(01, 51) - Tipo Combustible | NoEOL
01:39:56| DECODE_Bus: DAD_DLL_VERSION_16.12.25.0
3.0.7.0

31,TX MSG,ICAN11bt500,00 00 07 DF 01 33 
140,RX MSG,ICAN11bt500,00 00 07 DF 
140,RX MSG,ICAN11bt500,00 00 07 E8 41 33 4D 

01:39:56| sr | Tipo Combustible: 0 | 1
01:39:56|  
01:39:56| ... (01, 7F) Tmp Marcha Motor >>>-----------------------------------------------------------------------
01:39:56| ... SetupMyLastCommResult: ConditionsNotCorrect
01:39:56| ... DoDad | Action: System.Action | tag: GetModePID(01, 7F) - Tmp Marcha Motor
01:39:56| ... GetCallingProcedure | lVehiculoLink
01:39:56| ... GetCallingProcedure | VehiculoLink
01:39:56| ... GetCallingProcedure | VehTest
01:39:56| DoDad-01 | GetModePID(01, 7F) - Tmp Marcha Motor (Open:True,999.99 | lVehiculoLink,VehiculoLink,VehTest)
01:39:56| DoDad-01  ClearCommandLog ...
01:39:56| DoDad-01  Invoke ... (GetModePID(01, 7F) - Tmp Marcha Motor)
01:39:57| DoDad-01  Invoke ... (GetModePID(01, 7F) - Tmp Marcha Motor)  (656)
01:39:57| DoDad-01  CommandLog.Length ...
01:39:57| DoDad-01  CommandLog ... (0)
01:39:57| DoDad-01-CommandLog-Len:118 Siz:118 | iStart: 0
01:39:57| DoDad-01  SerialData.Length ... (316)
01:39:57| DoDad-01 | GetModePID(01, 7F) - Tmp Marcha Motor-SLL:00316,00316-CF:F-DLLInfo:'DAD_DLL_VERSION_16.12.25.0 .. 3.0.7.0'
                    -  DAD_DLL_VERSION_16.12.25.0
                    -  31,TX MSG,ICAN11bt500,00 00 07 DF 01 7F 
                    -  31,RX QRY,ICAN11bt500,Delay: 100
                    -  140,RX MSG,ICAN11bt500,00 00 07 DF 
                    -  140,RX QRY,ICAN11bt500,Delay: 100
                    -  250,RX QRY,ICAN11bt500,Delay: 100
                    -  359,RX QRY,ICAN11bt500,Delay: 100
                    -  469,RX QRY,ICAN11bt500,Delay: 100
                    -  582,RX QRY,ICAN11bt500,Delay: 100
                    (0.661 s,F) GetModePID(01, 7F) - Tmp Marcha Motor | NoEOL
01:39:57|  
01:39:57| ... (09, 04) Cal ID >>>-----------------------------------------------------------------------
01:39:57| ... SetupMyLastCommResult: ConditionsNotCorrect
01:39:57| ... DoDad | Action: System.Action | tag: GetModePID(09, 04) - Cal ID
01:39:57| ... GetCallingProcedure | lVehiculoLink
01:39:57| ... GetCallingProcedure | VehiculoLink
01:39:57| ... GetCallingProcedure | VehTest
01:39:57| DoDad-01 | GetModePID(09, 04) - Cal ID (Open:True,999.99 | lVehiculoLink,VehiculoLink,VehTest)
01:39:57| DoDad-01  ClearCommandLog ...
01:39:57| DoDad-01  Invoke ... (GetModePID(09, 04) - Cal ID)
01:39:57| DoDad-01  Invoke ... (GetModePID(09, 04) - Cal ID)  (672)
01:39:57| DoDad-01  CommandLog.Length ...
01:39:57| DoDad-01  CommandLog ... (0)
01:39:57| DoDad-01-CommandLog-Len:249 Siz:249 | iStart: 0
01:39:57| DoDad-01  SerialData.Length ... (447)
01:39:57| DoDad-01 | GetModePID(09, 04) - Cal ID-SLL:00447,00447-CF:F-DLLInfo:'DAD_DLL_VERSION_16.12.25.0 .. 3.0.7.0'
                    -  DAD_DLL_VERSION_16.12.25.0
                    -  31,TX MSG,ICAN11bt500,00 00 07 DF 09 04 
                    -  31,RX QRY,ICAN11bt500,Delay: 100
                    -  140,RX MSG,ICAN11bt500,00 00 07 DF 
                    -  140,RX MSG,ICAN11bt500,00 00 07 E8 
                    -  140,RX MSG,ICAN11bt500,00 00 07 E8 49 04 01 36 38 31 38 35 34 37 30 41 43 00 00 00 00 00 00 
                    -  140,RX QRY,ICAN11bt500,Delay: 100
                    -  250,RX QRY,ICAN11bt500,Delay: 100
                    -  359,RX QRY,ICAN11bt500,Delay: 100
                    -  468,RX QRY,ICAN11bt500,Delay: 100
                    -  576,RX QRY,ICAN11bt500,Delay: 100
                    (0.670 s,F) GetModePID(09, 04) - Cal ID | NoEOL
01:39:57| DECODE_Bus: DAD_DLL_VERSION_16.12.25.0
3.0.7.0

31,TX MSG,ICAN11bt500,00 00 07 DF 09 04 
140,RX MSG,ICAN11bt500,00 00 07 DF 
140,RX MSG,ICAN11bt500,00 00 07 E8 
140,RX MSG,ICAN11bt500,00 00 07 E8 49 04 01 36 38 31 38 35 34 37 30 41 43 00 00 00 00 00 00 

01:39:57| sr | Cal ID: 0 | 1
01:39:57|  
01:39:57| ... Get VIN >>>-----------------------------------------------------------------------
01:39:58| DAD_DLL_VERSION_16.12.25.0
3.0.7.0

31,TX MSG,ICAN11bt500,00 00 07 DF 09 04 
140,RX MSG,ICAN11bt500,00 00 07 DF 
140,RX MSG,ICAN11bt500,00 00 07 E8 
140,RX MSG,ICAN11bt500,00 00 07 E8 49 04 01 36 38 31 38 35 34 37 30 41 43 00 00 00 00 00 00 
716,TX MSG,ICAN11bt500,00 00 07 DF 09 02 
842,RX MSG,ICAN11bt500,00 00 07 DF 
842,RX MSG,ICAN11bt500,00 00 07 E8 
842,RX MSG,ICAN11bt500,00 00 07 E8 49 02 01 32 43 34 4A 43 31 41 47 31 43 52 33 32 32 37 35 32 

01:39:58| SR: 0 | 1
01:39:58| ... GetEcuIdFromAddress
01:39:58| ... ByteArrayToHexString | 01 32 43 34 4A 43 31 41 47 31 43 52 33 32 32 37 35 32
01:39:58| GetVIN | ECU:E8  DLen:018 (01 32 43 34 4A 43 31 41 47 31 43 52 33 32 32 37 35 32)
01:39:58| ... ByteArrayToHexString | 01,32,43,34,4A,43,31,41,47,31,43,52,33,32,32,37,35,32
01:39:58| ... CheckForNAK | Ret:False  Len:18  Buf:01,32,43,34,4A,43,31,41,47,31,43,52,33,32,32,37,35,32  SID:09  PID:02  Prot:'CAN11'
01:39:58| ... ByteArrayToString | 2C4JC1AG1CR322752
01:39:58| GetVIN | ECU:E8  VIN: Null
01:39:58| DECODE_Bus: DAD_DLL_VERSION_16.12.25.0
3.0.7.0

31,TX MSG,ICAN11bt500,00 00 07 DF 09 04 
140,RX MSG,ICAN11bt500,00 00 07 DF 
140,RX MSG,ICAN11bt500,00 00 07 E8 
140,RX MSG,ICAN11bt500,00 00 07 E8 49 04 01 36 38 31 38 35 34 37 30 41 43 00 00 00 00 00 00 
716,TX MSG,ICAN11bt500,00 00 07 DF 09 02 
842,RX MSG,ICAN11bt500,00 00 07 DF 
842,RX MSG,ICAN11bt500,00 00 07 E8 
842,RX MSG,ICAN11bt500,00 00 07 E8 49 02 01 32 43 34 4A 43 31 41 47 31 43 52 33 32 32 37 35 32 

01:39:58|  
01:39:58| ... Get VOLTAJES >>>-----------------------------------------------------------------------
01:39:58| ... SetupMyLastCommResult: ConditionsNotCorrect
01:39:58| ... DoDad | Action: System.Action | tag: GetModePID(01, 42) - Voltaje
01:39:58| ... GetCallingProcedure | lVehiculoLink
01:39:58| ... GetCallingProcedure | VehiculoLink
01:39:58| ... GetCallingProcedure | VehTest
01:39:58| DoDad-01 | GetModePID(01, 42) - Voltaje (Open:True,999.99 | lVehiculoLink,VehiculoLink,VehTest)
01:39:58| DoDad-01  ClearCommandLog ...
01:39:58| DoDad-01  Invoke ... (GetModePID(01, 42) - Voltaje)
01:39:59| DoDad-01  Invoke ... (GetModePID(01, 42) - Voltaje)  (672)
01:39:59| DoDad-01  CommandLog.Length ...
01:39:59| DoDad-01  CommandLog ... (0)
01:39:59| DoDad-01-CommandLog-Len:118 Siz:118 | iStart: 0
01:39:59| DoDad-01  SerialData.Length ... (316)
01:39:59| DoDad-01 | GetModePID(01, 42) - Voltaje-SLL:00316,00316-CF:F-DLLInfo:'DAD_DLL_VERSION_16.12.25.0 .. 3.0.7.0'
                    -  DAD_DLL_VERSION_16.12.25.0
                    -  31,TX MSG,ICAN11bt500,00 00 07 DF 01 2A 
                    -  31,RX QRY,ICAN11bt500,Delay: 100
                    -  141,RX MSG,ICAN11bt500,00 00 07 DF 
                    -  141,RX QRY,ICAN11bt500,Delay: 100
                    -  250,RX QRY,ICAN11bt500,Delay: 100
                    -  359,RX QRY,ICAN11bt500,Delay: 100
                    -  469,RX QRY,ICAN11bt500,Delay: 100
                    -  578,RX QRY,ICAN11bt500,Delay: 100
                    (0.668 s,F) GetModePID(01, 42) - Voltaje | NoEOL
01:39:59|  
01:39:59| ... Get RPM >>>-----------------------------------------------------------------------
01:39:59| ... SetupMyLastCommResult: ConditionsNotCorrect
01:39:59| ... DoDad | Action: System.Action | tag: GetModePID(01, 0C) - DTC count, MIL
01:39:59| ... GetCallingProcedure | lVehiculoLink
01:39:59| ... GetCallingProcedure | VehiculoLink
01:39:59| ... GetCallingProcedure | VehTest
01:39:59| DoDad-01 | GetModePID(01, 0C) - DTC count, MIL (Open:True,999.99 | lVehiculoLink,VehiculoLink,VehTest)
01:39:59| DoDad-01  ClearCommandLog ...
01:39:59| DoDad-01  Invoke ... (GetModePID(01, 0C) - DTC count, MIL)
01:39:59| DoDad-01  Invoke ... (GetModePID(01, 0C) - DTC count, MIL)  (656)
01:39:59| DoDad-01  CommandLog.Length ...
01:39:59| DoDad-01  CommandLog ... (0)
01:39:59| DoDad-01-CommandLog-Len:167 Siz:167 | iStart: 0
01:39:59| DoDad-01  SerialData.Length ... (365)
01:39:59| DoDad-01 | GetModePID(01, 0C) - DTC count, MIL-SLL:00365,00365-CF:F-DLLInfo:'DAD_DLL_VERSION_16.12.25.0 .. 3.0.7.0'
                    -  DAD_DLL_VERSION_16.12.25.0
                    -  31,TX MSG,ICAN11bt500,00 00 07 DF 01 0C 
                    -  31,RX QRY,ICAN11bt500,Delay: 100
                    -  140,RX MSG,ICAN11bt500,00 00 07 DF 
                    -  140,RX MSG,ICAN11bt500,00 00 07 E8 41 0C 0B C8 
                    -  140,RX QRY,ICAN11bt500,Delay: 100
                    -  250,RX QRY,ICAN11bt500,Delay: 100
                    -  359,RX QRY,ICAN11bt500,Delay: 100
                    -  468,RX QRY,ICAN11bt500,Delay: 100
                    -  581,RX QRY,ICAN11bt500,Delay: 100
                    (0.676 s,F) GetModePID(01, 0C) - DTC count, MIL | NoEOL
01:39:59| DECODE_Bus: DAD_DLL_VERSION_16.12.25.0
3.0.7.0

31,TX MSG,ICAN11bt500,00 00 07 DF 01 0C 
140,RX MSG,ICAN11bt500,00 00 07 DF 
140,RX MSG,ICAN11bt500,00 00 07 E8 41 0C 0B C8 

01:39:59| zipESP: 00 00 07 E8 41 0C 0B C8 | 000007E8410C0BC8
01:39:59| DECODE_RPM: 000007E8410C0BC8
01:39:59| sr | Get RPM(1): 0 | 1
01:39:59| ... SetupMyLastCommResult: ConditionsNotCorrect
01:39:59| ... DoDad | Action: System.Action | tag: GetModePID(01, 0C) - DTC count, MIL
01:39:59| ... GetCallingProcedure | lVehiculoLink
01:39:59| ... GetCallingProcedure | VehiculoLink
01:39:59| ... GetCallingProcedure | VehTest
01:39:59| DoDad-01 | GetModePID(01, 0C) - DTC count, MIL (Open:True,999.99 | lVehiculoLink,VehiculoLink,VehTest)
01:39:59| DoDad-01  ClearCommandLog ...
01:39:59| DoDad-01  Invoke ... (GetModePID(01, 0C) - DTC count, MIL)
01:40:00| DoDad-01  Invoke ... (GetModePID(01, 0C) - DTC count, MIL)  (657)
01:40:00| DoDad-01  CommandLog.Length ...
01:40:00| DoDad-01  CommandLog ... (0)
01:40:00| DoDad-01-CommandLog-Len:167 Siz:167 | iStart: 0
01:40:00| DoDad-01  SerialData.Length ... (365)
01:40:00| DoDad-01 | GetModePID(01, 0C) - DTC count, MIL-SLL:00365,00365-CF:F-DLLInfo:'DAD_DLL_VERSION_16.12.25.0 .. 3.0.7.0'
                    -  DAD_DLL_VERSION_16.12.25.0
                    -  31,TX MSG,ICAN11bt500,00 00 07 DF 01 0C 
                    -  31,RX QRY,ICAN11bt500,Delay: 100
                    -  140,RX MSG,ICAN11bt500,00 00 07 DF 
                    -  140,RX MSG,ICAN11bt500,00 00 07 E8 41 0C 0B A0 
                    -  140,RX QRY,ICAN11bt500,Delay: 100
                    -  246,RX QRY,ICAN11bt500,Delay: 100
                    -  355,RX QRY,ICAN11bt500,Delay: 100
                    -  465,RX QRY,ICAN11bt500,Delay: 100
                    -  574,RX QRY,ICAN11bt500,Delay: 100
                    (0.653 s,F) GetModePID(01, 0C) - DTC count, MIL | NoEOL
01:40:00| DECODE_Bus: DAD_DLL_VERSION_16.12.25.0
3.0.7.0

31,TX MSG,ICAN11bt500,00 00 07 DF 01 0C 
140,RX MSG,ICAN11bt500,00 00 07 DF 
140,RX MSG,ICAN11bt500,00 00 07 E8 41 0C 0B A0 

01:40:00| zipESP: 00 00 07 E8 41 0C 0B A0 | 000007E8410C0BA0
01:40:00| DECODE_RPM: 000007E8410C0BA0
01:40:00| sr | Get RPM(2): 0 | 1
01:40:00| ... SetupMyLastCommResult: ConditionsNotCorrect
01:40:00| ... DoDad | Action: System.Action | tag: GetModePID(01, 0C) - DTC count, MIL
01:40:00| ... GetCallingProcedure | lVehiculoLink
01:40:00| ... GetCallingProcedure | VehiculoLink
01:40:00| ... GetCallingProcedure | VehTest
01:40:00| DoDad-01 | GetModePID(01, 0C) - DTC count, MIL (Open:True,999.99 | lVehiculoLink,VehiculoLink,VehTest)
01:40:00| DoDad-01  ClearCommandLog ...
01:40:00| DoDad-01  Invoke ... (GetModePID(01, 0C) - DTC count, MIL)
01:40:01| DoDad-01  Invoke ... (GetModePID(01, 0C) - DTC count, MIL)  (656)
01:40:01| DoDad-01  CommandLog.Length ...
01:40:01| DoDad-01  CommandLog ... (0)
01:40:01| DoDad-01-CommandLog-Len:167 Siz:167 | iStart: 0
01:40:01| DoDad-01  SerialData.Length ... (365)
01:40:01| DoDad-01 | GetModePID(01, 0C) - DTC count, MIL-SLL:00365,00365-CF:F-DLLInfo:'DAD_DLL_VERSION_16.12.25.0 .. 3.0.7.0'
                    -  DAD_DLL_VERSION_16.12.25.0
                    -  31,TX MSG,ICAN11bt500,00 00 07 DF 01 0C 
                    -  31,RX QRY,ICAN11bt500,Delay: 100
                    -  140,RX MSG,ICAN11bt500,00 00 07 DF 
                    -  140,RX MSG,ICAN11bt500,00 00 07 E8 41 0C 0B A4 
                    -  140,RX QRY,ICAN11bt500,Delay: 100
                    -  250,RX QRY,ICAN11bt500,Delay: 100
                    -  359,RX QRY,ICAN11bt500,Delay: 100
                    -  469,RX QRY,ICAN11bt500,Delay: 100
                    -  578,RX QRY,ICAN11bt500,Delay: 100
                    (0.657 s,F) GetModePID(01, 0C) - DTC count, MIL | NoEOL
01:40:01| DECODE_Bus: DAD_DLL_VERSION_16.12.25.0
3.0.7.0

31,TX MSG,ICAN11bt500,00 00 07 DF 01 0C 
140,RX MSG,ICAN11bt500,00 00 07 DF 
140,RX MSG,ICAN11bt500,00 00 07 E8 41 0C 0B A4 

01:40:01| zipESP: 00 00 07 E8 41 0C 0B A4 | 000007E8410C0BA4
01:40:01| DECODE_RPM: 000007E8410C0BA4
01:40:01| sr | Get RPM(3): 0 | 1
01:40:01| ... SetupMyLastCommResult: ConditionsNotCorrect
01:40:01| ... DoDad | Action: System.Action | tag: GetModePID(01, 0C) - DTC count, MIL
01:40:01| ... GetCallingProcedure | lVehiculoLink
01:40:01| ... GetCallingProcedure | VehiculoLink
01:40:01| ... GetCallingProcedure | VehTest
01:40:01| DoDad-01 | GetModePID(01, 0C) - DTC count, MIL (Open:True,999.99 | lVehiculoLink,VehiculoLink,VehTest)
01:40:01| DoDad-01  ClearCommandLog ...
01:40:01| DoDad-01  Invoke ... (GetModePID(01, 0C) - DTC count, MIL)
01:40:02| DoDad-01  Invoke ... (GetModePID(01, 0C) - DTC count, MIL)  (656)
01:40:02| DoDad-01  CommandLog.Length ...
01:40:02| DoDad-01  CommandLog ... (0)
01:40:02| DoDad-01-CommandLog-Len:167 Siz:167 | iStart: 0
01:40:02| DoDad-01  SerialData.Length ... (365)
01:40:02| DoDad-01 | GetModePID(01, 0C) - DTC count, MIL-SLL:00365,00365-CF:F-DLLInfo:'DAD_DLL_VERSION_16.12.25.0 .. 3.0.7.0'
                    -  DAD_DLL_VERSION_16.12.25.0
                    -  31,TX MSG,ICAN11bt500,00 00 07 DF 01 0C 
                    -  31,RX QRY,ICAN11bt500,Delay: 100
                    -  140,RX MSG,ICAN11bt500,00 00 07 DF 
                    -  140,RX MSG,ICAN11bt500,00 00 07 E8 41 0C 0B 70 
                    -  140,RX QRY,ICAN11bt500,Delay: 100
                    -  250,RX QRY,ICAN11bt500,Delay: 100
                    -  359,RX QRY,ICAN11bt500,Delay: 100
                    -  468,RX QRY,ICAN11bt500,Delay: 100
                    -  578,RX QRY,ICAN11bt500,Delay: 100
                    (0.657 s,F) GetModePID(01, 0C) - DTC count, MIL | NoEOL
01:40:02| DECODE_Bus: DAD_DLL_VERSION_16.12.25.0
3.0.7.0

31,TX MSG,ICAN11bt500,00 00 07 DF 01 0C 
140,RX MSG,ICAN11bt500,00 00 07 DF 
140,RX MSG,ICAN11bt500,00 00 07 E8 41 0C 0B 70 

01:40:02| zipESP: 00 00 07 E8 41 0C 0B 70 | 000007E8410C0B70
01:40:02| DECODE_RPM: 000007E8410C0B70
01:40:02| sr | Get RPM(4): 0 | 1
01:40:02| Success
01:40:02| InitIMCleanDevice | DeviceVoltage:13.6
01:40:02| InitIMCleanDevice | DeviceVoltageDLC:14.1
01:40:02| ... >>>-----------------------------------------------------------------------
01:40:02| ... >>>-----------------------------------------------------------------------
01:40:02| VIN: 2C4JC1AG1CR322752
01:40:02| MON: Mil:0| Msi:110 | Ccm:109 | Cmb:109 | O2s:109 | Cat:110 | Ccc:009 | Evs:109 | Sas:009 | Faa:009 | O2c:109
01:40:02| DTC: 
01:40:02| Voltage: 13.6
01:40:02| VoltageDLC: 14.1
01:40:02| Pid0101 : 00 00 07 E8 41 01 00 27 E5 A5
01:40:02| Pid0300 : 00 00 07 E8 43 00
01:40:02| Pid0121 : 00 00 07 E8 41 21 00 00
01:40:02| Pid0131 : Null
01:40:02| Pid0133 : 00 00 07 E8 41 33 4D
01:40:02| Pid011F : 00 00 07 E8 41 1F 00 18
01:40:02| Pid017F : Null
01:40:02| Pid014D : Null
01:40:02| Pid0951 : Null
01:40:02| Pid0902 : 00 00 07 E8 49 02 01 32 43 34 4A 43 31 41 47 31 43 52 33 32 32 37 35 32
01:40:02| Pid0904 : 00 00 07 E8 49 04 01 36 38 31 38 35 34 37 30 41 43 00 00 00 00 00 00
01:40:02| Pid010C: 00 00 07 E8 41 0C 0B 70
01:40:02| RPM: 732 | 1: 754 | 2: 744 | 3: 745
01:40:02| *** Connect ... EOF()
01:40:02| VehiculoLink: Pass: Inspección vehicular OBD concluido.
01:47:27|  
01:47:27| ... Connect_OBD ===================================================================================================================
01:47:27|  
01:47:27| ... GetCallingProcedure | lVehiculoLink
01:47:27| ... GetCallingProcedure | VehiculoLink
01:47:27| ... GetCallingProcedure | VehTest
01:47:27| ... IncrementActiveCount | 1
01:47:27| ... GetCallingProcedure | OpusIMCleanOBDdrv.Module1:Connect_OBD
01:47:27| ... GetCallingProcedure | OpusIMCleanOBDdrv.Module1:lVehiculoLink
01:47:27| ... GetCallingProcedure | OpusIMCleanOBDdrv.IMCleanOBD:VehiculoLink
01:47:27| ... MyDADStatus | LCR:ConditionsNotCorrect,Unknown
01:47:27| ... Connect | ---------------- Connect --------------- SC:'' (LCR:ConditionsNotCorrect,Unknown) (lVehiculoLink,VehiculoLink,VehTest)
01:47:27| GetDAD | Starting ... Cnt:00012,00 Opn:T (Connect)
01:47:27| GetDAD | Success ... Cnt:00012,01 Opn:T (Connect, Connect)
01:47:27| ... Connect | 1 | GetDAD =Connect
01:47:27| ... SetupMyLastCommResult: InvalidData
01:47:27| ... MyDad.Initialize 
01:47:27| ... DoDad | Action: System.Action | tag: Initialize
01:47:27| ... GetCallingProcedure | lVehiculoLink
01:47:27| ... GetCallingProcedure | VehiculoLink
01:47:27| ... GetCallingProcedure | VehTest
01:47:27| DoDad-01 | Initialize (Open:True,999.99 | lVehiculoLink,VehiculoLink,VehTest)
01:47:27| DoDad-01  ClearCommandLog ...
01:47:27| DoDad-01  Invoke ... (Initialize)
01:47:39| ... SetupVehicleIsLinked
01:47:39| ... GetCallingProcedure | SetupMyLastCommResult
01:47:39| ... GetCallingProcedure | _Lambda$__0
01:47:39| ... GetCallingProcedure | DoDad
01:47:39| ... SetupMyLastCommResult: Success
01:47:39| DoDad-01  Invoke ... (Initialize)  (12016)
01:47:39| DoDad-01  CommandLog.Length ...
01:47:39| DoDad-01  CommandLog ... (0)
01:47:39| DoDad-01-CommandLog-Len:367 Siz:367 | iStart: 0
01:47:39| DoDad-01  SerialData.Length ... (563)
01:47:39| DoDad-01 | Initialize-SLL:00563,00563-CF:F-DLLInfo:'DAD_DLL_VERSION_16.12.25.0 .. 3.0.7.0'
                    -  DAD_DLL_VERSION_16.12.25.0
                    -  611,TX MSG,JVPW1850,68 6A F1 01 00 
                    -  611,RX QRY,JVPW1850,Delay: 100
                    -  720,RX QRY,JVPW1850,Delay: 100
                    -  830,RX QRY,JVPW1850,Delay: 100
                    -  939,TX MSG,JPWM1850,61 6A F1 01 00 
                    -  954,TX MSG,I914**,33 
                    -  5269,TX MSG,KWPF**,C1 33 F1 81 
                    -  11739,TX MSG,ICAN11bt500,00 00 07 DF 01 00 
                    -  11739,RX QRY,ICAN11bt500,Delay: 100
                    -  11849,RX MSG,ICAN11bt500,00 00 07 DF 
                    -  11849,RX MSG,ICAN11bt500,00 00 07 E9 41 00 98 18 80 01 
                    -  11849,RX MSG,ICAN11bt500,00 00 07 E8 41 00 BE 3E B8 13 
                    -  11849,RX QRY,ICAN11bt500,Delay: 100
                    -  11962,RX QRY,ICAN11bt500,Delay: 100
                    (12.023 s,F) Initialize | 
01:47:39| ... MyLastResult | Success,Unknown,True->True
01:47:39| Connect | Init-Rty:2 (Success,Unknown,True->True | 12.13) | lVehiculoLink,VehiculoLink,VehTest
01:47:39| ... MyDad.Initialize > Success
01:47:39| DrewProtocol2MyProtocol | In:'ICAN11bt500'  Out:'CAN11' (CAN:True)
01:47:39| ... GetCallingProcedure | Connect_OBD
01:47:39| ... GetCallingProcedure | lVehiculoLink
01:47:39| ... GetCallingProcedure | VehiculoLink
01:47:39| GetSupportedPIDs | Starting ... (Mode:1) (Connect_OBD,lVehiculoLink,VehiculoLink)
01:47:39| ... SetupMyLastCommResult: InvalidData
01:47:39| ... DoDad | Action: System.Action | tag: GetModePID(01, 00) - PID support mask
01:47:39| ... GetCallingProcedure | Connect_OBD
01:47:39| ... GetCallingProcedure | lVehiculoLink
01:47:39| ... GetCallingProcedure | VehiculoLink
01:47:39| DoDad-01 | GetModePID(01, 00) - PID support mask (Open:True,999.99 | Connect_OBD,lVehiculoLink,VehiculoLink)
01:47:39| DoDad-01  ClearCommandLog ...
01:47:39| DoDad-01  Invoke ... (GetModePID(01, 00) - PID support mask)
01:47:40| DoDad-01  Invoke ... (GetModePID(01, 00) - PID support mask)  (656)
01:47:40| DoDad-01  CommandLog.Length ...
01:47:40| DoDad-01  CommandLog ... (0)
01:47:40| DoDad-01-CommandLog-Len:237 Siz:237 | iStart: 0
01:47:40| DoDad-01  SerialData.Length ... (983)
01:47:40| DoDad-01 | GetModePID(01, 00) - PID support mask-SLL:00983,00983-CF:F-DLLInfo:'DAD_DLL_VERSION_16.12.25.0 .. 3.0.7.0'
                    -  DAD_DLL_VERSION_16.12.25.0
                    -  611,TX MSG,JVPW1850,68 6A F1 01 00 
                    -  611,RX QRY,JVPW1850,Delay: 100
                    -  720,RX QRY,JVPW1850,Delay: 100
                    -  830,RX QRY,JVPW1850,Delay: 100
                    -  939,TX MSG,JPWM1850,61 6A F1 01 00 
                    -  954,TX MSG,I914**,33 
                    -  5269,TX MSG,KWPF**,C1 33 F1 81 
                    -  11739,TX MSG,ICAN11bt500,00 00 07 DF 01 00 
                    -  11739,RX QRY,ICAN11bt500,Delay: 100
                    -  11849,RX MSG,ICAN11bt500,00 00 07 DF 
                    -  11849,RX MSG,ICAN11bt500,00 00 07 E9 41 00 98 18 80 01 
                    -  11849,RX MSG,ICAN11bt500,00 00 07 E8 41 00 BE 3E B8 13 
                    -  11849,RX QRY,ICAN11bt500,Delay: 100
                    -  11962,RX QRY,ICAN11bt500,Delay: 100
                    -  12165,TX MSG,ICAN11bt500,00 00 07 DF 01 00 
                    -  12165,RX QRY,ICAN11bt500,Delay: 100
                    -  12275,RX MSG,ICAN11bt500,00 00 07 DF 
                    -  12275,RX MSG,ICAN11bt500,00 00 07 E8 41 00 BE 3E B8 13 
                    -  12275,RX MSG,ICAN11bt500,00 00 07 E9 41 00 98 18 80 01 
                    -  12275,RX QRY,ICAN11bt500,Delay: 100
                    -  12384,RX QRY,ICAN11bt500,Delay: 100
                    -  12493,RX QRY,ICAN11bt500,Delay: 100
                    -  12605,RX QRY,ICAN11bt500,Delay: 100
                    -  12718,RX QRY,ICAN11bt500,Delay: 100
                    (0.662 s,F) GetModePID(01, 00) - PID support mask | NoEOL
01:47:40| ... SetupVehicleIsLinked
01:47:40| ... GetCallingProcedure | SetupMyLastCommResult
01:47:40| ... GetCallingProcedure | GetSupportedPIDs
01:47:40| ... GetCallingProcedure | Connect_OBD
01:47:40| ... SetupMyLastCommResult: Success
01:47:40| ... MyLastResult | Success,Unknown,True->True
01:47:40|  (Result:Success,Unknown,True->True)
01:47:40| GetSupportedPIDs | PID00 RspCnt:2
01:47:40| ... GetEcuIdFromAddress
01:47:40| ... ByteArrayToHexString | 07E8
01:47:40| ... ByteArrayToHexString | BE3EB813
01:47:40| ... DT_DataToString | Adr:07E8,Mod:01,PID:00,Dat:BE3EB813
01:47:40| GetSupportedPIDS | Data-Adr:07E8,Mod:01,PID:00,Dat:BE3EB813
01:47:40| SSBAFOB | MdPID:01,00 ECU:E8 ...  InCnt:4 (BE,3E,B8,13,BC:018) SrtIdx:001
01:47:40| ... SetSupportedBitArrayFromObdBytes | BitAryLen:256  BitSetCnt:019  BAI:4-4,01,03,04,05,06,07,0B,0C,0D,0E,0F,11,13,14,15,1C,1F,20
01:47:40| 2 | GetSupportedPIDs | 1-E8-DBG3 -------------- 0,1,2,3,4,5,6,7, 8,9,A,B,C,D,E,F, G,H,I,J,K,L,M,N, O,P,Q,R,S,T,U,V
01:47:40| 2 | GetSupportedPIDs | 1-E8-DBG3 000-00_00-020: T,T,F,T,T,T,T,T, F,F,F,T,T,T,T,T, F,T,F,T,T,T,F,F, F,F,F,F,T,F,F,T
01:47:40| 2 | GetSupportedPIDs | 1-E8-DBG3 032-20_20-040: T,F,F,F,F,F,F,F, F,F,F,F,F,F,F,F, F,F,F,F,F,F,F,F, F,F,F,F,F,F,F,F
01:47:40| 2 | GetSupportedPIDs | 1-E8-DBG3 064-40_40-060: F,F,F,F,F,F,F,F, F,F,F,F,F,F,F,F, F,F,F,F,F,F,F,F, F,F,F,F,F,F,F,F
01:47:40| 2 | GetSupportedPIDs | 1-E8-DBG3 096-60_60-080: F,F,F,F,F,F,F,F, F,F,F,F,F,F,F,F, F,F,F,F,F,F,F,F, F,F,F,F,F,F,F,F
01:47:40| 2 | GetSupportedPIDs | 1-E8-DBG3 128-80_80-0A0: F,F,F,F,F,F,F,F, F,F,F,F,F,F,F,F, F,F,F,F,F,F,F,F, F,F,F,F,F,F,F,F
01:47:40| 2 | GetSupportedPIDs | 1-E8-DBG3 160-A0_A0-0C0: F,F,F,F,F,F,F,F, F,F,F,F,F,F,F,F, F,F,F,F,F,F,F,F, F,F,F,F,F,F,F,F
01:47:40| 2 | GetSupportedPIDs | 1-E8-DBG3 192-C0_C0-0E0: F,F,F,F,F,F,F,F, F,F,F,F,F,F,F,F, F,F,F,F,F,F,F,F, F,F,F,F,F,F,F,F
01:47:40| 2 | GetSupportedPIDs | 1-E8-DBG3 224-E0_E0-100: F,F,F,F,F,F,F,F, F,F,F,F,F,F,F,F, F,F,F,F,F,F,F,F, F,F,F,F,F,F,F,F  (T:019 F:237)
01:47:40| ... LogBitArray | 8
01:47:40| ... GetEcuIdFromAddress
01:47:40| ... ByteArrayToHexString | 07E9
01:47:40| ... ByteArrayToHexString | 98188001
01:47:40| ... DT_DataToString | Adr:07E9,Mod:01,PID:00,Dat:98188001
01:47:40| GetSupportedPIDS | Data-Adr:07E9,Mod:01,PID:00,Dat:98188001
01:47:40| SSBAFOB | MdPID:01,00 ECU:E9 ...  InCnt:4 (98,18,80,01,BC:007) SrtIdx:001
01:47:40| ... SetSupportedBitArrayFromObdBytes | BitAryLen:256  BitSetCnt:008  BAI:4-4,01,04,05,0C,0D,11,20
01:47:40| 2 | GetSupportedPIDs | 1-E9-DBG3 -------------- 0,1,2,3,4,5,6,7, 8,9,A,B,C,D,E,F, G,H,I,J,K,L,M,N, O,P,Q,R,S,T,U,V
01:47:40| 2 | GetSupportedPIDs | 1-E9-DBG3 000-00_00-020: T,T,F,F,T,T,F,F, F,F,F,F,T,T,F,F, F,T,F,F,F,F,F,F, F,F,F,F,F,F,F,F
01:47:40| 2 | GetSupportedPIDs | 1-E9-DBG3 032-20_20-040: T,F,F,F,F,F,F,F, F,F,F,F,F,F,F,F, F,F,F,F,F,F,F,F, F,F,F,F,F,F,F,F
01:47:40| 2 | GetSupportedPIDs | 1-E9-DBG3 064-40_40-060: F,F,F,F,F,F,F,F, F,F,F,F,F,F,F,F, F,F,F,F,F,F,F,F, F,F,F,F,F,F,F,F
01:47:40| 2 | GetSupportedPIDs | 1-E9-DBG3 096-60_60-080: F,F,F,F,F,F,F,F, F,F,F,F,F,F,F,F, F,F,F,F,F,F,F,F, F,F,F,F,F,F,F,F
01:47:40| 2 | GetSupportedPIDs | 1-E9-DBG3 128-80_80-0A0: F,F,F,F,F,F,F,F, F,F,F,F,F,F,F,F, F,F,F,F,F,F,F,F, F,F,F,F,F,F,F,F
01:47:40| 2 | GetSupportedPIDs | 1-E9-DBG3 160-A0_A0-0C0: F,F,F,F,F,F,F,F, F,F,F,F,F,F,F,F, F,F,F,F,F,F,F,F, F,F,F,F,F,F,F,F
01:47:40| 2 | GetSupportedPIDs | 1-E9-DBG3 192-C0_C0-0E0: F,F,F,F,F,F,F,F, F,F,F,F,F,F,F,F, F,F,F,F,F,F,F,F, F,F,F,F,F,F,F,F
01:47:40| 2 | GetSupportedPIDs | 1-E9-DBG3 224-E0_E0-100: F,F,F,F,F,F,F,F, F,F,F,F,F,F,F,F, F,F,F,F,F,F,F,F, F,F,F,F,F,F,F,F  (T:008 F:248)
01:47:40| ... LogBitArray | 8
01:47:40| ... SetupMyLastCommResult: InvalidData
01:47:40| ... DoDad | Action: System.Action | tag: GetModePID(01, 20) - PID support mask
01:47:40| ... GetCallingProcedure | Connect_OBD
01:47:40| ... GetCallingProcedure | lVehiculoLink
01:47:40| ... GetCallingProcedure | VehiculoLink
01:47:40| DoDad-01 | GetModePID(01, 20) - PID support mask (Open:True,999.99 | Connect_OBD,lVehiculoLink,VehiculoLink)
01:47:40| DoDad-01  ClearCommandLog ...
01:47:40| DoDad-01  Invoke ... (GetModePID(01, 20) - PID support mask)
01:47:41| DoDad-01  Invoke ... (GetModePID(01, 20) - PID support mask)  (657)
01:47:41| DoDad-01  CommandLog.Length ...
01:47:41| DoDad-01  CommandLog ... (0)
01:47:41| DoDad-01-CommandLog-Len:237 Siz:237 | iStart: 0
01:47:41| DoDad-01  SerialData.Length ... (1403)
01:47:41| DoDad-01 | GetModePID(01, 20) - PID support mask-SLL:01403,01403-CF:F-DLLInfo:'DAD_DLL_VERSION_16.12.25.0 .. 3.0.7.0'
                    -  DAD_DLL_VERSION_16.12.25.0
                    -  611,TX MSG,JVPW1850,68 6A F1 01 00 
                    -  611,RX QRY,JVPW1850,Delay: 100
                    -  720,RX QRY,JVPW1850,Delay: 100
                    -  830,RX QRY,JVPW1850,Delay: 100
                    -  939,TX MSG,JPWM1850,61 6A F1 01 00 
                    -  954,TX MSG,I914**,33 
                    -  5269,TX MSG,KWPF**,C1 33 F1 81 
                    -  11739,TX MSG,ICAN11bt500,00 00 07 DF 01 00 
                    -  11739,RX QRY,ICAN11bt500,Delay: 100
                    -  11849,RX MSG,ICAN11bt500,00 00 07 DF 
                    -  11849,RX MSG,ICAN11bt500,00 00 07 E9 41 00 98 18 80 01 
                    -  11849,RX MSG,ICAN11bt500,00 00 07 E8 41 00 BE 3E B8 13 
                    -  11849,RX QRY,ICAN11bt500,Delay: 100
                    -  11962,RX QRY,ICAN11bt500,Delay: 100
                    -  12165,TX MSG,ICAN11bt500,00 00 07 DF 01 00 
                    -  12165,RX QRY,ICAN11bt500,Delay: 100
                    -  12275,RX MSG,ICAN11bt500,00 00 07 DF 
                    -  12275,RX MSG,ICAN11bt500,00 00 07 E8 41 00 BE 3E B8 13 
                    -  12275,RX MSG,ICAN11bt500,00 00 07 E9 41 00 98 18 80 01 
                    -  12275,RX QRY,ICAN11bt500,Delay: 100
                    -  12384,RX QRY,ICAN11bt500,Delay: 100
                    -  12493,RX QRY,ICAN11bt500,Delay: 100
                    -  12605,RX QRY,ICAN11bt500,Delay: 100
                    -  12718,RX QRY,ICAN11bt500,Delay: 100
                    -  13031,TX MSG,ICAN11bt500,00 00 07 DF 01 20 
                    -  13031,RX QRY,ICAN11bt500,Delay: 100
                    -  13140,RX MSG,ICAN11bt500,00 00 07 DF 
                    -  13140,RX MSG,ICAN11bt500,00 00 07 E8 41 20 A0 07 A0 11 
                    -  13140,RX MSG,ICAN11bt500,00 00 07 E9 41 20 00 00 00 01 
                    -  13140,RX QRY,ICAN11bt500,Delay: 100
                    -  13250,RX QRY,ICAN11bt500,Delay: 100
                    -  13359,RX QRY,ICAN11bt500,Delay: 100
                    -  13468,RX QRY,ICAN11bt500,Delay: 100
                    -  13578,RX QRY,ICAN11bt500,Delay: 100
                    (0.672 s,F) GetModePID(01, 20) - PID support mask | NoEOL
01:47:41| ... SetupVehicleIsLinked
01:47:41| ... GetCallingProcedure | SetupMyLastCommResult
01:47:41| ... GetCallingProcedure | GetSupportedPIDs
01:47:41| ... GetCallingProcedure | Connect_OBD
01:47:41| ... SetupMyLastCommResult: Success
01:47:41| ... MyLastResult | Success,Unknown,True->True
01:47:41|  (Result:Success,Unknown,True->True)
01:47:41| GetSupportedPIDs | PID20 RspCnt:2
01:47:41| ... GetEcuIdFromAddress
01:47:41| ... ByteArrayToHexString | 07E8
01:47:41| ... ByteArrayToHexString | A007A011
01:47:41| ... DT_DataToString | Adr:07E8,Mod:01,PID:20,Dat:A007A011
01:47:41| GetSupportedPIDS | Data-Adr:07E8,Mod:01,PID:20,Dat:A007A011
01:47:41| SSBAFOB | MdPID:01,20 ECU:E8 ...  InCnt:4 (A0,07,A0,11,BC:009) SrtIdx:033
01:47:41| ... SetSupportedBitArrayFromObdBytes | BitAryLen:256  BitSetCnt:028  BAI:4-4,21,23,2E,2F,30,31,33,3C,40
01:47:41| 2 | GetSupportedPIDs | 1-E8-DBG3 -------------- 0,1,2,3,4,5,6,7, 8,9,A,B,C,D,E,F, G,H,I,J,K,L,M,N, O,P,Q,R,S,T,U,V
01:47:41| 2 | GetSupportedPIDs | 1-E8-DBG3 000-00_00-020: T,T,F,T,T,T,T,T, F,F,F,T,T,T,T,T, F,T,F,T,T,T,F,F, F,F,F,F,T,F,F,T
01:47:41| 2 | GetSupportedPIDs | 1-E8-DBG3 032-20_20-040: T,T,F,T,F,F,F,F, F,F,F,F,F,F,T,T, T,T,F,T,F,F,F,F, F,F,F,F,T,F,F,F
01:47:41| 2 | GetSupportedPIDs | 1-E8-DBG3 064-40_40-060: T,F,F,F,F,F,F,F, F,F,F,F,F,F,F,F, F,F,F,F,F,F,F,F, F,F,F,F,F,F,F,F
01:47:41| 2 | GetSupportedPIDs | 1-E8-DBG3 096-60_60-080: F,F,F,F,F,F,F,F, F,F,F,F,F,F,F,F, F,F,F,F,F,F,F,F, F,F,F,F,F,F,F,F
01:47:41| 2 | GetSupportedPIDs | 1-E8-DBG3 128-80_80-0A0: F,F,F,F,F,F,F,F, F,F,F,F,F,F,F,F, F,F,F,F,F,F,F,F, F,F,F,F,F,F,F,F
01:47:41| 2 | GetSupportedPIDs | 1-E8-DBG3 160-A0_A0-0C0: F,F,F,F,F,F,F,F, F,F,F,F,F,F,F,F, F,F,F,F,F,F,F,F, F,F,F,F,F,F,F,F
01:47:41| 2 | GetSupportedPIDs | 1-E8-DBG3 192-C0_C0-0E0: F,F,F,F,F,F,F,F, F,F,F,F,F,F,F,F, F,F,F,F,F,F,F,F, F,F,F,F,F,F,F,F
01:47:41| 2 | GetSupportedPIDs | 1-E8-DBG3 224-E0_E0-100: F,F,F,F,F,F,F,F, F,F,F,F,F,F,F,F, F,F,F,F,F,F,F,F, F,F,F,F,F,F,F,F  (T:028 F:228)
01:47:41| ... LogBitArray | 8
01:47:41| ... GetEcuIdFromAddress
01:47:41| ... ByteArrayToHexString | 07E9
01:47:41| ... ByteArrayToHexString | 00000001
01:47:41| ... DT_DataToString | Adr:07E9,Mod:01,PID:20,Dat:00000001
01:47:41| GetSupportedPIDS | Data-Adr:07E9,Mod:01,PID:20,Dat:00000001
01:47:41| SSBAFOB | MdPID:01,20 ECU:E9 ...  InCnt:4 (00,00,00,01,BC:001) SrtIdx:033
01:47:41| ... SetSupportedBitArrayFromObdBytes | BitAryLen:256  BitSetCnt:009  BAI:4-4,40
01:47:41| 2 | GetSupportedPIDs | 1-E9-DBG3 -------------- 0,1,2,3,4,5,6,7, 8,9,A,B,C,D,E,F, G,H,I,J,K,L,M,N, O,P,Q,R,S,T,U,V
01:47:41| 2 | GetSupportedPIDs | 1-E9-DBG3 000-00_00-020: T,T,F,F,T,T,F,F, F,F,F,F,T,T,F,F, F,T,F,F,F,F,F,F, F,F,F,F,F,F,F,F
01:47:41| 2 | GetSupportedPIDs | 1-E9-DBG3 032-20_20-040: T,F,F,F,F,F,F,F, F,F,F,F,F,F,F,F, F,F,F,F,F,F,F,F, F,F,F,F,F,F,F,F
01:47:41| 2 | GetSupportedPIDs | 1-E9-DBG3 064-40_40-060: T,F,F,F,F,F,F,F, F,F,F,F,F,F,F,F, F,F,F,F,F,F,F,F, F,F,F,F,F,F,F,F
01:47:41| 2 | GetSupportedPIDs | 1-E9-DBG3 096-60_60-080: F,F,F,F,F,F,F,F, F,F,F,F,F,F,F,F, F,F,F,F,F,F,F,F, F,F,F,F,F,F,F,F
01:47:41| 2 | GetSupportedPIDs | 1-E9-DBG3 128-80_80-0A0: F,F,F,F,F,F,F,F, F,F,F,F,F,F,F,F, F,F,F,F,F,F,F,F, F,F,F,F,F,F,F,F
01:47:41| 2 | GetSupportedPIDs | 1-E9-DBG3 160-A0_A0-0C0: F,F,F,F,F,F,F,F, F,F,F,F,F,F,F,F, F,F,F,F,F,F,F,F, F,F,F,F,F,F,F,F
01:47:41| 2 | GetSupportedPIDs | 1-E9-DBG3 192-C0_C0-0E0: F,F,F,F,F,F,F,F, F,F,F,F,F,F,F,F, F,F,F,F,F,F,F,F, F,F,F,F,F,F,F,F
01:47:41| 2 | GetSupportedPIDs | 1-E9-DBG3 224-E0_E0-100: F,F,F,F,F,F,F,F, F,F,F,F,F,F,F,F, F,F,F,F,F,F,F,F, F,F,F,F,F,F,F,F  (T:009 F:247)
01:47:41| ... LogBitArray | 8
01:47:41| ... SetupMyLastCommResult: InvalidData
01:47:41| ... DoDad | Action: System.Action | tag: GetModePID(01, 40) - PID support mask
01:47:41| ... GetCallingProcedure | Connect_OBD
01:47:41| ... GetCallingProcedure | lVehiculoLink
01:47:41| ... GetCallingProcedure | VehiculoLink
01:47:41| DoDad-01 | GetModePID(01, 40) - PID support mask (Open:True,999.99 | Connect_OBD,lVehiculoLink,VehiculoLink)
01:47:41| DoDad-01  ClearCommandLog ...
01:47:41| DoDad-01  Invoke ... (GetModePID(01, 40) - PID support mask)
01:47:42| DoDad-01  Invoke ... (GetModePID(01, 40) - PID support mask)  (656)
01:47:42| DoDad-01  CommandLog.Length ...
01:47:42| DoDad-01  CommandLog ... (0)
01:47:42| DoDad-01-CommandLog-Len:237 Siz:237 | iStart: 0
01:47:42| DoDad-01  SerialData.Length ... (1823)
01:47:42| DoDad-01 | GetModePID(01, 40) - PID support mask-SLL:01823,01823-CF:F-DLLInfo:'DAD_DLL_VERSION_16.12.25.0 .. 3.0.7.0'
                    -  DAD_DLL_VERSION_16.12.25.0
                    -  611,TX MSG,JVPW1850,68 6A F1 01 00 
                    -  611,RX QRY,JVPW1850,Delay: 100
                    -  720,RX QRY,JVPW1850,Delay: 100
                    -  830,RX QRY,JVPW1850,Delay: 100
                    -  939,TX MSG,JPWM1850,61 6A F1 01 00 
                    -  954,TX MSG,I914**,33 
                    -  5269,TX MSG,KWPF**,C1 33 F1 81 
                    -  11739,TX MSG,ICAN11bt500,00 00 07 DF 01 00 
                    -  11739,RX QRY,ICAN11bt500,Delay: 100
                    -  11849,RX MSG,ICAN11bt500,00 00 07 DF 
                    -  11849,RX MSG,ICAN11bt500,00 00 07 E9 41 00 98 18 80 01 
                    -  11849,RX MSG,ICAN11bt500,00 00 07 E8 41 00 BE 3E B8 13 
                    -  11849,RX QRY,ICAN11bt500,Delay: 100
                    -  11962,RX QRY,ICAN11bt500,Delay: 100
                    -  12165,TX MSG,ICAN11bt500,00 00 07 DF 01 00 
                    -  12165,RX QRY,ICAN11bt500,Delay: 100
                    -  12275,RX MSG,ICAN11bt500,00 00 07 DF 
                    -  12275,RX MSG,ICAN11bt500,00 00 07 E8 41 00 BE 3E B8 13 
                    -  12275,RX MSG,ICAN11bt500,00 00 07 E9 41 00 98 18 80 01 
                    -  12275,RX QRY,ICAN11bt500,Delay: 100
                    -  12384,RX QRY,ICAN11bt500,Delay: 100
                    -  12493,RX QRY,ICAN11bt500,Delay: 100
                    -  12605,RX QRY,ICAN11bt500,Delay: 100
                    -  12718,RX QRY,ICAN11bt500,Delay: 100
                    -  13031,TX MSG,ICAN11bt500,00 00 07 DF 01 20 
                    -  13031,RX QRY,ICAN11bt500,Delay: 100
                    -  13140,RX MSG,ICAN11bt500,00 00 07 DF 
                    -  13140,RX MSG,ICAN11bt500,00 00 07 E8 41 20 A0 07 A0 11 
                    -  13140,RX MSG,ICAN11bt500,00 00 07 E9 41 20 00 00 00 01 
                    -  13140,RX QRY,ICAN11bt500,Delay: 100
                    -  13250,RX QRY,ICAN11bt500,Delay: 100
                    -  13359,RX QRY,ICAN11bt500,Delay: 100
                    -  13468,RX QRY,ICAN11bt500,Delay: 100
                    -  13578,RX QRY,ICAN11bt500,Delay: 100
                    -  13890,TX MSG,ICAN11bt500,00 00 07 DF 01 40 
                    -  13890,RX QRY,ICAN11bt500,Delay: 100
                    -  14000,RX MSG,ICAN11bt500,00 00 07 DF 
                    -  14000,RX MSG,ICAN11bt500,00 00 07 E9 41 40 E0 80 00 00 
                    -  14000,RX MSG,ICAN11bt500,00 00 07 E8 41 40 FE D0 84 00 
                    -  14000,RX QRY,ICAN11bt500,Delay: 100
                    -  14109,RX QRY,ICAN11bt500,Delay: 100
                    -  14219,RX QRY,ICAN11bt500,Delay: 100
                    -  14328,RX QRY,ICAN11bt500,Delay: 100
                    -  14437,RX QRY,ICAN11bt500,Delay: 100
                    (0.656 s,F) GetModePID(01, 40) - PID support mask | NoEOL
01:47:42| ... SetupVehicleIsLinked
01:47:42| ... GetCallingProcedure | SetupMyLastCommResult
01:47:42| ... GetCallingProcedure | GetSupportedPIDs
01:47:42| ... GetCallingProcedure | Connect_OBD
01:47:42| ... SetupMyLastCommResult: Success
01:47:42| ... MyLastResult | Success,Unknown,True->True
01:47:42|  (Result:Success,Unknown,True->True)
01:47:42| GetSupportedPIDs | PID40 RspCnt:2
01:47:42| ... GetEcuIdFromAddress
01:47:42| ... ByteArrayToHexString | 07E9
01:47:42| ... ByteArrayToHexString | E0800000
01:47:42| ... DT_DataToString | Adr:07E9,Mod:01,PID:40,Dat:E0800000
01:47:42| GetSupportedPIDS | Data-Adr:07E9,Mod:01,PID:40,Dat:E0800000
01:47:42| SSBAFOB | MdPID:01,40 ECU:E9 ...  InCnt:4 (E0,80,00,00,BC:004) SrtIdx:065
01:47:42| ... SetSupportedBitArrayFromObdBytes | BitAryLen:256  BitSetCnt:013  BAI:4-4,41,42,43,49
01:47:42| 2 | GetSupportedPIDs | 1-E9-DBG3 -------------- 0,1,2,3,4,5,6,7, 8,9,A,B,C,D,E,F, G,H,I,J,K,L,M,N, O,P,Q,R,S,T,U,V
01:47:42| 2 | GetSupportedPIDs | 1-E9-DBG3 000-00_00-020: T,T,F,F,T,T,F,F, F,F,F,F,T,T,F,F, F,T,F,F,F,F,F,F, F,F,F,F,F,F,F,F
01:47:42| 2 | GetSupportedPIDs | 1-E9-DBG3 032-20_20-040: T,F,F,F,F,F,F,F, F,F,F,F,F,F,F,F, F,F,F,F,F,F,F,F, F,F,F,F,F,F,F,F
01:47:42| 2 | GetSupportedPIDs | 1-E9-DBG3 064-40_40-060: T,T,T,T,F,F,F,F, F,T,F,F,F,F,F,F, F,F,F,F,F,F,F,F, F,F,F,F,F,F,F,F
01:47:42| 2 | GetSupportedPIDs | 1-E9-DBG3 096-60_60-080: F,F,F,F,F,F,F,F, F,F,F,F,F,F,F,F, F,F,F,F,F,F,F,F, F,F,F,F,F,F,F,F
01:47:42| 2 | GetSupportedPIDs | 1-E9-DBG3 128-80_80-0A0: F,F,F,F,F,F,F,F, F,F,F,F,F,F,F,F, F,F,F,F,F,F,F,F, F,F,F,F,F,F,F,F
01:47:42| 2 | GetSupportedPIDs | 1-E9-DBG3 160-A0_A0-0C0: F,F,F,F,F,F,F,F, F,F,F,F,F,F,F,F, F,F,F,F,F,F,F,F, F,F,F,F,F,F,F,F
01:47:42| 2 | GetSupportedPIDs | 1-E9-DBG3 192-C0_C0-0E0: F,F,F,F,F,F,F,F, F,F,F,F,F,F,F,F, F,F,F,F,F,F,F,F, F,F,F,F,F,F,F,F
01:47:42| 2 | GetSupportedPIDs | 1-E9-DBG3 224-E0_E0-100: F,F,F,F,F,F,F,F, F,F,F,F,F,F,F,F, F,F,F,F,F,F,F,F, F,F,F,F,F,F,F,F  (T:013 F:243)
01:47:42| ... LogBitArray | 8
01:47:42| ... GetEcuIdFromAddress
01:47:42| ... ByteArrayToHexString | 07E8
01:47:42| ... ByteArrayToHexString | FED08400
01:47:42| ... DT_DataToString | Adr:07E8,Mod:01,PID:40,Dat:FED08400
01:47:42| GetSupportedPIDS | Data-Adr:07E8,Mod:01,PID:40,Dat:FED08400
01:47:42| SSBAFOB | MdPID:01,40 ECU:E8 ...  InCnt:4 (FE,D0,84,00,BC:012) SrtIdx:065
01:47:42| ... SetSupportedBitArrayFromObdBytes | BitAryLen:256  BitSetCnt:040  BAI:4-4,41,42,43,44,45,46,47,49,4A,4C,51,56
01:47:42| 2 | GetSupportedPIDs | 1-E8-DBG3 -------------- 0,1,2,3,4,5,6,7, 8,9,A,B,C,D,E,F, G,H,I,J,K,L,M,N, O,P,Q,R,S,T,U,V
01:47:42| 2 | GetSupportedPIDs | 1-E8-DBG3 000-00_00-020: T,T,F,T,T,T,T,T, F,F,F,T,T,T,T,T, F,T,F,T,T,T,F,F, F,F,F,F,T,F,F,T
01:47:42| 2 | GetSupportedPIDs | 1-E8-DBG3 032-20_20-040: T,T,F,T,F,F,F,F, F,F,F,F,F,F,T,T, T,T,F,T,F,F,F,F, F,F,F,F,T,F,F,F
01:47:42| 2 | GetSupportedPIDs | 1-E8-DBG3 064-40_40-060: T,T,T,T,T,T,T,T, F,T,T,F,T,F,F,F, F,T,F,F,F,F,T,F, F,F,F,F,F,F,F,F
01:47:42| 2 | GetSupportedPIDs | 1-E8-DBG3 096-60_60-080: F,F,F,F,F,F,F,F, F,F,F,F,F,F,F,F, F,F,F,F,F,F,F,F, F,F,F,F,F,F,F,F
01:47:42| 2 | GetSupportedPIDs | 1-E8-DBG3 128-80_80-0A0: F,F,F,F,F,F,F,F, F,F,F,F,F,F,F,F, F,F,F,F,F,F,F,F, F,F,F,F,F,F,F,F
01:47:42| 2 | GetSupportedPIDs | 1-E8-DBG3 160-A0_A0-0C0: F,F,F,F,F,F,F,F, F,F,F,F,F,F,F,F, F,F,F,F,F,F,F,F, F,F,F,F,F,F,F,F
01:47:42| 2 | GetSupportedPIDs | 1-E8-DBG3 192-C0_C0-0E0: F,F,F,F,F,F,F,F, F,F,F,F,F,F,F,F, F,F,F,F,F,F,F,F, F,F,F,F,F,F,F,F
01:47:42| 2 | GetSupportedPIDs | 1-E8-DBG3 224-E0_E0-100: F,F,F,F,F,F,F,F, F,F,F,F,F,F,F,F, F,F,F,F,F,F,F,F, F,F,F,F,F,F,F,F  (T:040 F:216)
01:47:42| ... LogBitArray | 8
01:47:42| GetSupportedPIDs | Mode:1 ECUCnt:2 PIDSupDicCnt:2
01:47:42| 4 | GetSupportedPIDS | Mode1-ECUE8:-------------- 0,1,2,3,4,5,6,7, 8,9,A,B,C,D,E,F, G,H,I,J,K,L,M,N, O,P,Q,R,S,T,U,V
01:47:42| 4 | GetSupportedPIDS | Mode1-ECUE8:000-00_00-020: T,T,F,T,T,T,T,T, F,F,F,T,T,T,T,T, F,T,F,T,T,T,F,F, F,F,F,F,T,F,F,T
01:47:42| 4 | GetSupportedPIDS | Mode1-ECUE8:032-20_20-040: T,T,F,T,F,F,F,F, F,F,F,F,F,F,T,T, T,T,F,T,F,F,F,F, F,F,F,F,T,F,F,F
01:47:42| 4 | GetSupportedPIDS | Mode1-ECUE8:064-40_40-060: T,T,T,T,T,T,T,T, F,T,T,F,T,F,F,F, F,T,F,F,F,F,T,F, F,F,F,F,F,F,F,F
01:47:42| 4 | GetSupportedPIDS | Mode1-ECUE8:096-60_60-080: F,F,F,F,F,F,F,F, F,F,F,F,F,F,F,F, F,F,F,F,F,F,F,F, F,F,F,F,F,F,F,F
01:47:42| 4 | GetSupportedPIDS | Mode1-ECUE8:128-80_80-0A0: F,F,F,F,F,F,F,F, F,F,F,F,F,F,F,F, F,F,F,F,F,F,F,F, F,F,F,F,F,F,F,F
01:47:42| 4 | GetSupportedPIDS | Mode1-ECUE8:160-A0_A0-0C0: F,F,F,F,F,F,F,F, F,F,F,F,F,F,F,F, F,F,F,F,F,F,F,F, F,F,F,F,F,F,F,F
01:47:42| 4 | GetSupportedPIDS | Mode1-ECUE8:192-C0_C0-0E0: F,F,F,F,F,F,F,F, F,F,F,F,F,F,F,F, F,F,F,F,F,F,F,F, F,F,F,F,F,F,F,F
01:47:42| 4 | GetSupportedPIDS | Mode1-ECUE8:224-E0_E0-100: F,F,F,F,F,F,F,F, F,F,F,F,F,F,F,F, F,F,F,F,F,F,F,F, F,F,F,F,F,F,F,F  (T:040 F:216)
01:47:42| ... LogBitArray | 8
01:47:42| 4 | GetSupportedPIDS | Mode1-ECUE9:-------------- 0,1,2,3,4,5,6,7, 8,9,A,B,C,D,E,F, G,H,I,J,K,L,M,N, O,P,Q,R,S,T,U,V
01:47:42| 4 | GetSupportedPIDS | Mode1-ECUE9:000-00_00-020: T,T,F,F,T,T,F,F, F,F,F,F,T,T,F,F, F,T,F,F,F,F,F,F, F,F,F,F,F,F,F,F
01:47:42| 4 | GetSupportedPIDS | Mode1-ECUE9:032-20_20-040: T,F,F,F,F,F,F,F, F,F,F,F,F,F,F,F, F,F,F,F,F,F,F,F, F,F,F,F,F,F,F,F
01:47:42| 4 | GetSupportedPIDS | Mode1-ECUE9:064-40_40-060: T,T,T,T,F,F,F,F, F,T,F,F,F,F,F,F, F,F,F,F,F,F,F,F, F,F,F,F,F,F,F,F
01:47:42| 4 | GetSupportedPIDS | Mode1-ECUE9:096-60_60-080: F,F,F,F,F,F,F,F, F,F,F,F,F,F,F,F, F,F,F,F,F,F,F,F, F,F,F,F,F,F,F,F
01:47:42| 4 | GetSupportedPIDS | Mode1-ECUE9:128-80_80-0A0: F,F,F,F,F,F,F,F, F,F,F,F,F,F,F,F, F,F,F,F,F,F,F,F, F,F,F,F,F,F,F,F
01:47:42| 4 | GetSupportedPIDS | Mode1-ECUE9:160-A0_A0-0C0: F,F,F,F,F,F,F,F, F,F,F,F,F,F,F,F, F,F,F,F,F,F,F,F, F,F,F,F,F,F,F,F
01:47:42| 4 | GetSupportedPIDS | Mode1-ECUE9:192-C0_C0-0E0: F,F,F,F,F,F,F,F, F,F,F,F,F,F,F,F, F,F,F,F,F,F,F,F, F,F,F,F,F,F,F,F
01:47:42| 4 | GetSupportedPIDS | Mode1-ECUE9:224-E0_E0-100: F,F,F,F,F,F,F,F, F,F,F,F,F,F,F,F, F,F,F,F,F,F,F,F, F,F,F,F,F,F,F,F  (T:013 F:243)
01:47:42| ... LogBitArray | 8
01:47:42| 2 | GetSupportedPIDs | 1-ECUxx -------------- 0,1,2,3,4,5,6,7, 8,9,A,B,C,D,E,F, G,H,I,J,K,L,M,N, O,P,Q,R,S,T,U,V
01:47:42| 2 | GetSupportedPIDs | 1-ECUxx 000-00_00-020: T,T,F,T,T,T,T,T, F,F,F,T,T,T,T,T, F,T,F,T,T,T,F,F, F,F,F,F,T,F,F,T
01:47:42| 2 | GetSupportedPIDs | 1-ECUxx 032-20_20-040: T,T,F,T,F,F,F,F, F,F,F,F,F,F,T,T, T,T,F,T,F,F,F,F, F,F,F,F,T,F,F,F
01:47:42| 2 | GetSupportedPIDs | 1-ECUxx 064-40_40-060: T,T,T,T,T,T,T,T, F,T,T,F,T,F,F,F, F,T,F,F,F,F,T,F, F,F,F,F,F,F,F,F
01:47:42| 2 | GetSupportedPIDs | 1-ECUxx 096-60_60-080: F,F,F,F,F,F,F,F, F,F,F,F,F,F,F,F, F,F,F,F,F,F,F,F, F,F,F,F,F,F,F,F
01:47:42| 2 | GetSupportedPIDs | 1-ECUxx 128-80_80-0A0: F,F,F,F,F,F,F,F, F,F,F,F,F,F,F,F, F,F,F,F,F,F,F,F, F,F,F,F,F,F,F,F
01:47:42| 2 | GetSupportedPIDs | 1-ECUxx 160-A0_A0-0C0: F,F,F,F,F,F,F,F, F,F,F,F,F,F,F,F, F,F,F,F,F,F,F,F, F,F,F,F,F,F,F,F
01:47:42| 2 | GetSupportedPIDs | 1-ECUxx 192-C0_C0-0E0: F,F,F,F,F,F,F,F, F,F,F,F,F,F,F,F, F,F,F,F,F,F,F,F, F,F,F,F,F,F,F,F
01:47:42| 2 | GetSupportedPIDs | 1-ECUxx 224-E0_E0-100: F,F,F,F,F,F,F,F, F,F,F,F,F,F,F,F, F,F,F,F,F,F,F,F, F,F,F,F,F,F,F,F  (T:040 F:216)
01:47:42| ... LogBitArray | 8
01:47:42| GetSupportedPIDs | PIDCnt-1-E8:040, E9:013  (TPC:40)
01:47:42| ... DictValueSortDesc
01:47:42| DVSD | E8:040,E9:013->E8:040,E9:013
01:47:42| GetSupportedPIDs | Mode:1 PIDs-'040:00 01 03 04 05 06 07 0B 0C 0D 0E 0F 11 13 14 15 1C 1F 20 21 23 2E 2F 30 31 33 3C 40 41 42 43 44 45 46 47 49 4A 4C 51 56
01:47:42|  GetSupportedPIDs | Ending ... Success:TrueTrueTrue 1-E8:040 1-E9:013
01:47:42| ReleaseDAD |  Starting ... Cnt:00012,01 (Connect)
01:47:42| ... ReleaseDAD | Success ... Cnt:00012,00 Opn:T (Connect, Connect)
01:47:42| ... Connect | 2
01:47:42| ... SetupVehicleIsLinked
01:47:42| ... GetCallingProcedure | Connect_OBD
01:47:42| ... GetCallingProcedure | lVehiculoLink
01:47:42| ... GetCallingProcedure | VehiculoLink
01:47:42| SVLI | VehicleIsLinked:'True'->'?'  (Connect_OBD,lVehiculoLink,VehiculoLink)
01:47:42| ... SetupVehicleIsLinked
01:47:42| ... GetCallingProcedure | Connect_OBD
01:47:42| ... GetCallingProcedure | lVehiculoLink
01:47:42| ... GetCallingProcedure | VehiculoLink
01:47:42| SVLI | VehicleIsLinked:'?'->'True'  (Connect_OBD,lVehiculoLink,VehiculoLink)
01:47:42| ... Connect | 3 | Connect_Succeeded = True
01:47:42| ... MyLastResult | Success,Unknown,?->True
01:47:42| Connect | Rslt:True EECUID:E8 ECUs:2-(E9:013,E8:040->E8:040,E9:013,) Prot:'CAN11', 'CAN11' PC:40  (Success,Unknown,?->True, 14.91) (lVehiculoLink,VehiculoLink,VehTest)
01:47:42| ... DecrementActiveCount | 0
01:47:42| ... GetCallingProcedure | OpusIMCleanOBDdrv.Module1:Connect_OBD
01:47:42| ... GetCallingProcedure | OpusIMCleanOBDdrv.Module1:lVehiculoLink
01:47:42| ... GetCallingProcedure | OpusIMCleanOBDdrv.IMCleanOBD:VehiculoLink
01:47:42| ... LocalDecrementActiveCount | 0
01:47:42|  
01:47:42| ... Get MON >>>-----------------------------------------------------------------------
01:47:42| ... SetupMyLastCommResult: ConditionsNotCorrect
01:47:42| ... DoDad | Action: System.Action | tag: GetModePID(01, 01) - Readiness, DTC count, MIL
01:47:42| ... GetCallingProcedure | lVehiculoLink
01:47:42| ... GetCallingProcedure | VehiculoLink
01:47:42| ... GetCallingProcedure | VehTest
01:47:42| DoDad-01 | GetModePID(01, 01) - Readiness, DTC count, MIL (Open:True,999.99 | lVehiculoLink,VehiculoLink,VehTest)
01:47:42| DoDad-01  ClearCommandLog ...
01:47:42| DoDad-01  Invoke ... (GetModePID(01, 01) - Readiness, DTC count, MIL)
01:47:43| DoDad-01  Invoke ... (GetModePID(01, 01) - Readiness, DTC count, MIL)  (672)
01:47:43| DoDad-01  CommandLog.Length ...
01:47:43| DoDad-01  CommandLog ... (0)
01:47:43| DoDad-01-CommandLog-Len:228 Siz:228 | iStart: 0
01:47:43| DoDad-01  SerialData.Length ... (426)
01:47:43| DoDad-01 | GetModePID(01, 01) - Readiness, DTC count, MIL-SLL:00426,00426-CF:F-DLLInfo:'DAD_DLL_VERSION_16.12.25.0 .. 3.0.7.0'
                    -  DAD_DLL_VERSION_16.12.25.0
                    -  31,TX MSG,ICAN11bt500,00 00 07 DF 01 01 
                    -  31,RX QRY,ICAN11bt500,Delay: 100
                    -  140,RX MSG,ICAN11bt500,00 00 07 DF 
                    -  140,RX MSG,ICAN11bt500,00 00 07 E9 41 01 00 04 00 00 
                    -  140,RX MSG,ICAN11bt500,00 00 07 E8 41 01 00 07 E1 00 
                    -  140,RX QRY,ICAN11bt500,Delay: 100
                    -  254,RX QRY,ICAN11bt500,Delay: 100
                    -  364,RX QRY,ICAN11bt500,Delay: 100
                    -  473,RX QRY,ICAN11bt500,Delay: 100
                    -  583,RX QRY,ICAN11bt500,Delay: 100
                    (0.668 s,F) GetModePID(01, 01) - Readiness, DTC count, MIL | NoEOL
01:47:43| DECODE_Bus: DAD_DLL_VERSION_16.12.25.0
3.0.7.0

31,TX MSG,ICAN11bt500,00 00 07 DF 01 01 
140,RX MSG,ICAN11bt500,00 00 07 DF 
140,RX MSG,ICAN11bt500,00 00 07 E9 41 01 00 04 00 00 
140,RX MSG,ICAN11bt500,00 00 07 E8 41 01 00 07 E1 00 

01:47:43| DECODE_MIL: 00 00 07 E8 41 01 00 07 E1 00
01:47:43| zipESP: 00 00 07 E8 41 01 00 07 E1 00 | 000007E841010007E100
01:47:43| DECODE_MIL dato: 0007E100
01:47:43| Status: 0007E100
01:47:43| A: 00 | 0 | 00000000
01:47:43| B: 07 | 7 | 00000111
01:47:43| C: E1 | 225 | 11100001
01:47:43| D: 00 | 0 | 00000000
01:47:43| sr | Get MON: 0 | 2
01:47:43|  
01:47:43| ... Get DTC >>>-----------------------------------------------------------------------
01:47:43| ... SetupMyLastCommResult: ConditionsNotCorrect
01:47:43| ... DoDad | Action: System.Action | tag: GetModePID(03, 00) - DTC count, MIL
01:47:43| ... GetCallingProcedure | lVehiculoLink
01:47:43| ... GetCallingProcedure | VehiculoLink
01:47:43| ... GetCallingProcedure | VehTest
01:47:43| DoDad-01 | GetModePID(03, 00) - DTC count, MIL (Open:True,999.99 | lVehiculoLink,VehiculoLink,VehTest)
01:47:43| DoDad-01  ClearCommandLog ...
01:47:43| DoDad-01  Invoke ... (GetModePID(03, 00) - DTC count, MIL)
01:47:43| DoDad-01  Invoke ... (GetModePID(03, 00) - DTC count, MIL)  (656)
01:47:43| DoDad-01  CommandLog.Length ...
01:47:43| DoDad-01  CommandLog ... (0)
01:47:43| DoDad-01-CommandLog-Len:201 Siz:201 | iStart: 0
01:47:43| DoDad-01  SerialData.Length ... (399)
01:47:43| DoDad-01 | GetModePID(03, 00) - DTC count, MIL-SLL:00399,00399-CF:F-DLLInfo:'DAD_DLL_VERSION_16.12.25.0 .. 3.0.7.0'
                    -  DAD_DLL_VERSION_16.12.25.0
                    -  31,TX MSG,ICAN11bt500,00 00 07 DF 03 
                    -  31,RX QRY,ICAN11bt500,Delay: 100
                    -  140,RX MSG,ICAN11bt500,00 00 07 DF 
                    -  140,RX MSG,ICAN11bt500,00 00 07 E9 43 00 
                    -  140,RX MSG,ICAN11bt500,00 00 07 E8 43 00 
                    -  140,RX QRY,ICAN11bt500,Delay: 100
                    -  250,RX QRY,ICAN11bt500,Delay: 100
                    -  359,RX QRY,ICAN11bt500,Delay: 100
                    -  468,RX QRY,ICAN11bt500,Delay: 100
                    -  578,RX QRY,ICAN11bt500,Delay: 100
                    (0.656 s,F) GetModePID(03, 00) - DTC count, MIL | NoEOL
01:47:43| DECODE_Bus: DAD_DLL_VERSION_16.12.25.0
3.0.7.0

31,TX MSG,ICAN11bt500,00 00 07 DF 03 
140,RX MSG,ICAN11bt500,00 00 07 DF 
140,RX MSG,ICAN11bt500,00 00 07 E9 43 00 
140,RX MSG,ICAN11bt500,00 00 07 E8 43 00 

01:47:43| ... DECODE_DTC: 00 00 07 E8 43 00
01:47:43| zipESP: 00 00 07 E8 43 00 | 000007E84300
01:47:43| sr | Get DTC: 0 | 2
01:47:43|  
01:47:43| ... (01, 1F) Tmp. Encendido >>>-----------------------------------------------------------------------
01:47:43| ... SetupMyLastCommResult: ConditionsNotCorrect
01:47:43| ... DoDad | Action: System.Action | tag: GetModePID(01, 1F) - Tmp. Encendido
01:47:43| ... GetCallingProcedure | lVehiculoLink
01:47:43| ... GetCallingProcedure | VehiculoLink
01:47:43| ... GetCallingProcedure | VehTest
01:47:43| DoDad-01 | GetModePID(01, 1F) - Tmp. Encendido (Open:True,999.99 | lVehiculoLink,VehiculoLink,VehTest)
01:47:43| DoDad-01  ClearCommandLog ...
01:47:43| DoDad-01  Invoke ... (GetModePID(01, 1F) - Tmp. Encendido)
01:47:44| DoDad-01  Invoke ... (GetModePID(01, 1F) - Tmp. Encendido)  (671)
01:47:44| DoDad-01  CommandLog.Length ...
01:47:44| DoDad-01  CommandLog ... (0)
01:47:44| DoDad-01-CommandLog-Len:167 Siz:167 | iStart: 0
01:47:44| DoDad-01  SerialData.Length ... (365)
01:47:44| DoDad-01 | GetModePID(01, 1F) - Tmp. Encendido-SLL:00365,00365-CF:F-DLLInfo:'DAD_DLL_VERSION_16.12.25.0 .. 3.0.7.0'
                    -  DAD_DLL_VERSION_16.12.25.0
                    -  31,TX MSG,ICAN11bt500,00 00 07 DF 01 1F 
                    -  31,RX QRY,ICAN11bt500,Delay: 100
                    -  140,RX MSG,ICAN11bt500,00 00 07 DF 
                    -  140,RX MSG,ICAN11bt500,00 00 07 E8 41 1F 00 14 
                    -  140,RX QRY,ICAN11bt500,Delay: 100
                    -  250,RX QRY,ICAN11bt500,Delay: 100
                    -  359,RX QRY,ICAN11bt500,Delay: 100
                    -  468,RX QRY,ICAN11bt500,Delay: 100
                    -  578,RX QRY,ICAN11bt500,Delay: 100
                    (0.673 s,F) GetModePID(01, 1F) - Tmp. Encendido | NoEOL
01:47:44| DECODE_Bus: DAD_DLL_VERSION_16.12.25.0
3.0.7.0

31,TX MSG,ICAN11bt500,00 00 07 DF 01 1F 
140,RX MSG,ICAN11bt500,00 00 07 DF 
140,RX MSG,ICAN11bt500,00 00 07 E8 41 1F 00 14 

01:47:44| sr | Tmp. Encendido: 0 | 1
01:47:44|  
01:47:44| ... (01, 21) Distancia MIL >>>-----------------------------------------------------------------------
01:47:44| ... SetupMyLastCommResult: ConditionsNotCorrect
01:47:44| ... DoDad | Action: System.Action | tag: GetModePID(01, 21) - Distancia MIL
01:47:44| ... GetCallingProcedure | lVehiculoLink
01:47:44| ... GetCallingProcedure | VehiculoLink
01:47:44| ... GetCallingProcedure | VehTest
01:47:44| DoDad-01 | GetModePID(01, 21) - Distancia MIL (Open:True,999.99 | lVehiculoLink,VehiculoLink,VehTest)
01:47:44| DoDad-01  ClearCommandLog ...
01:47:44| DoDad-01  Invoke ... (GetModePID(01, 21) - Distancia MIL)
01:47:45| DoDad-01  Invoke ... (GetModePID(01, 21) - Distancia MIL)  (656)
01:47:45| DoDad-01  CommandLog.Length ...
01:47:45| DoDad-01  CommandLog ... (0)
01:47:45| DoDad-01-CommandLog-Len:167 Siz:167 | iStart: 0
01:47:45| DoDad-01  SerialData.Length ... (365)
01:47:45| DoDad-01 | GetModePID(01, 21) - Distancia MIL-SLL:00365,00365-CF:F-DLLInfo:'DAD_DLL_VERSION_16.12.25.0 .. 3.0.7.0'
                    -  DAD_DLL_VERSION_16.12.25.0
                    -  31,TX MSG,ICAN11bt500,00 00 07 DF 01 15 
                    -  31,RX QRY,ICAN11bt500,Delay: 100
                    -  140,RX MSG,ICAN11bt500,00 00 07 DF 
                    -  140,RX MSG,ICAN11bt500,00 00 07 E8 41 15 5A FF 
                    -  140,RX QRY,ICAN11bt500,Delay: 100
                    -  249,RX QRY,ICAN11bt500,Delay: 100
                    -  358,RX QRY,ICAN11bt500,Delay: 100
                    -  467,RX QRY,ICAN11bt500,Delay: 100
                    -  577,RX QRY,ICAN11bt500,Delay: 100
                    (0.656 s,F) GetModePID(01, 21) - Distancia MIL | NoEOL
01:47:45| DECODE_Bus: DAD_DLL_VERSION_16.12.25.0
3.0.7.0

31,TX MSG,ICAN11bt500,00 00 07 DF 01 15 
140,RX MSG,ICAN11bt500,00 00 07 DF 
140,RX MSG,ICAN11bt500,00 00 07 E8 41 15 5A FF 

01:47:45| sr | Distancia MIL: 0 | 1
01:47:45|  
01:47:45| ... (01, 31) Distancia MIL Borrada >>>-----------------------------------------------------------------------
01:47:45| ... SetupMyLastCommResult: ConditionsNotCorrect
01:47:45| ... DoDad | Action: System.Action | tag: GetModePID(01, 31) - Distancia MIL Borrada
01:47:45| ... GetCallingProcedure | lVehiculoLink
01:47:45| ... GetCallingProcedure | VehiculoLink
01:47:45| ... GetCallingProcedure | VehTest
01:47:45| DoDad-01 | GetModePID(01, 31) - Distancia MIL Borrada (Open:True,999.99 | lVehiculoLink,VehiculoLink,VehTest)
01:47:45| DoDad-01  ClearCommandLog ...
01:47:45| DoDad-01  Invoke ... (GetModePID(01, 31) - Distancia MIL Borrada)
01:47:46| DoDad-01  Invoke ... (GetModePID(01, 31) - Distancia MIL Borrada)  (656)
01:47:46| DoDad-01  CommandLog.Length ...
01:47:46| DoDad-01  CommandLog ... (0)
01:47:46| DoDad-01-CommandLog-Len:167 Siz:167 | iStart: 0
01:47:46| DoDad-01  SerialData.Length ... (365)
01:47:46| DoDad-01 | GetModePID(01, 31) - Distancia MIL Borrada-SLL:00365,00365-CF:F-DLLInfo:'DAD_DLL_VERSION_16.12.25.0 .. 3.0.7.0'
                    -  DAD_DLL_VERSION_16.12.25.0
                    -  31,TX MSG,ICAN11bt500,00 00 07 DF 01 1F 
                    -  31,RX QRY,ICAN11bt500,Delay: 100
                    -  138,RX MSG,ICAN11bt500,00 00 07 DF 
                    -  138,RX MSG,ICAN11bt500,00 00 07 E8 41 1F 00 15 
                    -  138,RX QRY,ICAN11bt500,Delay: 100
                    -  247,RX QRY,ICAN11bt500,Delay: 100
                    -  359,RX QRY,ICAN11bt500,Delay: 100
                    -  468,RX QRY,ICAN11bt500,Delay: 100
                    -  578,RX QRY,ICAN11bt500,Delay: 100
                    (0.656 s,F) GetModePID(01, 31) - Distancia MIL Borrada | NoEOL
01:47:46| DECODE_Bus: DAD_DLL_VERSION_16.12.25.0
3.0.7.0

31,TX MSG,ICAN11bt500,00 00 07 DF 01 1F 
138,RX MSG,ICAN11bt500,00 00 07 DF 
138,RX MSG,ICAN11bt500,00 00 07 E8 41 1F 00 15 

01:47:46| sr | Distancia MIL Borrada: 0 | 1
01:47:46|  
01:47:46| ... (01, 33) Presion Barometrica Kpa >>>-----------------------------------------------------------------------
01:47:46| ... SetupMyLastCommResult: ConditionsNotCorrect
01:47:46| ... DoDad | Action: System.Action | tag: GetModePID(01, 33) - Presion Barometrica Kpa
01:47:46| ... GetCallingProcedure | lVehiculoLink
01:47:46| ... GetCallingProcedure | VehiculoLink
01:47:46| ... GetCallingProcedure | VehTest
01:47:46| DoDad-01 | GetModePID(01, 33) - Presion Barometrica Kpa (Open:True,999.99 | lVehiculoLink,VehiculoLink,VehTest)
01:47:46| DoDad-01  ClearCommandLog ...
01:47:46| DoDad-01  Invoke ... (GetModePID(01, 33) - Presion Barometrica Kpa)
01:47:46| DoDad-01  Invoke ... (GetModePID(01, 33) - Presion Barometrica Kpa)  (657)
01:47:46| DoDad-01  CommandLog.Length ...
01:47:46| DoDad-01  CommandLog ... (0)
01:47:46| DoDad-01-CommandLog-Len:167 Siz:167 | iStart: 0
01:47:46| DoDad-01  SerialData.Length ... (365)
01:47:46| DoDad-01 | GetModePID(01, 33) - Presion Barometrica Kpa-SLL:00365,00365-CF:F-DLLInfo:'DAD_DLL_VERSION_16.12.25.0 .. 3.0.7.0'
                    -  DAD_DLL_VERSION_16.12.25.0
                    -  31,TX MSG,ICAN11bt500,00 00 07 DF 01 21 
                    -  31,RX QRY,ICAN11bt500,Delay: 100
                    -  140,RX MSG,ICAN11bt500,00 00 07 DF 
                    -  140,RX MSG,ICAN11bt500,00 00 07 E8 41 21 00 00 
                    -  140,RX QRY,ICAN11bt500,Delay: 100
                    -  250,RX QRY,ICAN11bt500,Delay: 100
                    -  359,RX QRY,ICAN11bt500,Delay: 100
                    -  468,RX QRY,ICAN11bt500,Delay: 100
                    -  578,RX QRY,ICAN11bt500,Delay: 100
                    (0.656 s,F) GetModePID(01, 33) - Presion Barometrica Kpa | NoEOL
01:47:46| DECODE_Bus: DAD_DLL_VERSION_16.12.25.0
3.0.7.0

31,TX MSG,ICAN11bt500,00 00 07 DF 01 21 
140,RX MSG,ICAN11bt500,00 00 07 DF 
140,RX MSG,ICAN11bt500,00 00 07 E8 41 21 00 00 

01:47:46| sr | Presion Barometrica Kpa: 0 | 1
01:47:46|  
01:47:46| ... (01, 4D) Tmp MIL on >>>-----------------------------------------------------------------------
01:47:46| ... SetupMyLastCommResult: ConditionsNotCorrect
01:47:46| ... DoDad | Action: System.Action | tag: GetModePID(01, 4D) - Tmp MIL on
01:47:46| ... GetCallingProcedure | lVehiculoLink
01:47:46| ... GetCallingProcedure | VehiculoLink
01:47:46| ... GetCallingProcedure | VehTest
01:47:46| DoDad-01 | GetModePID(01, 4D) - Tmp MIL on (Open:True,999.99 | lVehiculoLink,VehiculoLink,VehTest)
01:47:46| DoDad-01  ClearCommandLog ...
01:47:46| DoDad-01  Invoke ... (GetModePID(01, 4D) - Tmp MIL on)
01:47:47| DoDad-01  Invoke ... (GetModePID(01, 4D) - Tmp MIL on)  (656)
01:47:47| DoDad-01  CommandLog.Length ...
01:47:47| DoDad-01  CommandLog ... (0)
01:47:47| DoDad-01-CommandLog-Len:118 Siz:118 | iStart: 0
01:47:47| DoDad-01  SerialData.Length ... (316)
01:47:47| DoDad-01 | GetModePID(01, 4D) - Tmp MIL on-SLL:00316,00316-CF:F-DLLInfo:'DAD_DLL_VERSION_16.12.25.0 .. 3.0.7.0'
                    -  DAD_DLL_VERSION_16.12.25.0
                    -  31,TX MSG,ICAN11bt500,00 00 07 DF 01 4D 
                    -  31,RX QRY,ICAN11bt500,Delay: 100
                    -  140,RX MSG,ICAN11bt500,00 00 07 DF 
                    -  140,RX QRY,ICAN11bt500,Delay: 100
                    -  250,RX QRY,ICAN11bt500,Delay: 100
                    -  359,RX QRY,ICAN11bt500,Delay: 100
                    -  468,RX QRY,ICAN11bt500,Delay: 100
                    -  578,RX QRY,ICAN11bt500,Delay: 100
                    (0.656 s,F) GetModePID(01, 4D) - Tmp MIL on | NoEOL
01:47:47|  
01:47:47| ... (01, 51) Tipo Combustible >>>-----------------------------------------------------------------------
01:47:47| ... SetupMyLastCommResult: ConditionsNotCorrect
01:47:47| ... DoDad | Action: System.Action | tag: GetModePID(01, 51) - Tipo Combustible
01:47:47| ... GetCallingProcedure | lVehiculoLink
01:47:47| ... GetCallingProcedure | VehiculoLink
01:47:47| ... GetCallingProcedure | VehTest
01:47:47| DoDad-01 | GetModePID(01, 51) - Tipo Combustible (Open:True,999.99 | lVehiculoLink,VehiculoLink,VehTest)
01:47:47| DoDad-01  ClearCommandLog ...
01:47:47| DoDad-01  Invoke ... (GetModePID(01, 51) - Tipo Combustible)
01:47:48| DoDad-01  Invoke ... (GetModePID(01, 51) - Tipo Combustible)  (657)
01:47:48| DoDad-01  CommandLog.Length ...
01:47:48| DoDad-01  CommandLog ... (0)
01:47:48| DoDad-01-CommandLog-Len:164 Siz:164 | iStart: 0
01:47:48| DoDad-01  SerialData.Length ... (362)
01:47:48| DoDad-01 | GetModePID(01, 51) - Tipo Combustible-SLL:00362,00362-CF:F-DLLInfo:'DAD_DLL_VERSION_16.12.25.0 .. 3.0.7.0'
                    -  DAD_DLL_VERSION_16.12.25.0
                    -  31,TX MSG,ICAN11bt500,00 00 07 DF 01 33 
                    -  31,RX QRY,ICAN11bt500,Delay: 100
                    -  140,RX MSG,ICAN11bt500,00 00 07 DF 
                    -  140,RX MSG,ICAN11bt500,00 00 07 E8 41 33 4E 
                    -  140,RX QRY,ICAN11bt500,Delay: 100
                    -  250,RX QRY,ICAN11bt500,Delay: 100
                    -  351,RX QRY,ICAN11bt500,Delay: 100
                    -  460,RX QRY,ICAN11bt500,Delay: 100
                    -  562,RX QRY,ICAN11bt500,Delay: 100
                    (0.656 s,F) GetModePID(01, 51) - Tipo Combustible | NoEOL
01:47:48| DECODE_Bus: DAD_DLL_VERSION_16.12.25.0
3.0.7.0

31,TX MSG,ICAN11bt500,00 00 07 DF 01 33 
140,RX MSG,ICAN11bt500,00 00 07 DF 
140,RX MSG,ICAN11bt500,00 00 07 E8 41 33 4E 

01:47:48| sr | Tipo Combustible: 0 | 1
01:47:48|  
01:47:48| ... (01, 7F) Tmp Marcha Motor >>>-----------------------------------------------------------------------
01:47:48| ... SetupMyLastCommResult: ConditionsNotCorrect
01:47:48| ... DoDad | Action: System.Action | tag: GetModePID(01, 7F) - Tmp Marcha Motor
01:47:48| ... GetCallingProcedure | lVehiculoLink
01:47:48| ... GetCallingProcedure | VehiculoLink
01:47:48| ... GetCallingProcedure | VehTest
01:47:48| DoDad-01 | GetModePID(01, 7F) - Tmp Marcha Motor (Open:True,999.99 | lVehiculoLink,VehiculoLink,VehTest)
01:47:48| DoDad-01  ClearCommandLog ...
01:47:48| DoDad-01  Invoke ... (GetModePID(01, 7F) - Tmp Marcha Motor)
01:47:48| DoDad-01  Invoke ... (GetModePID(01, 7F) - Tmp Marcha Motor)  (656)
01:47:48| DoDad-01  CommandLog.Length ...
01:47:48| DoDad-01  CommandLog ... (0)
01:47:48| DoDad-01-CommandLog-Len:118 Siz:118 | iStart: 0
01:47:48| DoDad-01  SerialData.Length ... (316)
01:47:48| DoDad-01 | GetModePID(01, 7F) - Tmp Marcha Motor-SLL:00316,00316-CF:F-DLLInfo:'DAD_DLL_VERSION_16.12.25.0 .. 3.0.7.0'
                    -  DAD_DLL_VERSION_16.12.25.0
                    -  31,TX MSG,ICAN11bt500,00 00 07 DF 01 7F 
                    -  31,RX QRY,ICAN11bt500,Delay: 100
                    -  140,RX MSG,ICAN11bt500,00 00 07 DF 
                    -  140,RX QRY,ICAN11bt500,Delay: 100
                    -  255,RX QRY,ICAN11bt500,Delay: 100
                    -  365,RX QRY,ICAN11bt500,Delay: 100
                    -  474,RX QRY,ICAN11bt500,Delay: 100
                    -  584,RX QRY,ICAN11bt500,Delay: 100
                    (0.662 s,F) GetModePID(01, 7F) - Tmp Marcha Motor | NoEOL
01:47:48|  
01:47:48| ... (09, 04) Cal ID >>>-----------------------------------------------------------------------
01:47:48| ... SetupMyLastCommResult: ConditionsNotCorrect
01:47:48| ... DoDad | Action: System.Action | tag: GetModePID(09, 04) - Cal ID
01:47:48| ... GetCallingProcedure | lVehiculoLink
01:47:48| ... GetCallingProcedure | VehiculoLink
01:47:48| ... GetCallingProcedure | VehTest
01:47:48| DoDad-01 | GetModePID(09, 04) - Cal ID (Open:True,999.99 | lVehiculoLink,VehiculoLink,VehTest)
01:47:48| DoDad-01  ClearCommandLog ...
01:47:48| DoDad-01  Invoke ... (GetModePID(09, 04) - Cal ID)
01:47:49| DoDad-01  Invoke ... (GetModePID(09, 04) - Cal ID)  (672)
01:47:49| DoDad-01  CommandLog.Length ...
01:47:49| DoDad-01  CommandLog ... (0)
01:47:49| DoDad-01-CommandLog-Len:380 Siz:380 | iStart: 0
01:47:49| DoDad-01  SerialData.Length ... (578)
01:47:49| DoDad-01 | GetModePID(09, 04) - Cal ID-SLL:00578,00578-CF:F-DLLInfo:'DAD_DLL_VERSION_16.12.25.0 .. 3.0.7.0'
                    -  DAD_DLL_VERSION_16.12.25.0
                    -  31,TX MSG,ICAN11bt500,00 00 07 DF 09 04 
                    -  31,RX QRY,ICAN11bt500,Delay: 100
                    -  140,RX MSG,ICAN11bt500,00 00 07 DF 
                    -  140,RX MSG,ICAN11bt500,00 00 07 E9 
                    -  140,RX MSG,ICAN11bt500,00 00 07 E8 
                    -  140,RX MSG,ICAN11bt500,00 00 07 E8 49 04 01 30 34 45 30 32 37 4C 4D 35 38 35 37 42 41 41 41 
                    -  140,RX MSG,ICAN11bt500,00 00 07 E9 49 04 01 30 39 47 39 32 37 31 35 38 42 52 20 33 34 32 33 
                    -  140,RX QRY,ICAN11bt500,Delay: 100
                    -  250,RX QRY,ICAN11bt500,Delay: 100
                    -  359,RX QRY,ICAN11bt500,Delay: 100
                    -  469,RX QRY,ICAN11bt500,Delay: 100
                    -  569,RX QRY,ICAN11bt500,Delay: 100
                    (0.663 s,F) GetModePID(09, 04) - Cal ID | NoEOL
01:47:49| DECODE_Bus: DAD_DLL_VERSION_16.12.25.0
3.0.7.0

31,TX MSG,ICAN11bt500,00 00 07 DF 09 04 
140,RX MSG,ICAN11bt500,00 00 07 DF 
140,RX MSG,ICAN11bt500,00 00 07 E9 
140,RX MSG,ICAN11bt500,00 00 07 E8 
140,RX MSG,ICAN11bt500,00 00 07 E8 49 04 01 30 34 45 30 32 37 4C 4D 35 38 35 37 42 41 41 41 
140,RX MSG,ICAN11bt500,00 00 07 E9 49 04 01 30 39 47 39 32 37 31 35 38 42 52 20 33 34 32 33 

01:47:49| sr | Cal ID: 0 | 2
01:47:49|  
01:47:49| ... Get VIN >>>-----------------------------------------------------------------------
01:47:50| DAD_DLL_VERSION_16.12.25.0
3.0.7.0

31,TX MSG,ICAN11bt500,00 00 07 DF 09 04 
140,RX MSG,ICAN11bt500,00 00 07 DF 
140,RX MSG,ICAN11bt500,00 00 07 E9 
140,RX MSG,ICAN11bt500,00 00 07 E8 
140,RX MSG,ICAN11bt500,00 00 07 E8 49 04 01 30 34 45 30 32 37 4C 4D 35 38 35 37 42 41 41 41 
140,RX MSG,ICAN11bt500,00 00 07 E9 49 04 01 30 39 47 39 32 37 31 35 38 42 52 20 33 34 32 33 
710,TX MSG,ICAN11bt500,00 00 07 DF 09 02 
819,RX MSG,ICAN11bt500,00 00 07 DF 
819,RX MSG,ICAN11bt500,00 00 07 E8 
819,RX MSG,ICAN11bt500,00 00 07 E8 49 02 01 33 56 57 48 50 36 42 55 37 4B 4D 30 33 30 30 33 31 

01:47:50| SR: 0 | 1
01:47:50| ... GetEcuIdFromAddress
01:47:50| ... ByteArrayToHexString | 01 33 56 57 48 50 36 42 55 37 4B 4D 30 33 30 30 33 31
01:47:50| GetVIN | ECU:E8  DLen:018 (01 33 56 57 48 50 36 42 55 37 4B 4D 30 33 30 30 33 31)
01:47:50| ... ByteArrayToHexString | 01,33,56,57,48,50,36,42,55,37,4B,4D,30,33,30,30,33,31
01:47:50| ... CheckForNAK | Ret:False  Len:18  Buf:01,33,56,57,48,50,36,42,55,37,4B,4D,30,33,30,30,33,31  SID:09  PID:02  Prot:'CAN11'
01:47:50| ... ByteArrayToString | 3VWHP6BU7KM030031
01:47:50| GetVIN | ECU:E8  VIN: Null
01:47:50| DECODE_Bus: DAD_DLL_VERSION_16.12.25.0
3.0.7.0

31,TX MSG,ICAN11bt500,00 00 07 DF 09 04 
140,RX MSG,ICAN11bt500,00 00 07 DF 
140,RX MSG,ICAN11bt500,00 00 07 E9 
140,RX MSG,ICAN11bt500,00 00 07 E8 
140,RX MSG,ICAN11bt500,00 00 07 E8 49 04 01 30 34 45 30 32 37 4C 4D 35 38 35 37 42 41 41 41 
140,RX MSG,ICAN11bt500,00 00 07 E9 49 04 01 30 39 47 39 32 37 31 35 38 42 52 20 33 34 32 33 
710,TX MSG,ICAN11bt500,00 00 07 DF 09 02 
819,RX MSG,ICAN11bt500,00 00 07 DF 
819,RX MSG,ICAN11bt500,00 00 07 E8 
819,RX MSG,ICAN11bt500,00 00 07 E8 49 02 01 33 56 57 48 50 36 42 55 37 4B 4D 30 33 30 30 33 31 

01:47:50|  
01:47:50| ... Get VOLTAJES >>>-----------------------------------------------------------------------
01:47:50| ... SetupMyLastCommResult: ConditionsNotCorrect
01:47:50| ... DoDad | Action: System.Action | tag: GetModePID(01, 42) - Voltaje
01:47:50| ... GetCallingProcedure | lVehiculoLink
01:47:50| ... GetCallingProcedure | VehiculoLink
01:47:50| ... GetCallingProcedure | VehTest
01:47:50| DoDad-01 | GetModePID(01, 42) - Voltaje (Open:True,999.99 | lVehiculoLink,VehiculoLink,VehTest)
01:47:50| DoDad-01  ClearCommandLog ...
01:47:50| DoDad-01  Invoke ... (GetModePID(01, 42) - Voltaje)
01:47:51| DoDad-01  Invoke ... (GetModePID(01, 42) - Voltaje)  (656)
01:47:51| DoDad-01  CommandLog.Length ...
01:47:51| DoDad-01  CommandLog ... (0)
01:47:51| DoDad-01-CommandLog-Len:118 Siz:118 | iStart: 0
01:47:51| DoDad-01  SerialData.Length ... (316)
01:47:51| DoDad-01 | GetModePID(01, 42) - Voltaje-SLL:00316,00316-CF:F-DLLInfo:'DAD_DLL_VERSION_16.12.25.0 .. 3.0.7.0'
                    -  DAD_DLL_VERSION_16.12.25.0
                    -  31,TX MSG,ICAN11bt500,00 00 07 DF 01 2A 
                    -  31,RX QRY,ICAN11bt500,Delay: 100
                    -  140,RX MSG,ICAN11bt500,00 00 07 DF 
                    -  140,RX QRY,ICAN11bt500,Delay: 100
                    -  250,RX QRY,ICAN11bt500,Delay: 100
                    -  359,RX QRY,ICAN11bt500,Delay: 100
                    -  468,RX QRY,ICAN11bt500,Delay: 100
                    -  579,RX QRY,ICAN11bt500,Delay: 100
                    (0.659 s,F) GetModePID(01, 42) - Voltaje | NoEOL
01:47:51|  
01:47:51| ... Get RPM >>>-----------------------------------------------------------------------
01:47:51| ... SetupMyLastCommResult: ConditionsNotCorrect
01:47:51| ... DoDad | Action: System.Action | tag: GetModePID(01, 0C) - DTC count, MIL
01:47:51| ... GetCallingProcedure | lVehiculoLink
01:47:51| ... GetCallingProcedure | VehiculoLink
01:47:51| ... GetCallingProcedure | VehTest
01:47:51| DoDad-01 | GetModePID(01, 0C) - DTC count, MIL (Open:True,999.99 | lVehiculoLink,VehiculoLink,VehTest)
01:47:51| DoDad-01  ClearCommandLog ...
01:47:51| DoDad-01  Invoke ... (GetModePID(01, 0C) - DTC count, MIL)
01:47:51| DoDad-01  Invoke ... (GetModePID(01, 0C) - DTC count, MIL)  (656)
01:47:51| DoDad-01  CommandLog.Length ...
01:47:51| DoDad-01  CommandLog ... (0)
01:47:51| DoDad-01-CommandLog-Len:216 Siz:216 | iStart: 0
01:47:51| DoDad-01  SerialData.Length ... (414)
01:47:51| DoDad-01 | GetModePID(01, 0C) - DTC count, MIL-SLL:00414,00414-CF:F-DLLInfo:'DAD_DLL_VERSION_16.12.25.0 .. 3.0.7.0'
                    -  DAD_DLL_VERSION_16.12.25.0
                    -  31,TX MSG,ICAN11bt500,00 00 07 DF 01 0C 
                    -  31,RX QRY,ICAN11bt500,Delay: 100
                    -  140,RX MSG,ICAN11bt500,00 00 07 DF 
                    -  140,RX MSG,ICAN11bt500,00 00 07 E9 41 0C 0C 06 
                    -  140,RX MSG,ICAN11bt500,00 00 07 E8 41 0C 0C 00 
                    -  140,RX QRY,ICAN11bt500,Delay: 100
                    -  250,RX QRY,ICAN11bt500,Delay: 100
                    -  350,RX QRY,ICAN11bt500,Delay: 100
                    -  459,RX QRY,ICAN11bt500,Delay: 100
                    -  569,RX QRY,ICAN11bt500,Delay: 100
                    (0.663 s,F) GetModePID(01, 0C) - DTC count, MIL | NoEOL
01:47:51| DECODE_Bus: DAD_DLL_VERSION_16.12.25.0
3.0.7.0

31,TX MSG,ICAN11bt500,00 00 07 DF 01 0C 
140,RX MSG,ICAN11bt500,00 00 07 DF 
140,RX MSG,ICAN11bt500,00 00 07 E9 41 0C 0C 06 
140,RX MSG,ICAN11bt500,00 00 07 E8 41 0C 0C 00 

01:47:51| zipESP: 00 00 07 E8 41 0C 0C 00 | 000007E8410C0C00
01:47:51| DECODE_RPM: 000007E8410C0C00
01:47:51| sr | Get RPM(1): 0 | 2
01:47:51| ... SetupMyLastCommResult: ConditionsNotCorrect
01:47:51| ... DoDad | Action: System.Action | tag: GetModePID(01, 0C) - DTC count, MIL
01:47:51| ... GetCallingProcedure | lVehiculoLink
01:47:51| ... GetCallingProcedure | VehiculoLink
01:47:51| ... GetCallingProcedure | VehTest
01:47:51| DoDad-01 | GetModePID(01, 0C) - DTC count, MIL (Open:True,999.99 | lVehiculoLink,VehiculoLink,VehTest)
01:47:51| DoDad-01  ClearCommandLog ...
01:47:51| DoDad-01  Invoke ... (GetModePID(01, 0C) - DTC count, MIL)
01:47:52| DoDad-01  Invoke ... (GetModePID(01, 0C) - DTC count, MIL)  (656)
01:47:52| DoDad-01  CommandLog.Length ...
01:47:52| DoDad-01  CommandLog ... (0)
01:47:52| DoDad-01-CommandLog-Len:216 Siz:216 | iStart: 0
01:47:52| DoDad-01  SerialData.Length ... (414)
01:47:52| DoDad-01 | GetModePID(01, 0C) - DTC count, MIL-SLL:00414,00414-CF:F-DLLInfo:'DAD_DLL_VERSION_16.12.25.0 .. 3.0.7.0'
                    -  DAD_DLL_VERSION_16.12.25.0
                    -  34,TX MSG,ICAN11bt500,00 00 07 DF 01 0C 
                    -  34,RX QRY,ICAN11bt500,Delay: 100
                    -  143,RX MSG,ICAN11bt500,00 00 07 DF 
                    -  143,RX MSG,ICAN11bt500,00 00 07 E8 41 0C 0B FE 
                    -  143,RX MSG,ICAN11bt500,00 00 07 E9 41 0C 0C 0A 
                    -  143,RX QRY,ICAN11bt500,Delay: 100
                    -  253,RX QRY,ICAN11bt500,Delay: 100
                    -  362,RX QRY,ICAN11bt500,Delay: 100
                    -  471,RX QRY,ICAN11bt500,Delay: 100
                    -  581,RX QRY,ICAN11bt500,Delay: 100
                    (0.656 s,F) GetModePID(01, 0C) - DTC count, MIL | NoEOL
01:47:52| DECODE_Bus: DAD_DLL_VERSION_16.12.25.0
3.0.7.0

34,TX MSG,ICAN11bt500,00 00 07 DF 01 0C 
143,RX MSG,ICAN11bt500,00 00 07 DF 
143,RX MSG,ICAN11bt500,00 00 07 E8 41 0C 0B FE 
143,RX MSG,ICAN11bt500,00 00 07 E9 41 0C 0C 0A 

01:47:52| zipESP: 00 00 07 E8 41 0C 0B FE | 000007E8410C0BFE
01:47:52| DECODE_RPM: 000007E8410C0BFE
01:47:52| sr | Get RPM(2): 0 | 2
01:47:52| ... SetupMyLastCommResult: ConditionsNotCorrect
01:47:52| ... DoDad | Action: System.Action | tag: GetModePID(01, 0C) - DTC count, MIL
01:47:52| ... GetCallingProcedure | lVehiculoLink
01:47:52| ... GetCallingProcedure | VehiculoLink
01:47:52| ... GetCallingProcedure | VehTest
01:47:52| DoDad-01 | GetModePID(01, 0C) - DTC count, MIL (Open:True,999.99 | lVehiculoLink,VehiculoLink,VehTest)
01:47:52| DoDad-01  ClearCommandLog ...
01:47:52| DoDad-01  Invoke ... (GetModePID(01, 0C) - DTC count, MIL)
01:47:53| DoDad-01  Invoke ... (GetModePID(01, 0C) - DTC count, MIL)  (656)
01:47:53| DoDad-01  CommandLog.Length ...
01:47:53| DoDad-01  CommandLog ... (0)
01:47:53| DoDad-01-CommandLog-Len:216 Siz:216 | iStart: 0
01:47:53| DoDad-01  SerialData.Length ... (414)
01:47:53| DoDad-01 | GetModePID(01, 0C) - DTC count, MIL-SLL:00414,00414-CF:F-DLLInfo:'DAD_DLL_VERSION_16.12.25.0 .. 3.0.7.0'
                    -  DAD_DLL_VERSION_16.12.25.0
                    -  31,TX MSG,ICAN11bt500,00 00 07 DF 01 0C 
                    -  31,RX QRY,ICAN11bt500,Delay: 100
                    -  140,RX MSG,ICAN11bt500,00 00 07 DF 
                    -  140,RX MSG,ICAN11bt500,00 00 07 E9 41 0C 0B F4 
                    -  140,RX MSG,ICAN11bt500,00 00 07 E8 41 0C 0C 02 
                    -  140,RX QRY,ICAN11bt500,Delay: 100
                    -  250,RX QRY,ICAN11bt500,Delay: 100
                    -  359,RX QRY,ICAN11bt500,Delay: 100
                    -  469,RX QRY,ICAN11bt500,Delay: 100
                    -  578,RX QRY,ICAN11bt500,Delay: 100
                    (0.657 s,F) GetModePID(01, 0C) - DTC count, MIL | NoEOL
01:47:53| DECODE_Bus: DAD_DLL_VERSION_16.12.25.0
3.0.7.0

31,TX MSG,ICAN11bt500,00 00 07 DF 01 0C 
140,RX MSG,ICAN11bt500,00 00 07 DF 
140,RX MSG,ICAN11bt500,00 00 07 E9 41 0C 0B F4 
140,RX MSG,ICAN11bt500,00 00 07 E8 41 0C 0C 02 

01:47:53| zipESP: 00 00 07 E8 41 0C 0C 02 | 000007E8410C0C02
01:47:53| DECODE_RPM: 000007E8410C0C02
01:47:53| sr | Get RPM(3): 0 | 2
01:47:53| ... SetupMyLastCommResult: ConditionsNotCorrect
01:47:53| ... DoDad | Action: System.Action | tag: GetModePID(01, 0C) - DTC count, MIL
01:47:53| ... GetCallingProcedure | lVehiculoLink
01:47:53| ... GetCallingProcedure | VehiculoLink
01:47:53| ... GetCallingProcedure | VehTest
01:47:53| DoDad-01 | GetModePID(01, 0C) - DTC count, MIL (Open:True,999.99 | lVehiculoLink,VehiculoLink,VehTest)
01:47:53| DoDad-01  ClearCommandLog ...
01:47:53| DoDad-01  Invoke ... (GetModePID(01, 0C) - DTC count, MIL)
01:47:53| DoDad-01  Invoke ... (GetModePID(01, 0C) - DTC count, MIL)  (657)
01:47:53| DoDad-01  CommandLog.Length ...
01:47:53| DoDad-01  CommandLog ... (0)
01:47:53| DoDad-01-CommandLog-Len:216 Siz:216 | iStart: 0
01:47:53| DoDad-01  SerialData.Length ... (414)
01:47:53| DoDad-01 | GetModePID(01, 0C) - DTC count, MIL-SLL:00414,00414-CF:F-DLLInfo:'DAD_DLL_VERSION_16.12.25.0 .. 3.0.7.0'
                    -  DAD_DLL_VERSION_16.12.25.0
                    -  15,TX MSG,ICAN11bt500,00 00 07 DF 01 0C 
                    -  15,RX QRY,ICAN11bt500,Delay: 100
                    -  125,RX MSG,ICAN11bt500,00 00 07 DF 
                    -  125,RX MSG,ICAN11bt500,00 00 07 E9 41 0C 0C 0C 
                    -  125,RX MSG,ICAN11bt500,00 00 07 E8 41 0C 0C 06 
                    -  125,RX QRY,ICAN11bt500,Delay: 100
                    -  234,RX QRY,ICAN11bt500,Delay: 100
                    -  343,RX QRY,ICAN11bt500,Delay: 100
                    -  453,RX QRY,ICAN11bt500,Delay: 100
                    -  562,RX QRY,ICAN11bt500,Delay: 100
                    (0.657 s,F) GetModePID(01, 0C) - DTC count, MIL | NoEOL
01:47:53| DECODE_Bus: DAD_DLL_VERSION_16.12.25.0
3.0.7.0

15,TX MSG,ICAN11bt500,00 00 07 DF 01 0C 
125,RX MSG,ICAN11bt500,00 00 07 DF 
125,RX MSG,ICAN11bt500,00 00 07 E9 41 0C 0C 0C 
125,RX MSG,ICAN11bt500,00 00 07 E8 41 0C 0C 06 

01:47:53| zipESP: 00 00 07 E8 41 0C 0C 06 | 000007E8410C0C06
01:47:53| DECODE_RPM: 000007E8410C0C06
01:47:53| sr | Get RPM(4): 0 | 2
01:47:54| Success
01:47:54| InitIMCleanDevice | DeviceVoltage:12.7
01:47:54| InitIMCleanDevice | DeviceVoltageDLC:13.2
01:47:54| ... >>>-----------------------------------------------------------------------
01:47:54| ... >>>-----------------------------------------------------------------------
01:47:54| VIN: 3VWHP6BU7KM030031
01:47:54| MON: Mil:0| Msi:110 | Ccm:110 | Cmb:110 | O2s:110 | Cat:110 | Ccc:009 | Evs:009 | Sas:009 | Faa:009 | O2c:110
01:47:54| DTC: 
01:47:54| Voltage: 12.7
01:47:54| VoltageDLC: 13.2
01:47:54| Pid0101 : 00 00 07 E8 41 01 00 07 E1 00
01:47:54| Pid0300 : 00 00 07 E8 43 00
01:47:54| Pid0121 : 00 00 07 E8 41 21 00 00
01:47:54| Pid0131 : Null
01:47:54| Pid0133 : 00 00 07 E8 41 33 4E
01:47:54| Pid011F : 00 00 07 E8 41 1F 00 15
01:47:54| Pid017F : Null
01:47:54| Pid014D : Null
01:47:54| Pid0951 : Null
01:47:54| Pid0902 : 00 00 07 E8 49 02 01 33 56 57 48 50 36 42 55 37 4B 4D 30 33 30 30 33 31
01:47:54| Pid0904 : 00 00 07 E8 49 04 01 30 34 45 30 32 37 4C 4D 35 38 35 37 42 41 41 41
01:47:54| Pid010C: 00 00 07 E8 41 0C 0C 06
01:47:54| RPM: 770 | 1: 768 | 2: 768 | 3: 768
01:47:54| *** Connect ... EOF()
01:47:54| VehiculoLink: Pass: Inspección vehicular OBD concluido.
02:04:57|  
02:04:57| ... Connect_OBD ===================================================================================================================
02:04:57|  
02:04:57| ... GetCallingProcedure | lVehiculoLink
02:04:57| ... GetCallingProcedure | VehiculoLink
02:04:57| ... GetCallingProcedure | VehTest
02:04:57| ... IncrementActiveCount | 1
02:04:57| ... GetCallingProcedure | OpusIMCleanOBDdrv.Module1:Connect_OBD
02:04:57| ... GetCallingProcedure | OpusIMCleanOBDdrv.Module1:lVehiculoLink
02:04:57| ... GetCallingProcedure | OpusIMCleanOBDdrv.IMCleanOBD:VehiculoLink
02:04:57| ... MyDADStatus | LCR:ConditionsNotCorrect,Unknown
02:04:57| ... Connect | ---------------- Connect --------------- SC:'' (LCR:ConditionsNotCorrect,Unknown) (lVehiculoLink,VehiculoLink,VehTest)
02:04:57| GetDAD | Starting ... Cnt:00013,00 Opn:T (Connect)
02:04:57| GetDAD | Success ... Cnt:00013,01 Opn:T (Connect, Connect)
02:04:57| ... Connect | 1 | GetDAD =Connect
02:04:57| ... SetupMyLastCommResult: InvalidData
02:04:57| ... MyDad.Initialize 
02:04:57| ... DoDad | Action: System.Action | tag: Initialize
02:04:57| ... GetCallingProcedure | lVehiculoLink
02:04:57| ... GetCallingProcedure | VehiculoLink
02:04:57| ... GetCallingProcedure | VehTest
02:04:57| DoDad-01 | Initialize (Open:True,999.99 | lVehiculoLink,VehiculoLink,VehTest)
02:04:57| DoDad-01  ClearCommandLog ...
02:04:57| DoDad-01  Invoke ... (Initialize)
02:05:09| ... SetupVehicleIsLinked
02:05:09| ... GetCallingProcedure | SetupMyLastCommResult
02:05:09| ... GetCallingProcedure | _Lambda$__0
02:05:09| ... GetCallingProcedure | DoDad
02:05:09| ... SetupMyLastCommResult: Success
02:05:09| DoDad-01  Invoke ... (Initialize)  (11969)
02:05:09| DoDad-01  CommandLog.Length ...
02:05:09| DoDad-01  CommandLog ... (0)
02:05:09| DoDad-01-CommandLog-Len:367 Siz:367 | iStart: 0
02:05:09| DoDad-01  SerialData.Length ... (563)
02:05:09| DoDad-01 | Initialize-SLL:00563,00563-CF:F-DLLInfo:'DAD_DLL_VERSION_16.12.25.0 .. 3.0.7.0'
                    -  DAD_DLL_VERSION_16.12.25.0
                    -  611,TX MSG,JVPW1850,68 6A F1 01 00 
                    -  611,RX QRY,JVPW1850,Delay: 100
                    -  721,RX QRY,JVPW1850,Delay: 100
                    -  830,RX QRY,JVPW1850,Delay: 100
                    -  940,TX MSG,JPWM1850,61 6A F1 01 00 
                    -  955,TX MSG,I914**,33 
                    -  5271,TX MSG,KWPF**,C1 33 F1 81 
                    -  11717,TX MSG,ICAN11bt500,00 00 07 DF 01 00 
                    -  11717,RX QRY,ICAN11bt500,Delay: 100
                    -  11826,RX MSG,ICAN11bt500,00 00 07 DF 
                    -  11826,RX MSG,ICAN11bt500,00 00 07 E9 41 00 98 1A 00 13 
                    -  11826,RX MSG,ICAN11bt500,00 00 07 E8 41 00 BE 3E A8 13 
                    -  11826,RX QRY,ICAN11bt500,Delay: 100
                    -  11936,RX QRY,ICAN11bt500,Delay: 100
                    (11.981 s,F) Initialize | 
02:05:09| ... MyLastResult | Success,Unknown,True->True
02:05:09| Connect | Init-Rty:2 (Success,Unknown,True->True | 12.08) | lVehiculoLink,VehiculoLink,VehTest
02:05:09| ... MyDad.Initialize > Success
02:05:09| DrewProtocol2MyProtocol | In:'ICAN11bt500'  Out:'CAN11' (CAN:True)
02:05:09| ... GetCallingProcedure | Connect_OBD
02:05:09| ... GetCallingProcedure | lVehiculoLink
02:05:09| ... GetCallingProcedure | VehiculoLink
02:05:09| GetSupportedPIDs | Starting ... (Mode:1) (Connect_OBD,lVehiculoLink,VehiculoLink)
02:05:09| ... SetupMyLastCommResult: InvalidData
02:05:09| ... DoDad | Action: System.Action | tag: GetModePID(01, 00) - PID support mask
02:05:09| ... GetCallingProcedure | Connect_OBD
02:05:09| ... GetCallingProcedure | lVehiculoLink
02:05:09| ... GetCallingProcedure | VehiculoLink
02:05:09| DoDad-01 | GetModePID(01, 00) - PID support mask (Open:True,999.99 | Connect_OBD,lVehiculoLink,VehiculoLink)
02:05:09| DoDad-01  ClearCommandLog ...
02:05:09| DoDad-01  Invoke ... (GetModePID(01, 00) - PID support mask)
02:05:10| DoDad-01  Invoke ... (GetModePID(01, 00) - PID support mask)  (687)
02:05:10| DoDad-01  CommandLog.Length ...
02:05:10| DoDad-01  CommandLog ... (0)
02:05:10| DoDad-01-CommandLog-Len:237 Siz:237 | iStart: 0
02:05:10| DoDad-01  SerialData.Length ... (983)
02:05:10| DoDad-01 | GetModePID(01, 00) - PID support mask-SLL:00983,00983-CF:F-DLLInfo:'DAD_DLL_VERSION_16.12.25.0 .. 3.0.7.0'
                    -  DAD_DLL_VERSION_16.12.25.0
                    -  611,TX MSG,JVPW1850,68 6A F1 01 00 
                    -  611,RX QRY,JVPW1850,Delay: 100
                    -  721,RX QRY,JVPW1850,Delay: 100
                    -  830,RX QRY,JVPW1850,Delay: 100
                    -  940,TX MSG,JPWM1850,61 6A F1 01 00 
                    -  955,TX MSG,I914**,33 
                    -  5271,TX MSG,KWPF**,C1 33 F1 81 
                    -  11717,TX MSG,ICAN11bt500,00 00 07 DF 01 00 
                    -  11717,RX QRY,ICAN11bt500,Delay: 100
                    -  11826,RX MSG,ICAN11bt500,00 00 07 DF 
                    -  11826,RX MSG,ICAN11bt500,00 00 07 E9 41 00 98 1A 00 13 
                    -  11826,RX MSG,ICAN11bt500,00 00 07 E8 41 00 BE 3E A8 13 
                    -  11826,RX QRY,ICAN11bt500,Delay: 100
                    -  11936,RX QRY,ICAN11bt500,Delay: 100
                    -  12139,TX MSG,ICAN11bt500,00 00 07 DF 01 00 
                    -  12154,RX QRY,ICAN11bt500,Delay: 100
                    -  12264,RX MSG,ICAN11bt500,00 00 07 DF 
                    -  12264,RX MSG,ICAN11bt500,00 00 07 E9 41 00 98 1A 00 13 
                    -  12264,RX MSG,ICAN11bt500,00 00 07 E8 41 00 BE 3E A8 13 
                    -  12264,RX QRY,ICAN11bt500,Delay: 100
                    -  12373,RX QRY,ICAN11bt500,Delay: 100
                    -  12489,RX QRY,ICAN11bt500,Delay: 100
                    -  12598,RX QRY,ICAN11bt500,Delay: 100
                    -  12707,RX QRY,ICAN11bt500,Delay: 100
                    (0.678 s,F) GetModePID(01, 00) - PID support mask | NoEOL
02:05:10| ... SetupVehicleIsLinked
02:05:10| ... GetCallingProcedure | SetupMyLastCommResult
02:05:10| ... GetCallingProcedure | GetSupportedPIDs
02:05:10| ... GetCallingProcedure | Connect_OBD
02:05:10| ... SetupMyLastCommResult: Success
02:05:10| ... MyLastResult | Success,Unknown,True->True
02:05:10|  (Result:Success,Unknown,True->True)
02:05:10| GetSupportedPIDs | PID00 RspCnt:2
02:05:10| ... GetEcuIdFromAddress
02:05:10| ... ByteArrayToHexString | 07E9
02:05:10| ... ByteArrayToHexString | 981A0013
02:05:10| ... DT_DataToString | Adr:07E9,Mod:01,PID:00,Dat:981A0013
02:05:10| GetSupportedPIDS | Data-Adr:07E9,Mod:01,PID:00,Dat:981A0013
02:05:10| SSBAFOB | MdPID:01,00 ECU:E9 ...  InCnt:4 (98,1A,00,13,BC:009) SrtIdx:001
02:05:10| ... SetSupportedBitArrayFromObdBytes | BitAryLen:256  BitSetCnt:010  BAI:4-4,01,04,05,0C,0D,0F,1C,1F,20
02:05:10| 2 | GetSupportedPIDs | 1-E9-DBG3 -------------- 0,1,2,3,4,5,6,7, 8,9,A,B,C,D,E,F, G,H,I,J,K,L,M,N, O,P,Q,R,S,T,U,V
02:05:10| 2 | GetSupportedPIDs | 1-E9-DBG3 000-00_00-020: T,T,F,F,T,T,F,F, F,F,F,F,T,T,F,T, F,F,F,F,F,F,F,F, F,F,F,F,T,F,F,T
02:05:10| 2 | GetSupportedPIDs | 1-E9-DBG3 032-20_20-040: T,F,F,F,F,F,F,F, F,F,F,F,F,F,F,F, F,F,F,F,F,F,F,F, F,F,F,F,F,F,F,F
02:05:10| 2 | GetSupportedPIDs | 1-E9-DBG3 064-40_40-060: F,F,F,F,F,F,F,F, F,F,F,F,F,F,F,F, F,F,F,F,F,F,F,F, F,F,F,F,F,F,F,F
02:05:10| 2 | GetSupportedPIDs | 1-E9-DBG3 096-60_60-080: F,F,F,F,F,F,F,F, F,F,F,F,F,F,F,F, F,F,F,F,F,F,F,F, F,F,F,F,F,F,F,F
02:05:10| 2 | GetSupportedPIDs | 1-E9-DBG3 128-80_80-0A0: F,F,F,F,F,F,F,F, F,F,F,F,F,F,F,F, F,F,F,F,F,F,F,F, F,F,F,F,F,F,F,F
02:05:10| 2 | GetSupportedPIDs | 1-E9-DBG3 160-A0_A0-0C0: F,F,F,F,F,F,F,F, F,F,F,F,F,F,F,F, F,F,F,F,F,F,F,F, F,F,F,F,F,F,F,F
02:05:10| 2 | GetSupportedPIDs | 1-E9-DBG3 192-C0_C0-0E0: F,F,F,F,F,F,F,F, F,F,F,F,F,F,F,F, F,F,F,F,F,F,F,F, F,F,F,F,F,F,F,F
02:05:10| 2 | GetSupportedPIDs | 1-E9-DBG3 224-E0_E0-100: F,F,F,F,F,F,F,F, F,F,F,F,F,F,F,F, F,F,F,F,F,F,F,F, F,F,F,F,F,F,F,F  (T:010 F:246)
02:05:10| ... LogBitArray | 8
02:05:10| ... GetEcuIdFromAddress
02:05:10| ... ByteArrayToHexString | 07E8
02:05:10| ... ByteArrayToHexString | BE3EA813
02:05:10| ... DT_DataToString | Adr:07E8,Mod:01,PID:00,Dat:BE3EA813
02:05:10| GetSupportedPIDS | Data-Adr:07E8,Mod:01,PID:00,Dat:BE3EA813
02:05:10| SSBAFOB | MdPID:01,00 ECU:E8 ...  InCnt:4 (BE,3E,A8,13,BC:017) SrtIdx:001
02:05:10| ... SetSupportedBitArrayFromObdBytes | BitAryLen:256  BitSetCnt:018  BAI:4-4,01,03,04,05,06,07,0B,0C,0D,0E,0F,11,13,15,1C,1F,20
02:05:10| 2 | GetSupportedPIDs | 1-E8-DBG3 -------------- 0,1,2,3,4,5,6,7, 8,9,A,B,C,D,E,F, G,H,I,J,K,L,M,N, O,P,Q,R,S,T,U,V
02:05:10| 2 | GetSupportedPIDs | 1-E8-DBG3 000-00_00-020: T,T,F,T,T,T,T,T, F,F,F,T,T,T,T,T, F,T,F,T,F,T,F,F, F,F,F,F,T,F,F,T
02:05:10| 2 | GetSupportedPIDs | 1-E8-DBG3 032-20_20-040: T,F,F,F,F,F,F,F, F,F,F,F,F,F,F,F, F,F,F,F,F,F,F,F, F,F,F,F,F,F,F,F
02:05:10| 2 | GetSupportedPIDs | 1-E8-DBG3 064-40_40-060: F,F,F,F,F,F,F,F, F,F,F,F,F,F,F,F, F,F,F,F,F,F,F,F, F,F,F,F,F,F,F,F
02:05:10| 2 | GetSupportedPIDs | 1-E8-DBG3 096-60_60-080: F,F,F,F,F,F,F,F, F,F,F,F,F,F,F,F, F,F,F,F,F,F,F,F, F,F,F,F,F,F,F,F
02:05:10| 2 | GetSupportedPIDs | 1-E8-DBG3 128-80_80-0A0: F,F,F,F,F,F,F,F, F,F,F,F,F,F,F,F, F,F,F,F,F,F,F,F, F,F,F,F,F,F,F,F
02:05:10| 2 | GetSupportedPIDs | 1-E8-DBG3 160-A0_A0-0C0: F,F,F,F,F,F,F,F, F,F,F,F,F,F,F,F, F,F,F,F,F,F,F,F, F,F,F,F,F,F,F,F
02:05:10| 2 | GetSupportedPIDs | 1-E8-DBG3 192-C0_C0-0E0: F,F,F,F,F,F,F,F, F,F,F,F,F,F,F,F, F,F,F,F,F,F,F,F, F,F,F,F,F,F,F,F
02:05:10| 2 | GetSupportedPIDs | 1-E8-DBG3 224-E0_E0-100: F,F,F,F,F,F,F,F, F,F,F,F,F,F,F,F, F,F,F,F,F,F,F,F, F,F,F,F,F,F,F,F  (T:018 F:238)
02:05:10| ... LogBitArray | 8
02:05:10| ... SetupMyLastCommResult: InvalidData
02:05:10| ... DoDad | Action: System.Action | tag: GetModePID(01, 20) - PID support mask
02:05:10| ... GetCallingProcedure | Connect_OBD
02:05:10| ... GetCallingProcedure | lVehiculoLink
02:05:10| ... GetCallingProcedure | VehiculoLink
02:05:10| DoDad-01 | GetModePID(01, 20) - PID support mask (Open:True,999.99 | Connect_OBD,lVehiculoLink,VehiculoLink)
02:05:10| DoDad-01  ClearCommandLog ...
02:05:10| DoDad-01  Invoke ... (GetModePID(01, 20) - PID support mask)
02:05:11| DoDad-01  Invoke ... (GetModePID(01, 20) - PID support mask)  (656)
02:05:11| DoDad-01  CommandLog.Length ...
02:05:11| DoDad-01  CommandLog ... (0)
02:05:11| DoDad-01-CommandLog-Len:237 Siz:237 | iStart: 0
02:05:11| DoDad-01  SerialData.Length ... (1403)
02:05:11| DoDad-01 | GetModePID(01, 20) - PID support mask-SLL:01403,01403-CF:F-DLLInfo:'DAD_DLL_VERSION_16.12.25.0 .. 3.0.7.0'
                    -  DAD_DLL_VERSION_16.12.25.0
                    -  611,TX MSG,JVPW1850,68 6A F1 01 00 
                    -  611,RX QRY,JVPW1850,Delay: 100
                    -  721,RX QRY,JVPW1850,Delay: 100
                    -  830,RX QRY,JVPW1850,Delay: 100
                    -  940,TX MSG,JPWM1850,61 6A F1 01 00 
                    -  955,TX MSG,I914**,33 
                    -  5271,TX MSG,KWPF**,C1 33 F1 81 
                    -  11717,TX MSG,ICAN11bt500,00 00 07 DF 01 00 
                    -  11717,RX QRY,ICAN11bt500,Delay: 100
                    -  11826,RX MSG,ICAN11bt500,00 00 07 DF 
                    -  11826,RX MSG,ICAN11bt500,00 00 07 E9 41 00 98 1A 00 13 
                    -  11826,RX MSG,ICAN11bt500,00 00 07 E8 41 00 BE 3E A8 13 
                    -  11826,RX QRY,ICAN11bt500,Delay: 100
                    -  11936,RX QRY,ICAN11bt500,Delay: 100
                    -  12139,TX MSG,ICAN11bt500,00 00 07 DF 01 00 
                    -  12154,RX QRY,ICAN11bt500,Delay: 100
                    -  12264,RX MSG,ICAN11bt500,00 00 07 DF 
                    -  12264,RX MSG,ICAN11bt500,00 00 07 E9 41 00 98 1A 00 13 
                    -  12264,RX MSG,ICAN11bt500,00 00 07 E8 41 00 BE 3E A8 13 
                    -  12264,RX QRY,ICAN11bt500,Delay: 100
                    -  12373,RX QRY,ICAN11bt500,Delay: 100
                    -  12489,RX QRY,ICAN11bt500,Delay: 100
                    -  12598,RX QRY,ICAN11bt500,Delay: 100
                    -  12707,RX QRY,ICAN11bt500,Delay: 100
                    -  13020,TX MSG,ICAN11bt500,00 00 07 DF 01 20 
                    -  13020,RX QRY,ICAN11bt500,Delay: 100
                    -  13129,RX MSG,ICAN11bt500,00 00 07 DF 
                    -  13129,RX MSG,ICAN11bt500,00 00 07 E9 41 20 80 01 A0 01 
                    -  13129,RX MSG,ICAN11bt500,00 00 07 E8 41 20 80 07 B0 11 
                    -  13129,RX QRY,ICAN11bt500,Delay: 100
                    -  13238,RX QRY,ICAN11bt500,Delay: 100
                    -  13348,RX QRY,ICAN11bt500,Delay: 100
                    -  13457,RX QRY,ICAN11bt500,Delay: 100
                    -  13570,RX QRY,ICAN11bt500,Delay: 100
                    (0.675 s,F) GetModePID(01, 20) - PID support mask | NoEOL
02:05:11| ... SetupVehicleIsLinked
02:05:11| ... GetCallingProcedure | SetupMyLastCommResult
02:05:11| ... GetCallingProcedure | GetSupportedPIDs
02:05:11| ... GetCallingProcedure | Connect_OBD
02:05:11| ... SetupMyLastCommResult: Success
02:05:11| ... MyLastResult | Success,Unknown,True->True
02:05:11|  (Result:Success,Unknown,True->True)
02:05:11| GetSupportedPIDs | PID20 RspCnt:2
02:05:11| ... GetEcuIdFromAddress
02:05:11| ... ByteArrayToHexString | 07E9
02:05:11| ... ByteArrayToHexString | 8001A001
02:05:11| ... DT_DataToString | Adr:07E9,Mod:01,PID:20,Dat:8001A001
02:05:11| GetSupportedPIDS | Data-Adr:07E9,Mod:01,PID:20,Dat:8001A001
02:05:11| SSBAFOB | MdPID:01,20 ECU:E9 ...  InCnt:4 (80,01,A0,01,BC:005) SrtIdx:033
02:05:11| ... SetSupportedBitArrayFromObdBytes | BitAryLen:256  BitSetCnt:015  BAI:4-4,21,30,31,33,40
02:05:11| 2 | GetSupportedPIDs | 1-E9-DBG3 -------------- 0,1,2,3,4,5,6,7, 8,9,A,B,C,D,E,F, G,H,I,J,K,L,M,N, O,P,Q,R,S,T,U,V
02:05:11| 2 | GetSupportedPIDs | 1-E9-DBG3 000-00_00-020: T,T,F,F,T,T,F,F, F,F,F,F,T,T,F,T, F,F,F,F,F,F,F,F, F,F,F,F,T,F,F,T
02:05:11| 2 | GetSupportedPIDs | 1-E9-DBG3 032-20_20-040: T,T,F,F,F,F,F,F, F,F,F,F,F,F,F,F, T,T,F,T,F,F,F,F, F,F,F,F,F,F,F,F
02:05:11| 2 | GetSupportedPIDs | 1-E9-DBG3 064-40_40-060: T,F,F,F,F,F,F,F, F,F,F,F,F,F,F,F, F,F,F,F,F,F,F,F, F,F,F,F,F,F,F,F
02:05:11| 2 | GetSupportedPIDs | 1-E9-DBG3 096-60_60-080: F,F,F,F,F,F,F,F, F,F,F,F,F,F,F,F, F,F,F,F,F,F,F,F, F,F,F,F,F,F,F,F
02:05:11| 2 | GetSupportedPIDs | 1-E9-DBG3 128-80_80-0A0: F,F,F,F,F,F,F,F, F,F,F,F,F,F,F,F, F,F,F,F,F,F,F,F, F,F,F,F,F,F,F,F
02:05:11| 2 | GetSupportedPIDs | 1-E9-DBG3 160-A0_A0-0C0: F,F,F,F,F,F,F,F, F,F,F,F,F,F,F,F, F,F,F,F,F,F,F,F, F,F,F,F,F,F,F,F
02:05:11| 2 | GetSupportedPIDs | 1-E9-DBG3 192-C0_C0-0E0: F,F,F,F,F,F,F,F, F,F,F,F,F,F,F,F, F,F,F,F,F,F,F,F, F,F,F,F,F,F,F,F
02:05:11| 2 | GetSupportedPIDs | 1-E9-DBG3 224-E0_E0-100: F,F,F,F,F,F,F,F, F,F,F,F,F,F,F,F, F,F,F,F,F,F,F,F, F,F,F,F,F,F,F,F  (T:015 F:241)
02:05:11| ... LogBitArray | 8
02:05:11| ... GetEcuIdFromAddress
02:05:11| ... ByteArrayToHexString | 07E8
02:05:11| ... ByteArrayToHexString | 8007B011
02:05:11| ... DT_DataToString | Adr:07E8,Mod:01,PID:20,Dat:8007B011
02:05:11| GetSupportedPIDS | Data-Adr:07E8,Mod:01,PID:20,Dat:8007B011
02:05:11| SSBAFOB | MdPID:01,20 ECU:E8 ...  InCnt:4 (80,07,B0,11,BC:009) SrtIdx:033
02:05:11| ... SetSupportedBitArrayFromObdBytes | BitAryLen:256  BitSetCnt:027  BAI:4-4,21,2E,2F,30,31,33,34,3C,40
02:05:11| 2 | GetSupportedPIDs | 1-E8-DBG3 -------------- 0,1,2,3,4,5,6,7, 8,9,A,B,C,D,E,F, G,H,I,J,K,L,M,N, O,P,Q,R,S,T,U,V
02:05:11| 2 | GetSupportedPIDs | 1-E8-DBG3 000-00_00-020: T,T,F,T,T,T,T,T, F,F,F,T,T,T,T,T, F,T,F,T,F,T,F,F, F,F,F,F,T,F,F,T
02:05:11| 2 | GetSupportedPIDs | 1-E8-DBG3 032-20_20-040: T,T,F,F,F,F,F,F, F,F,F,F,F,F,T,T, T,T,F,T,T,F,F,F, F,F,F,F,T,F,F,F
02:05:11| 2 | GetSupportedPIDs | 1-E8-DBG3 064-40_40-060: T,F,F,F,F,F,F,F, F,F,F,F,F,F,F,F, F,F,F,F,F,F,F,F, F,F,F,F,F,F,F,F
02:05:11| 2 | GetSupportedPIDs | 1-E8-DBG3 096-60_60-080: F,F,F,F,F,F,F,F, F,F,F,F,F,F,F,F, F,F,F,F,F,F,F,F, F,F,F,F,F,F,F,F
02:05:11| 2 | GetSupportedPIDs | 1-E8-DBG3 128-80_80-0A0: F,F,F,F,F,F,F,F, F,F,F,F,F,F,F,F, F,F,F,F,F,F,F,F, F,F,F,F,F,F,F,F
02:05:11| 2 | GetSupportedPIDs | 1-E8-DBG3 160-A0_A0-0C0: F,F,F,F,F,F,F,F, F,F,F,F,F,F,F,F, F,F,F,F,F,F,F,F, F,F,F,F,F,F,F,F
02:05:11| 2 | GetSupportedPIDs | 1-E8-DBG3 192-C0_C0-0E0: F,F,F,F,F,F,F,F, F,F,F,F,F,F,F,F, F,F,F,F,F,F,F,F, F,F,F,F,F,F,F,F
02:05:11| 2 | GetSupportedPIDs | 1-E8-DBG3 224-E0_E0-100: F,F,F,F,F,F,F,F, F,F,F,F,F,F,F,F, F,F,F,F,F,F,F,F, F,F,F,F,F,F,F,F  (T:027 F:229)
02:05:11| ... LogBitArray | 8
02:05:11| ... SetupMyLastCommResult: InvalidData
02:05:11| ... DoDad | Action: System.Action | tag: GetModePID(01, 40) - PID support mask
02:05:11| ... GetCallingProcedure | Connect_OBD
02:05:11| ... GetCallingProcedure | lVehiculoLink
02:05:11| ... GetCallingProcedure | VehiculoLink
02:05:11| DoDad-01 | GetModePID(01, 40) - PID support mask (Open:True,999.99 | Connect_OBD,lVehiculoLink,VehiculoLink)
02:05:11| DoDad-01  ClearCommandLog ...
02:05:11| DoDad-01  Invoke ... (GetModePID(01, 40) - PID support mask)
02:05:11| DoDad-01  Invoke ... (GetModePID(01, 40) - PID support mask)  (656)
02:05:11| DoDad-01  CommandLog.Length ...
02:05:11| DoDad-01  CommandLog ... (0)
02:05:11| DoDad-01-CommandLog-Len:237 Siz:237 | iStart: 0
02:05:11| DoDad-01  SerialData.Length ... (1823)
02:05:11| DoDad-01 | GetModePID(01, 40) - PID support mask-SLL:01823,01823-CF:F-DLLInfo:'DAD_DLL_VERSION_16.12.25.0 .. 3.0.7.0'
                    -  DAD_DLL_VERSION_16.12.25.0
                    -  611,TX MSG,JVPW1850,68 6A F1 01 00 
                    -  611,RX QRY,JVPW1850,Delay: 100
                    -  721,RX QRY,JVPW1850,Delay: 100
                    -  830,RX QRY,JVPW1850,Delay: 100
                    -  940,TX MSG,JPWM1850,61 6A F1 01 00 
                    -  955,TX MSG,I914**,33 
                    -  5271,TX MSG,KWPF**,C1 33 F1 81 
                    -  11717,TX MSG,ICAN11bt500,00 00 07 DF 01 00 
                    -  11717,RX QRY,ICAN11bt500,Delay: 100
                    -  11826,RX MSG,ICAN11bt500,00 00 07 DF 
                    -  11826,RX MSG,ICAN11bt500,00 00 07 E9 41 00 98 1A 00 13 
                    -  11826,RX MSG,ICAN11bt500,00 00 07 E8 41 00 BE 3E A8 13 
                    -  11826,RX QRY,ICAN11bt500,Delay: 100
                    -  11936,RX QRY,ICAN11bt500,Delay: 100
                    -  12139,TX MSG,ICAN11bt500,00 00 07 DF 01 00 
                    -  12154,RX QRY,ICAN11bt500,Delay: 100
                    -  12264,RX MSG,ICAN11bt500,00 00 07 DF 
                    -  12264,RX MSG,ICAN11bt500,00 00 07 E9 41 00 98 1A 00 13 
                    -  12264,RX MSG,ICAN11bt500,00 00 07 E8 41 00 BE 3E A8 13 
                    -  12264,RX QRY,ICAN11bt500,Delay: 100
                    -  12373,RX QRY,ICAN11bt500,Delay: 100
                    -  12489,RX QRY,ICAN11bt500,Delay: 100
                    -  12598,RX QRY,ICAN11bt500,Delay: 100
                    -  12707,RX QRY,ICAN11bt500,Delay: 100
                    -  13020,TX MSG,ICAN11bt500,00 00 07 DF 01 20 
                    -  13020,RX QRY,ICAN11bt500,Delay: 100
                    -  13129,RX MSG,ICAN11bt500,00 00 07 DF 
                    -  13129,RX MSG,ICAN11bt500,00 00 07 E9 41 20 80 01 A0 01 
                    -  13129,RX MSG,ICAN11bt500,00 00 07 E8 41 20 80 07 B0 11 
                    -  13129,RX QRY,ICAN11bt500,Delay: 100
                    -  13238,RX QRY,ICAN11bt500,Delay: 100
                    -  13348,RX QRY,ICAN11bt500,Delay: 100
                    -  13457,RX QRY,ICAN11bt500,Delay: 100
                    -  13570,RX QRY,ICAN11bt500,Delay: 100
                    -  13882,TX MSG,ICAN11bt500,00 00 07 DF 01 40 
                    -  13882,RX QRY,ICAN11bt500,Delay: 100
                    -  13992,RX MSG,ICAN11bt500,00 00 07 DF 
                    -  13992,RX MSG,ICAN11bt500,00 00 07 E9 41 40 40 80 00 00 
                    -  13992,RX MSG,ICAN11bt500,00 00 07 E8 41 40 FE D0 80 00 
                    -  13992,RX QRY,ICAN11bt500,Delay: 100
                    -  14101,RX QRY,ICAN11bt500,Delay: 100
                    -  14211,RX QRY,ICAN11bt500,Delay: 100
                    -  14320,RX QRY,ICAN11bt500,Delay: 100
                    -  14429,RX QRY,ICAN11bt500,Delay: 100
                    (0.664 s,F) GetModePID(01, 40) - PID support mask | NoEOL
02:05:11| ... SetupVehicleIsLinked
02:05:11| ... GetCallingProcedure | SetupMyLastCommResult
02:05:11| ... GetCallingProcedure | GetSupportedPIDs
02:05:11| ... GetCallingProcedure | Connect_OBD
02:05:11| ... SetupMyLastCommResult: Success
02:05:11| ... MyLastResult | Success,Unknown,True->True
02:05:11|  (Result:Success,Unknown,True->True)
02:05:11| GetSupportedPIDs | PID40 RspCnt:2
02:05:11| ... GetEcuIdFromAddress
02:05:11| ... ByteArrayToHexString | 07E9
02:05:11| ... ByteArrayToHexString | 40800000
02:05:11| ... DT_DataToString | Adr:07E9,Mod:01,PID:40,Dat:40800000
02:05:11| GetSupportedPIDS | Data-Adr:07E9,Mod:01,PID:40,Dat:40800000
02:05:11| SSBAFOB | MdPID:01,40 ECU:E9 ...  InCnt:4 (40,80,00,00,BC:002) SrtIdx:065
02:05:11| ... SetSupportedBitArrayFromObdBytes | BitAryLen:256  BitSetCnt:017  BAI:4-4,42,49
02:05:11| 2 | GetSupportedPIDs | 1-E9-DBG3 -------------- 0,1,2,3,4,5,6,7, 8,9,A,B,C,D,E,F, G,H,I,J,K,L,M,N, O,P,Q,R,S,T,U,V
02:05:11| 2 | GetSupportedPIDs | 1-E9-DBG3 000-00_00-020: T,T,F,F,T,T,F,F, F,F,F,F,T,T,F,T, F,F,F,F,F,F,F,F, F,F,F,F,T,F,F,T
02:05:11| 2 | GetSupportedPIDs | 1-E9-DBG3 032-20_20-040: T,T,F,F,F,F,F,F, F,F,F,F,F,F,F,F, T,T,F,T,F,F,F,F, F,F,F,F,F,F,F,F
02:05:12| 2 | GetSupportedPIDs | 1-E9-DBG3 064-40_40-060: T,F,T,F,F,F,F,F, F,T,F,F,F,F,F,F, F,F,F,F,F,F,F,F, F,F,F,F,F,F,F,F
02:05:12| 2 | GetSupportedPIDs | 1-E9-DBG3 096-60_60-080: F,F,F,F,F,F,F,F, F,F,F,F,F,F,F,F, F,F,F,F,F,F,F,F, F,F,F,F,F,F,F,F
02:05:12| 2 | GetSupportedPIDs | 1-E9-DBG3 128-80_80-0A0: F,F,F,F,F,F,F,F, F,F,F,F,F,F,F,F, F,F,F,F,F,F,F,F, F,F,F,F,F,F,F,F
02:05:12| 2 | GetSupportedPIDs | 1-E9-DBG3 160-A0_A0-0C0: F,F,F,F,F,F,F,F, F,F,F,F,F,F,F,F, F,F,F,F,F,F,F,F, F,F,F,F,F,F,F,F
02:05:12| 2 | GetSupportedPIDs | 1-E9-DBG3 192-C0_C0-0E0: F,F,F,F,F,F,F,F, F,F,F,F,F,F,F,F, F,F,F,F,F,F,F,F, F,F,F,F,F,F,F,F
02:05:12| 2 | GetSupportedPIDs | 1-E9-DBG3 224-E0_E0-100: F,F,F,F,F,F,F,F, F,F,F,F,F,F,F,F, F,F,F,F,F,F,F,F, F,F,F,F,F,F,F,F  (T:017 F:239)
02:05:12| ... LogBitArray | 8
02:05:12| ... GetEcuIdFromAddress
02:05:12| ... ByteArrayToHexString | 07E8
02:05:12| ... ByteArrayToHexString | FED08000
02:05:12| ... DT_DataToString | Adr:07E8,Mod:01,PID:40,Dat:FED08000
02:05:12| GetSupportedPIDS | Data-Adr:07E8,Mod:01,PID:40,Dat:FED08000
02:05:12| SSBAFOB | MdPID:01,40 ECU:E8 ...  InCnt:4 (FE,D0,80,00,BC:011) SrtIdx:065
02:05:12| ... SetSupportedBitArrayFromObdBytes | BitAryLen:256  BitSetCnt:038  BAI:4-4,41,42,43,44,45,46,47,49,4A,4C,51
02:05:12| 2 | GetSupportedPIDs | 1-E8-DBG3 -------------- 0,1,2,3,4,5,6,7, 8,9,A,B,C,D,E,F, G,H,I,J,K,L,M,N, O,P,Q,R,S,T,U,V
02:05:12| 2 | GetSupportedPIDs | 1-E8-DBG3 000-00_00-020: T,T,F,T,T,T,T,T, F,F,F,T,T,T,T,T, F,T,F,T,F,T,F,F, F,F,F,F,T,F,F,T
02:05:12| 2 | GetSupportedPIDs | 1-E8-DBG3 032-20_20-040: T,T,F,F,F,F,F,F, F,F,F,F,F,F,T,T, T,T,F,T,T,F,F,F, F,F,F,F,T,F,F,F
02:05:12| 2 | GetSupportedPIDs | 1-E8-DBG3 064-40_40-060: T,T,T,T,T,T,T,T, F,T,T,F,T,F,F,F, F,T,F,F,F,F,F,F, F,F,F,F,F,F,F,F
02:05:12| 2 | GetSupportedPIDs | 1-E8-DBG3 096-60_60-080: F,F,F,F,F,F,F,F, F,F,F,F,F,F,F,F, F,F,F,F,F,F,F,F, F,F,F,F,F,F,F,F
02:05:12| 2 | GetSupportedPIDs | 1-E8-DBG3 128-80_80-0A0: F,F,F,F,F,F,F,F, F,F,F,F,F,F,F,F, F,F,F,F,F,F,F,F, F,F,F,F,F,F,F,F
02:05:12| 2 | GetSupportedPIDs | 1-E8-DBG3 160-A0_A0-0C0: F,F,F,F,F,F,F,F, F,F,F,F,F,F,F,F, F,F,F,F,F,F,F,F, F,F,F,F,F,F,F,F
02:05:12| 2 | GetSupportedPIDs | 1-E8-DBG3 192-C0_C0-0E0: F,F,F,F,F,F,F,F, F,F,F,F,F,F,F,F, F,F,F,F,F,F,F,F, F,F,F,F,F,F,F,F
02:05:12| 2 | GetSupportedPIDs | 1-E8-DBG3 224-E0_E0-100: F,F,F,F,F,F,F,F, F,F,F,F,F,F,F,F, F,F,F,F,F,F,F,F, F,F,F,F,F,F,F,F  (T:038 F:218)
02:05:12| ... LogBitArray | 8
02:05:12| GetSupportedPIDs | Mode:1 ECUCnt:2 PIDSupDicCnt:2
02:05:12| 4 | GetSupportedPIDS | Mode1-ECUE9:-------------- 0,1,2,3,4,5,6,7, 8,9,A,B,C,D,E,F, G,H,I,J,K,L,M,N, O,P,Q,R,S,T,U,V
02:05:12| 4 | GetSupportedPIDS | Mode1-ECUE9:000-00_00-020: T,T,F,F,T,T,F,F, F,F,F,F,T,T,F,T, F,F,F,F,F,F,F,F, F,F,F,F,T,F,F,T
02:05:12| 4 | GetSupportedPIDS | Mode1-ECUE9:032-20_20-040: T,T,F,F,F,F,F,F, F,F,F,F,F,F,F,F, T,T,F,T,F,F,F,F, F,F,F,F,F,F,F,F
02:05:12| 4 | GetSupportedPIDS | Mode1-ECUE9:064-40_40-060: T,F,T,F,F,F,F,F, F,T,F,F,F,F,F,F, F,F,F,F,F,F,F,F, F,F,F,F,F,F,F,F
02:05:12| 4 | GetSupportedPIDS | Mode1-ECUE9:096-60_60-080: F,F,F,F,F,F,F,F, F,F,F,F,F,F,F,F, F,F,F,F,F,F,F,F, F,F,F,F,F,F,F,F
02:05:12| 4 | GetSupportedPIDS | Mode1-ECUE9:128-80_80-0A0: F,F,F,F,F,F,F,F, F,F,F,F,F,F,F,F, F,F,F,F,F,F,F,F, F,F,F,F,F,F,F,F
02:05:12| 4 | GetSupportedPIDS | Mode1-ECUE9:160-A0_A0-0C0: F,F,F,F,F,F,F,F, F,F,F,F,F,F,F,F, F,F,F,F,F,F,F,F, F,F,F,F,F,F,F,F
02:05:12| 4 | GetSupportedPIDS | Mode1-ECUE9:192-C0_C0-0E0: F,F,F,F,F,F,F,F, F,F,F,F,F,F,F,F, F,F,F,F,F,F,F,F, F,F,F,F,F,F,F,F
02:05:12| 4 | GetSupportedPIDS | Mode1-ECUE9:224-E0_E0-100: F,F,F,F,F,F,F,F, F,F,F,F,F,F,F,F, F,F,F,F,F,F,F,F, F,F,F,F,F,F,F,F  (T:017 F:239)
02:05:12| ... LogBitArray | 8
02:05:12| 4 | GetSupportedPIDS | Mode1-ECUE8:-------------- 0,1,2,3,4,5,6,7, 8,9,A,B,C,D,E,F, G,H,I,J,K,L,M,N, O,P,Q,R,S,T,U,V
02:05:12| 4 | GetSupportedPIDS | Mode1-ECUE8:000-00_00-020: T,T,F,T,T,T,T,T, F,F,F,T,T,T,T,T, F,T,F,T,F,T,F,F, F,F,F,F,T,F,F,T
02:05:12| 4 | GetSupportedPIDS | Mode1-ECUE8:032-20_20-040: T,T,F,F,F,F,F,F, F,F,F,F,F,F,T,T, T,T,F,T,T,F,F,F, F,F,F,F,T,F,F,F
02:05:12| 4 | GetSupportedPIDS | Mode1-ECUE8:064-40_40-060: T,T,T,T,T,T,T,T, F,T,T,F,T,F,F,F, F,T,F,F,F,F,F,F, F,F,F,F,F,F,F,F
02:05:12| 4 | GetSupportedPIDS | Mode1-ECUE8:096-60_60-080: F,F,F,F,F,F,F,F, F,F,F,F,F,F,F,F, F,F,F,F,F,F,F,F, F,F,F,F,F,F,F,F
02:05:12| 4 | GetSupportedPIDS | Mode1-ECUE8:128-80_80-0A0: F,F,F,F,F,F,F,F, F,F,F,F,F,F,F,F, F,F,F,F,F,F,F,F, F,F,F,F,F,F,F,F
02:05:12| 4 | GetSupportedPIDS | Mode1-ECUE8:160-A0_A0-0C0: F,F,F,F,F,F,F,F, F,F,F,F,F,F,F,F, F,F,F,F,F,F,F,F, F,F,F,F,F,F,F,F
02:05:12| 4 | GetSupportedPIDS | Mode1-ECUE8:192-C0_C0-0E0: F,F,F,F,F,F,F,F, F,F,F,F,F,F,F,F, F,F,F,F,F,F,F,F, F,F,F,F,F,F,F,F
02:05:12| 4 | GetSupportedPIDS | Mode1-ECUE8:224-E0_E0-100: F,F,F,F,F,F,F,F, F,F,F,F,F,F,F,F, F,F,F,F,F,F,F,F, F,F,F,F,F,F,F,F  (T:038 F:218)
02:05:12| ... LogBitArray | 8
02:05:12| 2 | GetSupportedPIDs | 1-ECUxx -------------- 0,1,2,3,4,5,6,7, 8,9,A,B,C,D,E,F, G,H,I,J,K,L,M,N, O,P,Q,R,S,T,U,V
02:05:12| 2 | GetSupportedPIDs | 1-ECUxx 000-00_00-020: T,T,F,T,T,T,T,T, F,F,F,T,T,T,T,T, F,T,F,T,F,T,F,F, F,F,F,F,T,F,F,T
02:05:12| 2 | GetSupportedPIDs | 1-ECUxx 032-20_20-040: T,T,F,F,F,F,F,F, F,F,F,F,F,F,T,T, T,T,F,T,T,F,F,F, F,F,F,F,T,F,F,F
02:05:12| 2 | GetSupportedPIDs | 1-ECUxx 064-40_40-060: T,T,T,T,T,T,T,T, F,T,T,F,T,F,F,F, F,T,F,F,F,F,F,F, F,F,F,F,F,F,F,F
02:05:12| 2 | GetSupportedPIDs | 1-ECUxx 096-60_60-080: F,F,F,F,F,F,F,F, F,F,F,F,F,F,F,F, F,F,F,F,F,F,F,F, F,F,F,F,F,F,F,F
02:05:12| 2 | GetSupportedPIDs | 1-ECUxx 128-80_80-0A0: F,F,F,F,F,F,F,F, F,F,F,F,F,F,F,F, F,F,F,F,F,F,F,F, F,F,F,F,F,F,F,F
02:05:12| 2 | GetSupportedPIDs | 1-ECUxx 160-A0_A0-0C0: F,F,F,F,F,F,F,F, F,F,F,F,F,F,F,F, F,F,F,F,F,F,F,F, F,F,F,F,F,F,F,F
02:05:12| 2 | GetSupportedPIDs | 1-ECUxx 192-C0_C0-0E0: F,F,F,F,F,F,F,F, F,F,F,F,F,F,F,F, F,F,F,F,F,F,F,F, F,F,F,F,F,F,F,F
02:05:12| 2 | GetSupportedPIDs | 1-ECUxx 224-E0_E0-100: F,F,F,F,F,F,F,F, F,F,F,F,F,F,F,F, F,F,F,F,F,F,F,F, F,F,F,F,F,F,F,F  (T:038 F:218)
02:05:12| ... LogBitArray | 8
02:05:12| GetSupportedPIDs | PIDCnt-1-E9:017, E8:038  (TPC:38)
02:05:12| ... DictValueSortDesc
02:05:12| DVSD | E9:017,E8:038->E8:038,E9:017
02:05:12| GetSupportedPIDs | Mode:1 PIDs-'038:00 01 03 04 05 06 07 0B 0C 0D 0E 0F 11 13 15 1C 1F 20 21 2E 2F 30 31 33 34 3C 40 41 42 43 44 45 46 47 49 4A 4C 51
02:05:12|  GetSupportedPIDs | Ending ... Success:TrueTrueTrue 1-E8:038 1-E9:017
02:05:12| ReleaseDAD |  Starting ... Cnt:00013,01 (Connect)
02:05:12| ... ReleaseDAD | Success ... Cnt:00013,00 Opn:T (Connect, Connect)
02:05:12| ... Connect | 2
02:05:12| ... SetupVehicleIsLinked
02:05:12| ... GetCallingProcedure | Connect_OBD
02:05:12| ... GetCallingProcedure | lVehiculoLink
02:05:12| ... GetCallingProcedure | VehiculoLink
02:05:12| SVLI | VehicleIsLinked:'True'->'?'  (Connect_OBD,lVehiculoLink,VehiculoLink)
02:05:12| ... SetupVehicleIsLinked
02:05:12| ... GetCallingProcedure | Connect_OBD
02:05:12| ... GetCallingProcedure | lVehiculoLink
02:05:12| ... GetCallingProcedure | VehiculoLink
02:05:12| SVLI | VehicleIsLinked:'?'->'True'  (Connect_OBD,lVehiculoLink,VehiculoLink)
02:05:12| ... Connect | 3 | Connect_Succeeded = True
02:05:12| ... MyLastResult | Success,Unknown,?->True
02:05:12| Connect | Rslt:True EECUID:E8 ECUs:2-(E9:017,E8:038->E8:038,E9:017,) Prot:'CAN11', 'CAN11' PC:38  (Success,Unknown,?->True, 14.89) (lVehiculoLink,VehiculoLink,VehTest)
02:05:12| ... DecrementActiveCount | 0
02:05:12| ... GetCallingProcedure | OpusIMCleanOBDdrv.Module1:Connect_OBD
02:05:12| ... GetCallingProcedure | OpusIMCleanOBDdrv.Module1:lVehiculoLink
02:05:12| ... GetCallingProcedure | OpusIMCleanOBDdrv.IMCleanOBD:VehiculoLink
02:05:12| ... LocalDecrementActiveCount | 0
02:05:12|  
02:05:12| ... Get MON >>>-----------------------------------------------------------------------
02:05:12| ... SetupMyLastCommResult: ConditionsNotCorrect
02:05:12| ... DoDad | Action: System.Action | tag: GetModePID(01, 01) - Readiness, DTC count, MIL
02:05:12| ... GetCallingProcedure | lVehiculoLink
02:05:12| ... GetCallingProcedure | VehiculoLink
02:05:12| ... GetCallingProcedure | VehTest
02:05:12| DoDad-01 | GetModePID(01, 01) - Readiness, DTC count, MIL (Open:True,999.99 | lVehiculoLink,VehiculoLink,VehTest)
02:05:12| DoDad-01  ClearCommandLog ...
02:05:12| DoDad-01  Invoke ... (GetModePID(01, 01) - Readiness, DTC count, MIL)
02:05:12| DoDad-01  Invoke ... (GetModePID(01, 01) - Readiness, DTC count, MIL)  (656)
02:05:12| DoDad-01  CommandLog.Length ...
02:05:12| DoDad-01  CommandLog ... (0)
02:05:13| DoDad-01-CommandLog-Len:228 Siz:228 | iStart: 0
02:05:13| DoDad-01  SerialData.Length ... (426)
02:05:13| DoDad-01 | GetModePID(01, 01) - Readiness, DTC count, MIL-SLL:00426,00426-CF:F-DLLInfo:'DAD_DLL_VERSION_16.12.25.0 .. 3.0.7.0'
                    -  DAD_DLL_VERSION_16.12.25.0
                    -  31,TX MSG,ICAN11bt500,00 00 07 DF 01 01 
                    -  31,RX QRY,ICAN11bt500,Delay: 100
                    -  140,RX MSG,ICAN11bt500,00 00 07 DF 
                    -  140,RX MSG,ICAN11bt500,00 00 07 E9 41 01 00 04 00 00 
                    -  140,RX MSG,ICAN11bt500,00 00 07 E8 41 01 00 07 E1 00 
                    -  140,RX QRY,ICAN11bt500,Delay: 100
                    -  250,RX QRY,ICAN11bt500,Delay: 100
                    -  359,RX QRY,ICAN11bt500,Delay: 100
                    -  469,RX QRY,ICAN11bt500,Delay: 100
                    -  578,RX QRY,ICAN11bt500,Delay: 100
                    (0.676 s,F) GetModePID(01, 01) - Readiness, DTC count, MIL | NoEOL
02:05:13| DECODE_Bus: DAD_DLL_VERSION_16.12.25.0
3.0.7.0

31,TX MSG,ICAN11bt500,00 00 07 DF 01 01 
140,RX MSG,ICAN11bt500,00 00 07 DF 
140,RX MSG,ICAN11bt500,00 00 07 E9 41 01 00 04 00 00 
140,RX MSG,ICAN11bt500,00 00 07 E8 41 01 00 07 E1 00 

02:05:13| DECODE_MIL: 00 00 07 E8 41 01 00 07 E1 00
02:05:13| zipESP: 00 00 07 E8 41 01 00 07 E1 00 | 000007E841010007E100
02:05:13| DECODE_MIL dato: 0007E100
02:05:13| Status: 0007E100
02:05:13| A: 00 | 0 | 00000000
02:05:13| B: 07 | 7 | 00000111
02:05:13| C: E1 | 225 | 11100001
02:05:13| D: 00 | 0 | 00000000
02:05:13| sr | Get MON: 0 | 2
02:05:13|  
02:05:13| ... Get DTC >>>-----------------------------------------------------------------------
02:05:13| ... SetupMyLastCommResult: ConditionsNotCorrect
02:05:13| ... DoDad | Action: System.Action | tag: GetModePID(03, 00) - DTC count, MIL
02:05:13| ... GetCallingProcedure | lVehiculoLink
02:05:13| ... GetCallingProcedure | VehiculoLink
02:05:13| ... GetCallingProcedure | VehTest
02:05:13| DoDad-01 | GetModePID(03, 00) - DTC count, MIL (Open:True,999.99 | lVehiculoLink,VehiculoLink,VehTest)
02:05:13| DoDad-01  ClearCommandLog ...
02:05:13| DoDad-01  Invoke ... (GetModePID(03, 00) - DTC count, MIL)
02:05:13| DoDad-01  Invoke ... (GetModePID(03, 00) - DTC count, MIL)  (656)
02:05:13| DoDad-01  CommandLog.Length ...
02:05:13| DoDad-01  CommandLog ... (0)
02:05:13| DoDad-01-CommandLog-Len:201 Siz:201 | iStart: 0
02:05:13| DoDad-01  SerialData.Length ... (399)
02:05:13| DoDad-01 | GetModePID(03, 00) - DTC count, MIL-SLL:00399,00399-CF:F-DLLInfo:'DAD_DLL_VERSION_16.12.25.0 .. 3.0.7.0'
                    -  DAD_DLL_VERSION_16.12.25.0
                    -  31,TX MSG,ICAN11bt500,00 00 07 DF 03 
                    -  31,RX QRY,ICAN11bt500,Delay: 100
                    -  140,RX MSG,ICAN11bt500,00 00 07 DF 
                    -  140,RX MSG,ICAN11bt500,00 00 07 E9 43 00 
                    -  140,RX MSG,ICAN11bt500,00 00 07 E8 43 00 
                    -  140,RX QRY,ICAN11bt500,Delay: 100
                    -  250,RX QRY,ICAN11bt500,Delay: 100
                    -  359,RX QRY,ICAN11bt500,Delay: 100
                    -  468,RX QRY,ICAN11bt500,Delay: 100
                    -  578,RX QRY,ICAN11bt500,Delay: 100
                    (0.656 s,F) GetModePID(03, 00) - DTC count, MIL | NoEOL
02:05:13| DECODE_Bus: DAD_DLL_VERSION_16.12.25.0
3.0.7.0

31,TX MSG,ICAN11bt500,00 00 07 DF 03 
140,RX MSG,ICAN11bt500,00 00 07 DF 
140,RX MSG,ICAN11bt500,00 00 07 E9 43 00 
140,RX MSG,ICAN11bt500,00 00 07 E8 43 00 

02:05:13| ... DECODE_DTC: 00 00 07 E8 43 00
02:05:13| zipESP: 00 00 07 E8 43 00 | 000007E84300
02:05:13| sr | Get DTC: 0 | 2
02:05:13|  
02:05:13| ... (01, 1F) Tmp. Encendido >>>-----------------------------------------------------------------------
02:05:13| ... SetupMyLastCommResult: ConditionsNotCorrect
02:05:13| ... DoDad | Action: System.Action | tag: GetModePID(01, 1F) - Tmp. Encendido
02:05:13| ... GetCallingProcedure | lVehiculoLink
02:05:13| ... GetCallingProcedure | VehiculoLink
02:05:13| ... GetCallingProcedure | VehTest
02:05:13| DoDad-01 | GetModePID(01, 1F) - Tmp. Encendido (Open:True,999.99 | lVehiculoLink,VehiculoLink,VehTest)
02:05:13| DoDad-01  ClearCommandLog ...
02:05:13| DoDad-01  Invoke ... (GetModePID(01, 1F) - Tmp. Encendido)
02:05:14| DoDad-01  Invoke ... (GetModePID(01, 1F) - Tmp. Encendido)  (672)
02:05:14| DoDad-01  CommandLog.Length ...
02:05:14| DoDad-01  CommandLog ... (0)
02:05:14| DoDad-01-CommandLog-Len:216 Siz:216 | iStart: 0
02:05:14| DoDad-01  SerialData.Length ... (414)
02:05:14| DoDad-01 | GetModePID(01, 1F) - Tmp. Encendido-SLL:00414,00414-CF:F-DLLInfo:'DAD_DLL_VERSION_16.12.25.0 .. 3.0.7.0'
                    -  DAD_DLL_VERSION_16.12.25.0
                    -  31,TX MSG,ICAN11bt500,00 00 07 DF 01 1F 
                    -  31,RX QRY,ICAN11bt500,Delay: 100
                    -  144,RX MSG,ICAN11bt500,00 00 07 DF 
                    -  144,RX MSG,ICAN11bt500,00 00 07 E9 41 1F 00 21 
                    -  144,RX MSG,ICAN11bt500,00 00 07 E8 41 1F 00 21 
                    -  144,RX QRY,ICAN11bt500,Delay: 100
                    -  253,RX QRY,ICAN11bt500,Delay: 100
                    -  363,RX QRY,ICAN11bt500,Delay: 100
                    -  472,RX QRY,ICAN11bt500,Delay: 100
                    -  581,RX QRY,ICAN11bt500,Delay: 100
                    (0.679 s,F) GetModePID(01, 1F) - Tmp. Encendido | NoEOL
02:05:14| DECODE_Bus: DAD_DLL_VERSION_16.12.25.0
3.0.7.0

31,TX MSG,ICAN11bt500,00 00 07 DF 01 1F 
144,RX MSG,ICAN11bt500,00 00 07 DF 
144,RX MSG,ICAN11bt500,00 00 07 E9 41 1F 00 21 
144,RX MSG,ICAN11bt500,00 00 07 E8 41 1F 00 21 

02:05:14| sr | Tmp. Encendido: 0 | 2
02:05:14|  
02:05:14| ... (01, 21) Distancia MIL >>>-----------------------------------------------------------------------
02:05:14| ... SetupMyLastCommResult: ConditionsNotCorrect
02:05:14| ... DoDad | Action: System.Action | tag: GetModePID(01, 21) - Distancia MIL
02:05:14| ... GetCallingProcedure | lVehiculoLink
02:05:14| ... GetCallingProcedure | VehiculoLink
02:05:14| ... GetCallingProcedure | VehTest
02:05:14| DoDad-01 | GetModePID(01, 21) - Distancia MIL (Open:True,999.99 | lVehiculoLink,VehiculoLink,VehTest)
02:05:14| DoDad-01  ClearCommandLog ...
02:05:14| DoDad-01  Invoke ... (GetModePID(01, 21) - Distancia MIL)
02:05:15| DoDad-01  Invoke ... (GetModePID(01, 21) - Distancia MIL)  (656)
02:05:15| DoDad-01  CommandLog.Length ...
02:05:15| DoDad-01  CommandLog ... (0)
02:05:15| DoDad-01-CommandLog-Len:167 Siz:167 | iStart: 0
02:05:15| DoDad-01  SerialData.Length ... (365)
02:05:15| DoDad-01 | GetModePID(01, 21) - Distancia MIL-SLL:00365,00365-CF:F-DLLInfo:'DAD_DLL_VERSION_16.12.25.0 .. 3.0.7.0'
                    -  DAD_DLL_VERSION_16.12.25.0
                    -  31,TX MSG,ICAN11bt500,00 00 07 DF 01 15 
                    -  31,RX QRY,ICAN11bt500,Delay: 100
                    -  140,RX MSG,ICAN11bt500,00 00 07 DF 
                    -  140,RX MSG,ICAN11bt500,00 00 07 E8 41 15 72 FF 
                    -  140,RX QRY,ICAN11bt500,Delay: 100
                    -  250,RX QRY,ICAN11bt500,Delay: 100
                    -  356,RX QRY,ICAN11bt500,Delay: 100
                    -  469,RX QRY,ICAN11bt500,Delay: 100
                    -  579,RX QRY,ICAN11bt500,Delay: 100
                    (0.657 s,F) GetModePID(01, 21) - Distancia MIL | NoEOL
02:05:15| DECODE_Bus: DAD_DLL_VERSION_16.12.25.0
3.0.7.0

31,TX MSG,ICAN11bt500,00 00 07 DF 01 15 
140,RX MSG,ICAN11bt500,00 00 07 DF 
140,RX MSG,ICAN11bt500,00 00 07 E8 41 15 72 FF 

02:05:15| sr | Distancia MIL: 0 | 1
02:05:15|  
02:05:15| ... (01, 31) Distancia MIL Borrada >>>-----------------------------------------------------------------------
02:05:15| ... SetupMyLastCommResult: ConditionsNotCorrect
02:05:15| ... DoDad | Action: System.Action | tag: GetModePID(01, 31) - Distancia MIL Borrada
02:05:15| ... GetCallingProcedure | lVehiculoLink
02:05:15| ... GetCallingProcedure | VehiculoLink
02:05:15| ... GetCallingProcedure | VehTest
02:05:15| DoDad-01 | GetModePID(01, 31) - Distancia MIL Borrada (Open:True,999.99 | lVehiculoLink,VehiculoLink,VehTest)
02:05:15| DoDad-01  ClearCommandLog ...
02:05:15| DoDad-01  Invoke ... (GetModePID(01, 31) - Distancia MIL Borrada)
02:05:15| DoDad-01  Invoke ... (GetModePID(01, 31) - Distancia MIL Borrada)  (656)
02:05:15| DoDad-01  CommandLog.Length ...
02:05:15| DoDad-01  CommandLog ... (0)
02:05:15| DoDad-01-CommandLog-Len:216 Siz:216 | iStart: 0
02:05:15| DoDad-01  SerialData.Length ... (414)
02:05:15| DoDad-01 | GetModePID(01, 31) - Distancia MIL Borrada-SLL:00414,00414-CF:F-DLLInfo:'DAD_DLL_VERSION_16.12.25.0 .. 3.0.7.0'
                    -  DAD_DLL_VERSION_16.12.25.0
                    -  31,TX MSG,ICAN11bt500,00 00 07 DF 01 1F 
                    -  31,RX QRY,ICAN11bt500,Delay: 100
                    -  140,RX MSG,ICAN11bt500,00 00 07 DF 
                    -  140,RX MSG,ICAN11bt500,00 00 07 E9 41 1F 00 23 
                    -  140,RX MSG,ICAN11bt500,00 00 07 E8 41 1F 00 22 
                    -  140,RX QRY,ICAN11bt500,Delay: 100
                    -  250,RX QRY,ICAN11bt500,Delay: 100
                    -  359,RX QRY,ICAN11bt500,Delay: 100
                    -  468,RX QRY,ICAN11bt500,Delay: 100
                    -  578,RX QRY,ICAN11bt500,Delay: 100
                    (0.656 s,F) GetModePID(01, 31) - Distancia MIL Borrada | NoEOL
02:05:15| DECODE_Bus: DAD_DLL_VERSION_16.12.25.0
3.0.7.0

31,TX MSG,ICAN11bt500,00 00 07 DF 01 1F 
140,RX MSG,ICAN11bt500,00 00 07 DF 
140,RX MSG,ICAN11bt500,00 00 07 E9 41 1F 00 23 
140,RX MSG,ICAN11bt500,00 00 07 E8 41 1F 00 22 

02:05:15| sr | Distancia MIL Borrada: 0 | 2
02:05:15|  
02:05:15| ... (01, 33) Presion Barometrica Kpa >>>-----------------------------------------------------------------------
02:05:15| ... SetupMyLastCommResult: ConditionsNotCorrect
02:05:15| ... DoDad | Action: System.Action | tag: GetModePID(01, 33) - Presion Barometrica Kpa
02:05:15| ... GetCallingProcedure | lVehiculoLink
02:05:15| ... GetCallingProcedure | VehiculoLink
02:05:15| ... GetCallingProcedure | VehTest
02:05:15| DoDad-01 | GetModePID(01, 33) - Presion Barometrica Kpa (Open:True,999.99 | lVehiculoLink,VehiculoLink,VehTest)
02:05:15| DoDad-01  ClearCommandLog ...
02:05:15| DoDad-01  Invoke ... (GetModePID(01, 33) - Presion Barometrica Kpa)
02:05:16| DoDad-01  Invoke ... (GetModePID(01, 33) - Presion Barometrica Kpa)  (656)
02:05:16| DoDad-01  CommandLog.Length ...
02:05:16| DoDad-01  CommandLog ... (0)
02:05:16| DoDad-01-CommandLog-Len:216 Siz:216 | iStart: 0
02:05:16| DoDad-01  SerialData.Length ... (414)
02:05:16| DoDad-01 | GetModePID(01, 33) - Presion Barometrica Kpa-SLL:00414,00414-CF:F-DLLInfo:'DAD_DLL_VERSION_16.12.25.0 .. 3.0.7.0'
                    -  DAD_DLL_VERSION_16.12.25.0
                    -  31,TX MSG,ICAN11bt500,00 00 07 DF 01 21 
                    -  31,RX QRY,ICAN11bt500,Delay: 100
                    -  140,RX MSG,ICAN11bt500,00 00 07 DF 
                    -  140,RX MSG,ICAN11bt500,00 00 07 E9 41 21 00 00 
                    -  140,RX MSG,ICAN11bt500,00 00 07 E8 41 21 00 00 
                    -  140,RX QRY,ICAN11bt500,Delay: 100
                    -  250,RX QRY,ICAN11bt500,Delay: 100
                    -  359,RX QRY,ICAN11bt500,Delay: 100
                    -  468,RX QRY,ICAN11bt500,Delay: 100
                    -  578,RX QRY,ICAN11bt500,Delay: 100
                    (0.656 s,F) GetModePID(01, 33) - Presion Barometrica Kpa | NoEOL
02:05:16| DECODE_Bus: DAD_DLL_VERSION_16.12.25.0
3.0.7.0

31,TX MSG,ICAN11bt500,00 00 07 DF 01 21 
140,RX MSG,ICAN11bt500,00 00 07 DF 
140,RX MSG,ICAN11bt500,00 00 07 E9 41 21 00 00 
140,RX MSG,ICAN11bt500,00 00 07 E8 41 21 00 00 

02:05:16| sr | Presion Barometrica Kpa: 0 | 2
02:05:16|  
02:05:16| ... (01, 4D) Tmp MIL on >>>-----------------------------------------------------------------------
02:05:16| ... SetupMyLastCommResult: ConditionsNotCorrect
02:05:16| ... DoDad | Action: System.Action | tag: GetModePID(01, 4D) - Tmp MIL on
02:05:16| ... GetCallingProcedure | lVehiculoLink
02:05:16| ... GetCallingProcedure | VehiculoLink
02:05:16| ... GetCallingProcedure | VehTest
02:05:16| DoDad-01 | GetModePID(01, 4D) - Tmp MIL on (Open:True,999.99 | lVehiculoLink,VehiculoLink,VehTest)
02:05:16| DoDad-01  ClearCommandLog ...
02:05:16| DoDad-01  Invoke ... (GetModePID(01, 4D) - Tmp MIL on)
02:05:17| DoDad-01  Invoke ... (GetModePID(01, 4D) - Tmp MIL on)  (657)
02:05:17| DoDad-01  CommandLog.Length ...
02:05:17| DoDad-01  CommandLog ... (0)
02:05:17| DoDad-01-CommandLog-Len:118 Siz:118 | iStart: 0
02:05:17| DoDad-01  SerialData.Length ... (316)
02:05:17| DoDad-01 | GetModePID(01, 4D) - Tmp MIL on-SLL:00316,00316-CF:F-DLLInfo:'DAD_DLL_VERSION_16.12.25.0 .. 3.0.7.0'
                    -  DAD_DLL_VERSION_16.12.25.0
                    -  31,TX MSG,ICAN11bt500,00 00 07 DF 01 4D 
                    -  31,RX QRY,ICAN11bt500,Delay: 100
                    -  140,RX MSG,ICAN11bt500,00 00 07 DF 
                    -  140,RX QRY,ICAN11bt500,Delay: 100
                    -  250,RX QRY,ICAN11bt500,Delay: 100
                    -  359,RX QRY,ICAN11bt500,Delay: 100
                    -  468,RX QRY,ICAN11bt500,Delay: 100
                    -  578,RX QRY,ICAN11bt500,Delay: 100
                    (0.656 s,F) GetModePID(01, 4D) - Tmp MIL on | NoEOL
02:05:17|  
02:05:17| ... (01, 51) Tipo Combustible >>>-----------------------------------------------------------------------
02:05:17| ... SetupMyLastCommResult: ConditionsNotCorrect
02:05:17| ... DoDad | Action: System.Action | tag: GetModePID(01, 51) - Tipo Combustible
02:05:17| ... GetCallingProcedure | lVehiculoLink
02:05:17| ... GetCallingProcedure | VehiculoLink
02:05:17| ... GetCallingProcedure | VehTest
02:05:17| DoDad-01 | GetModePID(01, 51) - Tipo Combustible (Open:True,999.99 | lVehiculoLink,VehiculoLink,VehTest)
02:05:17| DoDad-01  ClearCommandLog ...
02:05:17| DoDad-01  Invoke ... (GetModePID(01, 51) - Tipo Combustible)
02:05:18| DoDad-01  Invoke ... (GetModePID(01, 51) - Tipo Combustible)  (671)
02:05:18| DoDad-01  CommandLog.Length ...
02:05:18| DoDad-01  CommandLog ... (0)
02:05:18| DoDad-01-CommandLog-Len:210 Siz:210 | iStart: 0
02:05:18| DoDad-01  SerialData.Length ... (408)
02:05:18| DoDad-01 | GetModePID(01, 51) - Tipo Combustible-SLL:00408,00408-CF:F-DLLInfo:'DAD_DLL_VERSION_16.12.25.0 .. 3.0.7.0'
                    -  DAD_DLL_VERSION_16.12.25.0
                    -  31,TX MSG,ICAN11bt500,00 00 07 DF 01 33 
                    -  31,RX QRY,ICAN11bt500,Delay: 100
                    -  140,RX MSG,ICAN11bt500,00 00 07 DF 
                    -  140,RX MSG,ICAN11bt500,00 00 07 E9 41 33 4D 
                    -  140,RX MSG,ICAN11bt500,00 00 07 E8 41 33 4E 
                    -  140,RX QRY,ICAN11bt500,Delay: 100
                    -  250,RX QRY,ICAN11bt500,Delay: 100
                    -  359,RX QRY,ICAN11bt500,Delay: 100
                    -  469,RX QRY,ICAN11bt500,Delay: 100
                    -  570,RX QRY,ICAN11bt500,Delay: 100
                    (0.664 s,F) GetModePID(01, 51) - Tipo Combustible | NoEOL
02:05:18| DECODE_Bus: DAD_DLL_VERSION_16.12.25.0
3.0.7.0

31,TX MSG,ICAN11bt500,00 00 07 DF 01 33 
140,RX MSG,ICAN11bt500,00 00 07 DF 
140,RX MSG,ICAN11bt500,00 00 07 E9 41 33 4D 
140,RX MSG,ICAN11bt500,00 00 07 E8 41 33 4E 

02:05:18| sr | Tipo Combustible: 0 | 2
02:05:18|  
02:05:18| ... (01, 7F) Tmp Marcha Motor >>>-----------------------------------------------------------------------
02:05:18| ... SetupMyLastCommResult: ConditionsNotCorrect
02:05:18| ... DoDad | Action: System.Action | tag: GetModePID(01, 7F) - Tmp Marcha Motor
02:05:18| ... GetCallingProcedure | lVehiculoLink
02:05:18| ... GetCallingProcedure | VehiculoLink
02:05:18| ... GetCallingProcedure | VehTest
02:05:18| DoDad-01 | GetModePID(01, 7F) - Tmp Marcha Motor (Open:True,999.99 | lVehiculoLink,VehiculoLink,VehTest)
02:05:18| DoDad-01  ClearCommandLog ...
02:05:18| DoDad-01  Invoke ... (GetModePID(01, 7F) - Tmp Marcha Motor)
02:05:18| DoDad-01  Invoke ... (GetModePID(01, 7F) - Tmp Marcha Motor)  (656)
02:05:18| DoDad-01  CommandLog.Length ...
02:05:18| DoDad-01  CommandLog ... (0)
02:05:18| DoDad-01-CommandLog-Len:118 Siz:118 | iStart: 0
02:05:18| DoDad-01  SerialData.Length ... (316)
02:05:18| DoDad-01 | GetModePID(01, 7F) - Tmp Marcha Motor-SLL:00316,00316-CF:F-DLLInfo:'DAD_DLL_VERSION_16.12.25.0 .. 3.0.7.0'
                    -  DAD_DLL_VERSION_16.12.25.0
                    -  31,TX MSG,ICAN11bt500,00 00 07 DF 01 7F 
                    -  31,RX QRY,ICAN11bt500,Delay: 100
                    -  140,RX MSG,ICAN11bt500,00 00 07 DF 
                    -  140,RX QRY,ICAN11bt500,Delay: 100
                    -  250,RX QRY,ICAN11bt500,Delay: 100
                    -  359,RX QRY,ICAN11bt500,Delay: 100
                    -  468,RX QRY,ICAN11bt500,Delay: 100
                    -  578,RX QRY,ICAN11bt500,Delay: 100
                    (0.656 s,F) GetModePID(01, 7F) - Tmp Marcha Motor | NoEOL
02:05:18|  
02:05:18| ... (09, 04) Cal ID >>>-----------------------------------------------------------------------
02:05:18| ... SetupMyLastCommResult: ConditionsNotCorrect
02:05:18| ... DoDad | Action: System.Action | tag: GetModePID(09, 04) - Cal ID
02:05:18| ... GetCallingProcedure | lVehiculoLink
02:05:18| ... GetCallingProcedure | VehiculoLink
02:05:18| ... GetCallingProcedure | VehTest
02:05:18| DoDad-01 | GetModePID(09, 04) - Cal ID (Open:True,999.99 | lVehiculoLink,VehiculoLink,VehTest)
02:05:18| DoDad-01  ClearCommandLog ...
02:05:18| DoDad-01  Invoke ... (GetModePID(09, 04) - Cal ID)
02:05:19| DoDad-01  Invoke ... (GetModePID(09, 04) - Cal ID)  (672)
02:05:19| DoDad-01  CommandLog.Length ...
02:05:19| DoDad-01  CommandLog ... (0)
02:05:19| DoDad-01-CommandLog-Len:380 Siz:380 | iStart: 0
02:05:19| DoDad-01  SerialData.Length ... (578)
02:05:19| DoDad-01 | GetModePID(09, 04) - Cal ID-SLL:00578,00578-CF:F-DLLInfo:'DAD_DLL_VERSION_16.12.25.0 .. 3.0.7.0'
                    -  DAD_DLL_VERSION_16.12.25.0
                    -  31,TX MSG,ICAN11bt500,00 00 07 DF 09 04 
                    -  31,RX QRY,ICAN11bt500,Delay: 100
                    -  140,RX MSG,ICAN11bt500,00 00 07 DF 
                    -  140,RX MSG,ICAN11bt500,00 00 07 E9 
                    -  140,RX MSG,ICAN11bt500,00 00 07 E8 
                    -  140,RX MSG,ICAN11bt500,00 00 07 E9 49 04 01 54 42 42 47 42 4C 43 2E 48 33 32 00 00 00 00 00 
                    -  140,RX MSG,ICAN11bt500,00 00 07 E8 49 04 01 47 32 42 41 2D 31 34 43 32 30 34 2D 43 43 00 00 
                    -  140,RX QRY,ICAN11bt500,Delay: 100
                    -  250,RX QRY,ICAN11bt500,Delay: 100
                    -  359,RX QRY,ICAN11bt500,Delay: 100
                    -  468,RX QRY,ICAN11bt500,Delay: 100
                    -  578,RX QRY,ICAN11bt500,Delay: 100
                    (0.672 s,F) GetModePID(09, 04) - Cal ID | NoEOL
02:05:19| DECODE_Bus: DAD_DLL_VERSION_16.12.25.0
3.0.7.0

31,TX MSG,ICAN11bt500,00 00 07 DF 09 04 
140,RX MSG,ICAN11bt500,00 00 07 DF 
140,RX MSG,ICAN11bt500,00 00 07 E9 
140,RX MSG,ICAN11bt500,00 00 07 E8 
140,RX MSG,ICAN11bt500,00 00 07 E9 49 04 01 54 42 42 47 42 4C 43 2E 48 33 32 00 00 00 00 00 
140,RX MSG,ICAN11bt500,00 00 07 E8 49 04 01 47 32 42 41 2D 31 34 43 32 30 34 2D 43 43 00 00 

02:05:19| sr | Cal ID: 0 | 2
02:05:19|  
02:05:19| ... Get VIN >>>-----------------------------------------------------------------------
02:05:20| DAD_DLL_VERSION_16.12.25.0
3.0.7.0

31,TX MSG,ICAN11bt500,00 00 07 DF 09 04 
140,RX MSG,ICAN11bt500,00 00 07 DF 
140,RX MSG,ICAN11bt500,00 00 07 E9 
140,RX MSG,ICAN11bt500,00 00 07 E8 
140,RX MSG,ICAN11bt500,00 00 07 E9 49 04 01 54 42 42 47 42 4C 43 2E 48 33 32 00 00 00 00 00 
140,RX MSG,ICAN11bt500,00 00 07 E8 49 04 01 47 32 42 41 2D 31 34 43 32 30 34 2D 43 43 00 00 
718,TX MSG,ICAN11bt500,00 00 07 DF 09 02 
828,RX MSG,ICAN11bt500,00 00 07 DF 
828,RX MSG,ICAN11bt500,00 00 07 E8 
828,RX MSG,ICAN11bt500,00 00 07 E8 49 02 01 33 46 41 44 50 34 43 4A 30 48 4D 31 31 31 30 38 37 

02:05:20| SR: 0 | 1
02:05:20| ... GetEcuIdFromAddress
02:05:20| ... ByteArrayToHexString | 01 33 46 41 44 50 34 43 4A 30 48 4D 31 31 31 30 38 37
02:05:20| GetVIN | ECU:E8  DLen:018 (01 33 46 41 44 50 34 43 4A 30 48 4D 31 31 31 30 38 37)
02:05:20| ... ByteArrayToHexString | 01,33,46,41,44,50,34,43,4A,30,48,4D,31,31,31,30,38,37
02:05:20| ... CheckForNAK | Ret:False  Len:18  Buf:01,33,46,41,44,50,34,43,4A,30,48,4D,31,31,31,30,38,37  SID:09  PID:02  Prot:'CAN11'
02:05:20| ... ByteArrayToString | 3FADP4CJ0HM111087
02:05:20| GetVIN | ECU:E8  VIN: Null
02:05:20| DECODE_Bus: DAD_DLL_VERSION_16.12.25.0
3.0.7.0

31,TX MSG,ICAN11bt500,00 00 07 DF 09 04 
140,RX MSG,ICAN11bt500,00 00 07 DF 
140,RX MSG,ICAN11bt500,00 00 07 E9 
140,RX MSG,ICAN11bt500,00 00 07 E8 
140,RX MSG,ICAN11bt500,00 00 07 E9 49 04 01 54 42 42 47 42 4C 43 2E 48 33 32 00 00 00 00 00 
140,RX MSG,ICAN11bt500,00 00 07 E8 49 04 01 47 32 42 41 2D 31 34 43 32 30 34 2D 43 43 00 00 
718,TX MSG,ICAN11bt500,00 00 07 DF 09 02 
828,RX MSG,ICAN11bt500,00 00 07 DF 
828,RX MSG,ICAN11bt500,00 00 07 E8 
828,RX MSG,ICAN11bt500,00 00 07 E8 49 02 01 33 46 41 44 50 34 43 4A 30 48 4D 31 31 31 30 38 37 

02:05:20|  
02:05:20| ... Get VOLTAJES >>>-----------------------------------------------------------------------
02:05:20| ... SetupMyLastCommResult: ConditionsNotCorrect
02:05:20| ... DoDad | Action: System.Action | tag: GetModePID(01, 42) - Voltaje
02:05:20| ... GetCallingProcedure | lVehiculoLink
02:05:20| ... GetCallingProcedure | VehiculoLink
02:05:20| ... GetCallingProcedure | VehTest
02:05:20| DoDad-01 | GetModePID(01, 42) - Voltaje (Open:True,999.99 | lVehiculoLink,VehiculoLink,VehTest)
02:05:20| DoDad-01  ClearCommandLog ...
02:05:20| DoDad-01  Invoke ... (GetModePID(01, 42) - Voltaje)
02:05:20| DoDad-01  Invoke ... (GetModePID(01, 42) - Voltaje)  (688)
02:05:20| DoDad-01  CommandLog.Length ...
02:05:20| DoDad-01  CommandLog ... (0)
02:05:20| DoDad-01-CommandLog-Len:118 Siz:118 | iStart: 0
02:05:20| DoDad-01  SerialData.Length ... (316)
02:05:20| DoDad-01 | GetModePID(01, 42) - Voltaje-SLL:00316,00316-CF:F-DLLInfo:'DAD_DLL_VERSION_16.12.25.0 .. 3.0.7.0'
                    -  DAD_DLL_VERSION_16.12.25.0
                    -  31,TX MSG,ICAN11bt500,00 00 07 DF 01 2A 
                    -  31,RX QRY,ICAN11bt500,Delay: 100
                    -  140,RX MSG,ICAN11bt500,00 00 07 DF 
                    -  140,RX QRY,ICAN11bt500,Delay: 100
                    -  250,RX QRY,ICAN11bt500,Delay: 100
                    -  365,RX QRY,ICAN11bt500,Delay: 100
                    -  474,RX QRY,ICAN11bt500,Delay: 100
                    -  584,RX QRY,ICAN11bt500,Delay: 100
                    (0.682 s,F) GetModePID(01, 42) - Voltaje | NoEOL
02:05:20|  
02:05:20| ... Get RPM >>>-----------------------------------------------------------------------
02:05:20| ... SetupMyLastCommResult: ConditionsNotCorrect
02:05:20| ... DoDad | Action: System.Action | tag: GetModePID(01, 0C) - DTC count, MIL
02:05:20| ... GetCallingProcedure | lVehiculoLink
02:05:20| ... GetCallingProcedure | VehiculoLink
02:05:20| ... GetCallingProcedure | VehTest
02:05:20| DoDad-01 | GetModePID(01, 0C) - DTC count, MIL (Open:True,999.99 | lVehiculoLink,VehiculoLink,VehTest)
02:05:20| DoDad-01  ClearCommandLog ...
02:05:20| DoDad-01  Invoke ... (GetModePID(01, 0C) - DTC count, MIL)
02:05:21| DoDad-01  Invoke ... (GetModePID(01, 0C) - DTC count, MIL)  (672)
02:05:21| DoDad-01  CommandLog.Length ...
02:05:21| DoDad-01  CommandLog ... (0)
02:05:21| DoDad-01-CommandLog-Len:216 Siz:216 | iStart: 0
02:05:21| DoDad-01  SerialData.Length ... (414)
02:05:21| DoDad-01 | GetModePID(01, 0C) - DTC count, MIL-SLL:00414,00414-CF:F-DLLInfo:'DAD_DLL_VERSION_16.12.25.0 .. 3.0.7.0'
                    -  DAD_DLL_VERSION_16.12.25.0
                    -  31,TX MSG,ICAN11bt500,00 00 07 DF 01 0C 
                    -  31,RX QRY,ICAN11bt500,Delay: 100
                    -  140,RX MSG,ICAN11bt500,00 00 07 DF 
                    -  140,RX MSG,ICAN11bt500,00 00 07 E9 41 0C 0B BC 
                    -  140,RX MSG,ICAN11bt500,00 00 07 E8 41 0C 0B BC 
                    -  140,RX QRY,ICAN11bt500,Delay: 100
                    -  250,RX QRY,ICAN11bt500,Delay: 100
                    -  359,RX QRY,ICAN11bt500,Delay: 100
                    -  464,RX QRY,ICAN11bt500,Delay: 100
                    -  574,RX QRY,ICAN11bt500,Delay: 100
                    (0.668 s,F) GetModePID(01, 0C) - DTC count, MIL | NoEOL
02:05:21| DECODE_Bus: DAD_DLL_VERSION_16.12.25.0
3.0.7.0

31,TX MSG,ICAN11bt500,00 00 07 DF 01 0C 
140,RX MSG,ICAN11bt500,00 00 07 DF 
140,RX MSG,ICAN11bt500,00 00 07 E9 41 0C 0B BC 
140,RX MSG,ICAN11bt500,00 00 07 E8 41 0C 0B BC 

02:05:21| zipESP: 00 00 07 E8 41 0C 0B BC | 000007E8410C0BBC
02:05:21| DECODE_RPM: 000007E8410C0BBC
02:05:21| sr | Get RPM(1): 0 | 2
02:05:21| ... SetupMyLastCommResult: ConditionsNotCorrect
02:05:21| ... DoDad | Action: System.Action | tag: GetModePID(01, 0C) - DTC count, MIL
02:05:21| ... GetCallingProcedure | lVehiculoLink
02:05:21| ... GetCallingProcedure | VehiculoLink
02:05:21| ... GetCallingProcedure | VehTest
02:05:21| DoDad-01 | GetModePID(01, 0C) - DTC count, MIL (Open:True,999.99 | lVehiculoLink,VehiculoLink,VehTest)
02:05:21| DoDad-01  ClearCommandLog ...
02:05:21| DoDad-01  Invoke ... (GetModePID(01, 0C) - DTC count, MIL)
02:05:22| DoDad-01  Invoke ... (GetModePID(01, 0C) - DTC count, MIL)  (641)
02:05:22| DoDad-01  CommandLog.Length ...
02:05:22| DoDad-01  CommandLog ... (0)
02:05:22| DoDad-01-CommandLog-Len:216 Siz:216 | iStart: 0
02:05:22| DoDad-01  SerialData.Length ... (414)
02:05:22| DoDad-01 | GetModePID(01, 0C) - DTC count, MIL-SLL:00414,00414-CF:F-DLLInfo:'DAD_DLL_VERSION_16.12.25.0 .. 3.0.7.0'
                    -  DAD_DLL_VERSION_16.12.25.0
                    -  31,TX MSG,ICAN11bt500,00 00 07 DF 01 0C 
                    -  31,RX QRY,ICAN11bt500,Delay: 100
                    -  140,RX MSG,ICAN11bt500,00 00 07 DF 
                    -  140,RX MSG,ICAN11bt500,00 00 07 E9 41 0C 0B D0 
                    -  140,RX MSG,ICAN11bt500,00 00 07 E8 41 0C 0B D7 
                    -  140,RX QRY,ICAN11bt500,Delay: 100
                    -  250,RX QRY,ICAN11bt500,Delay: 100
                    -  353,RX QRY,ICAN11bt500,Delay: 100
                    -  462,RX QRY,ICAN11bt500,Delay: 100
                    -  571,RX QRY,ICAN11bt500,Delay: 100
                    (0.650 s,F) GetModePID(01, 0C) - DTC count, MIL | NoEOL
02:05:22| DECODE_Bus: DAD_DLL_VERSION_16.12.25.0
3.0.7.0

31,TX MSG,ICAN11bt500,00 00 07 DF 01 0C 
140,RX MSG,ICAN11bt500,00 00 07 DF 
140,RX MSG,ICAN11bt500,00 00 07 E9 41 0C 0B D0 
140,RX MSG,ICAN11bt500,00 00 07 E8 41 0C 0B D7 

02:05:22| zipESP: 00 00 07 E8 41 0C 0B D7 | 000007E8410C0BD7
02:05:22| DECODE_RPM: 000007E8410C0BD7
02:05:22| sr | Get RPM(2): 0 | 2
02:05:22| ... SetupMyLastCommResult: ConditionsNotCorrect
02:05:22| ... DoDad | Action: System.Action | tag: GetModePID(01, 0C) - DTC count, MIL
02:05:22| ... GetCallingProcedure | lVehiculoLink
02:05:22| ... GetCallingProcedure | VehiculoLink
02:05:22| ... GetCallingProcedure | VehTest
02:05:22| DoDad-01 | GetModePID(01, 0C) - DTC count, MIL (Open:True,999.99 | lVehiculoLink,VehiculoLink,VehTest)
02:05:22| DoDad-01  ClearCommandLog ...
02:05:22| DoDad-01  Invoke ... (GetModePID(01, 0C) - DTC count, MIL)
02:05:23| DoDad-01  Invoke ... (GetModePID(01, 0C) - DTC count, MIL)  (656)
02:05:23| DoDad-01  CommandLog.Length ...
02:05:23| DoDad-01  CommandLog ... (0)
02:05:23| DoDad-01-CommandLog-Len:216 Siz:216 | iStart: 0
02:05:23| DoDad-01  SerialData.Length ... (414)
02:05:23| DoDad-01 | GetModePID(01, 0C) - DTC count, MIL-SLL:00414,00414-CF:F-DLLInfo:'DAD_DLL_VERSION_16.12.25.0 .. 3.0.7.0'
                    -  DAD_DLL_VERSION_16.12.25.0
                    -  31,TX MSG,ICAN11bt500,00 00 07 DF 01 0C 
                    -  31,RX QRY,ICAN11bt500,Delay: 100
                    -  140,RX MSG,ICAN11bt500,00 00 07 DF 
                    -  140,RX MSG,ICAN11bt500,00 00 07 E9 41 0C 0B B8 
                    -  140,RX MSG,ICAN11bt500,00 00 07 E8 41 0C 0B AE 
                    -  140,RX QRY,ICAN11bt500,Delay: 100
                    -  250,RX QRY,ICAN11bt500,Delay: 100
                    -  359,RX QRY,ICAN11bt500,Delay: 100
                    -  468,RX QRY,ICAN11bt500,Delay: 100
                    -  578,RX QRY,ICAN11bt500,Delay: 100
                    (0.657 s,F) GetModePID(01, 0C) - DTC count, MIL | NoEOL
02:05:23| DECODE_Bus: DAD_DLL_VERSION_16.12.25.0
3.0.7.0

31,TX MSG,ICAN11bt500,00 00 07 DF 01 0C 
140,RX MSG,ICAN11bt500,00 00 07 DF 
140,RX MSG,ICAN11bt500,00 00 07 E9 41 0C 0B B8 
140,RX MSG,ICAN11bt500,00 00 07 E8 41 0C 0B AE 

02:05:23| zipESP: 00 00 07 E8 41 0C 0B AE | 000007E8410C0BAE
02:05:23| DECODE_RPM: 000007E8410C0BAE
02:05:23| sr | Get RPM(3): 0 | 2
02:05:23| ... SetupMyLastCommResult: ConditionsNotCorrect
02:05:23| ... DoDad | Action: System.Action | tag: GetModePID(01, 0C) - DTC count, MIL
02:05:23| ... GetCallingProcedure | lVehiculoLink
02:05:23| ... GetCallingProcedure | VehiculoLink
02:05:23| ... GetCallingProcedure | VehTest
02:05:23| DoDad-01 | GetModePID(01, 0C) - DTC count, MIL (Open:True,999.99 | lVehiculoLink,VehiculoLink,VehTest)
02:05:23| DoDad-01  ClearCommandLog ...
02:05:23| DoDad-01  Invoke ... (GetModePID(01, 0C) - DTC count, MIL)
02:05:23| DoDad-01  Invoke ... (GetModePID(01, 0C) - DTC count, MIL)  (672)
02:05:23| DoDad-01  CommandLog.Length ...
02:05:23| DoDad-01  CommandLog ... (0)
02:05:23| DoDad-01-CommandLog-Len:216 Siz:216 | iStart: 0
02:05:23| DoDad-01  SerialData.Length ... (414)
02:05:23| DoDad-01 | GetModePID(01, 0C) - DTC count, MIL-SLL:00414,00414-CF:F-DLLInfo:'DAD_DLL_VERSION_16.12.25.0 .. 3.0.7.0'
                    -  DAD_DLL_VERSION_16.12.25.0
                    -  31,TX MSG,ICAN11bt500,00 00 07 DF 01 0C 
                    -  31,RX QRY,ICAN11bt500,Delay: 100
                    -  140,RX MSG,ICAN11bt500,00 00 07 DF 
                    -  140,RX MSG,ICAN11bt500,00 00 07 E9 41 0C 0B C4 
                    -  140,RX MSG,ICAN11bt500,00 00 07 E8 41 0C 0B B8 
                    -  140,RX QRY,ICAN11bt500,Delay: 100
                    -  250,RX QRY,ICAN11bt500,Delay: 100
                    -  359,RX QRY,ICAN11bt500,Delay: 100
                    -  468,RX QRY,ICAN11bt500,Delay: 100
                    -  581,RX QRY,ICAN11bt500,Delay: 100
                    (0.660 s,F) GetModePID(01, 0C) - DTC count, MIL | NoEOL
02:05:23| DECODE_Bus: DAD_DLL_VERSION_16.12.25.0
3.0.7.0

31,TX MSG,ICAN11bt500,00 00 07 DF 01 0C 
140,RX MSG,ICAN11bt500,00 00 07 DF 
140,RX MSG,ICAN11bt500,00 00 07 E9 41 0C 0B C4 
140,RX MSG,ICAN11bt500,00 00 07 E8 41 0C 0B B8 

02:05:23| zipESP: 00 00 07 E8 41 0C 0B B8 | 000007E8410C0BB8
02:05:23| DECODE_RPM: 000007E8410C0BB8
02:05:23| sr | Get RPM(4): 0 | 2
02:05:23| Success
02:05:23| InitIMCleanDevice | DeviceVoltage:13.8
02:05:23| InitIMCleanDevice | DeviceVoltageDLC:14.2
02:05:23| ... >>>-----------------------------------------------------------------------
02:05:23| ... >>>-----------------------------------------------------------------------
02:05:23| VIN: 3FADP4CJ0HM111087
02:05:23| MON: Mil:0| Msi:110 | Ccm:110 | Cmb:110 | O2s:110 | Cat:110 | Ccc:009 | Evs:009 | Sas:009 | Faa:009 | O2c:110
02:05:23| DTC: 
02:05:23| Voltage: 13.8
02:05:23| VoltageDLC: 14.2
02:05:23| Pid0101 : 00 00 07 E8 41 01 00 07 E1 00
02:05:23| Pid0300 : 00 00 07 E8 43 00
02:05:23| Pid0121 : 00 00 07 E8 41 21 00 00
02:05:24| Pid0131 : Null
02:05:24| Pid0133 : 00 00 07 E8 41 33 4E
02:05:24| Pid011F : 00 00 07 E8 41 1F 00 22
02:05:24| Pid017F : Null
02:05:24| Pid014D : Null
02:05:24| Pid0951 : Null
02:05:24| Pid0902 : 00 00 07 E8 49 02 01 33 46 41 44 50 34 43 4A 30 48 4D 31 31 31 30 38 37
02:05:24| Pid0904 : 00 00 07 E8 49 04 01 47 32 42 41 2D 31 34 43 32 30 34 2D 43 43 00 00
02:05:24| Pid010C: 00 00 07 E8 41 0C 0B B8
02:05:24| RPM: 750 | 1: 751 | 2: 758 | 3: 748
02:05:24| *** Connect ... EOF()
02:05:24| VehiculoLink: Pass: Inspección vehicular OBD concluido.
